# i	1	3	4	5	6	7	8	9	10	11	12	13	14	15	16	17	18	19	20	21	22	23	24	25	26	27	28	29	30	31	32	33	34	35	36	37	38	39	40	41	42	43	44	45	46	47	48	49	50	51	52	53	54	55	56	57	58	59	60	61	62	63	64	65	66	67	68	69	70	71	72	73	74	75	76	77	78	79	80	81	82	83	84	85	86	87	88	89	90	91	92	93	94	95	96
1.0	-1.1895992524380006e-9	0.006652278303639347	0.0034552316262741467	0.0033357575342233305	0.003635948461733679	0.00286777097786467	0.0021711373685078528	0.002083938068944329	0.0023941861968092837	0.0023983210796288262	0.0023977616952320924	0.002397963915251017	0.0023523013842892404	0.002354406886537222	0.002240638816018131	0.0022404082876459896	0.0023323294663390726	0.0023324195002309145	0.0023324203840192903	0.002332442897010456	0.0023323048915322724	0.002332399334697227	0.002332328167773484	0.0023324100831849937	0.002332564281894156	0.0023326194194470684	0.0023326589391096386	0.0023326607329810585	0.00233266137814038	0.0023326199861544716	0.0023326786817928352	0.0023327968316308734	0.002332730951916717	0.002332743297957962	0.002332739891328664	0.0023326684135082376	0.0023327295994497455	0.002332852377035538	0.0023328452717600347	0.002332848583849745	0.002332845968136363	0.0023327387337400557	0.0023328025683559683	0.002332880953327343	0.002332862420431292	0.0023328901277896996	0.0023328748194240967	0.0023328039313534332	0.0023328723346243696	0.0023328511993930545	0.0023328419643975085	0.002332865786361882	0.0023328475125120596	0.0023327186056046334	0.0023327767193427017	0.0023327850475980683	0.002332779490429933	0.0023328110006839015	0.0023328007590025933	0.002332709720242243	0.002332716633962534	0.002332782313217805	0.0023327696307330883	0.0023328140304594296	0.002332806146997088	0.002332724135300446	0.002332723712603549	0.0023327870143734913	0.002332771059492589	0.002332780041726226	0.002332749909578047	0.0023326294579006646	0.0023326301409579905	0.002332630203854031	0.0023326302034268956	0.0023326302034687996	0.0023326302029789696	0.0023326301637759525	0.002332630043124756	0.002332630015072251	0.0023326300151109425	0.002332630014403092	0.0023326300136012335	0.002332629981180368	0.0023326294138419634	0.002332629313375356	0.002332629243118555	0.0023326293110939034	0.002332629288210597	0.0023326290311633663	0.002332626922611908	0.0023326268502469605	0.002332626596558432	0.0023326265933959205	0.0023322541138402764
2.0	-2.671358106942634e-9	0.005067709467781282	0.0021944821235796164	0.0022152084159360406	0.002345363830567354	0.0018322741184571	0.0013667795547288265	0.0014286249080139584	0.0015119356593438077	0.001568162247939292	0.0015198215901203738	0.0015673852351503759	0.0015227745000439136	0.0015249246928757398	0.0014313784009139519	0.0014317009808240966	0.001475473457935167	0.0015151905627080742	0.0015083133717244263	0.0014994193182105015	0.0014990855749556224	0.0014805434175743926	0.0014806523168934688	0.0015096194275574654	0.001506793860950928	0.0015013792565613665	0.0015025466499886259	0.0014829334336477211	0.0014874543902976406	0.0015080800321486953	0.0015068028055015559	0.0015034122338230815	0.0015037584767773199	0.0014885707936026227	0.0014931785919079232	0.0015078472020077088	0.001507152011146054	0.0015043973473397726	0.0015044825588820532	0.0014938928181577604	0.0014974692706234832	0.0015079072164363994	0.0015074285201823606	0.00150495557497346	0.0015050427514930464	0.0014979500290864534	0.0015004649277633036	0.0015079365220544566	0.001507568870585091	0.0015053634088037782	0.0015055090879391858	0.0015008033905743873	0.0015025236155127575	0.0015078182296790477	0.0015075229916119148	0.0015056951479453379	0.0015058514386063343	0.0015027727518933803	0.0015039621307186839	0.0015077285453194145	0.0015074615365863325	0.0015060008224364462	0.001506128111439297	0.0015041939439215256	0.0015050263252990997	0.0015076517359754187	0.001507423586120979	0.0015062408748551387	0.0015063313640187592	0.0015051915345548894	0.0015057418295090497	0.0015075045599064196	0.0015073067191691963	0.0015063140222061483	0.0015063806428143867	0.0015058072548869567	0.0015061697936409328	0.0015074177959589063	0.0015072582554426783	0.0015064374848021561	0.001506471415578567	0.001506249815983185	0.0015064537674785855	0.00150733734389212	0.0015072622608659492	0.001506556939064721	0.0015065902943643677	0.0015064912964590643	0.0015065946952901865	0.0015073213835643945	0.0015072261390412095	0.0015066299502969893	0.001506637786394316	0.0015066019142118419	0.001506416499472335
3.0	6.9519966916422454e-9	-1.895882467684018e-8	8.620027370065397e-6	1.2949323104473678e-8	-9.755590192228603e-6	0.0015016091619910119	7.220966248944194e-6	-0.00015100872545513103	-5.934493536863261e-8	-1.0885623991888516e-7	4.119782983074555e-8	-2.857024512803452e-14	1.5821155149864374e-13	-1.550341344018491e-14	1.6819190354691593e-13	-4.1361781621257476e-13	2.0401893065583043e-14	2.6287023772997298e-14	4.011815294031884e-13	2.4031631719323432e-11	-7.377259014177547e-12	-2.863809961742292e-10	8.866207340703369e-8	2.3763109535668292e-14	2.3519172720476433e-12	-1.0395460534051715e-12	2.445861286073936e-9	-1.524064351283994e-8	-8.033452375544314e-13	-1.8682111413426128e-11	-3.2917765735440696e-13	-3.147502880074607e-10	-7.651485372161745e-9	-5.53636997357998e-15	7.434120159743873e-11	2.8116882086481887e-11	1.3482331570613404e-12	-5.246733449830801e-9	-8.96147290836008e-9	-4.269681830315619e-12	1.2201975541081822e-11	6.075209779687896e-13	5.168738700933595e-13	-8.061828483431344e-9	8.815893782349038e-9	9.567518652331408e-12	1.8003515345199617e-12	1.4311078364026564e-13	-1.503984870671049e-12	-6.5222055681615765e-9	-5.308766416051158e-9	-9.820368476742836e-12	3.0783162477399095e-12	-4.348115028186134e-9	8.29338290750381e-12	-2.635971923375946e-9	6.3899265288769325e-9	3.901620346247192e-12	8.466716910904284e-13	7.142480461241885e-9	1.229954066286204e-8	1.0290952118241494e-12	-4.992291302574612e-13	-1.6555506965332259e-13	1.8783065380834074e-13	7.631705597338502e-12	-1.6606753298897825e-11	-1.1665668431248832e-13	-4.264635453804511e-9	-7.127679522989094e-12	-7.310951904634932e-10	-5.205279592773726e-10	6.69026811381257e-10	2.8119555295358367e-12	-1.0957055575355756e-11	-4.27367429639558e-12	1.6696437548507917e-10	-4.8892902313607525e-11	8.972151725782432e-9	-4.534865538641242e-12	2.295463298607192e-12	7.330819978834668e-13	6.813646868941703e-14	-4.265475125886374e-12	-4.277122803066774e-10	1.5858296750423384e-10	-9.01441898557009e-11	2.531010123707489e-12	2.519547070978234e-13	-2.3237550295443499e-10	8.475005419672499e-12	5.993953094279858e-10	-8.577158081002345e-12	2.7590849743797114e-11	4.400117596670139e-11
4.0	3.3028477568233965e-9	-8.194020525032625e-9	2.939734488626583e-6	8.524855806150117e-9	-6.190746874297671e-6	0.0012103966069563867	5.29347368858062e-6	-0.00010479492500027054	-3.535202525883426e-8	-8.343771892740213e-8	5.951705251533955e-8	-1.6839988973425715e-14	2.3685986136953186e-13	-2.1720660470193704e-14	-1.350319377718621e-14	-3.52983331711808e-13	4.3040658991456245e-14	-1.1955572124026045e-14	2.856748447825283e-13	1.6688448698312392e-11	-2.7523973167424736e-12	-7.089121505790935e-11	1.5965383407743868e-7	3.514313453454335e-13	1.4180039836575394e-12	-8.164470878607216e-13	1.7548587478306116e-9	-1.0896100229685703e-8	-7.015159249376804e-13	-1.568944870476524e-11	-2.6531328702913116e-13	-2.351706098350066e-10	-5.655214981459791e-9	5.3979531432956024e-14	2.968715720572546e-11	2.3453886817980646e-11	1.0778117001637668e-12	-3.874593711148037e-9	-6.6384506110770975e-9	-3.5142386424597045e-12	1.0189290129757221e-11	4.115726627450211e-13	3.380996583581065e-13	-5.981716900381394e-9	6.553000501815186e-9	7.374684308383775e-12	1.3692954321644702e-12	2.159476781909021e-13	-2.5105878059415443e-12	-4.806790741793978e-9	-3.9098506513077985e-9	-8.116873540743804e-12	2.159174686883669e-12	-3.3985555838773765e-9	9.738534924772264e-12	-2.200133783774951e-9	4.768802303295027e-9	3.2454701780550187e-12	7.23549820708466e-13	4.570452062719288e-9	9.28091368319027e-9	8.566368744726811e-13	-2.5952636298893324e-13	-1.0441736558636777e-13	2.9928636505698607e-13	6.539244327067178e-12	-1.2668709901325584e-11	-9.645214695900022e-14	-3.4035893504090996e-9	-5.87578195903563e-12	-5.537687974735243e-10	-2.8675284428181886e-10	3.9251850478694977e-10	2.061840037896265e-12	-7.568850494271695e-12	-2.5085275653577432e-12	1.2539468687102493e-10	-3.539233065419279e-11	6.263757097772988e-9	-3.3342956352747435e-12	1.8234133024693693e-12	1.2188278095325056e-12	7.891030488479463e-13	-3.678787783840778e-12	-3.6352714619446606e-10	1.2488833390231902e-10	-8.10612387949383e-11	4.344817519616188e-12	3.972438209795478e-13	-4.4659588162436056e-10	5.20932454220518e-12	5.231436543089569e-10	-7.246429280410739e-12	2.435846560800815e-11	8.41617980543037e-12
5.0	-1.809593306626731e-6	-2.601544608064703e-10	-9.528314100672027e-6	-1.761643090224863e-8	-0.003118204268098806	1.732707110762113e-7	-2.1830855929819267e-7	0.0003447662251131074	1.6274089601019855e-6	0.0005428362654515042	3.6965093658280265e-11	-5.878358412422747e-10	-1.1287331409259318e-8	-9.766736817624737e-10	-3.811523706449458e-12	-1.5716744129290559e-10	1.4717499849305638e-13	1.705825269466356e-10	1.1518298115428469e-11	4.855911147032633e-10	-2.896616059685343e-10	-1.7159168449779288e-8	2.5538265730124833e-9	3.845997110083111e-10	1.2561278379214988e-14	1.871098702579011e-11	-8.019285556543993e-9	-1.968554675314176e-11	-1.364489392844496e-13	7.110996633110517e-11	1.2194560594332767e-10	-6.52363177213673e-9	-1.0253712654879653e-8	-5.155447133024224e-11	-5.674975624448959e-13	2.8254499305805595e-11	-5.742017416810575e-10	-1.2549354460817557e-8	-5.624518454460914e-9	-4.1762377117787096e-11	-2.2896639693727194e-12	-4.952469640981394e-13	-1.4010903643334703e-12	-1.5288901389670688e-9	-6.230451968107484e-10	-4.7999644453633774e-12	-2.8513366865626395e-14	8.309091722571234e-10	1.8083410048655739e-9	1.400456967406474e-8	1.1781609420941418e-9	8.819286775195765e-12	2.5279663582453756e-14	-3.524623931746521e-11	-6.962384687268157e-10	-8.971450087578786e-10	-1.2001775873938348e-10	-1.0242169889916847e-12	3.271417255742548e-14	8.736908864160871e-12	7.537196286886002e-12	1.6770277581649121e-12	2.4788871644045865e-13	-1.3529270223258023e-12	-5.125882391340906e-13	1.803170332774669e-11	1.257774261262043e-11	-1.1525039980998515e-12	5.1137439240262796e-11	7.159023367338518e-14	1.0758015084235545e-11	-1.028151759422443e-11	-5.57813239822775e-11	4.2083044744811206e-15	4.689218441713064e-15	1.726974479762146e-14	6.923380894261379e-11	-1.7472619013393418e-10	-6.691147493199804e-9	-1.9158839325198016e-12	-5.59208102458679e-15	-7.407372565532751e-11	-7.072128550028481e-11	1.1792824877530207e-11	2.8035702579234698e-9	-2.4244886402468658e-11	-1.1288624943739146e-10	2.249472485994948e-12	-7.787642300572197e-11	1.904032774776112e-9	-4.1410923769128e-11	-1.53386418561093e-8	-1.7027086900095543e-9	9.897538450509582e-11	-2.74489627999882e-8
6.0	-1.767891840318905e-6	-1.781835545278328e-10	-8.880712667720755e-6	-4.7416233100446955e-8	-0.0011434853429060305	1.7438634242051748e-7	-2.2801177839224172e-7	0.00034247557910334407	1.5222373609073845e-6	0.0004206217111379648	2.4568439068180345e-11	-5.249802883264352e-10	-1.0693705524381255e-8	-9.198027421777931e-10	-3.70581343389631e-12	-1.6152520833420789e-10	1.4196461931362259e-13	1.8542334946183609e-10	1.1739392078336137e-11	5.199933380477077e-10	-4.520097319136682e-10	-1.1070739362701665e-8	-2.83414908327551e-9	3.5626546986091696e-10	9.63126605378617e-15	1.894470919792642e-11	-1.0389908345186665e-8	-1.9702561851006538e-11	-1.5536532936642321e-13	6.816341692743744e-11	1.164537526875337e-10	-9.174547863615357e-9	-1.13918193274464e-8	-4.9097162025237093e-11	-5.977799199973799e-13	2.6852673734873358e-11	-5.73726155864466e-10	-1.4283057175210212e-8	-5.988395249155076e-9	-3.8967508910527646e-11	-2.2503227114093805e-12	-4.954508963328555e-13	-1.5229890577297088e-12	-1.6261267723459474e-9	-6.538329598389421e-10	-5.117007539261545e-12	-2.976073055952177e-14	7.970426497895967e-10	1.9463589339281098e-9	1.4756973637862117e-8	1.2300716637544045e-9	9.570749879737276e-12	2.741208469727598e-14	-2.1377393167218667e-11	-6.727784932298106e-10	-9.0524767474003e-10	-1.2498569059539306e-10	-1.1038959798885008e-12	3.226695440786826e-14	7.876350388608058e-12	8.39767792015247e-12	1.699244667500641e-12	2.453915570093181e-13	-9.423119667103642e-13	-4.857995160523687e-13	7.909153272090722e-12	1.1983240544603466e-11	-1.1971935487235796e-12	5.241472195643493e-11	7.628243007118255e-14	1.1163232166605544e-11	-1.0434004788645312e-11	-5.939157866408692e-11	3.4951018858600524e-15	4.286003653765705e-15	1.536737317259229e-14	6.573104064625143e-11	-1.7175820184525673e-10	-7.571519789991484e-9	-1.911257610509587e-12	-4.914973050947069e-15	-7.036579744443619e-11	-6.728150973639088e-11	1.0164121226532286e-11	4.19660082183991e-9	-1.0531927435199206e-11	-1.6040526394124613e-10	4.460596497203595e-12	-7.408981070257566e-11	2.249949447889407e-9	-4.194346627829637e-11	-1.2690885348306483e-8	-1.8288942354918042e-9	1.0848540228853342e-10	-2.8821046865810766e-8
7.0	-7.712897532018939e-8	-1.9740645147462726e-6	-0.0001043991685417804	-1.4763511277362e-7	7.857594046631858e-7	3.2310695538424084e-5	-0.0018626259779862468	-0.007138168780976972	6.530876325930858e-7	-2.837245715710768e-6	-9.533294633096143e-11	-8.260777584554763e-14	7.118697940517392e-14	-7.190177403467263e-15	2.1513864057741046e-14	-2.637707080066241e-13	-1.7357678573908668e-14	-9.77621346163767e-14	-4.4793176684151914e-14	-8.32270087334312e-14	6.031591163415411e-14	9.25378045674895e-13	-5.1407157298744086e-8	4.41945054243786e-12	1.8048284933982473e-14	-2.0677731438573432e-10	-3.705817555791056e-8	-1.7686026392797966e-7	3.855959253385e-11	1.543713083402177e-11	1.6130538259246872e-14	-1.1657138132936408e-9	-2.645514324572792e-8	-3.90367159072108e-11	6.546223614768018e-8	-4.926376405841991e-11	-7.936342905553905e-14	-2.087314249573734e-8	-2.9252915318748292e-8	-3.4176890592794003e-11	-2.9993692756654245e-9	-3.976536465654312e-11	6.522738186289667e-13	-2.5880580285582545e-8	2.7032852157536528e-8	-3.2084701062358175e-9	-4.0888667666108165e-12	7.196469778893859e-14	1.8331399841356098e-13	-2.3838940696191785e-8	4.156681180182765e-8	-1.4976893224125081e-10	2.108180948168045e-13	3.3304572316935283e-7	-2.1104274435809487e-10	6.805849469382647e-10	1.6294050467142194e-8	-3.629676453305548e-10	-4.863055161344871e-13	-9.841460420101435e-9	-3.2717778388472324e-9	-2.253828732952995e-11	1.1595510987984825e-15	-1.7198994667588864e-14	-2.672638904764661e-16	1.1618199372265718e-14	2.8519781064087904e-9	-1.0443084724545847e-12	-2.022317223157808e-9	1.5353429826283762e-10	7.669354712441737e-10	-7.280586349905345e-11	-1.3236125149226208e-10	3.756355751792604e-15	2.062930846925739e-12	3.253920843922389e-14	5.774794936119908e-9	4.120674119101853e-13	6.282405966689549e-12	4.063979007054493e-14	-4.726900130257462e-11	1.7393484296945896e-11	1.847485537870278e-12	5.9513605920404325e-15	-5.386449284074585e-13	1.335020398747545e-13	-2.162002504937645e-14	-8.447450148232312e-15	4.1187170369040785e-14	1.088273678405172e-12	1.6764442918805826e-14	3.786445061966255e-13	-1.6198948990304965e-14	2.2257620406065662e-14	2.3493546041816675e-13
8.0	-5.50607189171229e-8	-1.4518980107774045e-6	-7.978962697705281e-5	-1.0725003923078913e-7	5.803898043415026e-7	8.413459630005045e-5	-0.0006042460729744533	-0.005876425863959157	2.088504403240309e-7	-2.0150197175709638e-6	-8.751917239835885e-11	-4.972417226746158e-13	5.046751641672167e-14	-1.2017805814281733e-14	8.403643217115273e-15	-1.874250831471431e-13	-1.2006093224666835e-14	-7.272517495244345e-14	-3.2109809017375593e-14	-5.283497000222152e-14	4.234085112093928e-14	4.518102804323548e-13	-9.274722354117691e-8	3.268494793573507e-12	6.76497778215687e-15	-1.4503601874504898e-10	-2.6550722646200917e-8	-1.1625738808521024e-7	2.6992863194501337e-11	1.0955901875880573e-11	1.1112446902993116e-14	-8.356919055656176e-10	-1.930077835843122e-8	-2.7367338678973957e-11	4.797660464869565e-8	-3.554171932089296e-11	-5.615313110310588e-14	-1.5069014922987747e-8	-2.1379304542050443e-8	-2.3911747222398964e-11	-2.0691345386529515e-9	-2.101128299303024e-11	4.556884573642484e-13	-1.8934535014189282e-8	1.976948893181739e-8	-2.249682941490187e-9	-2.871326458864449e-12	5.5666833585746703e-14	1.2937814371489606e-13	-1.7362937008531654e-8	2.3488600003203625e-8	-1.0535178725268763e-10	1.4542323725395481e-13	2.39579332636752e-7	-1.55890545499425e-10	-5.098451539118219e-10	1.1810384053015365e-8	-2.552869292753687e-10	-3.4444559531984097e-13	-6.910829774269366e-9	-1.1432501144356394e-9	-1.5880975345680075e-11	-1.635775351563034e-15	-1.2812441155497343e-14	1.198402686064183e-15	-1.2111976601399418e-15	2.0207968682170864e-9	-7.348921384483342e-13	-1.742456466312325e-9	1.0830291449456244e-10	6.387773346595965e-10	-5.1464179281725733e-11	-1.4340565904897735e-10	7.741664612729019e-15	1.34795455782015e-12	2.595777664960731e-14	3.7734230292079725e-9	2.9180697956509334e-13	4.019728010559685e-12	2.7440520638871603e-14	-3.454311111933188e-11	1.1405097895631588e-11	1.2356975759225672e-12	3.9793062657701005e-15	-3.4534636169577916e-13	6.658542802126609e-14	-4.680928752563073e-15	-2.5872558003575876e-15	3.1152625397235136e-14	6.424243418900718e-13	9.25985328989704e-15	2.598195819785716e-13	-8.548237442140363e-15	1.208807125093262e-14	1.3742964328858604e-13
9.0	-3.104593481163944e-7	3.1453930429812304e-9	-9.861322944781037e-8	-1.4395928899371497e-8	-2.9033568347972473e-7	7.464258534690417e-10	-2.4531843086807388e-8	3.0529110941612533e-6	-2.5149579594490372e-5	-2.9111828422871276e-7	2.1087057180856883e-12	3.901225151010091e-8	-1.3306311903190859e-6	-2.1307925341208375e-6	6.567136494607593e-10	-1.862457238267904e-9	9.794529063356134e-10	-4.8823279705683735e-11	-1.8123498607825472e-14	8.970638328953434e-12	2.2503179614809893e-9	1.3026562455754406e-13	4.590900733293734e-9	-1.4171857049579343e-9	-6.561215510041444e-10	-4.936348912866302e-9	-4.854692239761524e-9	3.0746338650510084e-9	2.26483135543561e-13	-1.4183570656223971e-8	7.766311826578754e-9	-1.5639554096086848e-8	-5.40231314370005e-12	-1.4434954604252023e-12	9.966844733228757e-11	2.6316768683897363e-9	-2.495666791111767e-8	-1.899488614678534e-12	3.007474889613458e-13	-1.5641318432235534e-13	-1.707536654279741e-8	-9.757857783977043e-9	-9.405360577211493e-9	4.900941943127553e-10	3.866032925468794e-11	-1.6650941968232456e-8	9.583045834781864e-13	9.085058304718136e-9	8.39446864412842e-9	-5.21437225256149e-11	6.164067978806861e-13	-2.392861587837352e-12	-8.544945834700443e-13	3.096650769268112e-8	-1.3038042241799439e-8	6.79727158085688e-9	5.479598879063152e-11	-2.6670437003228393e-11	-5.452321220942802e-12	-9.349864325707373e-8	9.204147267760039e-8	3.096748957376412e-10	5.3786565435200364e-11	-4.434101321652849e-10	-1.470768730663253e-9	-9.721359396330751e-8	9.695030513609793e-8	1.0215403109372639e-10	9.060119381419305e-15	-8.430839966260502e-13	2.8170345522134315e-12	-1.0392127504317095e-7	-1.0217105188702266e-7	-1.237921117127049e-11	-3.093827896167532e-13	-1.6022047654234426e-12	-5.881792690692247e-9	-1.2659621047208502e-7	-1.5050056486891518e-7	-8.432475822577987e-11	3.854130031401689e-9	-6.21297293215602e-9	-4.34944908578984e-9	-1.516921063807844e-7	-6.356942304032203e-8	2.3001712449731257e-9	2.314789386953651e-8	-8.186761389469068e-10	3.5541938846802086e-9	1.4789509676030865e-7	-1.3127307614562968e-7	2.1174333929482587e-8	1.973532647262587e-8	-7.572632985569922e-11	1.4433533398766405e-10
10.0	-2.460697377874746e-7	3.319444721769496e-9	-1.2596599809332066e-7	-1.3200575739516667e-8	-2.676186011955686e-7	6.527633608268204e-10	-1.3434908256054756e-8	4.499659623251334e-6	-8.673227778582154e-6	-3.0511679517618205e-7	1.7475516742969513e-12	5.225319202059198e-8	-8.468452303953488e-7	-1.5827266605519017e-6	5.26962252263264e-10	6.371331835218327e-9	1.3343552966782493e-9	-4.2355928078046777e-11	-1.3071864193918804e-14	6.1469124419739965e-12	1.0041720228948351e-10	1.0676691429124103e-13	-4.103379315920032e-8	-1.1455883465627298e-9	-8.96103679554887e-10	-4.3539812759523395e-9	1.649914441066487e-9	2.4973358016087313e-9	1.9178842406331248e-13	2.3377025370132907e-8	-2.255891052682438e-8	-3.323048987313842e-8	-4.821540644249686e-12	-1.0008370760202586e-12	-3.417368948897363e-13	-3.088769980033894e-8	1.3811513243341781e-8	-1.6895626890996553e-12	2.3173514729545474e-13	-1.6197977521818096e-13	-3.85448111372433e-8	2.9592748269320278e-8	3.064891597164662e-8	3.9799832841961274e-10	3.429908782107847e-11	-3.8752724672300725e-8	8.537829928652943e-13	-3.340870092144105e-8	-3.476391671060184e-8	-4.6520628213206474e-11	-7.425923473256963e-12	-1.906023004677966e-12	-7.63647991431719e-13	6.678919689671095e-8	3.371650821214886e-8	-1.2457915507727299e-8	4.951946614307587e-11	-2.3780499180113504e-11	-4.880500211206907e-12	-1.2683636258186208e-7	1.2540262681460325e-7	2.775581393523726e-10	4.854071395727864e-11	-3.8604254509686617e-10	-1.2902895654890465e-9	-1.336687011840369e-7	1.3292974434521432e-7	9.210002668646036e-11	7.877997381221931e-15	-7.522547119205556e-13	2.5355660821966555e-12	-1.3416904408155944e-7	-1.3273487603656845e-7	-1.1080090330394796e-11	-2.774529902756529e-13	-1.4241827581152865e-12	8.603689010301129e-9	-1.0425979262413515e-7	-1.2426986246440126e-7	-7.529034723592743e-11	-2.3688493484082726e-8	8.299811572096582e-9	1.185667750428269e-8	-1.2510839607317885e-7	-6.674805991346724e-8	6.461203270782103e-10	7.684875077227354e-8	-6.445214746546159e-10	-1.4277166642067788e-8	1.296112043756182e-7	-1.048255404144828e-7	8.584244616718213e-8	5.597055985185041e-8	-4.026743453216233e-11	-3.7836075188015866e-8
11.0	1.5499119016529614e-6	-1.1372831411431308e-7	5.499861665373377e-7	1.0795565748487677e-6	-1.2954279217963702e-7	-1.5388598358344798e-6	2.9545206548689146e-9	-7.169321884030109e-9	1.0727421935562765e-5	-1.581569550266595e-5	-0.000141964811692661	-4.301033041460702e-6	-1.0032349481207534e-7	0.0003328039481686541	0.00022328129656573796	-0.00035609451718068483	9.427810046075615e-7	-2.4790063524553273e-6	-4.0540764568966e-8	-1.5528580851274654e-6	5.580725136853069e-7	8.711073890259028e-8	-1.713637436339174e-8	-7.152268244503011e-8	1.467354995393151e-9	1.2418951132001077e-7	-8.040919108709662e-9	1.5127568410220958e-8	-9.21089614138292e-9	-1.6309850036896702e-9	-1.2141104655548227e-9	8.88873997138179e-8	-1.97822067585605e-8	2.55616300502856e-8	-4.062976753654282e-9	1.716032715619541e-8	-1.371718060514021e-7	-4.344994231216052e-9	1.424255173546519e-9	3.11590333158606e-9	8.011027237961513e-8	2.5507881313693442e-8	6.533034841469314e-10	-1.0317505503979717e-10	7.782287154493025e-9	-9.211516364190978e-8	-2.8134229520098174e-9	2.2244084228211413e-8	4.447557059888829e-9	-6.544611767626482e-9	-1.8314127660521123e-9	5.387776918701436e-10	-5.097559145584172e-9	-2.794624026872141e-8	-1.3441488072968847e-8	1.1868789238102345e-8	-5.070226896289891e-8	7.601425826411873e-9	4.178462294796294e-10	-4.2036929428945004e-8	-1.5752707896486398e-8	5.386844758037826e-8	-3.786920022035574e-8	-8.019650907342206e-10	4.973617213109922e-8	-3.0802268362524816e-9	7.824399719398775e-9	-4.45510485309381e-8	-6.510145233056948e-10	-9.4809886466572e-11	1.953572433900359e-10	1.0113399141442363e-8	-9.058627313861112e-9	4.503114185025948e-9	1.6624725994829724e-9	-5.011361518441433e-9	1.745325747733268e-10	2.3360850976653637e-8	8.072413313146208e-9	-3.1089413300067504e-9	3.052625120062699e-9	-2.47465400777752e-9	6.068309952145658e-8	-2.5428274053751148e-8	9.595179032487017e-9	-2.626944871245574e-7	6.617637655768378e-8	-5.334059506839925e-9	-5.929958446554572e-8	-5.5607767253792226e-8	-4.4785338379046876e-8	-7.843664262368596e-8	-7.024042417413203e-8	-4.08540649773194e-9	1.0097305699644587e-7
12.0	1.54103952418624e-6	-1.1415414943563846e-7	6.329375216464115e-7	1.5447451622664765e-6	-1.8491406901232665e-7	-1.7997850562348472e-6	3.515965713392758e-9	-7.795906141589361e-9	1.143271702044301e-5	-4.5163430198899996e-5	-5.224884881441288e-5	-5.116638168680965e-6	-1.0387976660817e-7	0.00038415380480065513	0.00024889597286671634	-0.00028819052117362755	9.081004773946157e-7	-2.9050473230916506e-6	-4.7727203221810655e-8	-1.756424737152131e-6	6.479458925816595e-7	9.98755372556656e-8	-1.5378054563415212e-8	-7.321430574852227e-8	8.823105394797487e-9	1.6328731004173902e-7	-8.349596713133167e-9	2.042480318578986e-8	-1.0634127263157824e-8	-2.2347394276870167e-9	-1.420025301907848e-9	1.1583481210130531e-7	-1.692076604460586e-8	3.508290584888418e-8	-4.688953223082598e-9	2.0305926333788212e-8	-1.681903712347217e-7	-5.277221596317733e-9	1.6656611506570064e-9	3.632590792413158e-9	1.0405615705014975e-7	2.9853543858909104e-8	7.642493300302968e-10	-1.3036634703831896e-10	8.240334434960658e-9	-1.1934725768989687e-7	-3.2473522481342187e-9	2.6075305694289228e-8	5.276917838697088e-9	-6.7169344773834705e-9	-2.14843434085803e-9	5.928519130468396e-10	-5.339470774903541e-9	-3.423350678527173e-8	-1.731220761721981e-8	1.3869821633994536e-8	-4.76483359491028e-8	8.897407323518501e-9	3.090974607580682e-10	-4.9687336048351395e-8	-1.8824259558885087e-8	5.120900289411175e-8	-2.9687989216347022e-8	-9.528980414591173e-10	5.11750733657963e-8	-4.085382103722471e-9	9.55456256302592e-9	-3.74218807931205e-8	-5.304660086434336e-10	-1.1110316075169697e-10	2.3865314446612584e-10	1.2211993588161557e-8	-1.091895374098114e-8	5.52060324470008e-9	2.194351716486999e-9	-5.735241596882539e-9	2.3818042306425993e-10	3.8008047570054825e-8	9.48054770243218e-9	-3.8534270280929945e-9	3.55104486709253e-9	-2.8968853320106966e-9	6.091909957794315e-8	-2.9519488857592885e-8	1.2750840083137316e-8	-3.257103431341135e-7	8.16167430772248e-8	8.790370858111202e-9	-5.753000194708231e-8	-8.168048478046088e-8	-6.223319509939685e-8	-9.571810998342347e-8	-8.569307740837208e-8	-5.006523375369786e-9	1.1550987754640826e-7
13.0	7.053984023369109e-13	-1.6300293335021712e-15	-4.860358694903824e-6	-3.08134299303074e-8	-5.6778778098898e-10	9.099816950694523e-11	-1.1733586360074338e-7	2.8432615798056533e-6	3.59867506554566e-5	1.5519408439227468e-6	3.867316479686182e-7	4.1539388683954346e-8	-3.925863687064368e-6	-0.00010100272588908676	-1.9757526544382036e-7	-3.4374606682356496e-8	-1.6282453126752837e-9	-3.183539748878014e-7	3.963457504871888e-8	2.307915918043699e-7	-9.421654275961753e-9	-3.7436870096972274e-7	-5.375321726489684e-10	2.0267072530196685e-8	-3.432969717481539e-9	-3.366754475024835e-8	-7.3412393603244296e-9	-2.735577006299667e-9	4.218114047135279e-8	-2.6847218721129446e-8	7.669581038186688e-8	7.02759120263404e-9	3.8626010730742295e-9	2.127755421338264e-9	1.1389273883684205e-8	5.823414564693863e-9	1.7131859064907244e-9	-4.3395674365370146e-8	-7.175275972177016e-9	-7.890516676633642e-9	-4.809136749850673e-9	2.5884751620521744e-10	8.322073159325228e-11	-9.918037381789563e-9	4.910711617589785e-9	3.835453724731288e-9	-4.5562732266139883e-10	2.501935372726057e-8	-1.464874587966097e-8	-1.051525141867701e-9	4.836604933695134e-9	-6.109217514666582e-10	7.893623660951765e-10	1.9930501755688598e-10	5.136590494161542e-10	-1.3303608481840877e-9	-1.40592312762972e-10	1.592257897201634e-8	4.2878463532922836e-8	5.471011120377607e-9	4.949692357486228e-10	1.5375082278067666e-10	-6.715278885231225e-10	-4.1010619217444094e-8	-3.250537128365443e-9	9.7370576804799e-10	7.453961584807228e-10	5.263513647824162e-10	1.7861209976669646e-11	-4.088914650816693e-10	-3.26402747759761e-11	-2.61527417587293e-9	3.814118759908533e-10	-8.8848393873396e-11	-3.954469159777e-12	5.338973512098489e-11	-3.794272494032711e-9	-6.42721933822218e-10	-2.117524093658564e-10	1.916614331448729e-9	-1.2693173377593574e-9	5.0251149559017845e-9	5.4074975825289655e-11	3.4560567328825325e-10	-2.6245205407766422e-9	1.3630547545759205e-10	7.261558665380366e-11	-3.104135684045709e-10	-1.79006456204877e-9	-1.0199224327568906e-9	1.9532999107794234e-7	3.851588075682305e-9	2.0147316219078045e-10	1.5541976456924176e-12	-2.834482409172642e-9
14.0	5.068850401584927e-13	4.962137115999609e-16	-3.665283834446225e-6	-2.2485211623270527e-8	4.20238830469008e-10	8.879468559459663e-11	-1.4371058300519052e-7	2.1829638699120404e-6	2.7730357880646576e-5	1.129024703850065e-6	2.7350944453480174e-7	1.1008305474827876e-7	-1.2735143509867965e-6	-8.39086733954622e-5	-1.4642972010692887e-7	-2.463361179306759e-8	-1.1714735392868362e-9	-2.1784085802425954e-7	2.731314634286351e-8	1.8013845871991653e-7	-6.698558539174598e-9	-2.731140110998627e-7	-3.8198049619154653e-10	1.4648681291240533e-8	-2.3866630444651855e-9	-2.418858732540098e-8	-4.503105790841917e-9	-2.123301915115479e-9	3.0271062452178064e-8	-1.9569429775567768e-8	4.8322380102862255e-8	4.979530767322603e-9	2.5509976672826225e-9	1.4961351606004857e-9	7.925682619173061e-9	6.324552763065298e-9	1.9973125577654318e-9	-3.069689601238027e-8	-5.128775944951837e-9	-5.571256991945282e-9	-3.496014941625618e-9	1.8985068781531275e-10	6.005667984402612e-11	-9.089759277697335e-9	4.054214414069686e-9	2.7216086411909732e-9	-3.2779294226412287e-10	1.7940519366805782e-8	-1.0388920632976484e-8	-7.569037848018754e-10	3.2705021173237297e-9	-4.3824839579812015e-10	4.936429490566565e-10	2.9140949468219504e-10	5.943016643934404e-10	-8.683591646308433e-10	-1.0049839063865199e-10	1.1263975522287534e-8	3.4017611180182356e-8	3.989168395107998e-9	3.622793405100293e-10	1.0964895499171934e-10	-4.86326070184228e-10	-3.3242606655522916e-8	-2.3429596695030203e-9	6.974160872274719e-10	5.754640984283927e-10	3.816427249840464e-10	1.2918768404023147e-11	-2.6873267990683714e-10	-2.364997667134531e-11	-2.0355217452780955e-9	2.6140174034772563e-10	-6.437301036317799e-11	-2.8622478289074552e-12	3.864251135976534e-11	-2.4580782118067857e-9	-4.746416450619947e-10	-1.3935788327111488e-10	1.4750948569735884e-9	-9.76347664428462e-10	3.286672579650374e-9	3.858935477578986e-11	2.448257395411896e-10	2.015599853358764e-9	1.0462682247163819e-10	6.74120606688631e-11	-2.453040360169175e-10	-1.1646092837674998e-9	-4.90729471755465e-10	1.4110207258451037e-7	2.7343214724235286e-9	1.4548483153021256e-10	1.207899134428608e-12	-1.962278129193438e-9
15.0	1.477948651944218e-14	3.860074830304774e-15	-7.770943688563752e-9	3.930123280627884e-10	9.837962975259056e-10	1.5153171496835389e-10	1.5230766522378505e-9	2.5385190185799036e-9	2.5068643555457975e-8	-1.0256206001461559e-8	-5.248080261343037e-9	2.6793197080962276e-9	-1.4279624041307754e-8	-9.54938292635234e-7	-5.467371954513558e-6	-9.529966657930292e-7	1.6658778186486673e-9	5.8673748485468045e-8	-3.340897137092352e-8	4.287096249904045e-6	-5.319257709024887e-9	-4.0361995506626135e-9	-4.783558614843895e-10	-7.011604777032079e-10	7.118982118317475e-9	3.1486748307290007e-9	-8.734431990358335e-13	-2.3744720465832204e-10	2.5929392782443052e-11	3.686895420688613e-8	-1.2975058479966307e-8	4.569541763645828e-9	1.5027290156446874e-11	3.7329462111945306e-10	4.3916373246908187e-11	-1.0732546812153237e-8	-7.892432263219753e-9	-1.1599712199266554e-10	-1.4300397762355824e-8	9.713578453775154e-10	-2.67479918713113e-10	2.225738758445962e-9	-6.017674765118724e-11	-4.840548697717953e-10	-1.1742174720891738e-8	1.599804474973679e-10	4.720322317509927e-10	1.059652645754507e-11	8.019442373961229e-13	4.382989637409411e-11	1.2832591809228983e-11	1.608124169391762e-9	-1.0785108975470512e-8	1.7696738841697565e-10	-6.317877466649055e-11	3.074332641647125e-15	4.517113844520162e-12	4.495946126656212e-12	-1.968007115562001e-8	-2.2167713455537405e-11	-1.2325249551531294e-13	1.84613898261612e-11	5.7816533098654e-9	1.9926359241709555e-8	-2.047406966660884e-9	-1.6431129010991835e-10	3.691962885356363e-11	5.6218090438401565e-9	-1.4497623059831712e-11	-3.8456838227053835e-9	-2.871424420300466e-10	-1.026818614503707e-9	5.661479300872739e-10	-1.3952134856428884e-11	4.61045692830086e-13	1.282765043205972e-10	2.2473030859726278e-11	-6.915994338518111e-11	-3.441202457676101e-9	-2.373319701334019e-9	-2.8182198665218505e-9	1.5437043679411642e-9	1.4552555819346513e-11	-5.0732515301696635e-11	-6.359486115220674e-9	1.5591278079847197e-11	-1.4404205557776594e-10	2.4661492865682507e-9	1.9733892866844848e-8	-8.188234263625656e-9	5.510897125200591e-10	4.989912696653658e-10	-5.8472839607067435e-12	4.825794803945642e-10	-3.59022400016885e-11
16.0	1.0080261278466729e-14	2.1024848528838902e-15	-9.824733250756053e-9	4.1374587890550366e-10	9.616288526419516e-10	1.712185147825757e-10	1.3891333619759875e-9	2.46393922312978e-9	3.2168988865152575e-8	-9.448547409410073e-9	-4.825008865550908e-9	2.3779562410551654e-9	-2.006610456705415e-8	-2.515424699265317e-6	-1.8691976112314102e-6	-9.8369304611483e-7	1.4180106113090964e-9	5.97050631792448e-8	-1.9471780589861565e-8	3.147319730859366e-6	-5.157678414518394e-9	-3.86590178368178e-9	-4.2583577515141494e-10	-2.4269489790462175e-9	1.966163040436467e-9	-8.950390481940331e-10	-6.914852900593287e-13	-5.741658949409349e-10	2.1725446923402226e-11	2.928089142319696e-8	-1.7455682737559073e-8	3.966843797335287e-9	1.3877410641954471e-11	3.092018100572047e-10	1.3381381969729577e-11	-1.0887176315809804e-8	-9.938838039310275e-9	-7.993966597041503e-11	-1.0262381723805299e-8	7.680459054675567e-10	-2.418449897926789e-10	3.35321429635161e-9	-6.027648493278264e-11	-4.165356657620634e-10	-1.2916123803244703e-8	1.4521886994334862e-10	2.0390687242904235e-10	5.2668682182344534e-11	4.211734442669506e-13	3.7715086945056196e-11	8.926242996843586e-13	1.4500991698361868e-9	-1.4228722090103489e-8	2.5528007555064917e-10	1.7337964295811936e-11	-1.5896523127269486e-13	1.0176432807322307e-12	4.154262909573665e-12	-1.4353530733259832e-8	-2.077353566336619e-11	-1.1268913141966037e-13	1.762887318605824e-11	4.6671286293585865e-9	1.4562000116258895e-8	-1.2103318353440035e-8	-5.739632284068982e-10	1.2489348294152722e-10	4.593235761887591e-9	-7.650792779636025e-12	5.376382381577855e-9	-2.900709729553539e-10	-1.398673100213817e-9	2.920070368026402e-10	-7.032067178023533e-12	4.306424576360561e-13	1.3013120992935987e-10	1.529273305901079e-11	7.597454821246612e-11	-3.2657287136927223e-9	-2.0866991978929476e-9	-2.406621024440558e-9	1.5760871242956456e-9	1.372176867188388e-11	2.691227437799485e-10	-5.678385975781628e-9	4.881086966337063e-12	5.1994530611741574e-11	3.790397497838705e-9	2.087665550560263e-8	-3.897487117181871e-9	-9.287628483919751e-10	-1.596259312000974e-10	-1.1308383091392693e-12	4.964276656223964e-10	-2.748382394793839e-11
17.0	-6.251434730263312e-11	-1.108154722573279e-10	9.97893261413713e-7	5.3418566694068965e-8	4.1315814662724624e-8	1.031286660414923e-8	2.6531827804259217e-10	4.509553046905028e-10	2.006397498654607e-8	-1.3583931395580992e-7	-2.039813555659567e-8	-6.699666012974306e-7	2.784034078019707e-8	8.45596912924022e-10	7.108008739655505e-6	1.4690046523630958e-5	1.3666830428833502e-5	5.1938567443202955e-6	2.4943534007456066e-9	-3.846641616438181e-5	-0.0007174238876060805	5.428478853622946e-5	2.817563073472398e-7	4.865035128516404e-8	1.1237028775426066e-9	-4.0647287929047875e-7	-6.865647242123345e-7	-7.089884888594297e-9	-9.79825711185378e-10	-5.03683001401218e-8	-6.565718083948969e-10	1.390178440859509e-8	-5.907933964853346e-9	-1.7178954351734328e-9	-2.5397320750583097e-9	2.854172183299293e-8	4.132873695073139e-9	6.140292024130123e-9	3.3116917885568596e-10	-2.0499057362824887e-9	-7.859612506790112e-9	-4.810225381305157e-10	2.6972360053886158e-11	2.2220704902333517e-8	-1.2656249602838077e-10	-2.3492098375135907e-10	-1.4664208363161038e-9	2.339623366254351e-9	1.0710820066487144e-9	-2.4482812459995235e-9	5.366570047265624e-11	2.3116308880287408e-9	3.611973689739707e-11	-3.23371467398419e-10	4.728956370923925e-9	6.883459187961056e-10	-9.714430995301662e-9	-5.867069059371974e-9	-6.543606365038248e-10	-3.219346271206474e-9	-1.1366889626979109e-10	-4.99524032999555e-10	-4.8544377678358524e-8	-2.849835500802366e-9	2.1086205675770487e-10	1.2646423635414927e-10	-1.354372066942502e-10	-5.987595052018616e-8	-1.5797427778616671e-9	-5.86697157089724e-11	1.8802017924470692e-8	1.1101205925015274e-9	6.970388985301373e-10	5.140526935038979e-11	4.779307813644148e-10	-1.8536860491020696e-8	1.6846247572277386e-8	3.4517539191568457e-10	-3.406576849094793e-10	-6.531764916080048e-10	-3.820715814081021e-10	2.4914800182863223e-9	7.601087570020406e-10	-6.303052076292447e-10	-2.2380356138371188e-9	-6.189173331691343e-10	-4.0740478822147617e-10	-4.831155888767593e-9	7.049186626131613e-10	1.503421665666617e-8	7.553470531526594e-8	2.15508746060871e-9	1.0152299785981782e-10	4.600629999516292e-9	-7.131030794568436e-9
18.0	-5.482938554323878e-11	-9.68702826554527e-11	1.2859882908102352e-6	7.244901389444012e-8	5.658537555523455e-8	1.2829415156641376e-8	3.4404903656708825e-10	1.5144175087699168e-9	2.386127617306738e-8	-1.9710453665775507e-7	-2.9551121266194943e-8	-8.37840337471834e-7	3.39274353328879e-8	6.673874666998408e-10	7.952853404924152e-6	4.451549469318855e-5	5.044988371708736e-6	6.607897615146482e-6	2.0074982817145433e-9	-4.6673484304809525e-5	-0.0008498021636810961	4.406814540371831e-5	2.831464303611717e-7	6.032202550166784e-8	3.5887284428854107e-9	-4.937331193776167e-7	-8.325571305840213e-7	-7.714109897805089e-9	-1.1209346685538117e-9	-6.280501867940442e-8	-8.206617043319725e-10	1.706315710813243e-8	-2.722171690578654e-9	-1.8431597638464033e-9	-3.2075406394123955e-9	4.2465275881158523e-8	1.1809831379823199e-8	7.405604371495769e-9	3.9891451778797216e-10	-1.2571113466450156e-9	-1.3236870171578784e-8	-6.069562790479461e-10	2.6590596495957537e-11	2.5457374242901955e-8	-1.6230209939706404e-10	-8.986035748565792e-10	-1.8254087056047018e-9	2.9133383720151925e-9	-1.3504055873178157e-9	-3.0500797043059716e-9	7.108371925861375e-11	2.9193462494114352e-9	4.4907886338440506e-11	-4.179035346517048e-10	9.492224629472907e-9	8.584707919295908e-10	-1.2973246398417075e-8	-7.327023172922737e-9	-7.799138602220082e-10	-3.8381387746863804e-9	-1.4926378708498167e-10	-6.039482067569737e-10	-6.715442263880501e-8	-3.544583080653126e-9	2.4155135889265354e-10	1.5353045878007948e-10	-1.762736670895209e-10	-8.22409488690631e-8	-1.9710480878513017e-9	-7.320478498021678e-11	2.757721927063113e-8	1.3829130814644511e-9	8.65771494554826e-10	6.374049747356288e-11	5.964342980418102e-10	-2.730749655663106e-8	2.4536850951618866e-8	4.0272784664071526e-10	-8.694731406630747e-10	-8.063293702450966e-10	-4.728104563899376e-10	3.603260325054546e-9	9.464216784754958e-10	2.1465145967041383e-10	-2.8024948960853134e-9	-7.808479892945832e-10	-5.129249346508802e-10	-6.03086811256305e-9	9.26354376594927e-10	2.077564380083182e-8	9.426669499525471e-8	2.688375833136137e-9	1.2636302361802007e-10	5.735605805492879e-9	-1.0064401449983342e-8
19.0	3.4688677183838373e-16	5.298566877481091e-16	3.146535787033903e-7	-6.152560189374141e-9	5.227213184980068e-9	-1.783980131215265e-8	-2.0798140038077725e-8	-1.8069497185947773e-7	-3.32541903126899e-8	1.5917917070808557e-8	1.53168078620097e-9	1.9291324818113545e-9	1.3701834636316033e-9	-4.6061995952162826e-7	3.7911690853008972e-6	3.0481677645427553e-6	2.9900892114389383e-7	-3.1170113129346636e-7	1.751140562477607e-6	-0.00036679496783159323	-6.629378582163194e-7	-8.968036185356851e-6	-9.694525108961402e-7	1.750190216026493e-8	8.575745938918517e-8	4.609540514132927e-7	-1.567347525068821e-7	-3.4280287130625784e-8	-3.411885316580538e-8	-3.171443714987714e-8	1.1638554149757122e-9	4.4793044391116795e-9	1.0344247425363952e-7	-2.5699704976814763e-7	-1.2598974007834614e-8	9.683238726187149e-7	2.3096564857449323e-8	4.697730843036126e-9	7.52358954229243e-9	-3.956899303624183e-10	-3.404690129982915e-9	1.6884850977971013e-6	4.0930831086160225e-8	1.4488085992595514e-9	-1.2362745181527398e-9	3.401964498077292e-9	-3.2801047342197865e-8	6.162147627805687e-8	1.3297389531879968e-9	7.770365290893842e-9	-1.4256949747550829e-8	-4.71286101475619e-9	-8.706267409569399e-10	2.7859449398346653e-9	2.6186600718499424e-11	-1.3282721763492823e-8	-1.1768553484544986e-9	5.369742287898889e-9	8.289053948371602e-10	2.437380356390808e-8	3.803251335372853e-10	-3.686998877174503e-12	1.3351082383067717e-11	6.17520185817708e-11	-7.004322518063947e-11	-6.576799718287335e-10	-1.231581070318551e-11	-9.857252380569476e-11	-5.978690465517931e-13	-1.5483529271779477e-10	-8.533415148522061e-11	1.0352697153352052e-9	-6.491619423646142e-10	-5.480480758183864e-11	4.883071922634984e-10	5.730446861347821e-11	1.0069517746369558e-10	-4.1155100412121673e-10	2.5315723455360144e-11	-1.3945386080445424e-10	-4.948925602351427e-12	-1.298587929735669e-8	-6.612489396475136e-8	2.98398750575878e-9	-6.126251740134052e-10	-1.0835636924692847e-9	-6.852847130616347e-10	5.096721088187734e-10	4.995132227280378e-10	-1.4022784968045036e-10	1.5018723862892155e-10	-2.3374795903724125e-9	-3.94877560958831e-9	1.070470283264258e-10	-7.269338311748417e-9
20.0	2.3342321183731066e-16	1.3882611276327073e-16	2.3443967712885565e-7	-4.5173030807533185e-9	3.210267311983047e-9	-1.332202413563303e-8	-1.4017805858431808e-8	-1.3531224673640852e-7	-2.5187049995821267e-8	1.1435014892617298e-8	1.114424507451529e-9	1.5382911286553273e-9	1.6835649212125876e-9	-3.553711438585251e-7	2.925514374549545e-6	2.2308002575373266e-6	2.1310849051894906e-7	-8.36962371403164e-7	5.746235547488125e-7	-0.00030578325514239713	-4.966066545719446e-7	-6.459927080158144e-6	-7.056472792735038e-7	1.2400304120153448e-8	5.77088415130349e-8	3.588617243156737e-7	-1.1305997798631021e-7	-2.5079067143486836e-8	-2.5079940954624062e-8	-2.298608478674355e-8	6.866430010013783e-10	3.303167269829627e-9	7.600089354207806e-8	-1.8994717418138755e-7	-9.289055278975346e-9	7.118868229915513e-7	1.688144839225582e-8	3.4167632715432436e-9	5.442217943773517e-9	-3.141020253329062e-10	-1.5543689163973172e-9	1.2409701252860854e-6	2.9958103105714985e-8	1.074535081102958e-9	-8.505853082908766e-10	9.206167512063819e-10	-2.5616494311974243e-8	4.521335809047342e-8	9.6062532159252e-10	5.516557632635608e-9	-9.770786246063359e-9	-3.4318822686940745e-9	-6.079203583146263e-10	2.048576280097496e-9	2.2948732730505908e-11	-9.043993417684927e-9	-8.565424079772699e-10	5.157852917247747e-9	6.821053888705498e-10	1.785160938643628e-8	2.7802988186831253e-10	-2.8618233538560522e-12	9.142682831800108e-12	5.0895791711580584e-11	-5.304305986373651e-11	-4.850780192249496e-10	-8.890810687875993e-12	-7.165217441092178e-11	-4.323113130930536e-13	-1.1308474321092603e-10	-7.322969468414385e-11	3.650765620547019e-10	1.2022512325253642e-10	-3.953192334592218e-11	3.555383006696545e-10	5.0779435443857893e-11	7.37522743830083e-11	-3.0296257830775537e-10	1.8809297038471284e-11	-1.0129595950348786e-10	-3.6580860540867476e-12	-8.883748668488746e-9	-4.367787755662373e-8	1.1531492620669696e-9	-3.2319308296697874e-10	-6.414716645690359e-10	-4.918427920116695e-10	3.773370979900667e-10	3.6410904635490993e-10	-1.6774345421409065e-10	1.1117658442590987e-10	-8.375546529688214e-10	-1.7623857140264638e-9	7.167305467732998e-11	-5.273427900496818e-9
21.0	4.1889146292040776e-16	-1.1198671454105961e-15	-7.375893365080784e-9	-1.4732751484715272e-9	-7.187415300479815e-9	-8.641798113407711e-11	1.148377644725745e-10	-4.510233097805708e-10	-8.872475872993033e-12	-6.0826098265699134e-9	-2.4398681843053636e-11	-7.62619942239166e-10	-9.354361442166251e-9	4.340786231708119e-10	2.2930598188388872e-8	6.650941089113419e-8	-1.9296566677044084e-8	9.670518272471449e-9	5.803385313446596e-8	2.161741556976395e-6	9.760754828299635e-6	5.258296084515761e-7	-1.008788401317928e-10	3.233961907059897e-8	-1.0029162364718396e-7	1.0818257459410257e-6	-8.823986533110764e-9	3.7822959985932774e-11	1.3773848055182232e-8	-6.807933464854153e-9	-9.1354645399809e-10	4.260361175342201e-9	-2.0810116146155955e-10	-1.4572637603021922e-8	4.584673422399135e-11	-3.031746961959455e-10	4.9530317774252716e-11	2.637237047711414e-10	4.6808628021534555e-9	-3.487593965220254e-11	7.544791690772988e-9	5.485944859047559e-9	-2.0222507651937084e-10	-1.7752176176006583e-8	-1.24988001319178e-8	-8.718785296558755e-9	1.1678305465057647e-10	2.1072428100265907e-9	3.371852037852845e-9	-8.32703647802547e-9	-1.6000657197754e-8	-9.961410259743676e-12	7.670914929654516e-11	-2.669757360558765e-9	-3.4085750027283265e-9	-3.870891228504943e-9	1.2794624079057762e-10	-5.6391364807328465e-9	5.189581600707518e-9	-1.0312083684971933e-9	-3.5787987347734265e-11	1.3378858582081632e-12	-6.799084531788809e-10	-2.7546451364653203e-10	-6.159609774112195e-10	4.831802023336168e-9	-4.897271606416297e-9	-7.404660121266096e-12	2.851100026481551e-13	8.223323232631984e-10	5.1313081229973e-12	-1.6798642234904158e-9	4.029152487368858e-9	-3.679082006840567e-11	-4.4520584139998477e-11	-5.409280712821702e-11	1.0174069994820386e-10	7.400308603467551e-10	-1.017826695218819e-8	-5.061170354952287e-10	8.307213042308699e-11	4.440483074272109e-11	-6.5191723495198525e-12	-8.921646164896897e-9	2.6132106220432467e-9	1.698533935735709e-10	3.1104207802644003e-9	1.1217603935606487e-9	-2.432850294798954e-10	-2.4626131588122125e-9	8.20849204183336e-11	-2.406689612528685e-9	4.0041319291882116e-9	1.4598145770766705e-10	-7.952686857466075e-10
22.0	5.472967230085915e-16	-9.181678223043346e-16	-5.00166542353646e-9	-1.4374034862385856e-9	-7.496827821118224e-9	-8.709652161859119e-11	1.6430931687648763e-10	-4.574600793245887e-10	-7.453321301940401e-12	-5.928587871615463e-9	-2.25444830216716e-11	-1.0850664806822723e-9	-4.751262531003501e-9	1.1598618657475755e-9	3.122496302530993e-8	6.790883242944616e-8	-1.4439001177170707e-8	7.122956017473199e-9	7.616197910481275e-8	5.9175070246130695e-6	3.347632537607248e-6	5.491751893379872e-7	-6.993783015094882e-11	4.152611843197049e-8	-7.429097269748198e-8	7.938907330978084e-7	3.7915933377407857e-10	-7.750629503208873e-11	1.140099451337682e-8	-4.196819865507871e-9	-8.33334073918996e-10	6.481788771430326e-9	-1.568684695186908e-10	-1.5889910100525016e-8	4.186991085932218e-11	-2.457268010187226e-10	5.961263280541729e-11	2.1235356645393348e-10	4.407705409867623e-9	-3.028512994289507e-11	4.888440227243608e-9	3.835684487763708e-9	-1.993424798950741e-10	-2.1186136299393366e-8	-9.616244583788067e-9	-7.938293088729693e-9	9.71386347707925e-11	1.0521286845990972e-9	4.361506508346099e-9	-1.6523384483081222e-8	-1.4682740542796692e-8	-7.40949239670867e-12	2.0531852698493387e-11	-3.408288331683686e-9	-4.44221834368848e-9	-4.969043416209215e-9	7.358238120270487e-11	-5.113312662849629e-9	5.947104801649358e-9	-1.89324770781357e-9	-5.563148167005972e-11	1.3407888520544316e-12	-2.484601995384912e-11	-2.092229490702598e-10	-6.688647631017596e-9	5.815681053493302e-9	-5.899033958756347e-9	-3.578309613213781e-11	3.812779755764352e-13	8.198496420091215e-10	8.380728958864872e-12	-1.2272343610556453e-9	4.398528886551528e-9	-3.421587719026911e-11	5.814015799703451e-12	-6.680189675776108e-11	9.763530420146408e-11	1.26432341957724e-9	-8.846279132666388e-9	-2.120169905516419e-10	6.956337878965603e-11	4.751022336190367e-11	-6.516178840917492e-12	-6.5196827702748855e-9	1.7286144298652967e-9	1.871588988164502e-10	3.935606102400294e-9	9.903046305776816e-10	-2.5289031395697307e-10	-1.5667464704794485e-9	1.2074298243121565e-10	-2.927846270872307e-9	4.469421994423297e-9	-1.5192370790078232e-10	-7.680330870888089e-10
23.0	-1.7240278635965586e-15	-6.469158455733172e-16	7.415829510592028e-8	5.5597418053189445e-9	7.310261222470535e-9	-2.488982789046389e-8	1.0289693838467018e-9	8.894043859983589e-9	6.947951518977131e-9	5.11936670610202e-9	6.032889373835054e-10	1.1437404913589162e-11	-5.286076548290042e-10	1.6540879520256592e-9	4.811720901459475e-9	4.9224420533928885e-8	8.372207313475562e-8	2.7380256112989023e-9	-6.928896616590454e-9	1.4812999771263695e-9	1.6233801640246204e-5	6.378497681616462e-6	2.7443102044539053e-5	-1.1764992241289604e-6	-4.737601958082548e-10	0.00020726009825776812	-5.807864878260295e-5	-5.948254132419994e-7	-1.0246871833214921e-7	1.0351029563544443e-6	2.3335530700416922e-7	-1.723170084743101e-7	9.56560355849898e-7	-4.257661045506491e-9	-4.910302801588343e-9	3.633739154006828e-8	-2.0337559306828152e-10	-6.637843567867668e-9	-1.4475638994891161e-8	1.3854638872625487e-10	1.9851994811358264e-9	1.3620966116192088e-8	2.6804158037553937e-10	2.39560072624427e-10	-3.561816428653821e-11	-6.8430087442974036e-9	-1.0308449743565567e-10	-1.8531622034113813e-9	-2.3523561505188404e-11	1.2545482764334856e-9	-2.0207758989832066e-11	8.0320474042531e-9	-9.989333075579027e-9	-2.9620284617645046e-9	-5.779475990441888e-11	-5.581359513049546e-10	-2.3056607230592517e-8	1.4706241699448844e-10	-1.621009016450896e-10	6.20572021345129e-11	-2.1782107196284934e-11	2.2939065076148433e-8	6.440067004674369e-10	1.2308807568264826e-8	-2.715793176032732e-10	-2.3526027608066376e-10	-5.094359783256477e-12	6.548854844264486e-12	9.693903277226175e-12	-6.296283419122823e-10	-1.0970589488728955e-11	-3.648956516261759e-11	-8.119021837077093e-11	2.525120398292797e-10	-8.823012194075558e-12	2.2192840500386666e-11	4.312952504385507e-14	4.824316831372098e-12	-2.336933200650722e-12	3.1705209795429856e-12	-4.2945993366478535e-13	-1.699373847674314e-12	-6.483980878960133e-11	1.0480437015730975e-9	-3.1229028214351375e-9	3.5244109039841135e-9	1.8684947908785772e-10	1.0411032486557046e-11	2.17695026105476e-9	-9.647280604840675e-11	-3.3317236971022363e-9	-8.593207310292756e-10	8.57734407213598e-11	-3.3562236975680734e-12	9.874474780187322e-9
24.0	-3.593078362830581e-15	-4.0785950546851137e-16	9.955098137581363e-8	7.457580179651153e-9	9.865042659226049e-9	-3.209524922786267e-8	1.3089977746126276e-9	1.2108164079949977e-8	1.0798885680488268e-8	6.978181238470026e-9	8.182109214895951e-10	1.548348441453654e-11	-6.839884588368359e-10	2.1987038561503884e-9	6.888624298820734e-9	7.170470998879445e-8	1.215431967971491e-7	3.6682005528851923e-9	-9.027776515315664e-9	1.0296475254900591e-9	1.865007893534426e-5	1.957848124339055e-5	1.0130336997861172e-5	-1.548003134275314e-6	-9.200333763047025e-9	0.00025768591909195674	-7.109092548372583e-5	-4.804254480871736e-7	-1.0924315199515458e-7	1.3300617937834966e-6	2.98540621909532e-7	-2.1469098670066166e-7	1.1990500351582474e-6	-4.282863019456135e-9	-5.980650270093232e-9	4.519024330999142e-8	-2.288472547786772e-10	-1.198403701993757e-8	-1.836331830558303e-8	1.734844295889736e-10	2.4033911783010097e-9	1.75447152590162e-8	3.445368489368935e-10	3.0404567371042823e-10	-4.619916536016575e-11	-8.487735133204487e-9	-1.5854274715846068e-10	-2.3874592823870836e-9	-2.7632021182952486e-11	1.6136518261630985e-9	-2.5704749811196408e-11	1.3175509695896811e-8	-1.2680084580577312e-8	-3.81852135608526e-9	-6.515508195516067e-11	-7.248584185578588e-10	-3.542676464771183e-8	1.9158318643533018e-10	-2.1504750879873393e-10	6.926529338452341e-11	-2.3479692812766582e-11	3.541978981605531e-8	8.289673411481186e-10	1.9276551827033166e-8	-3.4943884529170887e-10	-3.033703231806943e-10	-6.5812213469613145e-12	-1.557214273407334e-12	1.247332888983054e-11	-8.116591006980993e-10	-1.4074137573965634e-11	-4.6781922415903294e-11	-1.5436910107701576e-10	3.252494287502423e-10	-1.1387200984490262e-11	2.86449572162198e-11	5.3814291705990313e-14	1.2944067981189386e-11	-2.306332197133796e-12	8.918036217596594e-12	-5.509323445282916e-13	-5.522764177453942e-12	-8.750048634359253e-11	1.3692298656415155e-9	-3.59707001156125e-9	4.408263460909079e-9	2.0069267912169177e-10	2.697126695877832e-11	2.809061784916829e-9	-7.547101198529155e-11	-4.295986941096907e-9	-8.177890440637811e-10	1.1040875886101618e-10	-2.1880962581594063e-12	1.278381302832896e-8
25.0	2.911071244568565e-16	-6.169010689412659e-16	-2.9548246394963446e-6	-1.0286120353729233e-8	-4.249830043841923e-8	-4.6250361033444785e-8	3.846903119838675e-9	-2.542049352892728e-8	-4.216294339498869e-8	-2.9058209087580618e-8	-1.2041589672784747e-9	-1.0637514615468586e-11	-1.4497554444191702e-10	2.2114354565391133e-8	6.673948041264931e-8	2.106080411781007e-9	-2.3072606485452755e-9	-7.460546729828114e-10	4.162172728594821e-8	-4.7772007551004834e-5	-6.0399312272741176e-5	-1.606718586206142e-6	7.456801322150644e-8	2.4563348912639128e-8	8.398513482404702e-5	-0.0006554377966407617	-1.3677565575865213e-6	-1.264718382579538e-5	-2.393371086893492e-6	8.507084380462162e-7	-1.8585207758166065e-7	-6.278151995096815e-7	5.695179083374665e-7	-4.194212908000065e-6	2.6258228561606667e-6	7.928823075502525e-6	1.185443464795474e-7	3.324621826605206e-9	-2.1312875465341968e-8	4.1691644379745145e-11	7.046533924986213e-7	-1.7421207078084702e-7	-2.5305927464668747e-8	-5.696601834972582e-9	8.677392654778984e-9	-6.054789676453035e-8	-1.5518684599017873e-7	-1.1129892811618992e-8	2.6371637052232824e-11	2.8799167520906885e-8	1.0381500650640734e-8	-7.190435073315812e-9	6.461471824706528e-9	-3.468315751609972e-8	-1.7744118692854025e-9	-9.617766923428821e-11	3.6293666927393177e-11	7.0499035280995695e-9	2.297192670888293e-9	-1.482849492497964e-9	4.949644663713733e-11	1.8180026823362435e-10	-1.908751100098455e-9	1.0930024916029872e-10	-7.962305844549942e-12	8.930159162413038e-10	3.2601786019007156e-11	-5.4221809152987064e-8	-3.157894609791374e-8	1.4484018232645067e-9	1.2442451971322752e-8	-3.2468617659826397e-9	-1.8344393255981392e-9	2.318616098257464e-9	-6.330125889888902e-12	1.0760745235150515e-8	-3.710077939687519e-10	1.2428740967034337e-11	-1.0628872576029429e-10	-2.3956038973462952e-11	1.4450904861755567e-12	-3.857685107659069e-9	-1.703205058592283e-10	-1.3482511189493277e-10	5.676260234855071e-10	-3.683444908507669e-10	-2.386007494243066e-10	-4.479727266804449e-10	5.0610512873633265e-11	-2.996069023090092e-10	4.0510494422567145e-9	1.488700694256642e-10	1.5826826828929587e-10	6.462946567068545e-12	3.620410087752158e-8
26.0	-1.4517823022813547e-16	-2.179135793327481e-17	-2.1903485702971983e-6	-7.72664864134268e-9	-3.0786304247058473e-8	-3.179254409463503e-8	2.7833631414910296e-9	-1.8916226842054767e-8	-3.2677353829307094e-8	-2.1779863397114026e-8	-8.859261803668987e-10	-6.243582000259354e-12	-1.10422485449845e-10	1.7685533318533053e-8	5.06853527206684e-8	1.5566172737679888e-9	-1.6873112559365777e-9	-5.356335414573844e-10	4.9533408188344005e-8	-3.694810592783356e-5	-4.6753188335492985e-5	-1.1802997117033684e-6	5.3322153836961836e-8	6.504727787367883e-8	2.7174988170515956e-5	-0.0005472137359514743	-1.0338598682025517e-6	-9.155894102270526e-6	-1.745680556784074e-6	5.837287106225838e-7	-1.251194303003956e-7	-4.923121978262602e-7	4.136196391612135e-7	-3.0830829430488546e-6	1.9396191822380154e-6	5.801932406771079e-6	8.603170189718279e-8	1.7849961897053309e-9	-1.5089411796097685e-8	1.7546433838817445e-10	5.205604940765863e-7	-1.2862566591613057e-7	-1.7595985700141615e-8	-4.114118537645941e-9	4.1705816610453415e-9	-4.508657325231118e-8	-1.14483198926988e-7	-8.18399913693725e-9	4.3498108056241766e-11	2.006627468600819e-8	7.284365142016381e-9	-4.200713929020283e-9	4.8478341435637605e-9	-2.563397583858252e-8	-1.2850385056137463e-9	-5.91656335156014e-11	2.64289848507538e-11	3.606968027236309e-9	1.6892804553824474e-9	-1.083742006441261e-9	3.520414278523221e-11	1.3221257957853888e-10	-1.3934646576809472e-9	9.130169117462743e-11	-5.954289265156154e-12	6.830153009991963e-10	2.438117919195968e-11	-3.52031340150045e-8	-1.8825326039476906e-8	1.054007066851599e-9	9.116230104984393e-9	-2.420019748551169e-9	-1.5373587465006775e-9	1.6827309707278544e-9	-4.744065644889383e-12	7.909115165069331e-9	-2.693602109679377e-10	8.494102259260844e-12	-1.2352899351626352e-10	-1.7368492861073268e-11	1.0800854937526953e-12	-1.9860293998325727e-9	-1.235863903043099e-10	-9.777703859288458e-11	6.31069642909174e-10	-3.1329563813716626e-10	-1.7289767004992855e-10	-2.1443092673399537e-9	3.398668986679309e-11	-1.9192700352180682e-10	2.8300201668783964e-9	5.296579668320785e-10	1.1515574093366951e-10	4.614977411499939e-12	2.6538498659603954e-8
27.0	-1.156697940125274e-16	6.121715545879507e-16	7.17651194453299e-8	1.4804369378940872e-10	-1.2100444861118855e-8	-7.902395361621879e-10	-2.3082566930238224e-9	1.6790750028135974e-9	-1.0084054869226291e-10	-7.652624340189501e-10	8.56074720203027e-11	2.3502438846211957e-9	1.1915501842687745e-10	-4.868633927229747e-10	3.5003195363824006e-9	2.4712070144264713e-9	2.3685198107332746e-8	-2.27837945093602e-9	-4.596880007926127e-9	7.430921196834707e-10	4.418762069027136e-8	-3.225395001651826e-8	-2.8921724563900537e-9	6.096198304634187e-9	-1.4205920679609418e-8	4.1313231871033113e-7	1.3683609212141206e-9	-1.1563693653312604e-9	1.5214147778726894e-8	1.5749635909565177e-6	-1.7623280076910325e-7	-2.681716663260615e-7	-8.89040301391977e-10	-8.965249189630433e-10	6.067128615940023e-10	-7.273886973221908e-9	-3.927803421297909e-9	-8.80204775990775e-9	4.5313805551370384e-11	3.393942460947309e-11	-3.7275512448134365e-10	-2.4943298443447584e-10	-1.4801411355458697e-12	-8.685236212348908e-10	-6.888998360651251e-10	-2.0998103057574162e-9	-4.0811451535091063e-11	9.171993647644821e-12	7.557076678634397e-11	-5.783958711337284e-9	2.1633727246220064e-9	2.020177762509139e-8	1.7662653100081898e-9	-1.1749411606540706e-11	9.903454820757143e-10	-1.848883839022298e-8	2.401929385506518e-12	-2.4022368694512352e-9	-1.2179819753103731e-11	2.600832542451287e-10	6.618635385922416e-11	6.0145498632442634e-12	-8.421022102215498e-11	-6.760619089893003e-9	3.223696965817884e-9	-1.2848455980362809e-9	1.3932420763979508e-12	1.448993887222351e-9	-1.1047729390136952e-8	-1.050231837400661e-9	2.3904101602479636e-13	-2.284306839429182e-9	1.6265191279789047e-9	3.370902322033278e-11	-1.0831045735979259e-9	-1.3512357949188142e-8	6.415455864023945e-12	-4.693269630502328e-10	-4.5313204935242046e-10	2.820217587354139e-9	-1.884147588672848e-13	1.6077439522351644e-12	-9.614581111646082e-11	3.9610325080815076e-10	2.062965115990285e-9	-3.2739414263553437e-9	-7.087646568352617e-9	4.515370575248325e-12	-1.724993289636096e-12	7.119307672637517e-10	2.0286336733502172e-11	-3.293517308204095e-9	-9.321181141255072e-10	3.9505650440992504e-9	2.7706866908700568e-11
28.0	9.326496058824584e-17	5.565836065569829e-16	7.122414327133035e-8	2.1471151329393077e-9	-1.2901023140054188e-8	-7.562009269858803e-10	-1.315301801720975e-9	1.5386148418612283e-9	5.749586696957214e-10	-3.1551122705217886e-10	8.323439004980256e-11	3.1679737499895715e-9	1.872862467723517e-9	-7.268335746662917e-10	3.793547316726014e-9	2.5889835243745805e-9	2.4860510411116096e-8	-2.5252095298823327e-9	-1.4557957275379719e-9	3.894524865538706e-10	6.012595007341229e-8	-3.3179941767962184e-8	-2.8144834555520477e-9	9.900259743730922e-9	4.959865666292734e-9	1.1898842913975715e-6	9.818730067264877e-10	8.312349816098612e-10	1.259085276668004e-8	1.5437211265398811e-6	-3.5633656798289964e-7	-1.9281614864409145e-7	-8.084833295257375e-10	-8.573895360591152e-10	-4.763440100723995e-10	-6.9170968393157285e-9	-4.530115201843915e-9	-1.1035722953892327e-8	1.1413174312482017e-10	2.494456421546979e-10	-1.1000126878345038e-9	-2.2819849173748757e-10	-1.3870941795402955e-12	-7.594977943460572e-10	-6.261906839728769e-10	-1.4913519001034571e-9	-3.663690437867093e-11	9.649576584753405e-12	-1.1004468021763077e-9	-8.597169724283465e-9	-2.9154498578042206e-9	1.2711295441873589e-8	1.5156902933814877e-9	-1.1316422443066949e-11	1.0740877605886504e-9	-1.8246813700056112e-8	2.3134634263710826e-12	-5.304274633270254e-9	-6.152764856862866e-12	4.219870006466216e-10	1.4264773298840794e-10	5.881385687747011e-12	-4.0519725183945945e-11	-5.02484292946769e-9	2.7918454578414247e-9	-1.8583291219632414e-9	1.3471224926855192e-12	1.4917774476145294e-9	-1.0085851154250525e-8	-4.100880286980399e-9	2.2957802884790334e-13	-1.0154396680086555e-9	2.660700324899482e-9	1.775558229650388e-11	-5.027136974264744e-9	-1.0096023707560513e-8	6.457101524503272e-12	1.396136887573909e-10	-7.163574280720632e-10	3.72770600470752e-9	-1.8738091288934406e-13	1.4871176330117799e-12	-1.784724238412216e-11	1.7780521699504103e-10	2.546651889888707e-9	-3.5273782667671782e-9	-6.6525351227138675e-9	-1.3767693863709916e-11	-1.5928434673833301e-12	9.504549939765226e-10	1.9557232589227692e-11	-2.561912057827502e-9	-9.541179527930804e-10	2.875303446377685e-9	6.694204733286166e-11
29.0	1.3073094364518058e-16	-7.564618387448364e-16	1.3643777114312013e-6	1.9471759976341129e-10	-4.936521741222321e-9	-1.1475502565379341e-8	-2.4558424445683276e-10	-1.3129540295804995e-8	-1.5691432925599796e-10	-9.416493769740814e-10	6.531720193908524e-10	3.266496617785879e-10	4.933437605627732e-10	1.5155016050244124e-9	-1.538129699352022e-11	-3.896373646322556e-9	6.159040992414778e-10	-4.041564754343427e-9	-7.672881603853808e-11	-2.3034832699550547e-10	1.4246777848006203e-11	1.8089472600911791e-9	8.88738771124378e-10	6.652284600237089e-10	4.497703213218875e-8	1.969183529189125e-8	-5.987479206466248e-5	-1.6819995901216866e-6	-2.739843869385616e-6	1.9400986329521346e-7	-2.7315967466445762e-8	-0.0009161964519966228	-0.0003098659567898355	-5.059527289130022e-6	2.0341476431890486e-8	1.99329771581823e-6	-1.2554526182700942e-8	-2.7650668012944305e-7	1.8648866906521692e-7	1.2189978253043117e-8	-3.391393008726996e-8	-1.6377317686359046e-8	-3.878452901480659e-9	-1.8466272683008785e-9	6.640783263001356e-9	2.917149745676953e-10	8.37088171847418e-10	-2.866797554801585e-10	-1.8120103931852688e-12	-1.4493789965451066e-8	-2.34337019797265e-8	1.70777478258929e-8	4.052230171882956e-9	-5.558594020559315e-9	1.143563467183198e-8	-1.204023303075367e-8	-2.427463905039192e-10	9.145430722153775e-11	-3.433174373232542e-11	2.3117331972126223e-10	-2.1421144392945737e-10	2.3779910276914444e-10	-2.2577518694269923e-11	-8.497563503088464e-11	-5.886091463036077e-9	6.960630975620672e-10	2.1643413968060084e-11	-6.587476198874965e-9	-1.3424485042204537e-10	-8.757268673999243e-9	1.4428999495541063e-10	1.675096180106641e-8	-3.45936957672833e-9	2.64861114866213e-10	-6.932428131439285e-11	1.1326375461982251e-9	-3.970662210296634e-11	-2.775089982223954e-10	3.9011170436624837e-11	-1.6793661234216644e-11	-4.503138238990054e-13	-2.482777991177581e-13	6.511722199271042e-10	1.3928916773677766e-10	-1.0924993144472839e-10	5.132831907561574e-9	-2.0585649018412717e-9	2.0096597377362214e-10	8.148060763573099e-9	-6.917666120748471e-9	5.9552879187235774e-8	5.486314748450815e-10	-4.6522142497772096e-11	-3.873210469520236e-12	5.307128417127848e-10
30.0	-8.390033837807078e-16	-2.203631829166484e-15	1.8542115050207143e-6	4.3102834039546436e-10	-6.944493208055537e-9	-1.5124032807385516e-8	-3.1942376553932987e-10	-1.7153623407093697e-8	-2.283715808137038e-10	-1.2844140446082002e-9	8.767669691269626e-10	5.622427412187029e-10	6.414538308515009e-10	2.058206582956402e-9	-2.090823422279888e-11	-4.629112474747029e-9	-1.6962478704290663e-9	-5.295158547907428e-9	-1.1173516686639076e-10	-3.047591282760377e-10	1.7582539344725198e-11	2.644307306127421e-9	1.2917359150773654e-9	8.369490322321795e-10	6.227716221745557e-8	2.5278858248122667e-8	-6.986583485858612e-5	-5.188649712618775e-6	-1.0127465573117565e-6	2.600791794803565e-7	-4.196224984474987e-8	-0.0011550327720869585	-0.0003866130678129848	-4.1101414161428455e-6	1.9690104554043718e-8	2.6207864685113254e-6	-1.632139093313274e-8	-3.524838024430275e-7	2.385133821420575e-7	1.2031634602924655e-8	-4.213764328825951e-8	-2.146727987828647e-8	-5.406962485730622e-9	-2.3668659402981893e-9	6.373098227330313e-9	2.943475163933028e-10	1.0756902286875764e-9	-3.758871051742011e-10	-2.1639110563366345e-12	-2.205447260180855e-8	-2.757833433122562e-8	2.2030886313084954e-8	-4.442977372055839e-9	-7.2926035992555595e-9	1.0296638647850203e-8	-1.5699520177946204e-8	-3.1693193698177585e-10	1.155061265339534e-10	-4.5105653216316956e-11	-5.408092156452134e-10	-2.0124284258021436e-11	3.107740067339878e-10	-2.9545884689964506e-11	-1.1185005631162291e-10	-8.919564152820721e-9	9.147978513424291e-10	2.7994914199711797e-11	-8.706656090464448e-9	-1.7583560325148016e-10	-1.3672606726360855e-8	1.90636940491092e-10	2.2401308767279785e-8	-2.8788011944123267e-9	3.46640672033706e-10	-9.120921454017607e-11	1.6065344314946896e-9	-5.212775348599852e-11	-2.83776671227085e-10	5.116064710991188e-11	-2.2296137866084218e-11	-5.912988755752579e-13	-3.2429544114462824e-13	9.299962406953116e-10	1.8279372657067776e-10	-3.050424272291331e-11	5.3553732624752655e-9	-2.698342822475999e-9	2.638521008606672e-10	1.0737726550286624e-8	-8.703953400648106e-9	7.817074361593676e-8	7.195724400601478e-10	-6.085961844219721e-11	-4.949196566165084e-12	3.754109159168801e-9
31.0	-2.935709084568559e-17	1.113827981822423e-15	-6.9844152550381186e-6	-3.4353363552127465e-8	-8.642449738037419e-9	3.420866964062143e-8	-7.522085070182025e-9	2.332364239301948e-8	-1.183375407897588e-8	1.0542478711132195e-8	-1.6259219980875168e-8	-5.747806060093703e-10	5.683575668152144e-11	7.74746902805046e-9	8.858447771701583e-9	8.940349652987693e-10	-1.4183921384547654e-8	-2.145831385041541e-10	-2.588188381683322e-11	-1.5517960553814091e-9	-2.0704380934505414e-9	8.834171993520228e-11	2.494601964158112e-10	-4.6918667215180914e-11	1.5241709400370185e-8	-1.2816970099674654e-5	8.947537352703735e-6	-1.5639684486857211e-6	4.9279625738878644e-8	6.0356074984279276e-9	4.8852018962781e-7	-7.776672005233026e-5	1.8339628368674899e-7	-2.330268446029801e-5	-7.97004843754209e-7	7.1249006679146475e-6	1.8334428485833269e-7	-9.56378113375943e-7	-5.329442141048962e-8	1.7282735889460172e-6	-2.32396726154608e-6	-7.986699224723731e-9	-1.0286517277856588e-8	-3.1598840917163963e-9	5.759892985425408e-10	8.484499490935469e-9	-2.4099415605053296e-8	4.352290158050744e-8	4.73979684516496e-10	7.476278960560016e-11	-2.2363070535743283e-10	8.30477321819431e-9	-4.789254613034835e-9	-8.518733116627678e-8	-1.1861914912580245e-9	2.9397513493561304e-8	9.025652267192482e-10	6.152382417730284e-10	3.7091625072222074e-10	4.967261370485219e-10	1.4612991090529777e-11	-1.2858387731706644e-10	-3.535176499683702e-11	1.1786417554525787e-11	-3.501336308825489e-11	1.6593767089825966e-8	-1.0910356439913121e-8	7.797656991803082e-10	-1.220557394953386e-10	-5.201798820360736e-11	8.170584962470792e-9	3.1979202022197807e-9	4.429115783774359e-9	-2.2127411752277954e-11	-5.475257760899472e-8	9.712228889734727e-10	-8.262609424801431e-9	2.5863804812204822e-9	1.4636148309371e-10	-1.919316113929296e-11	-9.648495681083807e-13	3.8019575132040084e-11	4.0399660316454305e-9	-9.38924305641529e-10	-5.246188705882836e-9	9.360053323158437e-10	-5.049388978073187e-11	2.5020862525704677e-10	-2.0489691196476606e-12	-4.33728697982914e-9	1.6146970979408744e-8	-2.1180016009012487e-10	-6.255969555058298e-10	3.340740362514424e-9	1.0716648175297252e-8
32.0	-5.810743571710042e-16	1.2193944707624154e-16	-5.183621825643057e-6	-2.554189763077265e-8	-6.176798078239969e-9	2.403770038098683e-8	-5.210595083232731e-9	2.019441410290139e-8	-8.590534168240482e-9	7.815098687592012e-9	-1.1805306683186005e-8	-3.6792490996865726e-10	4.5705663014290205e-11	6.510355985127583e-9	6.64139071929235e-9	6.55801339038499e-10	-1.0209616999301547e-8	-1.608137329747853e-10	2.961761246184031e-11	-2.9025351645478073e-9	-1.5760141643087395e-9	6.487058029846216e-11	1.8157909663773612e-10	-3.6447766966364934e-11	2.8007175044908033e-8	-9.937438982740918e-6	6.931149320449824e-6	-1.151531539845871e-6	3.5512522336953156e-8	1.5999936997012337e-8	1.5945358805234328e-7	-6.50142285457877e-5	1.3692615826724256e-7	-1.6916137537202248e-5	-5.827324746154005e-7	4.890088691528633e-6	1.276084319016373e-7	-7.521455152455308e-7	-3.633588376171569e-8	1.2720316897934212e-6	-1.7162527757653367e-6	-4.130006429796675e-9	-7.477748032877827e-9	-2.3526066292581e-9	7.92806920370442e-10	5.6359912117946414e-9	-1.784211400850505e-8	3.211840988358334e-8	3.4729770378365386e-10	1.0869138854768657e-11	-1.6175282554871784e-10	4.46116924030002e-9	-3.431917697957605e-9	-6.282719048194896e-8	-8.684606485180345e-10	2.0376949391239752e-8	6.586339670259691e-10	4.538607588906473e-10	2.785889174945639e-10	2.960778777287953e-10	1.5998984906140225e-11	-9.413792741861104e-11	-2.5871657482564823e-11	5.590365050294777e-12	-2.7135674371185506e-11	8.353161424599143e-9	-7.597158491641376e-9	5.70539385120289e-10	-8.745605980620683e-11	-5.011210170720772e-11	5.953070131984259e-9	2.3871638727667007e-9	3.2853515081248195e-9	-1.5836958030930127e-11	-3.5221385045284064e-8	7.094257588434146e-10	-5.9360211063993565e-9	1.919141375741655e-9	1.2255144985525606e-10	-1.4047719547704622e-11	-6.995172275115573e-13	2.660692439187789e-11	8.493339470637683e-10	-7.168512801472922e-10	-2.666832512633733e-9	-5.968454737861859e-10	-1.660455505369139e-10	1.0942791906637769e-10	-1.514777738235885e-12	-3.3123225375063298e-9	1.1896688899293062e-8	-1.625885156788342e-10	-4.501661954285008e-10	2.4820540084183463e-9	7.847989933939585e-9
33.0	1.1835156688572442e-16	-5.4014209094165513e-17	3.305536674449448e-8	6.339159523488417e-10	5.6450083183929065e-9	1.4516950793482314e-11	1.3185011931191923e-8	2.0188767909841953e-11	-8.835685298367645e-11	1.2406022255800704e-10	3.1963193030791723e-10	5.654445698237852e-11	1.3925832689366732e-9	-4.2629818875213145e-9	2.620299913636201e-9	-3.93817589820006e-9	1.1763628454198759e-9	1.2783825272297028e-9	2.9902528200275193e-9	-2.204312640455661e-10	1.497909522702743e-10	1.21326263198747e-10	-2.6148045727487638e-9	3.1763678488572836e-10	-1.2780151262452804e-10	-8.429567984466787e-9	-6.361308737877116e-9	5.024430038189378e-8	5.167852394173777e-8	-4.208065572169016e-11	-4.095266309502693e-8	5.476553176937695e-7	2.3779129405367504e-9	-2.7113154105241927e-8	-2.5592472246858577e-9	1.1749935394076762e-7	-2.916424897384771e-6	1.3959046941337206e-8	-8.129155082803521e-10	2.3484772598800484e-9	-7.345731443054556e-9	-4.574978000431144e-9	1.2807815887515545e-11	-1.4684985086720242e-11	3.6901765436242726e-10	2.738378527978786e-9	1.346672306186221e-12	-8.364777200324846e-11	4.358493918671561e-11	1.785947280870774e-12	-8.370251397114925e-13	-2.8725520853591313e-8	-2.9984084975275275e-9	-4.803808257212442e-10	-8.151003955233003e-10	8.511199799492578e-10	-2.394430491161451e-9	-2.8790457541783705e-8	2.4637178342787883e-11	-3.282262458965834e-9	1.93592407905103e-11	-1.7458834144446109e-9	-3.152838203573678e-11	-1.1213890452776312e-9	6.773015171390017e-9	-1.091538355716756e-9	1.4097086479328633e-9	3.5698959750744217e-9	2.4854448067428153e-8	2.1761205124260525e-8	3.6946207531227686e-9	1.736910121749399e-11	-4.396761305371e-9	-2.247892083892198e-8	2.3743891738788733e-8	5.244570747915863e-12	-9.390770720995421e-11	1.5309262855795768e-10	-1.8141600627145881e-9	-1.4107863060804712e-8	1.757400266355177e-11	-5.479479239239252e-9	2.9860661375798105e-11	7.033621684157576e-12	-1.6917017338448845e-9	-2.179575495343773e-9	-9.539527288736445e-10	3.4689238439914395e-9	5.863796372853083e-10	-8.184957362596881e-9	9.750750446932583e-10	8.681797744416822e-10	1.5333033001390355e-8	-7.418695373178195e-9	-3.2282899253050147e-11
34.0	9.866989151248509e-17	3.024413232726163e-16	3.409015767334813e-8	6.695519734054142e-10	9.603357540853332e-9	1.3273503740901103e-11	1.5019082776132494e-8	6.496590969025255e-11	-5.37026596639923e-10	1.3354881914448368e-10	2.4368947210752233e-10	1.0700691339831316e-9	1.245065464795672e-9	-4.948666904717364e-9	3.5726468685446237e-9	-3.3761899617583617e-9	1.7491009882494879e-9	3.8165739591622183e-10	9.742117183054331e-10	-2.619038334100517e-10	1.5395995012244055e-10	1.251361002733922e-10	-4.339342056197238e-9	3.166528103653759e-10	-1.3126489273986707e-10	-9.345447272726587e-9	-1.1253326393868262e-8	5.3657079357238327e-8	5.0690576571836116e-8	-3.9676841881558514e-11	-1.1426030175760551e-8	1.5544730421352694e-6	8.156560069169597e-10	-2.862302464522922e-8	-2.5457104984348565e-9	1.1645676172631216e-7	-2.6410940117579094e-6	1.1517099507330928e-8	-6.561650605858878e-10	2.5780372634428185e-9	-4.240024434071544e-9	-6.22162331185312e-9	3.655928819740534e-11	-2.795768959707522e-12	3.784938733631168e-10	4.4004276208138225e-9	1.3293961300695512e-12	-8.047158274091735e-11	4.172431985068723e-11	1.419171220095445e-12	-8.422348733738681e-13	-2.5325700806218772e-8	-3.371764831783311e-9	3.2483122458098306e-10	-8.921391154753935e-10	1.2500331243979617e-9	-2.830771070745388e-9	-2.6800936325082933e-8	2.026928739497684e-11	-3.8786537842033575e-9	1.8261907414135773e-11	-1.667155773897309e-9	-3.0228529304176005e-11	-1.1876335287351372e-9	5.416136039141773e-9	-9.743196723093356e-10	3.378912224464713e-9	2.6467780589543005e-9	2.6652617760995454e-8	1.8897925306011465e-8	3.9611620416419035e-9	1.543473676219495e-11	-3.4269999000202087e-9	-2.4236041089926046e-8	2.236179676446506e-8	5.217443967765062e-12	-4.875207022146174e-11	1.2966466350753968e-10	-9.949488718277897e-10	-1.2670012446548572e-8	1.4938100102832248e-11	-1.055375382669363e-9	6.001014470523318e-11	4.2056539835084886e-11	6.810290667629256e-10	-7.485606911072461e-10	-2.528863503472088e-10	2.159807959123467e-9	6.051693405747558e-10	-6.292996648744989e-9	2.471559110246957e-9	3.923252253632466e-10	1.4913849481633474e-8	-8.782726835777675e-9	-2.878003527500811e-11
35.0	2.5681631954214116e-16	-1.2460820778709393e-15	4.2662031880695855e-6	2.214893608750702e-8	-9.923950074237245e-9	-2.3571751481469095e-9	7.593473671598502e-9	4.2785179223412475e-9	-3.5852225400240924e-9	-1.2477252408104657e-9	-1.293083931487738e-10	-3.522390305165045e-9	-9.270335675989034e-10	-4.395723943914459e-9	-4.548150809267804e-11	3.8221430389091935e-10	-2.948045667336908e-9	2.1176321322966525e-9	-2.5143598455594666e-11	3.419701789160603e-10	-7.079844011217534e-11	3.923014114765537e-10	-7.280410898550493e-10	-7.288204528616556e-11	8.059972202086877e-10	1.634142404907444e-8	-6.708481538332261e-10	4.1414643108247476e-7	-7.147259114319312e-8	5.471445900702321e-8	-3.3679114417735616e-8	-1.0524167906309822e-6	4.63443976032118e-5	-9.290817109373387e-8	-3.096738707007945e-6	-1.2858939804764312e-5	8.789341349995441e-9	-0.00031180017022578566	-0.00019274077860211909	3.7024914987066724e-7	-3.211579463058775e-7	5.931910910033071e-8	3.530222706259071e-8	-1.4258188751455744e-6	-1.208219890967914e-7	5.281329664092045e-10	-1.8516135184808152e-8	-9.048719604809086e-8	-4.9501245705685e-9	-1.1062515023216286e-9	-4.486866439861728e-11	4.109755885060159e-11	-9.198534329934177e-11	-8.344310416231885e-10	-5.0068776650438106e-11	-2.9296978595826335e-10	-5.0594912059492544e-11	-1.2852584349983568e-10	-1.5279258650082568e-11	6.396713922961814e-11	-1.1392771245995427e-8	-5.228590754890164e-9	-1.0444521746092873e-10	-2.2718008896048715e-12	-4.068084415316347e-9	-1.1800639193919952e-9	1.2902830930420352e-10	-5.2886349682731726e-11	9.783584491489168e-11	-7.170272462098467e-10	-1.770072673517554e-10	3.936428377954282e-9	2.680942637792219e-10	-6.809341193193596e-11	9.82318690577525e-11	5.468638987236809e-11	4.159576430231397e-9	-3.4115664137981623e-9	-3.169050275310441e-10	-1.8399954418749975e-10	2.3134217839759042e-8	-9.550786533793822e-10	9.76375213756389e-10	7.917912997281184e-9	-2.643933583493499e-9	1.1856593842864826e-9	4.928701109226831e-9	-8.012893584349077e-10	-1.7109756393448107e-11	1.4086106080306664e-9	1.9256235967713194e-9	-1.4906028184000574e-11	3.5806337594469174e-10	1.142154885218472e-10	5.3195902036917664e-8
36.0	-6.090994738366107e-16	-2.848525745414397e-15	5.801695661406466e-6	2.907287176656919e-8	-1.5186748921896553e-8	-3.1454041992070452e-9	1.0362023018874799e-8	6.1213946658655276e-9	-3.061447291578204e-9	-1.7933703749023742e-9	-1.7457732119186985e-10	-4.5987560584405025e-9	-7.227338903817894e-10	-6.008364895721605e-9	-6.201620901645134e-11	8.767966728481308e-10	-4.563176408321944e-9	2.7984396782986747e-9	-3.3050451514413354e-11	4.657803557494569e-10	-9.275077832948835e-11	5.291842946394232e-10	-9.894202754201105e-10	-9.669866197721994e-11	2.800725249287414e-10	2.1994500444450098e-8	-1.5438166533840014e-9	6.054567574795312e-7	-1.0407598463849253e-7	7.321395008545788e-8	-4.556140843389925e-8	-1.362110361129631e-6	5.458648112646506e-5	-2.847443906727367e-7	-1.1508354479644453e-6	-1.7436365282460194e-5	1.8845564562530398e-8	-0.0003963911962736378	-0.00024330301250356917	3.0204698642523347e-7	-3.549334252811646e-7	7.895484294232256e-8	4.6517883591184745e-8	-1.8363369942341068e-6	-1.5645490555439313e-7	-1.917043246020794e-9	-2.3392730116380586e-8	-1.1990636361055425e-7	-6.532510411786868e-9	-1.441909670485573e-9	-5.876381740783972e-11	1.3478633676017061e-11	-1.1936868324147327e-10	-1.0543261704914945e-9	-6.625109067311632e-11	-3.8498841077160957e-10	-7.214809732484662e-11	-1.6803723754585312e-10	-2.0069640667223257e-11	8.504255860552868e-11	-1.0769904875907924e-8	-6.893337089232595e-9	-1.476818495666165e-10	5.524522500938762e-12	-7.070589195038137e-9	-1.5652482462267685e-9	1.7109162732660453e-10	-7.00682149811205e-11	1.9181754827906483e-10	-9.47339226972974e-10	-2.3709395847993374e-10	5.226751133084058e-9	3.9487977886325194e-10	-3.222647044075043e-10	1.298137864363234e-10	7.255519909205191e-11	5.517994316044055e-9	-4.587187166398683e-9	-4.64729112901846e-10	-1.47180236884735e-10	3.815887191421745e-8	-1.2628046548022879e-9	1.2880360161158538e-9	7.78225663946091e-9	8.318529178451436e-10	1.6817661285304681e-9	6.737496848783731e-9	-1.0876148322297794e-9	-2.2751709425933486e-11	2.939562378125072e-9	1.0459057010019282e-10	-5.31884638688908e-10	5.056773112031463e-10	-3.457932233965569e-10	7.056403557840093e-8
37.0	1.2941238275663995e-16	3.8780512073206566e-16	-3.1959969039292684e-8	5.1984203594861904e-9	-1.797548221863953e-8	-3.060866180349414e-8	-1.2266896298884896e-8	4.3282067810289996e-8	5.4772885004671645e-9	-4.851056829774959e-10	-8.576420360998854e-11	-9.423955031697836e-10	-4.262525740634406e-11	2.3373914257724535e-9	5.845187093708771e-9	-5.111722024939185e-9	2.0756208760513951e-10	-4.92084504984738e-10	5.296464774298133e-10	1.279922123836467e-7	6.9516253633094135e-9	9.89943527602823e-10	-9.059432561578428e-9	-3.9794081350071395e-9	2.42018792048475e-9	-1.079984178730677e-7	1.2308158504664337e-8	7.621462233163222e-9	-1.4045321895774336e-8	-1.5384697028345816e-8	-1.8162024035949904e-9	7.694838808989705e-7	1.3899428560479563e-6	4.226837180381486e-7	3.378955416101859e-7	1.4988479539973818e-8	-6.820285299302794e-6	-0.0008608776959315241	-1.927991004688674e-6	1.2210286959244234e-5	7.96073138655439e-7	-8.821564850810618e-7	-1.2186025283967262e-7	-4.3644350363632727e-7	-3.2162008136179976e-9	2.879458262076712e-7	2.40680085771251e-6	4.2391934250632264e-8	2.275635623904485e-8	-1.3914921934579228e-9	3.3363463198245162e-9	2.433807728277975e-7	4.325491273243997e-9	5.5745090344132165e-8	9.692075854558105e-10	-3.3014117528708706e-10	1.7320662053652126e-9	7.300655241011796e-11	8.181652781591564e-11	-3.174965574013462e-9	-7.335203817388875e-10	6.5786480736211615e-9	8.448986776931674e-8	8.281135695896583e-8	1.0389572191825718e-8	2.6258498640145124e-9	1.2094927044280378e-10	-5.80798313815291e-11	3.7436062094653937e-10	4.9930518761542636e-9	3.9266644868106084e-8	1.388691706227467e-7	1.3104604576919624e-9	6.604637568384922e-13	-9.61692037754571e-11	-2.424650691023273e-11	-2.3894882897675163e-8	-3.3839719710719398e-9	2.54803287235799e-11	6.195680658315875e-10	8.697324732708264e-9	5.297792286352352e-10	1.682146601411373e-11	-7.531163383381689e-9	-6.725171811365514e-9	1.1381652699966096e-8	2.6888701781229895e-9	9.018492879168545e-10	-9.439805182286688e-9	9.838138310382152e-9	-7.776448793761714e-8	1.4469484782091652e-9	-1.9127215562963669e-10	-7.89837762875338e-10	9.166985130251774e-9
38.0	2.9447144076092336e-16	5.229631880569271e-16	-2.3915455183821686e-8	4.362432293747149e-9	-1.531247525727339e-8	-2.271193455820012e-8	-9.145140028909668e-9	3.1850477606938044e-8	1.039594726106661e-9	-5.440919704078828e-10	-6.09144140746866e-11	-6.961394544000323e-10	-3.2053337941927084e-11	1.7413836995185643e-9	4.957548894918507e-9	-3.913447966589047e-9	1.5480660308960583e-10	-3.6957894677509897e-10	1.6689774632510213e-10	9.571632971235494e-8	5.224009047031543e-9	1.4955761274285317e-9	-6.701562175093536e-9	-3.598340454070033e-9	1.8906138613743103e-9	-8.165506252762734e-8	9.389640585486279e-9	5.675663993969216e-9	-1.032125222439239e-8	-1.2397999232669193e-8	2.441626238586738e-9	5.981909921054053e-7	1.0738132648751488e-6	3.1292534549448644e-7	2.439898930120863e-7	4.042032368793871e-8	-2.2416881870369794e-6	-0.0007208020280037119	-1.4662077330711745e-6	8.895015871702033e-6	5.836804649423342e-7	-6.056227608992231e-7	-8.103304406109415e-8	-3.4405539912049034e-7	-2.3563008917179402e-9	2.1239361236927395e-7	1.7799139214563353e-6	3.06774794435178e-8	1.6529942643841355e-8	-1.0408904666142099e-9	1.7221669847068072e-9	1.810157647662829e-7	3.27449055791999e-9	4.1307291226923366e-8	7.136564329691154e-10	5.706360403175385e-10	1.2567210669342525e-9	5.4347726462217376e-11	6.181874204175888e-11	-2.343571897234392e-9	-5.490063311627498e-10	4.950355776975918e-9	5.8715211132693215e-8	6.094881543260482e-8	7.585082023502464e-9	1.949088808896819e-9	8.917151249284027e-11	-4.207486929702817e-11	2.7336119733995677e-10	3.5720985782683735e-9	2.8967000768043043e-8	1.0261253217446547e-7	9.570567250814057e-10	5.619438120173426e-13	-6.382238019612e-11	-1.8072245349034174e-11	-1.827863973068727e-8	-2.501786014611109e-9	2.409181453228399e-11	4.5696995597970634e-10	6.141878072806355e-9	3.914528298691427e-10	1.1532280994030399e-11	-5.41734204007748e-9	-5.290842256210228e-9	8.81069310771385e-9	2.3830669352312245e-9	3.393486987718717e-10	-7.0315912088244075e-9	8.298952633778672e-9	-5.7734366805713387e-8	7.898589428462093e-10	-1.1276404419219767e-10	-6.127002917591398e-10	7.117324805865945e-9
39.0	3.704359065990957e-16	-2.470342558695618e-16	7.564508430948383e-10	1.2525155992106229e-10	-3.0188169114577034e-10	-4.997358320730825e-13	-9.789548359008907e-11	4.164241109185933e-9	3.591964158262616e-11	1.2748903044141168e-9	8.526661469346157e-11	-5.077026270341797e-10	-3.295612391448768e-9	-6.253181181845902e-10	6.479310746884635e-10	2.9037520810669035e-9	2.2314693836432666e-10	1.232684738788994e-12	-6.046432647707985e-11	7.958352757423727e-11	-6.8662160670794535e-9	1.013286200837632e-9	1.9141283838966632e-10	-1.4763973939476315e-11	-4.99908181845764e-10	2.5398801111647907e-9	3.720421228369475e-9	-7.598099666911301e-9	-1.5953686266963216e-10	-3.3139283715342653e-10	-1.6808973323642223e-10	5.142624027891715e-10	2.2515660901704923e-9	1.2438644039935423e-8	-3.047722177899814e-8	2.932134707512817e-9	-8.910475046943477e-8	3.0888397212727035e-6	1.149572064665989e-8	2.406953000527986e-7	1.2573519897225016e-10	-3.2447280819249974e-7	-2.5081434652217026e-6	-1.6658830029544317e-7	2.2447563937684579e-10	2.3511504488331193e-9	-2.2964476981995643e-8	-1.4768490340720878e-8	-6.550410710668904e-11	-6.346769367074822e-11	1.878226380146062e-9	1.0921544928501961e-10	-2.048178495173914e-10	-3.4188332543385534e-8	4.866212414010921e-10	-3.5053039107039157e-10	-4.4979488036729816e-13	-4.989316872438503e-10	1.1684395130835426e-9	-3.353332514371744e-11	4.095986381522417e-11	4.77027459897907e-10	-4.654747018032332e-12	-3.204792480511188e-11	7.292007532083061e-9	3.13932711512241e-9	-1.2118247785101142e-11	1.469440267279888e-9	-1.2834670411277347e-10	-2.7328100328563436e-10	2.360318494709951e-9	4.0281892324879475e-9	1.0494601712260355e-10	8.093836210205398e-12	1.9766021602201174e-8	-6.403196066152661e-11	3.9058498499746404e-12	-2.2471146007669383e-11	1.0470018658333083e-9	7.156089475561484e-10	2.7258867269873355e-9	2.1452944874734158e-10	-3.7157248813049806e-10	-1.2216020005438814e-10	-4.1961421215449305e-9	-3.325250199394091e-10	1.2739107080432117e-9	4.06473904755095e-10	6.241246802232715e-10	7.688176548894074e-9	-1.0623263313213978e-9	-6.004163619605828e-10	-1.4710965520535486e-10	2.3133569677800597e-9	-1.272437865606618e-9
40.0	3.0694521483677764e-16	-1.6360334294374562e-16	7.942361751782619e-10	-1.4115668163557562e-10	8.7965768483694e-10	-1.0820327631749598e-12	-1.6049033992640392e-9	4.314791833118551e-9	1.777189924066905e-11	2.151068864983199e-9	8.553700877042243e-11	-2.0140550007329678e-11	-3.5773370391078787e-9	-7.607600140184274e-10	-2.014281019052268e-10	1.7427275615706079e-9	2.4984259488264723e-10	4.987310548825959e-12	-6.271849543898931e-11	-1.2677168456835067e-9	-6.379621847467529e-9	2.276702679191547e-9	1.964587458473025e-10	-1.0535448659819368e-11	-5.061452204407239e-10	1.8104096904880535e-9	2.2280044571582944e-9	-5.683629232002603e-9	-1.6081007426729102e-10	-3.2488252828146333e-10	-1.6397164729207836e-10	6.255096869950995e-10	3.0375682647083666e-9	1.2831011310157447e-8	-2.9194079686880873e-8	3.260405015411694e-9	-7.98652446094791e-8	9.010775589661329e-6	3.861325056899997e-9	2.560378057833096e-7	5.087608820545515e-10	-3.142675344238173e-7	-2.768863268274586e-6	-1.194372652255685e-7	1.8341408375857195e-10	2.9996920326360933e-9	-2.0741578447897363e-8	-1.303215837380759e-8	-5.7062523042553406e-11	-6.273854324991375e-11	1.7403504980196079e-9	1.0749462854801254e-10	-1.8106722573141364e-10	-3.184323716762544e-8	-1.1732253161163024e-9	-1.4571146736032495e-9	8.775751774341064e-12	-4.961887162797363e-10	1.3969186366650037e-9	-3.331290099919837e-11	4.170752743012678e-11	4.895163128721387e-10	-4.0576214646477234e-12	-2.697320878043068e-11	6.672313898667326e-9	5.030292506606664e-10	-2.2449844865722875e-11	3.034597177011156e-10	-1.0953556643506166e-10	-2.725550834495407e-10	2.7006653339710195e-9	2.843104264987694e-9	1.0215558953696539e-10	5.441708976536573e-12	2.0597832109073316e-8	-7.469582672919563e-11	3.967694613713394e-12	-2.2137207964853847e-11	1.7173517606635288e-9	5.787987888943915e-10	4.352273513829129e-9	1.757623405905444e-10	-5.307986402323313e-10	-6.050837065001282e-11	-6.438251514390864e-9	-2.685306172622698e-11	6.282682475745107e-10	1.0542047785647964e-10	5.197071703373628e-10	8.390924364236616e-9	-1.5149986703480519e-9	-7.253212625671884e-10	-1.1157500512416283e-10	2.1901061593171812e-10	-1.2379602709786944e-9
41.0	7.166091359960574e-16	2.607230715687338e-16	-4.24569698877147e-9	1.399125934375506e-9	8.520728810567772e-9	-3.666481686816497e-9	-9.601917987983811e-10	1.6542950311963514e-8	4.0308922236360435e-9	-6.732509844098452e-10	7.719447748894936e-10	-7.1425132471184476e-12	1.6461166352914018e-9	2.5075137686568607e-9	4.2419041740302146e-11	1.4321127680056283e-9	1.0997203511332673e-8	-7.431009354698087e-11	3.1158157141498383e-10	1.6858723559323537e-9	1.480629130468816e-10	-3.820797559268819e-9	1.2224057349896878e-10	-1.2063749937700906e-10	-6.671819874391353e-10	-1.4144759552828378e-9	2.489734822999336e-8	-2.751819721973638e-8	-8.844274571690749e-10	3.837623374423449e-9	-2.792722090652369e-8	-6.31624270465411e-9	6.974035309215475e-10	-1.345029136674809e-8	-2.1822642125250955e-7	-1.0141315718039404e-8	1.9015918188017627e-8	1.8956273567635945e-6	0.000427570043891779	6.149926502485499e-6	3.570433733643488e-6	3.248651691242264e-6	1.29214753545758e-8	-0.002460293084209176	-0.0007194424392161665	1.9450642642795643e-6	-1.8989192610975206e-7	6.278896616242863e-8	5.459421985276829e-9	2.842783565265894e-8	3.969859179039894e-8	-3.100537398187036e-10	-4.039260771179271e-9	-3.382769539325872e-8	4.459986100579225e-9	3.515127050637088e-9	2.0978523709170152e-10	-1.3376514802610123e-9	-1.9758085970274945e-10	1.275705890820759e-9	5.57644388644402e-10	-6.942188156850365e-9	-2.651950314852119e-8	-2.2751244860647526e-9	-6.576125796756811e-10	-2.374251093188124e-10	-1.8817616477141303e-11	3.236078653795116e-10	-1.9681249617717602e-10	-5.2084436728129803e-11	-1.166702141166237e-10	2.252910582506975e-9	2.0280232531013044e-10	-1.4650018825096553e-10	-1.2949973864438167e-10	-2.2268033148265764e-8	-1.1128813983047163e-9	-1.1917383885954572e-9	4.5298058835929797e-10	-7.740146567479499e-9	-4.064707732936992e-9	-1.4475530936338706e-10	-4.5551122814895586e-10	4.973808698280471e-10	1.9170324724913505e-9	3.224706647116311e-10	-8.832066123406995e-9	1.9921191817440437e-9	9.805249090380896e-9	-1.44059807734899e-8	2.227258132659967e-7	4.922676266970161e-9	8.841875252394736e-11	5.056934780960675e-9	-5.067876544341616e-8
42.0	1.4138534235931485e-15	1.2609913223682809e-15	-5.78260038839871e-9	2.015317791913694e-9	1.0695035354347315e-8	-4.9200626567296285e-9	6.302054383211191e-10	2.128687102420168e-8	5.5857193236599755e-9	-9.052653823814732e-10	1.0351192681797046e-9	1.74953427028166e-10	2.2410670858354302e-9	3.4218846310315847e-9	5.8004619992455814e-11	1.9338779125152105e-9	1.8297134442842557e-8	-9.915989274731547e-11	4.1195956728465255e-10	2.3504342340940764e-9	2.404666648984963e-10	-5.160099200031247e-9	1.6527681302764123e-10	-1.6062301761851568e-10	-8.732005573672049e-10	-2.053397117803535e-9	3.098385928214755e-8	-3.883935968336522e-8	-1.2058773988425084e-9	5.126793686815254e-9	-3.5812891800662095e-8	-8.556967235840827e-9	8.754054562925726e-10	-1.988895740697465e-8	-3.18046712404283e-7	-1.3672700283205168e-8	2.2252634910172616e-8	2.4696015461387613e-6	0.0005065214512785825	1.8994198432395462e-5	1.3271552594771112e-6	4.438625933414384e-6	1.4522580540009802e-8	-0.0031443790490179174	-0.0009150005475567477	1.5865754332058755e-6	-2.179354736380777e-7	8.406288781573302e-8	7.249275641685804e-9	3.686503587795831e-8	5.1825378523375336e-8	-3.702801277636933e-10	-5.167597959552129e-9	-4.516052781135279e-8	5.938505285058603e-9	4.620334094897546e-9	2.7833081504211163e-10	-1.8027157713631888e-9	-3.6637310862061113e-10	1.710908244957506e-9	7.431323937867801e-10	-1.1636664291322188e-8	-3.874627678775715e-8	-2.9964118355890382e-9	-8.123100201844898e-10	-3.2658910201410247e-10	-1.9180757475341423e-11	4.304755466171789e-10	-2.6178481322556916e-10	-6.909643680208165e-11	-1.5268864899363302e-10	3.046933241304185e-9	2.7105800101230087e-10	-1.9500384329146226e-10	-6.756050270734144e-11	-3.467907155954689e-8	-1.4854426158750847e-9	-1.5905806524949214e-9	3.4659589150562946e-10	-1.0271920773145911e-8	-8.758758422552965e-10	-1.4281779763337966e-10	-6.082618685384412e-10	6.560862237516533e-10	-1.1603398275304482e-9	3.3741259413190817e-9	-1.4338250689556988e-8	5.997167528782114e-9	1.0379898544995988e-8	-2.0700103458292162e-8	2.9745431750698627e-7	8.898990567233552e-9	8.47449044746094e-10	7.101520214190635e-9	-6.772025716780343e-8
43.0	3.8515745185242664e-16	-8.679812147731348e-16	-6.483898196532427e-8	4.467667349443337e-10	3.2062300440445925e-8	-4.1002155822181815e-9	-5.348961815151675e-10	2.2950622625381392e-8	1.6060552732711874e-9	6.336076420828393e-11	6.968749043410666e-10	-1.1671452786288072e-9	-4.130308621916595e-9	-1.1702856578785054e-8	-3.1297295832870883e-10	-3.4867915952025557e-9	1.040290960435959e-9	-4.403893067408836e-9	5.052426252636966e-10	9.670473635085756e-9	-3.3588240831774648e-9	6.1662196037749695e-9	1.3631480870867581e-9	1.0149826172516265e-9	-3.4029973627503277e-9	1.3349767061188672e-7	3.066567951465235e-8	1.2766406899248233e-7	1.9916888460435954e-9	2.8359697762097024e-9	-4.446521988536466e-9	1.0696715324695216e-7	2.549256552869067e-8	-6.83538783666457e-8	1.0692857533449844e-7	-5.4771995291077324e-8	2.424397173127002e-7	1.4650990468681326e-5	1.2002925167563564e-5	5.841075251997514e-7	8.083540600744682e-7	3.4267596323805505e-8	-5.5437464287067866e-6	0.00017731875529284095	-2.7759450381085296e-7	-1.0089552745394878e-7	-2.7869575301607186e-6	-8.011714602381152e-7	3.4028300813112126e-7	2.4124139757802422e-6	5.856037388890758e-8	1.8745493708943034e-7	-6.196241835213921e-8	-4.982968719896417e-7	3.7751538229805584e-7	2.917360422188829e-9	-1.567442466931507e-9	-5.7627629669368016e-9	-2.059590858943213e-10	2.203800270253138e-7	1.0594219980243753e-8	-7.897670497021092e-9	8.407560414101074e-11	1.139796944207997e-9	-8.573290075495257e-10	2.4589413832592212e-9	4.7378780301954705e-9	-2.193218346275866e-9	-3.685193684463001e-8	5.733277381609418e-10	-1.5842831866620015e-9	-1.516520543221518e-8	-6.242257114491586e-11	3.3161885300046936e-9	-5.387922001456582e-9	-4.845466520824338e-8	-6.399765712642203e-10	4.6206308802048676e-10	3.480361792990893e-9	1.821373238674071e-8	4.5972768507853387e-10	2.395061381921161e-10	1.1031825252072411e-10	2.323860384218964e-10	7.491226070891733e-9	-1.1609752445038141e-9	3.0438195368601094e-10	1.8788461269299356e-9	-4.018857059660332e-8	2.0123410634140456e-9	9.546133865085736e-7	1.1974331301707592e-8	-2.6837240601108246e-9	3.762118848997799e-11	-2.9667930002505234e-8
44.0	4.787788698830234e-16	-4.2620017292644565e-16	-4.741287936524906e-8	3.184459903670769e-10	2.306543872677323e-8	-3.1299899582777356e-9	-4.0090163461452683e-10	1.711225673750374e-8	1.1968974083927646e-9	4.817160048608338e-11	5.193478382107265e-10	-7.35633284612003e-10	-2.9416533330477567e-9	-8.730405655727381e-9	-2.5058517470404333e-10	-1.07278826197255e-9	7.546305656017501e-10	-3.6964995060718565e-9	3.78969946665011e-10	7.215226343168634e-9	-2.500894317311491e-9	4.527965609264883e-9	7.072794242110492e-10	7.252565403336381e-10	-2.658887201069838e-9	1.0020169287114195e-7	2.4261251394588196e-8	9.516948046226641e-8	1.4907140550548202e-9	2.9137846058766095e-10	-3.566528542779202e-9	8.114452790890673e-8	1.9498271510888727e-8	-4.959423410840759e-8	8.179371080587803e-8	-4.528303759927612e-8	3.030300714793022e-7	1.1419211030478227e-5	9.32985115352467e-6	4.3417546200689685e-7	5.860111360834488e-7	9.183546157590473e-8	-1.8006330089370379e-6	0.00014874382515526056	-2.1133008153676134e-7	-7.495115932300094e-8	-2.0490985810985716e-6	-5.504835493274197e-7	2.3252838429777702e-7	1.9066750265781251e-6	4.2991932600536384e-8	1.3898585253033505e-7	-4.5973696315194354e-8	-3.554406509716872e-7	2.749433969210909e-7	2.196021100245177e-9	-1.1438874555241639e-9	-4.299563579514643e-9	-1.3279971612554132e-10	1.6320756545649178e-7	8.01457714973326e-9	-5.868509263297015e-9	6.33457251823501e-11	7.908919641058914e-10	-6.406545032475579e-10	1.834813230215425e-9	3.5257707548003067e-9	-1.7469830747044085e-9	-2.6998332202456427e-8	4.278065623442343e-10	1.853602363255713e-9	-1.1217928080694927e-8	-4.637618432054671e-11	2.4185096008390184e-9	-2.1587706959138004e-9	-3.610779594973174e-8	-4.753213796486281e-10	3.4209923969065933e-10	2.6888022925634333e-9	1.3275171082885102e-8	3.368525094143112e-10	1.7753548019373802e-10	7.716887773285017e-11	1.7426348980092142e-10	5.474392522819411e-9	-9.199935719645842e-10	2.391807704628727e-10	1.3631549734999391e-9	-2.636563596738782e-8	1.0532191479200504e-9	7.054966567374021e-7	8.499301154156635e-9	-2.199949830007473e-9	2.5028352072575995e-11	-2.193894228949459e-8
45.0	3.7734358601540764e-16	3.6585226250977813e-16	7.097304947712179e-9	-1.0132993082086479e-8	-5.5299093065505704e-9	1.659513564290474e-9	-7.582760357742827e-11	1.732696870789261e-10	-4.801571491299019e-10	-4.36637890439748e-9	-4.5092651111720986e-10	-2.9010961206944755e-10	4.0955679595594396e-10	-1.0895332000632958e-8	-2.700120059518692e-9	1.2700302476808567e-12	-2.0491477616736242e-9	-6.732212342033214e-10	-3.8014813341134917e-10	-4.45493076165481e-10	-3.4094875655095422e-9	-4.98620548747986e-9	-8.898350269921871e-10	-1.8253232300051198e-9	-5.724763854624452e-10	3.461117022612254e-9	-3.38016236340294e-10	-1.2617059454292184e-9	-2.95565630832668e-11	-3.680602630310019e-9	8.338465146994356e-10	1.4084905676566894e-11	-1.5448459360779279e-9	1.795060382009875e-8	-4.440331812020646e-10	-4.496848035541842e-10	1.8846747585639849e-10	-2.250974328550166e-10	3.69410795235279e-9	1.2117134763855308e-7	-9.173857855638114e-9	-3.4896605513647065e-9	8.322836295359288e-8	-2.8672273106696433e-7	-4.9515269564835695e-8	9.141544474833113e-8	7.493286859291633e-9	6.77722560842554e-9	-2.200856559701731e-6	-1.3208807364192467e-7	4.8388583266782385e-11	-7.611954986896954e-9	2.2330400490431493e-10	2.424467556970578e-10	6.376868218125985e-10	4.2293735803638566e-9	-1.3322910686639692e-8	-2.2592914215071997e-9	-7.604523365085925e-9	-2.2430165408116934e-8	-2.370565457304035e-10	-3.3402070899409563e-9	1.1031278703708502e-9	-8.276263312464085e-11	5.313460858517786e-9	-5.003955055017275e-10	1.8746488815345676e-11	2.47501745105755e-10	1.8925481041243027e-11	2.1163112598123904e-11	-5.2077852826428395e-9	-9.055266678707555e-11	7.717993571562847e-9	-1.0655901616107465e-11	3.942825156220804e-12	-2.48092993157999e-10	-1.889758873068259e-11	-2.0784706641679012e-11	1.2915047192347106e-9	-1.9680185715476323e-10	5.86537908286644e-12	-1.0692410757439132e-8	5.015530617826503e-11	2.7350163538719564e-9	-4.197792365615274e-11	1.4675499503364892e-9	7.334292309815105e-10	-1.9604544454832573e-11	3.8686327998503344e-11	6.713397374182833e-10	-3.2260322721075535e-9	-1.9577231777077367e-10	-4.064273668470051e-12	-5.346099471024896e-10	-2.503595126466811e-10
46.0	7.280505409204882e-16	9.186758117695295e-17	8.510533787368311e-9	-1.3001483245761473e-8	-1.0387627879175332e-9	1.2169424096982901e-9	-8.09534608431673e-11	1.937353827942458e-10	-4.568695522144519e-10	-2.973233365461089e-9	-3.7377684775769374e-10	-1.006897021373963e-9	7.276450219681721e-10	-1.0832262363440294e-8	-2.6380334544031003e-9	1.2724685991849481e-12	-1.3974539766369944e-9	-3.0916533414796766e-10	-3.891382266939671e-10	-3.751992252729918e-10	-4.262952737557146e-9	-3.916589782048671e-9	-6.297033305020792e-10	-4.0641607198120044e-10	-6.0247924798837e-10	3.0019658781574523e-9	-3.5035940424596837e-10	-3.5177233297667734e-9	-2.3171499735880535e-11	-4.558975197785309e-9	6.396969432199269e-10	4.610419705771511e-10	-6.639254728650787e-10	2.7251888759484213e-8	-4.6461469225599845e-10	-1.1186220552670453e-9	1.788650871277157e-10	-3.0044174259882e-10	2.659196201979977e-9	1.248293209032896e-7	-8.656120131653805e-9	1.178016569865763e-9	7.431539461549211e-8	-8.407077359152495e-7	-1.678901257203379e-8	9.763714885296648e-8	8.298269585398825e-9	7.2977441864022084e-9	-2.117095884194645e-6	-9.635011379302673e-8	5.85779532030007e-11	-1.1843369026229185e-8	2.1898022257859977e-10	2.5343612767297543e-10	5.946482429181048e-10	8.817366228696636e-9	-1.068511918807496e-8	-1.98942996253165e-9	-2.9905548999557778e-9	-2.180045433214561e-8	-2.345370703324842e-10	-2.7422505574041188e-9	3.568612242641851e-9	-9.053089171333042e-11	3.4086501570748942e-9	-1.1035101612319287e-9	3.7525715182860126e-11	2.533880348059517e-10	5.7931622901237925e-11	-1.3862952415575154e-11	-4.9065712842280814e-9	-6.474262413203181e-11	4.791299381065725e-9	-1.0826997065082493e-11	7.364190165966364e-12	-2.2370103290228235e-10	-1.971711540830745e-11	-1.9579008498774e-11	-7.04530633963662e-10	-1.936661118277481e-10	4.4137257125713516e-12	-6.733937686693538e-9	5.140168690054533e-11	2.1746233303565184e-9	-1.9053774503974846e-9	1.4475040138713938e-9	4.15942972749742e-10	-1.4736004906110386e-11	5.1834452739884974e-11	1.3584835920848348e-9	-3.9034066604430825e-9	-1.6330084480790528e-10	-3.3975148571676724e-10	-1.9934895531612343e-9	-2.2043537165635744e-10
47.0	-2.435458931751854e-15	-2.260752763203174e-15	-1.5740353781627873e-7	2.0199444425470263e-9	-5.932443759915462e-9	1.1253175442004256e-9	-2.532389852334871e-10	1.4730898863366601e-9	-5.7285626541508824e-11	-3.286984056375141e-10	-1.7059955896195577e-8	3.001071509691129e-10	-4.8408056601286606e-9	-5.3004871162042234e-9	8.978760936468523e-9	3.6405873261685686e-10	1.0227918289792533e-10	1.5356096907615218e-10	9.95284251461328e-12	-2.0599184203800693e-10	3.222311450467059e-11	-1.1209507709116204e-10	-1.6856604947610962e-8	-1.7369260164784783e-9	7.791677693103748e-10	-9.876172721041755e-9	-8.20583801983626e-9	-6.052887154439934e-10	5.578681684079329e-11	8.11989888337009e-10	-5.950761466999782e-9	-6.336908726445085e-8	-7.425282932882313e-9	-5.7633575183955636e-8	-7.78934035467365e-9	3.1015508028066754e-8	4.060335468956605e-10	-8.85020193062509e-9	-1.004451728521564e-9	-4.250445771021493e-8	3.4596767502869886e-8	-8.200805678147476e-8	5.820760613438297e-8	3.2292481811984676e-6	0.00013423395407225283	4.301169374477829e-6	-3.151210121079053e-7	1.1723629410857982e-6	4.37684651359062e-9	0.0003910410831778063	2.151540983324953e-6	1.1526424012069492e-6	1.3744118552801236e-7	3.519887550044914e-8	2.282275271675972e-8	1.7903065293459176e-8	-2.1434706847912963e-8	-2.5835017983430094e-9	5.389803425825521e-10	-8.845349194561846e-8	4.487151236749435e-9	-8.59455299113119e-8	-6.6266124480336875e-9	1.1439514269009343e-10	-2.6708541515409256e-9	-6.163227110995603e-9	-5.1520482432855864e-9	-3.647434963986934e-8	-2.3073255499347362e-8	-7.0089004573327855e-9	-1.0447527696937205e-10	1.6704501678493766e-9	-1.0109781524136226e-8	-2.490764588547486e-9	1.0932582544320406e-9	-5.287880401500799e-9	2.202501071073474e-12	-5.80301274037847e-9	-3.3296148090998494e-9	5.200619442743611e-9	2.0592964858383256e-10	3.3637363679957506e-10	2.9012917569792534e-9	-6.465973925786265e-9	-8.611444921208959e-8	1.1684010473661883e-8	-7.782196642886778e-10	4.436357303200592e-9	9.475231126577814e-10	-6.122514242672863e-9	2.7871145340337764e-8	2.2750606618189088e-10	4.194752127382845e-11	2.3388317966681825e-11	7.658987655403791e-8
48.0	-4.904971659349042e-15	-3.150383895798969e-15	-2.1742135690418932e-7	2.7686349133488857e-9	-7.28529197581254e-9	1.4027864948661116e-9	-3.4445907219851316e-10	1.985284218378065e-9	-7.782187157090243e-11	-4.730677032201941e-10	-2.0883220188955908e-8	3.9953280271263245e-10	-6.508270251477926e-9	-6.273686018119198e-9	1.0488070927466271e-8	4.931813920014133e-10	2.1572553899170188e-10	2.0664034596066782e-10	1.3294149450155185e-11	-7.870279282594411e-10	4.407708465800514e-11	-4.1831613482237135e-10	-2.68333510564484e-8	-2.3173599866519436e-9	1.0619802232655242e-9	-1.3570292431197683e-8	-1.0077339716465287e-8	-7.881794728060133e-10	7.526411882477348e-11	1.1001350829601596e-9	-1.0041196507694947e-8	-8.666408180551251e-8	-1.0074661217273378e-8	-7.954302614738498e-8	-1.0627991838422888e-8	4.1262790776459224e-8	-4.818767464637441e-10	-1.1991541151999219e-8	-1.266978374361842e-9	-6.219798241525274e-8	5.038065977889991e-8	-1.1100035550275342e-7	7.216685568787865e-8	4.22688984950324e-6	0.00015961016701241908	1.3292701482719806e-5	-1.1530522007480511e-7	1.610496542920114e-6	-1.597384617053825e-9	0.0005015536083705984	2.7526150275077197e-6	9.371443457305869e-7	1.6127185576338965e-7	4.80933660913265e-8	3.0449692573050875e-8	2.3326880707538525e-8	-2.8140935897578553e-8	-3.15207507332182e-9	7.393873704255613e-10	-1.1865377063861208e-7	9.332227621124926e-9	-1.135664967540601e-7	-6.532005685900922e-9	1.2484636471975946e-10	-3.5397653751833047e-9	-8.407354171499715e-9	-5.915375430319543e-9	-4.62612393069825e-8	-3.3506549961020714e-8	-9.31308707211777e-9	-1.432831707547482e-10	5.305905865202492e-10	-1.3883346081756787e-8	-3.3237668133485984e-9	-3.524003899343979e-10	-6.994226605921947e-9	2.5219822945749043e-12	-5.528557879826421e-9	-4.936058577210405e-9	6.814600510831151e-9	2.759163049505903e-10	4.3267368061784123e-10	3.537192345425724e-9	-8.260425683711071e-9	-1.1239609196716056e-7	1.5639062755830278e-8	-2.0384059603626941e-10	6.524724172808447e-9	1.3601490209665706e-9	-7.891978341605359e-9	3.74146397998e-8	3.059798783271434e-10	-9.53562957083033e-12	3.85467731593119e-9	1.0061319340497189e-7
49.0	-1.7747273428107674e-15	-6.661341535882728e-15	-5.8975589953526505e-5	-2.0933808861703258e-7	-5.864997021302773e-9	-4.550418860999733e-10	9.562184319444506e-9	-1.058988237068525e-8	-2.5294211730845095e-10	6.664485334550136e-9	6.667782206228864e-10	5.8915131153134865e-9	1.1312580825431527e-9	-1.938140768045441e-9	5.589896236377993e-10	7.4416599444764226e-9	6.310468984815933e-10	-2.084532134103649e-8	4.4417322905061554e-10	-7.798600403879637e-9	-1.9632837479142643e-9	1.0721110551237325e-9	-4.29640997405268e-9	4.0920466362379133e-10	8.244708577029994e-10	-7.895866637208095e-8	-2.609375805731833e-9	1.2017249527810809e-11	5.7529173062460965e-11	-7.703802385708021e-11	5.003281060118868e-12	4.2983894025501603e-8	-8.361666206938234e-9	2.074839037872054e-10	4.214202825944969e-9	1.5980652746473226e-9	1.2151043404398105e-10	8.159214738968547e-8	4.152872359194094e-8	-9.297708943133232e-9	-5.572633570027272e-8	-5.264861332829413e-8	-8.931004761761054e-8	0.00030395179501510594	0.00022504521082261332	2.1203129108607993e-7	5.862292746013118e-8	-8.797449706545927e-9	-2.8092247410084012e-5	-0.0002894079081105979	-2.1201287544543655e-7	-6.075760036068748e-7	3.321816026248571e-8	2.3643219906665716e-6	-2.4986322352316976e-6	3.4367703873951905e-6	1.0080194167266551e-8	8.015839289920187e-8	1.9459837008766767e-7	2.936673826682394e-7	-3.568961873968093e-8	-5.690642531215164e-8	-5.575149266927473e-9	-3.2854443532076057e-9	5.0181284819440256e-8	-9.231258227778879e-8	-1.500849928601227e-9	5.812562785362988e-9	5.105382199948161e-9	4.517699264039103e-9	6.331032922611869e-11	2.3239648659502936e-9	3.2458161596657516e-10	-1.8794975866121691e-10	6.392981098350285e-10	-1.870142965471251e-10	-1.4505626555659766e-10	-1.1145555695097888e-9	1.3914856090606154e-9	-6.714382423523674e-10	-9.20999158746642e-11	-1.6091283320828198e-10	-2.5030735323376347e-10	-3.0497642300455025e-8	-5.285923339177088e-9	2.564053608222437e-9	1.786905081936075e-10	-2.6932002012321537e-10	7.38629399611305e-10	-6.573851800543411e-10	1.1580335182842505e-7	1.0540640472035226e-9	2.663985250392575e-11	1.323925865943844e-9	1.407883766404039e-7
50.0	-2.7128253511621116e-15	-8.098634474628871e-15	-4.405514567460975e-5	-1.561330715987146e-7	-4.855125229171834e-9	-2.725236426135291e-10	4.525569140941309e-9	-8.120302284566866e-9	-1.1984387257394365e-9	5.054366596816864e-9	5.001744186279173e-10	4.578359950784368e-9	8.444621761048508e-10	-1.4436977727708562e-9	4.0974141422315655e-10	7.129165589837678e-9	4.7133427270013e-10	-1.4823764413637002e-8	2.918396057561937e-10	-5.836783896199045e-9	-1.4576768242893738e-9	7.974963724416996e-10	-3.2580039299717233e-9	3.0696821489173936e-10	4.448035242352833e-10	-5.920309178222865e-8	-1.96487959650388e-9	-2.0926319102402462e-11	4.28121442177533e-11	-5.7553817933011894e-11	3.7866312640460675e-12	3.369770598256786e-8	-6.3279981142012434e-9	1.5565504914613623e-10	3.141072298437205e-9	1.5605744163702516e-9	1.0869750340919336e-10	6.21418458100364e-8	3.1873992801151385e-8	-6.96769203452154e-9	-3.98540024924079e-8	-4.0421858158239496e-8	-1.0814021632718605e-7	0.00023777200490317192	0.00017546752131220633	1.583020285310831e-7	4.267684769934749e-8	-2.4400624906758677e-8	-9.095515661133055e-6	-0.0002433967263581096	-1.62003238956423e-7	-4.4610354372254615e-7	2.370886602391139e-8	1.6251271940380484e-6	-1.7060999968815945e-6	2.725908111077672e-6	7.420201061927506e-9	5.960470216747614e-8	1.4492156160720536e-7	2.1584963373671433e-7	-2.6691499879626038e-8	-4.24853105608638e-8	-4.068311581152596e-9	-2.483628373399566e-9	3.661829500876462e-8	-6.842725753787618e-8	9.048128928737806e-10	4.279387427336189e-9	3.706265672134181e-9	3.387225822742269e-9	4.7250975238697085e-11	1.727712510229692e-9	2.444559897800853e-10	-1.398991577620052e-10	3.6170190973923264e-10	-1.393149565293373e-10	-1.0776864535147832e-10	-8.267399857808313e-10	5.504776514309848e-10	-4.940744245649428e-10	-6.689920278106811e-11	-1.2021275292928955e-10	-1.6962829404475742e-10	-2.2561939696404632e-8	-5.371418954625303e-9	1.5903842315515258e-9	8.533576900494856e-11	-2.0077345796539778e-10	5.461772607212714e-10	4.0884687053350787e-10	8.541292406755387e-8	7.758222944194551e-10	1.9630088387220645e-11	9.729726725005826e-10	1.0400647881552934e-7
51.0	-1.9172168938693356e-14	1.4187869629145311e-15	-6.235083542535357e-8	4.947791680898899e-10	-4.769997207189742e-10	3.252987122893654e-10	5.959336732628959e-10	9.531538221264649e-10	1.972675875893048e-9	-1.2567193510972546e-9	1.2724206219073406e-13	2.5346268361221617e-11	-1.3522992969209254e-9	7.979663792425009e-9	9.31430043866023e-12	1.6357720443607057e-10	-1.3054697186407066e-10	-6.978694446242977e-12	-1.1485398074349056e-8	6.9778032268068125e-9	-7.178477919401632e-10	1.8139241367748612e-11	-3.9209193837981575e-10	1.6562074583086064e-11	3.2821360744222065e-10	-1.4910468223029906e-11	2.3389377069763953e-11	-1.5140373979722983e-8	2.9333574612728764e-11	-4.949243337158772e-9	-4.188037600127326e-11	-4.7840057687438194e-11	-2.16077152863161e-10	8.217470902414956e-10	-1.7751667173736455e-8	4.633013577854775e-9	-7.973475392111256e-10	-1.0813012522657327e-9	3.4962158373140186e-9	6.806758367338858e-10	-6.46553215199386e-9	3.999119879886118e-9	2.476556858698573e-9	-1.5452099922825694e-10	2.639705435428764e-9	1.4000260317050805e-8	-1.1043178047481696e-7	2.2362496181199695e-8	1.5307571969598204e-8	7.603414521451651e-7	-3.488890095030703e-7	-8.662015084158937e-9	3.4507371450377736e-9	3.7946392475092915e-7	-2.0371774790437746e-6	-2.460688923599734e-7	-2.4329199728836703e-9	-2.463698724629051e-9	9.811202698923478e-10	1.84566104699687e-8	1.1256968177005779e-10	5.038877974696185e-9	7.713199081488329e-11	6.941283331728716e-11	-3.2160512393305433e-9	1.1352455960741353e-9	-3.964084338500868e-9	-6.2291683945467405e-9	4.383018533552311e-9	-1.463615220358731e-11	6.898769344778457e-11	1.2929275484722804e-9	-6.74134130789758e-11	-5.246713450497798e-10	-2.964400214043689e-9	3.1081505657180825e-13	-3.918015951824644e-9	1.9618952093439193e-11	2.882645210014857e-9	2.0982299873777744e-9	1.9793714460440102e-10	-1.592595140675749e-8	5.935100559684764e-9	9.566911650403535e-9	3.282724583090886e-10	-2.342108199132246e-9	7.014605529848237e-11	-1.3468466849562937e-8	-1.1868838732328445e-8	-6.973825432419356e-10	1.3283220303283398e-9	4.481813281307047e-10	2.140117702482656e-11	-7.6550940049984e-10	5.94345215185201e-11
52.0	-1.7373489847950502e-14	1.93561184982047e-15	-6.430438809104393e-8	5.057838834993594e-10	-6.429964651818762e-10	3.464370726245826e-10	-5.744514289842396e-10	4.0205713407168544e-11	1.8013735365833162e-9	-7.687469895560029e-10	1.1147195283976559e-13	-6.181038473670637e-10	-1.2662137097509795e-10	5.523430156323103e-9	9.414479961681715e-12	2.1626269731969547e-10	1.2944514560151658e-12	-9.578590424361952e-12	-1.2176911551182846e-8	5.399880830063571e-9	-1.4154658073175923e-9	2.5804632687657147e-11	-3.931004811582238e-10	1.6887615198421325e-11	4.872581198423245e-10	-1.5821703724233097e-11	4.0271302369275316e-11	-1.6105679177154776e-8	2.8361579662434614e-11	-1.5987687002895765e-9	-5.4942112698182834e-11	1.2935466452438166e-11	-1.9586715373744787e-10	1.0621203940235686e-9	-1.566531061919282e-8	4.546120945960445e-9	-7.735159749803527e-10	1.1699921610645274e-9	4.254369727944652e-9	7.150405686299963e-10	-8.517219582276717e-9	3.69947461626888e-9	3.516312442987091e-9	-1.512559366744217e-10	3.55590380018782e-9	1.4744837947372573e-8	-1.0751495052393195e-7	2.0324712146868696e-8	1.8598608920765588e-8	2.2529735087526628e-6	-1.192139084175602e-7	-1.2614859720014296e-8	-1.4337905277835683e-9	3.8268395580901566e-7	-1.8816925364954962e-6	-1.8064122807633166e-7	-5.248505103824654e-10	-2.5659513105692273e-9	2.1016267244421044e-9	1.8165605704663635e-8	1.1330521046081031e-10	9.346519307324444e-9	-8.48934651281058e-10	6.931561106214483e-11	6.095819263365749e-10	1.1183459854092294e-9	-4.3551726182685555e-9	-4.982239213180234e-9	3.63238640918901e-9	-1.0240336355960224e-11	-7.562845643164412e-11	2.0425157407032836e-9	-6.549066256795816e-11	-1.0565492389907897e-10	-4.947052941567608e-9	2.398278263465718e-13	1.0193937867779106e-10	-5.49626202459275e-12	1.983030171581844e-9	6.8529909723888136e-9	1.7636823493152747e-10	-1.6070088998938267e-8	3.2986702391154263e-9	8.648354543290838e-9	-9.580444967502304e-9	-1.7113857252379798e-9	8.135545077867741e-10	-1.581540748697729e-8	-1.1575037003979145e-8	-5.674600278613081e-10	1.3173601462154747e-9	-3.6186936393874953e-10	2.918498147710309e-12	-2.894510645931405e-9	5.434518341934139e-10
53.0	-2.449406248272892e-14	-4.074170242778061e-16	6.1360396898623105e-6	3.981631437394554e-8	-2.3126760724301305e-9	-3.6877141902309554e-10	-1.0233666956891972e-10	-3.791538441313958e-9	3.892473260289669e-10	-4.089363529092562e-9	-5.6274098190172264e-12	6.475356727481408e-9	2.512744964433651e-9	1.6506558550220657e-9	-7.570536246509929e-10	-5.768392439300753e-10	-1.078446831276061e-8	-9.311083494478973e-10	2.4514198367440884e-9	-1.0601856244623286e-8	-1.438938992310965e-10	-1.4420646289951372e-8	-3.381801216158496e-8	-8.1913542391701e-10	7.527641812648433e-9	5.167959899218781e-8	-2.11842011768048e-9	-2.134390612973094e-8	-5.0151455269761e-10	5.443173266783155e-10	1.351471814946153e-11	-1.7569084736083662e-9	-1.366084556664305e-10	-3.809477350206418e-9	-9.490458220975513e-9	4.664948261642812e-8	4.259136693597338e-9	-4.692260557275988e-8	1.083455197974228e-9	-1.1640020886521167e-8	4.879624542598401e-9	6.98882338403889e-8	-8.555129437703057e-8	-2.4818872241077107e-9	-3.278579333227569e-9	1.2360629466258648e-7	3.4055640554156454e-9	-1.5063262545430304e-8	-1.6750970755762383e-7	5.57555493092501e-7	6.414862267086726e-5	1.5732593490747213e-6	7.974189688730915e-7	4.33996365646345e-6	9.652227318526049e-9	0.000344808707915631	9.214617636232273e-5	1.0319456913364863e-5	1.1329663672999515e-7	4.4165436022501747e-8	-1.1797146247951014e-9	-4.7612509534882655e-8	-1.0088844842841176e-7	-1.2009185865802332e-8	-6.288475407398873e-9	-1.9565526175087812e-7	-2.208938351374913e-9	1.3771084196524987e-9	7.68657992194525e-9	-6.0849302820272815e-9	1.6164917161197302e-9	1.189134146785913e-8	-1.6268706348894403e-9	8.171126178496543e-9	1.0888303163588352e-8	-2.601072507988502e-11	-7.328651953571993e-12	2.9182843773063075e-9	1.8378500450203208e-8	-2.478209569384905e-8	-3.7390866671795937e-10	8.287637555743554e-11	-4.778317632008972e-9	7.34041968536687e-10	-5.18432964218407e-8	-2.3116635379601219e-10	-3.855466373136798e-10	5.510554519615923e-9	3.266156928376684e-11	1.495566422689236e-8	-5.685704171442309e-8	4.0858311319597915e-9	-8.577892516380398e-9	-1.2876031274901626e-10	-2.2789082356764295e-8
54.0	-3.631361798561942e-14	-1.8476864202569885e-15	8.400243417173997e-6	5.3960138699493975e-8	-5.0675287328415185e-9	-5.007362690558304e-10	-1.8000460336782734e-10	-4.832264950479347e-9	5.235191915731449e-10	-7.283596699735697e-9	-5.359205204677648e-12	8.003886244037916e-9	3.280756809569228e-9	2.1728653249400033e-9	-1.0137602106651119e-9	-6.622391838798396e-10	-1.2893019764899039e-8	-1.399325169004288e-9	3.4486397798210825e-9	-1.4518855050010821e-8	-1.9643750226432548e-10	-2.1264588186817765e-8	-4.6056076516619096e-8	-1.1093510768298092e-9	9.918206212342846e-9	7.061263592802048e-8	-3.324386238177527e-9	-2.892586075274239e-8	-6.712261961047922e-10	7.321947256850674e-10	1.815645120392191e-11	-2.411367170918789e-9	-1.8636434897735843e-10	-5.967156577814955e-9	-1.2792916416954146e-8	6.275098273040123e-8	4.554240334599591e-9	-6.445115869347872e-8	1.4622183117223892e-9	-1.5958509977494656e-8	6.2967331523917185e-9	9.419334978903189e-8	-1.152996392682173e-7	-3.3594686870745115e-9	-4.14045687021783e-9	1.8099521891880322e-7	4.947374552287646e-9	-2.0492298478693432e-8	-2.3624992732344187e-7	7.320708446072587e-7	7.6470660098265e-5	4.865438716843547e-6	2.975550643318624e-7	5.986645376591842e-6	1.0485934601978129e-8	0.00044335187083988683	0.00011822283916000672	8.39349159573891e-6	1.3703386544661384e-7	5.973448967593187e-8	-1.5722352807385648e-9	-6.226133493877684e-8	-1.323742786967344e-7	-1.4970998171974477e-8	-7.4201544055875215e-9	-2.633967015002748e-7	-2.959651670477694e-9	1.8437776822272287e-9	1.1461400441177939e-8	-8.021498180301881e-9	1.5612274909633143e-9	1.6001343693688212e-8	-2.188510512305121e-9	7.725048329525536e-9	1.4576562103064282e-8	-3.4725876997127807e-11	-9.82813349438677e-12	1.953418284433672e-9	2.6197870912827226e-8	-3.3249854488575886e-8	-5.014824657694044e-10	1.1087045903534848e-10	-6.394476466800846e-9	9.897206935795053e-10	-6.971490922731543e-8	-7.528132188769321e-10	-1.42906152356884e-9	7.4070731573312736e-9	4.576443104463147e-11	2.4564580517538544e-8	-7.801542682659219e-8	5.942942556572034e-9	-7.932381261653854e-9	-1.7015362145790073e-10	-3.076635267658581e-8
55.0	-1.2882969340734737e-10	-7.534927074057179e-11	-4.820072663548732e-6	-2.269844064502219e-8	-2.418327490764374e-9	-5.410752756671427e-10	-4.0158160551753267e-10	1.4158278743873119e-9	-2.778044534467209e-9	-5.534730492847448e-10	-1.2620257950858858e-9	2.0299442869449296e-9	-1.9984636622568017e-9	7.190878168705115e-10	-4.052535637773657e-12	4.323763459076039e-10	1.6645074470032464e-8	1.1256245281870767e-9	2.703331288766843e-9	-1.8791755820820344e-10	2.9307741115222545e-10	-5.7083826527839475e-11	6.341900387780646e-10	-3.2633823441438247e-10	5.162175194147509e-10	-9.166727211394755e-9	-3.108129212763228e-10	1.186638913175171e-10	-9.174823936842473e-9	-1.4832790770350947e-8	-6.118511758501318e-11	3.03891641661502e-8	1.01907591222997e-8	-5.144615013736124e-10	5.528841676265715e-9	-1.0196981684261714e-9	2.6721887793215844e-10	-8.958237685280727e-8	-5.3794116830614175e-9	-2.231021361207629e-8	-1.0233639202340767e-8	-2.3697104303319558e-11	7.002416012069845e-13	-1.7316709684487304e-8	-3.770881225295708e-9	-8.669083230729767e-8	-8.782783996642753e-10	5.922440868865358e-9	5.066238117587151e-9	2.142378855549259e-7	2.5385639048300397e-7	-3.9091630558697594e-7	-4.177310234401003e-8	-2.2673610576958695e-8	-8.413460496888748e-6	8.206748807435322e-5	-2.2861719372095123e-6	-8.461720373698373e-8	-1.3681624991187264e-6	9.4628482394799e-7	-1.0310658461522602e-7	1.413832384429462e-7	-4.1786892899362604e-8	-1.158332187429152e-6	1.9460452714531458e-7	-4.727137269142936e-7	-1.0793273847045766e-8	2.6240122117496398e-8	1.7227958886118868e-6	5.378417406252952e-8	1.4117447736764914e-9	9.607846110723685e-9	-1.0350319067168332e-9	-4.136821467164803e-10	2.7793225051512113e-11	3.2085392586035725e-9	2.3488631948498226e-11	-1.9289686616544554e-8	-2.9412295083156844e-9	-8.751166126522476e-9	-1.733214761601783e-9	-3.1071949569379317e-9	-2.2238068371925217e-11	1.5954910470661227e-10	2.9156542970744877e-9	-6.033049666974631e-9	-1.0154336276282172e-10	6.61485409337911e-11	-3.408004717418176e-10	-9.053369295503092e-9	-3.316999214107515e-7	-3.924422011345775e-9	4.742445949879155e-9	1.9333137300485863e-10	-6.593927295973166e-8
56.0	-1.2837929161811003e-10	-7.59597377250125e-11	-3.614749076084674e-6	-1.7095719995944432e-8	-2.18772942843121e-9	-2.249410904563434e-10	-2.915549699533387e-10	9.704534099666226e-10	-1.7214279027369813e-9	-4.1990735443737595e-10	-9.68146525172559e-10	1.5599791382568311e-9	-1.4721089634568284e-9	5.403541751667193e-10	-1.6857190709918035e-12	3.2347348566449893e-10	1.108674466527943e-8	8.424673415118e-10	2.406480607674703e-9	-1.4071981709116096e-10	2.255121755687092e-10	-4.8897719207536807e-11	4.974642308607376e-10	-2.484077279161118e-10	3.9301682056040815e-10	-6.89334577806418e-9	-2.144641166478871e-10	8.946977259211316e-11	-8.736818748390222e-9	-1.118051249331799e-8	-4.6371401810490096e-11	2.0007016194819385e-8	8.839265916177548e-9	-3.864272657508485e-10	4.134811545794826e-9	-7.22389331880902e-10	1.9737005896967515e-10	-6.779151077152938e-8	-4.0935979308343635e-9	-1.672132333759423e-8	-7.5400384831072e-9	-1.8794176812892548e-11	5.895651431879496e-13	-1.3281094600884983e-8	-3.3651903674328456e-9	-6.53033019780654e-8	-6.555630461727499e-10	5.166474831530316e-9	6.2825644370186345e-9	1.6836164711407268e-7	2.004248876690173e-7	-2.935051256814303e-7	-3.0577822071364975e-8	-5.8140827897432836e-8	-2.722919879874205e-6	6.929254202112998e-5	-1.7548311880337907e-6	-6.428233636011589e-8	-1.0149162675040624e-6	6.508918810871737e-7	-7.038826100169763e-8	1.1269536243325807e-7	-2.8850145633047957e-8	-8.660535265711403e-7	1.4565180956680865e-7	-3.469623253701208e-7	-7.867162282041797e-9	2.113456329792204e-8	1.2599725120357967e-6	4.0503832386495525e-8	1.0597984753652016e-9	1.2083645644916278e-8	-7.649618541596078e-10	-2.722574687095382e-10	1.6829815426626868e-11	2.423199517243099e-9	1.7631625187861786e-11	-1.1366143308912324e-8	-2.051260533249682e-9	-5.7397356741477394e-9	-1.270021425827653e-9	-2.338061394122414e-9	-1.6649910851549807e-11	1.1834767889940653e-10	1.0262363134634605e-9	-4.259881462113153e-9	-6.998816044511185e-11	5.2384487455374465e-11	-2.5080615439449156e-10	-7.561486490737599e-9	-2.4586631351516193e-7	-3.400796131398295e-9	6.2611832252945324e-9	1.3521408580709798e-10	-5.0878833572310865e-8
57.0	1.0475906303632472e-10	-3.2473131685377476e-11	3.2523551774330795e-7	1.3698947007454358e-10	5.492716138537698e-14	-1.5847237478293003e-9	6.00413018383565e-9	3.4015014034619234e-11	1.9483202397311473e-9	-1.3940566218958983e-10	-3.462320061219165e-9	-7.715228027072369e-9	-5.1125344604072174e-11	-8.27630792193906e-10	2.429294623732873e-12	-7.717509420717629e-11	-2.1391924723750937e-11	7.440804063730269e-9	5.943012026253772e-9	-3.0521264327226105e-11	-6.68891120773219e-12	-2.2684815767992027e-9	4.197424301549838e-11	3.020133721812144e-9	4.428078550261948e-9	4.367011546050983e-9	-1.928872467741487e-9	-6.002077335329941e-12	-2.676636500378764e-12	8.636391860140634e-9	3.0667583673924275e-11	6.047955786830003e-12	3.377397037400591e-11	8.674978557180523e-12	9.548872156210128e-12	5.048279813256826e-10	1.6719524141636459e-9	-3.4595812276473634e-10	-1.1240239195732863e-11	-7.194272107726379e-10	2.176651375182731e-8	1.0385925914432698e-8	-4.166245051138187e-12	-1.2883080515608814e-9	4.390013415228414e-9	3.1704015423653436e-9	3.416236720851288e-9	-2.327616374571063e-8	1.4498044199944206e-9	-8.046379278263957e-10	2.793551049711514e-9	3.081957758846237e-8	1.1269267047545628e-7	-1.9145802682253303e-9	-3.9919048361264836e-8	-4.030512757046376e-7	-5.152373125241465e-8	-1.1514368290756203e-7	-1.5577499563959236e-8	-1.7606334255950468e-7	-2.8002892897952395e-6	2.1744529047901877e-6	-1.8435262630306695e-10	1.0664161479035436e-9	7.00927565404466e-10	1.899280972059511e-8	-1.3842925559485906e-9	-5.236146961542308e-9	-2.6226344648435754e-10	7.534151724139331e-11	3.752877765836818e-11	-1.9670249278363568e-8	3.9991673812657504e-11	6.286374208239832e-10	-2.6589417216610847e-10	-2.8015716315050147e-11	-6.43211880072249e-11	-2.452013529110977e-10	2.3248975593264194e-9	-2.7845847315691667e-9	-1.2334348703603368e-8	1.600755439202655e-9	-5.561849962018782e-11	1.1630363419334445e-9	-1.1896858681554682e-8	2.2073448003664678e-12	2.3124467096245256e-9	1.6977004997934012e-11	-1.7823357524205958e-8	-8.238224747823222e-10	-1.5073356155910988e-9	-2.030419536823971e-9	-1.2694630363152394e-10	-6.331864872264306e-10	1.71124542879416e-10
58.0	1.2377796109947459e-10	-4.016885856969011e-11	3.275782847702398e-7	1.4198996910927053e-10	-1.7275290695914938e-10	-7.261440620695385e-10	5.454840236694687e-9	3.4883695674663643e-12	1.7213151438956905e-9	-1.9270848667500036e-10	-1.6556595960368424e-9	-8.310329112150478e-9	-1.5831559902297898e-10	-8.4287787197556e-10	2.563481463902555e-12	-7.495010583587671e-11	-1.1944302803168008e-10	7.012623665126545e-9	5.045855562469021e-9	-3.4840366336100024e-11	-6.962054335723309e-12	-1.843239147573001e-9	5.556118234246531e-11	4.236714946957676e-9	3.247206876564998e-9	3.928309457576041e-9	5.533485968493071e-10	-1.7187848265474146e-11	-2.7288517235774947e-12	3.731964226630156e-9	4.573531926308427e-11	-6.654119671045936e-12	3.345363436109992e-11	8.937374517012398e-12	1.1162924946110597e-11	4.761356875995202e-10	-1.5601665848622308e-9	2.7509759743852736e-9	5.7661532942498385e-12	-7.479044980129111e-10	1.9045952148091106e-8	4.633917786151735e-9	-4.1952491440519315e-12	-1.6466468526049842e-9	3.3886063594996458e-9	3.3570803105999108e-9	2.286562902005656e-9	-2.8966932384940276e-8	1.134900599803516e-9	-9.948143439455898e-10	3.864532078805837e-9	3.015296883080002e-8	1.1928933806939162e-7	-1.9407687956411194e-9	-2.7318740012720715e-8	-1.230358773619985e-6	-1.7698380914625077e-8	-1.2151345629425384e-7	-1.5876171241620573e-8	-1.804428608083823e-7	-2.726265021447537e-6	1.599317610275843e-6	-1.5255908347213007e-10	1.1154833881328128e-9	7.725648620142772e-10	1.8797289859539844e-8	6.291344790285637e-10	-4.446330639669819e-9	-3.301319942992984e-10	7.348980226044654e-11	3.6671466077745815e-11	-2.149416494320506e-8	1.6421998974422997e-11	6.756500070586886e-10	-2.294835935815142e-10	-2.3456745928203157e-11	-1.6095950430014074e-11	-1.8929978337198048e-10	6.734748624054729e-10	-1.7991959031860672e-9	-1.0131574200054398e-8	1.6334504436945483e-9	-5.4765264291439564e-11	2.148855397610441e-9	-1.3152947391104007e-8	2.211364364323025e-12	2.1459823266533793e-9	-1.0571504621213502e-9	-1.9188085040289943e-8	-2.843161112260887e-9	-1.379464781398689e-9	-7.874657615220983e-10	-1.2695437217037318e-10	-6.449624095310295e-10	5.194648523579589e-10
59.0	-1.1008414253378869e-10	1.4252102812808935e-11	-1.8652885422195443e-6	2.938960871903452e-9	-1.1255975293300438e-10	4.2119243659990675e-10	-2.709352701619568e-9	-2.3294248668896508e-9	-5.008543308526774e-9	8.447895624580801e-11	-1.0709617694354056e-9	8.933861003317559e-10	1.2443043296382553e-9	-1.9869745042215285e-11	-9.298993141177759e-11	-1.0126856343220847e-10	5.152908830401217e-10	1.094226994561433e-9	-7.887667006176476e-9	8.97469676671843e-11	-3.409141809353711e-10	-5.24260977662745e-10	-5.558189100448482e-10	-1.6188392013722448e-8	1.1500702311010013e-9	4.722343834293795e-9	7.062893355947072e-11	-9.173263757618012e-11	-3.787554571685276e-12	-2.6013473074273026e-9	-4.3792959760310006e-8	-4.0830818348651445e-7	-1.0906140291291327e-8	-1.8112928465373346e-8	-4.42865913772465e-10	8.875367775651708e-10	4.9996439152005e-9	3.8399574770616265e-8	1.551755500025386e-8	1.955548350145641e-8	5.888094451136341e-10	-1.0685182537078505e-9	-2.689383946110821e-11	-1.328734110270432e-9	-9.311168420222682e-9	1.4141847757541483e-7	7.280675965436122e-9	-4.4535141443419025e-8	6.752184337981489e-9	-1.0818124805977502e-10	-2.148431478013915e-9	-8.857266389057905e-8	-4.069597689040379e-9	-9.241810448681437e-9	-4.96995897625104e-8	-2.45058431188774e-6	-2.298469213723038e-5	6.409095177586899e-6	8.023735473503867e-6	6.4135895750089335e-6	1.1533100570830907e-8	0.00013640394766679308	-4.521016303999911e-6	1.765742889464523e-7	2.003362898989022e-8	6.007240227136952e-8	3.503231100476539e-8	6.071142410559787e-8	-6.902637571708773e-8	1.996500863704338e-8	-8.692337485204147e-9	1.2746482420208685e-7	-9.062448861691877e-9	-1.4919772104155857e-8	-1.4362184914686695e-8	3.958058055038571e-10	-1.4250238227408856e-10	-4.1442353440349895e-8	9.604270930507256e-11	1.6914827136451453e-8	-1.845555257457289e-9	1.3772339552914351e-9	-2.449103931591345e-11	7.021197199411677e-9	-6.271408245884424e-8	-5.4047472594672764e-9	-4.076982270625982e-10	-8.600633525324684e-11	-4.657430922960801e-10	1.1525452620477087e-8	-6.545568942722515e-8	-1.7420270214882375e-9	-1.0363735288234905e-11	2.458179677057903e-11	-4.601008922649754e-8
60.0	-1.4484633621039166e-10	1.9413073751161885e-11	-2.5283468224142633e-6	3.980915918441702e-9	-3.845959190157701e-10	3.798161020972355e-10	-4.30254221279461e-9	-3.126877361486502e-9	-6.5387231610421185e-9	4.953052675376287e-11	-1.4525030919260642e-9	1.3482430989037372e-9	2.724019845927136e-9	-4.081755359864424e-11	-1.2603649886563326e-10	-1.373527825146067e-10	5.890178552865811e-10	1.916280468989841e-9	-1.1183382664694914e-8	9.216562410056217e-11	-4.652886798501887e-10	-7.196088564289216e-10	-7.368221324123797e-10	-1.9546966154704892e-8	1.9825585489973696e-9	6.447539590406598e-9	9.652612446309358e-11	-1.271492998567162e-10	-5.114746515504682e-12	-3.427351019299717e-9	-5.9266749205678446e-8	-5.59155943257724e-7	-1.5345588579338896e-8	-2.457463136286968e-8	-5.991682623508348e-10	1.299364619507128e-9	6.013389424021841e-9	5.282047675512086e-8	2.092247809476636e-8	2.655106889408415e-8	7.96095590156232e-10	-1.4400048008632154e-9	-3.617080086267853e-11	-1.8159435709056908e-9	-9.863341107639435e-9	1.9920765038762546e-7	9.407044889860963e-9	-5.980785570497217e-8	9.124903936854291e-9	8.427244734816621e-11	-2.720749496619866e-9	-1.296978847348564e-7	-5.932900196770898e-9	-1.245997326798063e-8	-6.401474180164787e-8	-3.2283990738650546e-6	-2.7453892076669563e-5	1.9802095108533334e-5	2.9998799490770625e-6	8.879746668461478e-6	2.0426298068166253e-8	0.0001757073551947433	-5.816949522583294e-6	1.4372486964212715e-7	2.4849098417148782e-8	8.155179799678981e-8	4.7089204111915874e-8	7.960983307225088e-8	-9.218724626849916e-8	2.5469900979149577e-8	-1.147943050954249e-8	1.7222262163143577e-7	-1.2191386543000278e-8	-1.8116974257399255e-8	-2.0500760393767465e-8	5.25766740533542e-10	-4.887946327223824e-11	-5.602738524952418e-8	-5.268619821624912e-10	2.2523008908134217e-8	-2.5669880142756007e-9	1.79693538317112e-9	-3.41375510946305e-11	8.509514980339254e-9	-8.198729943762167e-8	-7.26314720626431e-9	-5.538836447321066e-10	-9.893409186874505e-11	-6.41107008801029e-10	9.161929287344792e-9	-8.756647870240112e-8	-2.3416081174926324e-9	-1.4062722324280703e-11	-6.95110731302681e-11	-6.25838046034263e-8
61.0	-2.464415134822904e-10	4.164640815014251e-11	3.577147472988545e-6	2.3391705429868116e-8	-3.212313084637234e-9	1.2322476029043238e-8	-2.1649073969121498e-9	1.0957346293917555e-8	8.267159854963751e-9	-5.961101222948006e-10	2.4352264345129304e-9	3.05615748691964e-10	-2.0334976792683747e-10	-3.4557051228988344e-10	2.8627242041878644e-9	-3.5460901703170867e-9	1.3390366006381585e-8	5.797882296724464e-10	1.7220094688859596e-11	3.970174222445626e-11	-2.5481313959590496e-8	2.421328003018809e-10	1.5075187198167465e-9	-4.934472403095997e-9	7.004428356804626e-10	3.358966974538678e-8	6.997492326211209e-10	1.917704855220057e-11	-4.390733852484674e-11	1.0672430934652735e-9	3.4619226124260117e-11	-2.222042915781936e-8	-4.0756971151075147e-10	-6.779675901046956e-9	-1.4625373134919595e-10	-2.880250875243145e-8	1.572785221793821e-10	-2.1825085367428105e-8	-2.463818620012913e-9	-6.10434659007188e-10	-4.697049548650975e-9	2.8272474932064896e-8	-1.830764166441512e-11	-9.557742037601365e-8	2.042881486667617e-9	1.0909819942306285e-8	2.8201252511792735e-8	6.466413297704749e-9	7.148285001368545e-9	-1.7430099963453198e-6	-2.4711065565596607e-7	-3.590314667335881e-9	-2.4790490064768506e-10	-2.4974854752564095e-9	-5.088595067883391e-8	1.2269281542748622e-5	1.0338247660687233e-5	1.324240974509169e-6	-5.141993108317898e-7	-6.341292628358063e-8	-6.703948203920748e-7	4.8974466831041504e-5	3.100669158425881e-7	1.3019500035216855e-8	-3.706332370086186e-8	-3.514837887330805e-7	3.360453821569777e-8	-5.3037947001262034e-6	-1.0932731527498334e-7	-4.441097793545231e-8	-7.229616023226836e-8	6.425992115111041e-7	1.2759733094790194e-8	3.5795302464928716e-8	4.537907767388154e-9	1.0572758068174665e-10	-7.122584777048548e-10	-3.8945064598363744e-8	-2.917960427096959e-10	-3.191732996529544e-8	5.46865622762182e-10	-2.650569399959517e-10	-4.571179539549685e-10	1.080124257887576e-9	-7.622848628599848e-10	9.743613305532733e-9	-3.4814653420815784e-10	4.170013963257087e-11	-1.1893080652677007e-8	3.3041703208978636e-9	-7.123008615356065e-8	-1.014161090460518e-9	-5.141732764694763e-11	-3.988930939076188e-9	1.3329289151333304e-7
62.0	-1.0761178174304806e-10	1.507400691947227e-10	2.7000645322834603e-6	1.7634920559202416e-8	-2.324953159976587e-9	9.029294263073182e-9	-1.61362560904564e-9	8.251052335063307e-9	6.276242699004892e-9	-1.5491723735519453e-10	1.8360379863736776e-9	2.1897898711950345e-10	-1.52281064224721e-10	-2.5220737022770795e-10	2.0120478741151505e-9	-2.6456099392519145e-9	9.934866292144214e-9	4.3778849209685704e-10	1.3029630462012124e-11	3.664656512122138e-11	-1.6622440939151178e-8	1.6798678379652477e-10	1.2273500483076889e-9	-4.882133238732224e-9	5.244566156972579e-10	2.5147764903739482e-8	5.29827871621533e-10	1.4299428915532402e-11	-3.306264215509668e-11	8.308032550791286e-10	2.0070615918458825e-11	-1.683120187470834e-8	-3.1151815884608904e-10	-5.117869463659357e-9	-1.1028211193656708e-10	-2.2927673907183632e-8	1.2492377085973763e-10	-1.6575118876698525e-8	-1.8777788121809287e-9	-4.615325816964057e-10	-3.587645376135608e-9	2.1667558455693512e-8	-1.4475636226498622e-11	-7.384332772196418e-8	1.565543071722034e-9	8.26457355826775e-9	1.5624445488740166e-8	5.071752571656451e-9	5.560504492520289e-9	-1.3457724272435122e-6	-1.919185425750505e-7	-2.7279011392310436e-9	-2.330161924777539e-10	-2.34722718066682e-9	-6.260637244766344e-8	9.71893196905866e-6	8.133239125760781e-6	1.0036139466323681e-6	-3.79314534683386e-7	-1.6864827626993657e-7	-2.1617432042909973e-7	4.1581712632811256e-5	2.3962987946118177e-7	9.688018320183036e-9	-2.769856446495989e-8	-2.417421785463489e-7	2.2398578336846235e-8	-4.25840532899305e-6	-8.12219366657973e-8	-3.420935833795972e-8	-5.405464595370751e-8	4.703723554710404e-7	9.867250293019595e-9	2.5844989144191008e-8	3.3174108432888805e-9	8.059371780791857e-11	-5.401674264714194e-10	-2.5921876080313456e-8	-5.805498443279988e-10	-2.360098809100447e-8	3.420409448262329e-10	-2.0118688662277739e-10	-3.2941492374951924e-10	8.432642259249581e-10	-1.827178870560667e-9	5.4812363473489875e-9	-2.5726078687241687e-10	3.1593511470101646e-11	-9.110586693629411e-9	6.248195217307231e-9	-5.299028497974602e-8	-7.449081653722201e-10	-3.7712031070666364e-11	-2.7913932831233483e-9	9.915112831651842e-8
63.0	-3.188676367481888e-10	7.240006345932133e-9	-2.395292317309795e-7	-8.3990518315101e-9	3.8394995762129225e-10	1.0616420228744292e-10	-1.5310280277410173e-9	1.248800632474866e-9	5.4220453094665304e-9	-5.004475563209657e-11	-1.8444152980803708e-8	-1.5870359633269383e-9	-4.070266616617428e-11	-2.4757552252003793e-10	-1.1739820989319294e-8	-4.285724014289726e-8	2.7256273694478617e-11	1.5815465813493906e-10	-6.265945068420875e-11	8.455920257027386e-9	4.118372011600766e-9	-5.259345991442137e-12	-6.029735619639724e-14	-2.4404259236482166e-10	1.49835888490554e-9	-2.6512353620624087e-8	-4.1982465409294255e-11	3.594041542053985e-9	-4.043573981335731e-11	1.2339381104454384e-8	1.0558180326085338e-9	-7.439679606020009e-12	-2.049461488192276e-9	-1.9381328930254586e-12	3.3246988710637903e-12	5.056880552183689e-9	-4.163149929109681e-11	-3.119684490140569e-9	4.722457422529715e-8	1.865616138635592e-9	-2.962297936712655e-9	1.2523864927804853e-9	2.507146907995748e-12	2.8303278094435515e-9	4.2935625901478593e-13	8.426439673826768e-9	5.214526222779347e-10	3.3648363227871237e-9	-1.6156552815389474e-8	4.655973566135164e-9	-5.236786365448789e-9	1.5517530623770523e-10	9.495264256040456e-10	-1.4500104185504136e-9	-2.933664032606865e-10	1.3770673039242048e-9	1.2452461653705506e-9	2.259957701593631e-9	-3.126880973015988e-8	-4.373024331635728e-10	5.98247667995169e-9	1.1439818045221974e-8	-1.5627101201785837e-7	8.411716076351424e-9	-1.8060581617194757e-8	-6.208913261165026e-7	8.297251010485127e-7	-2.302210982322379e-6	-9.43525526573309e-9	3.4619409872736746e-10	8.671838701575496e-11	9.07695809504771e-9	2.0565458123729633e-9	-1.3794432602457944e-9	1.4575476686947406e-9	-2.0339636026338285e-11	3.9614905400122895e-11	-1.3476734279187205e-9	-5.378110979367734e-9	8.321032585351066e-10	3.97292820220423e-9	-1.2397648262988857e-10	-1.9571970939046795e-9	1.4430445840226816e-9	2.2959595095428153e-9	-1.2175885549843085e-10	-1.8694476116149733e-9	1.0394775204544678e-11	4.855666645624226e-9	4.355032461234488e-8	-3.1545430441362646e-9	-2.0240410820307617e-9	-1.1527670099501155e-10	4.151805070886999e-9	1.0266123622692815e-8
64.0	2.565975057771209e-10	3.0956207623175766e-9	-2.456144080820616e-7	-8.068548190353305e-9	6.578192416321155e-10	-1.1460672260591745e-10	-1.0257667130590408e-9	1.2072514831680415e-9	6.153971386124261e-9	-6.571993509894966e-10	-1.8688233967314878e-8	-1.5601957261050992e-9	-4.446113447913042e-11	4.1215596551597543e-10	-1.1961304464085351e-8	-4.518380720372735e-8	2.674805033895475e-11	4.5157729712235216e-11	-5.99388526479487e-11	6.4041289430293535e-9	4.571804140566285e-9	-8.081760418755842e-12	-7.648900675278505e-14	-2.8829226453179473e-10	3.0374805742018306e-9	-2.426479901114452e-8	-3.131379590441303e-11	1.1623996958949724e-9	-3.6107119395329916e-11	8.489910870046802e-9	1.1447809833668832e-9	-7.116223558020899e-12	5.47670281480504e-10	-3.191406454048666e-11	3.4082976624518424e-12	2.2244119224128052e-9	-3.897770317324593e-11	-1.6537973697889268e-9	4.778588096719266e-8	1.799805895002354e-9	-4.4965481564023345e-9	1.4044811153922648e-9	2.7212022752590084e-12	1.0981085401542255e-9	4.237327017997972e-13	9.343062657459353e-9	5.471215364081966e-10	3.726737198905971e-9	-1.6162232722274937e-8	2.59731978957808e-9	-3.95169260403206e-9	1.6436164982317406e-10	-7.40031614334313e-10	-6.47105177931771e-9	-2.9093270944422637e-10	1.9901005623958546e-9	1.5984239346189175e-9	3.10781703051888e-9	-3.147199595408892e-8	-5.0131415206592e-10	1.6979920891363511e-9	1.7719377321173078e-8	-5.3746998680501404e-8	1.7000480880855205e-8	-1.850500872836903e-8	-6.330080759311749e-7	7.927707501196698e-7	-1.6963115840083183e-6	-8.455514428058541e-9	3.6384452927287306e-10	8.086023794755322e-11	6.7246592747243065e-9	3.875189339674393e-9	3.838318217573005e-9	1.2721811168242947e-9	-2.7945106219428036e-11	3.1311238455524315e-11	-1.7362008641902587e-10	-4.224628087076627e-9	8.046410611273485e-10	3.545749514352991e-9	-1.6152175922143828e-10	-1.6875023855366394e-10	5.621604453650753e-9	1.299397458655713e-9	-1.7471244062366383e-10	-9.267105703074118e-10	-2.077848550311965e-11	6.233370511097061e-9	4.3707889543995897e-8	-6.264485644429346e-10	-1.6109180125002273e-9	-1.1773537386818397e-10	3.769806487512275e-9	1.2271229233317078e-8
65.0	3.2877904353887076e-10	-6.939362026276862e-9	-1.5677557687954727e-6	-1.5031437494473192e-8	-9.920977666687295e-10	-2.7061298487456315e-10	1.681136463430628e-10	3.167806083020203e-10	-1.3982934437974674e-9	-4.968724013527169e-10	-9.175462733820563e-12	-5.73811256960375e-11	1.459467875830846e-10	-1.7877717107282594e-10	1.8535898940703125e-10	-7.235904653682204e-10	9.070838417967884e-10	-2.939224644311882e-10	-5.7908106274763744e-9	6.92596123978446e-11	3.3540006207053645e-11	1.0147605522509539e-12	-4.098619922916637e-10	6.774972933165371e-10	1.799381104546414e-9	-1.4998779153685252e-11	-7.034032110527314e-11	-4.0522652463027176e-9	2.9408924739957647e-8	1.0105895936487077e-9	2.4693189319763528e-9	1.766333169494351e-8	2.8523921752510014e-10	-1.9040592917894116e-11	9.403261265411947e-12	9.190234859509181e-10	5.756058696658346e-10	1.3009069109765745e-9	4.0679262602016093e-10	-2.726275751717244e-9	-5.014294514093441e-11	-1.6154013117475155e-9	4.390611229294081e-11	5.101355049980849e-9	3.941785521868097e-10	2.500631631587305e-10	4.820132764929862e-11	5.510032510061295e-9	-1.970320621506615e-10	-2.869092306963871e-9	3.2645194046159377e-10	-4.411345121954261e-10	-1.1520756645642497e-8	-1.296701565136346e-7	-1.0354819402411153e-8	3.682601896736629e-11	4.934084605838275e-9	-4.456270414551472e-8	1.5607234171801534e-7	3.898572753923748e-8	1.7433826196414328e-8	-6.317464356199436e-9	0.00011358485137994055	2.5304630702387954e-6	3.7417691760310627e-7	3.3987700502834007e-7	1.015458751547162e-9	-0.00021560387349049605	-0.00024759957283221784	6.708051394174106e-7	-1.6645161365243566e-7	-2.4998760183104777e-8	-3.348997575850448e-9	-7.91073176924778e-7	-2.83013577664434e-8	1.537789256607992e-9	9.49074482821905e-10	3.450012775676586e-8	1.0451416235241116e-8	1.3089962311201987e-7	1.705810464486339e-8	-5.905451455388267e-11	2.4386401342703462e-8	-2.19592573296525e-8	1.5005422969931783e-8	-6.575291886811824e-9	-1.7781908120939952e-9	-4.334672639565345e-10	-2.8582264928390433e-11	5.580755637363929e-9	9.861286032919258e-8	1.2333573172408175e-9	1.2451235874218201e-11	3.0121287061290246e-11	7.292601530935845e-9
66.0	-2.0476117319802664e-9	-8.417186034954355e-9	-2.1546503162337634e-6	-2.0415059868889114e-8	-2.9658663326892215e-11	-3.6747809151132436e-10	1.4432949919918078e-10	1.4502108260129496e-9	-9.402092269275874e-10	-6.748423495052385e-10	4.339537878814064e-11	-7.649330012237636e-11	1.9784822825445738e-10	-2.9669265901266357e-10	2.6021010346248613e-10	-9.958180487143555e-10	1.0704654793963542e-9	-3.7884990764164914e-10	-1.0790518817936203e-8	4.105519766988114e-11	4.6112914890040844e-11	1.6906274186832942e-12	-5.595450740725836e-10	9.20296582307118e-10	2.441688428923604e-9	-2.5393435973793453e-11	-9.663005795934663e-11	-5.557381255124684e-9	4.4250301031819325e-8	1.323995802614074e-9	6.535458356968365e-9	2.419561306073203e-8	3.9132819837841883e-10	-2.571492674901419e-11	1.3087060149863146e-11	-2.079191191791663e-10	6.191972145881958e-10	1.7613945657771656e-9	5.62326938144239e-10	-3.714828436698969e-9	-6.96567360604785e-11	-2.1859838495261756e-9	5.95564266575936e-11	7.907273622813806e-9	5.428730208366765e-10	3.4058906742395624e-10	7.07808813293361e-11	7.295756039621961e-9	-2.2498356859945794e-10	-3.972137952113256e-9	4.3863993774377507e-10	-6.622282774401672e-10	-1.2527739038543954e-8	-1.7559780897071665e-7	-1.4067006752008116e-8	-7.603597925386903e-11	6.270450595064046e-9	-6.532968325468128e-8	2.2761572257026296e-7	5.269401343683934e-8	2.4016185966540615e-8	-4.336002088378802e-9	0.00013585951710232735	7.829716420819427e-6	1.4135431144106101e-7	4.723750362062929e-7	9.431633812321617e-10	-0.00027816785726609655	-0.00031935445459589065	5.390471088692307e-7	-2.112691456769001e-7	-3.405916479063807e-8	-4.519649089379694e-9	-1.0393101921465982e-6	-3.75373380279143e-8	1.9993385898499937e-9	1.2616238893944122e-9	4.677480915547956e-8	1.3944089882451055e-8	1.7451049821632766e-7	2.287458660290837e-8	-2.251318856367521e-11	3.26362234328142e-8	-2.9958265837647926e-8	1.868249746354305e-8	-8.837383844083155e-9	-2.3902120589192995e-9	-6.15057070486783e-10	-1.0565223293730067e-11	3.763134997059589e-9	1.3305900059573148e-7	1.537135642251484e-9	1.6695046492069937e-11	4.610136564647987e-11	9.604583877543238e-9
67.0	-2.2961438644154235e-10	-1.4312730913621864e-9	-9.273078443995454e-9	-1.0120945558781288e-9	-2.5482769170161272e-9	1.741532556476772e-10	-2.090008427609518e-10	-8.642674069713528e-11	-2.5876595396956493e-10	2.064600105071218e-9	5.4437793154339476e-11	1.0704340343164352e-9	1.6265330765372735e-9	3.7521586443385986e-10	-1.2627879180306852e-9	-1.3373418224306848e-10	1.0641784777710908e-10	1.394038562070145e-8	7.968813229448502e-9	6.419221682902621e-10	-4.859694515324373e-10	-1.3929320110192607e-10	-2.0996291140460643e-10	-3.708362340733872e-10	-4.309119471594449e-10	1.6688923766442494e-10	-6.124104632460958e-10	-1.296031312310936e-10	-1.3455551170154382e-12	-1.5938258423689754e-8	4.200046299665333e-11	3.6351974037569864e-10	7.003272164309159e-12	2.2975956228101542e-10	-2.6120812299749734e-12	2.77338971239088e-10	3.5002036677833985e-10	-4.5525536286624736e-9	-1.3298337833708795e-10	2.25599293983434e-9	2.1008521521380637e-10	5.498445541686994e-9	2.2720090407718497e-11	-6.8960570645079664e-9	1.6880659257510772e-8	-8.248712660771936e-11	1.1901358509304012e-8	8.896966839821225e-9	1.7809955083910113e-11	-1.913200970960303e-10	-2.349384899081762e-9	-1.7899963703810525e-8	-2.8572570536442335e-9	3.543524643559439e-10	-1.4774017993810131e-9	-4.8546925466081524e-8	-4.908475615191735e-8	3.9103463900424927e-7	4.505839388475255e-9	3.974489050882885e-9	-6.646649195832847e-8	-1.6443428709679104e-6	3.921612234780622e-6	-1.0893502367125237e-6	-6.69917293851108e-7	-3.6839717881755104e-9	8.925287132165156e-7	0.00027999238029065304	3.2518128090919986e-7	6.113079551122372e-6	1.166450756371362e-6	7.247281961899156e-8	-1.2610698407247352e-7	2.209229863067337e-6	-4.185088568966808e-7	1.839282720856894e-7	-2.4599991091036326e-6	2.1679780850566257e-7	5.074206350612402e-8	-1.6783400460562345e-9	1.9387928676879316e-10	2.5490325160981437e-8	-3.4510213809783163e-7	-2.102746860573059e-8	1.0420670063313011e-8	5.322514374644782e-9	4.125738313067566e-11	8.679645291081742e-9	-5.162964331034658e-9	-1.1375126747963077e-8	-4.7236294257666464e-8	-7.236005548937168e-8	2.963856943301257e-9	-1.0689654367024305e-9	-3.111756300258044e-8
68.0	-2.54898739907138e-10	-1.1856541120560979e-9	-6.585997629622602e-9	-7.649051092582445e-10	-1.9634453220860983e-9	1.326007787199208e-10	-1.596368489810839e-10	-6.172141944193168e-11	-2.0129696861711308e-10	1.6202514825700105e-9	4.959792936640622e-11	8.199500031468861e-10	1.4410399973525988e-9	3.0072194087501097e-10	-8.884901273140825e-10	-2.406941884004983e-10	8.506290813268786e-11	1.1223341041836178e-8	6.1464226074337505e-9	4.799282950651677e-10	-4.737584007196546e-10	-1.0567731157498583e-10	-1.6176634312075037e-10	-2.8302641123627533e-10	-3.28461584562112e-10	1.264093196940865e-10	-4.2993290646847895e-10	-9.915437171780415e-11	-1.0396475720562556e-12	-1.1396410297178148e-8	3.234667761697038e-11	2.7763322704190433e-10	5.324407994180179e-12	1.1838486595959555e-10	-1.850243156554383e-12	2.1283765868304505e-10	2.717056780041872e-10	-3.486830256757937e-9	-1.011985787438622e-10	5.690784810713897e-9	1.6014018417461442e-10	-4.724982888615135e-10	1.6418751369076838e-11	-7.600320191167095e-9	1.1057307146766497e-8	-6.348665931893548e-11	1.071494702385483e-8	6.9092539681190116e-9	1.4175661875806933e-11	-1.483301508921647e-10	-1.826888573800636e-9	-1.371050587538048e-8	-4.270865719317206e-9	2.8196302486330335e-10	-1.227950329657686e-9	-3.7941631930453055e-8	-3.922138226725465e-8	3.0016644430965956e-7	3.427015497310224e-9	5.14775508953234e-9	-8.179097311495181e-8	-1.31801523963751e-6	3.1112088434834817e-6	-8.340596301354164e-7	-4.997659108779614e-7	-9.730174363910233e-9	2.8973157344605367e-7	0.00023995321777292572	2.5231424099554047e-7	4.602707113238317e-6	8.818058479940573e-7	4.9790539473370696e-8	-8.529516403175456e-8	1.7923635841119278e-6	-3.125326666998548e-7	1.4078791968512972e-7	-1.8791933546277494e-6	1.5945457708565072e-7	3.703141764137262e-8	-1.2855753191943603e-9	1.2915794985583942e-10	2.070435520720728e-8	-2.639191720827447e-7	-1.626311532934332e-8	9.443830454525718e-9	3.929857497797502e-9	4.771482359835088e-11	6.6669842534270665e-9	-2.4642565873790197e-9	-7.911195348832918e-9	-3.1391276892184404e-8	-5.3265590499450096e-8	2.173314241217194e-9	-8.109678145106298e-10	-2.22250183231659e-8
69.0	-6.37874648160423e-10	5.16947158753076e-11	3.0853553167141695e-8	6.556058881508894e-9	-5.38645766709359e-10	6.965479994555036e-12	3.249301129140678e-11	-5.37583059688225e-11	-4.039997342455987e-9	-2.42264552190362e-10	4.936228374235954e-9	3.2385451970141037e-9	-4.627205846365236e-9	-5.523244770021422e-9	-3.1769933276036693e-9	-3.828358765950677e-9	1.712033716219489e-11	-3.317723012290878e-10	-6.501706845993441e-10	1.4767453058843023e-8	-1.0587848502813142e-9	4.7657720730161546e-9	8.590162965019582e-11	3.561360962164762e-11	3.6072507052858683e-9	-2.1567724508555438e-8	2.300927803905478e-8	8.166012365478709e-12	1.4140510248531313e-10	-3.4913327038437696e-9	-6.468338038485339e-9	-8.226018627825666e-11	-3.026431951755634e-14	1.1853838634748444e-9	-3.317498699320553e-9	-1.7452402308612975e-11	-4.282938345107208e-11	1.51354379957281e-10	-7.948190042110675e-9	-5.093704174782694e-9	-2.039689126391745e-12	-2.217887836969592e-11	-1.258834219855065e-8	1.55773272796367e-9	-5.6726437938585975e-11	7.04871991047608e-13	1.0775614483277956e-10	1.466403573783747e-11	-7.246673032974146e-13	-1.4269754234202639e-11	-2.2716640909581237e-10	1.0442289908109626e-12	-5.6301529033616245e-9	-3.0427484192697476e-9	5.810863865619351e-12	-1.7751902042264467e-9	-8.452503564944928e-11	2.3749344178024826e-8	1.4702981951048895e-10	-1.6861064390871507e-13	-2.836818056456757e-11	1.0904746702473518e-9	-5.784151859732676e-9	2.019038122876152e-10	4.4450321886616627e-7	-3.032218983240648e-10	-5.754045241458488e-9	1.1979437010456806e-7	9.150751600045948e-8	-1.7064091801103786e-7	-7.176905791466985e-10	1.8269190645822038e-7	-4.06882473514247e-6	-2.2734790799354118e-7	-2.2940114796055854e-9	8.68549016616345e-9	2.6396175343468502e-9	-3.7171729499097336e-8	-2.427277211601211e-9	6.310405151973752e-9	-1.3011084824354932e-12	-5.184310991561475e-10	-1.0188450079117904e-9	-1.357180576688374e-9	-4.024991757995408e-8	5.623175646112137e-11	1.7070253529541101e-9	4.942566048544516e-10	-4.765374944290744e-9	-3.1075299620250516e-9	-1.0320945720294055e-9	1.0822853701136317e-9	-1.083220145039309e-9	-2.3240106354482526e-9	1.762011050497473e-10
70.0	-6.813329992777223e-10	1.3747638258655152e-10	3.1697591416740087e-8	7.4124393215394455e-9	-5.057653872082384e-10	7.926882911460263e-12	5.941732676868963e-11	-3.0321602312015525e-11	-5.227682403865556e-9	-8.814656502439998e-10	6.403573756670969e-9	4.80608630038771e-9	-5.3878682802689045e-9	-6.686950022896601e-9	-3.762703693993343e-9	-4.7898096800902895e-9	1.9314378669027175e-11	-1.0062920575025636e-9	-7.881851025959263e-10	1.7036431756940597e-8	1.8552210768059964e-10	6.127881548934256e-9	2.868881548390627e-11	3.668678103421761e-11	2.5917709469894906e-9	-1.8097671801007472e-8	1.9700930431447795e-8	8.267530810389725e-12	2.0089793807548564e-9	-4.593090389500093e-9	-2.7086185948141513e-9	-8.675257006461371e-11	-4.913517083938002e-14	1.1252675857015913e-9	-5.474366023562259e-9	-1.8414915017438742e-11	4.002393726739254e-10	1.5592828679087812e-10	-9.327762110725973e-9	-5.1765886758140034e-9	-2.202096280492771e-12	-4.784971870553822e-11	-1.4492072126949235e-8	-2.120877418850212e-9	-6.969486582611923e-11	1.5073600869812792e-12	1.508232775834274e-10	1.6322051087136647e-11	-7.960719715595546e-13	-1.605208328575626e-11	-2.0148805701716273e-10	1.6589084135443136e-12	-4.159335034799699e-9	1.2706658217430523e-9	6.21875842317314e-12	-4.4720358056938764e-10	-1.3057873955385752e-9	3.293874415563786e-8	1.5384388662516513e-10	1.1872034191701764e-11	-2.7890157858927327e-11	1.472292078435197e-9	-7.728329699100544e-9	-5.092019633864666e-9	4.5105767175568943e-7	-2.7533375527927654e-10	-6.334333073583943e-9	3.4780059910150555e-7	3.16423577479329e-8	-1.8530317279812473e-7	-3.48555269861335e-10	1.8734147215077658e-7	-3.907685867027452e-6	-1.6767442288324235e-7	1.4229924445508416e-9	9.228749449426307e-9	3.424290160815183e-9	-4.1579245956380606e-8	-2.3498988140397448e-9	5.190655362949212e-9	-2.4080903706919116e-12	-1.4945385095141063e-9	-1.1226495642669446e-9	-9.647898168003435e-10	-3.9935857252627985e-8	6.488093408847605e-11	9.245611903795218e-10	4.847772846912058e-10	-7.855327740420847e-9	-5.105351413207558e-9	-1.0046407250060417e-9	1.4302968035424216e-9	-1.1620772515719092e-9	-1.9887367510949957e-9	-2.5892632575903315e-10
71.0	-4.018444477209898e-9	-2.8985426781610044e-9	-4.729818764438463e-7	-2.191716523166828e-9	-2.1632607302167934e-11	4.695116661853497e-11	-2.018456450711771e-10	2.8672588653290715e-10	-5.910123040285257e-12	1.124786246242743e-10	2.3950429147094746e-9	1.513281833962138e-10	-8.563461984438875e-11	-2.2994853105631288e-10	-9.07871718471402e-10	-2.1424827593148943e-10	3.94663122820159e-9	1.116846688270279e-11	-3.4193617015935248e-9	-6.718201480295402e-10	-4.1747860368099003e-10	4.4620492087472527e-10	-1.4384906925648255e-10	1.2920495812107419e-9	-8.847829445377454e-9	3.1150094643207195e-8	-3.086258956656367e-8	-1.2992093961342201e-9	-7.544790796864304e-10	1.5446974956029092e-9	-3.1530695532661004e-11	-1.2148153461618765e-9	-5.974882996404513e-11	1.800978981845405e-10	4.825422634901123e-12	5.7835397881304465e-11	1.5813469330027803e-9	-3.0087495036130296e-9	-3.92042191048067e-9	-5.064667059644317e-9	-9.909608367266138e-11	-2.140272625563963e-9	4.978451305993073e-10	-2.799560521948256e-8	-2.0130948798533364e-10	4.435725414310808e-11	-7.041696966215144e-11	-4.0298696140998837e-10	-3.9934430116375705e-9	-3.1468305115884184e-9	8.455445662866752e-10	2.3738240812028947e-9	6.979324218948446e-11	-1.0386242638125683e-10	-2.4589838599627278e-8	2.2390359865991587e-7	-1.0016577057122136e-10	-1.0597601801332901e-7	-2.8237093974861296e-8	7.968637905901476e-8	-2.8609080884710194e-8	-8.514626570340693e-10	6.348211055459783e-9	1.7736976965634865e-8	-4.6423300352366296e-8	-9.916632908752756e-9	1.0591251812952387e-7	-2.567470112041147e-9	-9.521896027911815e-5	3.3791208179774493e-6	4.1099323187702736e-7	3.246720196411334e-7	-3.1672720520689625e-9	-5.402774561066993e-5	0.00018314562555077384	1.3137932199287754e-7	-5.856782663661512e-9	3.721512969129909e-7	-3.729758818479052e-9	5.133931595356266e-7	1.6646185475699663e-7	4.504257834573003e-11	-2.7922301109737447e-10	-9.890480370637591e-8	2.3283201303286528e-8	7.927678280230703e-8	4.8792970095859676e-9	-3.6367323624462086e-10	1.3143759426586169e-9	1.05417581935958e-8	-4.2322280859097995e-8	5.043897062440158e-8	-1.6034526742064186e-8	-1.5814443619371739e-10	-8.595673214981428e-8
72.0	-6.094606223843713e-9	-4.025758701675782e-9	-6.523055623265852e-7	-2.9898830065294425e-9	-3.8313929468303426e-11	6.520935671941072e-11	-2.7515344028996713e-10	6.903993818840709e-11	-1.2935694692707048e-11	1.5142648976926155e-10	5.135009926827617e-10	2.1041289638549139e-10	-1.4154349826649223e-10	-3.094803799238602e-10	-1.0749665042708956e-9	-2.980250291328002e-10	2.068904519239117e-9	1.3318236643061034e-11	-1.1734415651680087e-9	-1.0460444725671092e-9	2.8796225752883076e-9	5.069621174608105e-10	-3.081458961516523e-10	1.7474150581008432e-9	-1.734525796897469e-8	4.425925322255335e-8	-4.295395350735168e-8	-1.7775233859819295e-9	-1.834927000913629e-9	2.123640661740137e-9	-2.4979270013740626e-11	-1.6670019587130236e-9	-8.062822783688936e-11	2.4696336761462475e-10	6.59849161517047e-12	9.31547961890061e-11	2.12793477724495e-9	-4.123783183624265e-9	-5.230451031975065e-9	-7.0026147278390476e-9	-1.3503252054851528e-10	-2.8671143423303352e-9	6.687726243491735e-10	-3.8476259785513354e-8	-2.753794080004163e-10	6.944189774000828e-11	-9.571762695255461e-11	-5.577277818520736e-10	-5.48411539485586e-9	-4.28724173423047e-9	1.1581900145700893e-9	3.242443360747731e-9	9.418424936752455e-11	-8.165703665153252e-11	-3.0879977512647996e-8	3.1010784322548417e-7	-1.3537267283624042e-10	-1.4628987317101882e-7	-4.7541768696519066e-8	1.0811664704121835e-7	-3.892515045401699e-8	-1.2967446213661394e-9	8.103841932428542e-9	2.6016669893605665e-8	-6.791907857831219e-8	-1.4028813575618742e-8	1.4643216005413218e-7	-3.786387596853544e-9	-0.00011404216414834084	1.0474043340855002e-5	1.57656563503608e-7	4.532808881080619e-7	-5.362299191078395e-9	-6.978227002106538e-5	0.00023677827859186392	1.07614409723089e-7	-7.435567729966826e-9	5.09260496972105e-7	-5.284235267373138e-9	6.757797756757438e-7	2.2141890012352315e-7	5.942924648969822e-11	-3.7319590221210026e-10	-1.3444883052031527e-7	2.9586206328344947e-8	1.0605234101487884e-7	5.7423386965348815e-9	-5.065892968629407e-10	1.7724610706490346e-9	1.1313747306534768e-8	-5.700048737413427e-8	6.567931215576468e-8	-2.1637712634528943e-8	-7.788481201706614e-11	-1.1588204712417865e-7
73.0	1.3803661544269663e-10	2.9240506243310973e-10	-5.811583520007271e-7	-1.7875571843911495e-8	-1.491324186081802e-9	-7.381909361900289e-10	-1.3536877673412123e-10	3.183603639181306e-10	2.603518306195761e-11	-7.82387313974053e-10	-1.10545296955899e-9	9.456128020677183e-10	-7.183867462748041e-10	-6.874450642208748e-11	-1.928773668674553e-9	1.335648417834887e-9	-2.8301861410655694e-9	2.6625885559405985e-9	-1.6112367373889108e-10	-2.235482944515568e-10	-8.092334498134023e-12	4.680907021185104e-11	-2.1149628757699e-10	1.0622993777870157e-11	-2.7716172673734948e-9	-2.735671050174586e-10	-1.8863148273395548e-10	-6.41883556441435e-11	-8.381102079042682e-13	-3.975991605897471e-9	4.138097364491172e-9	-6.987209193334519e-9	3.627943424329937e-8	6.357005115338063e-10	2.78085771675923e-11	-1.9693169088958852e-8	-1.723361037945907e-8	5.448122776178838e-8	1.0776199996708638e-9	-7.142907965309127e-10	-1.8686801422502587e-11	-3.8529460619111087e-8	-6.183259349376799e-9	-1.3487253019139105e-8	7.96725023325508e-10	2.0818769386466484e-9	1.378748256697096e-12	5.459406050347742e-9	6.002425001437111e-10	-7.513672390783834e-11	3.130599859172118e-8	6.0957144684635485e-9	-9.145432816457564e-11	2.3254003412208906e-9	3.3171278991670106e-11	1.501033339687893e-8	1.4957607458049297e-8	6.375967071856132e-9	8.865010303095722e-10	3.403302247041858e-9	8.590082248733903e-10	1.705400968982703e-8	1.6891323537549188e-7	4.770367815376601e-10	4.358189584876038e-9	2.896623602859381e-8	-3.999017657311823e-8	-5.912688585192016e-7	3.830851124565875e-5	6.297707811970378e-7	-1.272728187589331e-6	3.001015717501325e-8	5.510361499466431e-6	-9.041538682048048e-5	-3.4792454042983313e-7	-1.8415724176685417e-8	-2.625504386517894e-7	-1.883013812468926e-6	2.7369836875160545e-7	-4.881234307612246e-7	2.384685757765035e-8	1.5645545198913372e-9	-4.304993158678753e-7	9.622861837359728e-9	4.680134681950633e-9	-2.0454165891115945e-8	1.649867030532675e-10	-8.360275907215177e-10	-4.935606683947912e-10	6.806623810966399e-9	-1.0505241424146017e-7	-6.400831318758943e-10	-2.790658305142688e-9	1.5200799884152495e-9	-1.7496202922351783e-8
74.0	1.1154421571282555e-10	2.406459116041863e-10	-4.5206520369056183e-7	-1.1155255207187683e-8	-1.1552140378248529e-9	-4.3125453428657375e-10	-1.0491639258714438e-10	2.5114401147203014e-10	7.701509496777378e-12	-6.000375303593407e-10	-8.242979626311427e-10	1.5393105582288648e-9	-9.359560964521931e-10	-1.2489378363505025e-10	-8.959481923718775e-10	9.265997562332249e-10	-2.3884048163452597e-9	2.0348181136490314e-9	-1.259214436107782e-10	-1.7388530883043938e-10	-5.852495955523775e-12	3.6501724620707947e-11	-1.6403344526313137e-10	-1.1353735443982152e-11	-2.0997784483678584e-9	-2.1242333831578383e-10	-1.4520280953983013e-10	-4.980632099896831e-11	-5.993292786087875e-13	-3.0718911814420427e-9	2.9342090659807965e-9	-5.424907913725495e-9	2.3121757901050997e-8	4.93265865417144e-10	2.0262645082383584e-11	-1.387142573388156e-8	-1.3386966313612711e-8	3.7377404674958906e-8	8.399578383830897e-10	-5.534338378349057e-10	-1.480760696204286e-11	-3.012976638611508e-8	-2.6809102303976993e-9	-1.0520904020106985e-8	6.224674371290799e-10	1.6350765247885342e-9	1.2253743715913813e-12	4.388604390364372e-9	4.678777941923224e-10	-5.873998437559812e-11	2.583653529774771e-8	4.742097653793666e-9	-4.22664277260538e-11	1.8445769151748673e-9	2.453968516964961e-11	1.3196149079073324e-8	9.985493239405562e-9	4.992023702981416e-9	7.096845372446551e-10	2.7388582865028324e-9	7.932919440641229e-10	1.3385318172982987e-8	1.3490778644119273e-7	3.7304128870499606e-10	4.9679644127034424e-9	2.7770331773553437e-8	-4.927208368602484e-8	-4.826071258170744e-7	3.0808749682267484e-5	4.902761854511238e-7	-9.673483600558789e-7	8.086395924075555e-8	1.7965405468178054e-6	-7.87006138939426e-5	-2.75448904889604e-7	-1.4097774217693622e-8	-2.0196779243851702e-7	-1.2966310755341203e-6	1.886387601642511e-7	-4.020144348624182e-7	1.7914029204410464e-8	1.2182765761065451e-9	-3.3518718580576273e-7	7.607767210371301e-9	4.230294013906648e-9	-1.5720457731245315e-8	1.2030241123355247e-10	-6.56228787308644e-10	-3.827717035924311e-10	8.09231310500036e-9	-7.814579714434829e-8	-5.742901088561021e-10	-2.0589843994907996e-9	1.247474461544435e-9	-1.335347768904815e-8
75.0	-1.3452757622879989e-11	5.365682347844735e-10	1.8622762908324676e-8	9.065601070800613e-10	2.1996082458604825e-10	-6.769979444527903e-10	4.818042313747369e-9	7.162488958714161e-10	3.7011128553886846e-9	5.573801754533184e-9	4.899858570170041e-9	-9.246616124969744e-10	-4.5044995308914194e-11	5.44312156876522e-10	-3.610506530878885e-10	1.7721211022719829e-9	7.689255464766267e-9	2.6881005686533216e-12	8.517448015857631e-10	5.860092933866255e-11	-2.701123922387809e-9	-3.596051801514657e-9	-4.8087148174028584e-11	-2.226627377705631e-9	-6.702486343140921e-11	-5.43643268649812e-12	3.3414314571797705e-10	-1.0239277934970445e-9	6.052698936683253e-9	6.780177633066366e-9	7.081681837789972e-9	-1.0984817070383543e-9	-7.549195896074028e-12	8.868712927804799e-9	2.7122541959367024e-9	-3.5949645738917016e-9	-1.9856124088475376e-9	-8.884547998743987e-11	-3.9810576057844003e-10	2.8104293612978404e-9	1.6101387396665603e-11	-3.167035591775297e-11	9.293045475190304e-13	-4.941924104435302e-9	1.4669185219441203e-8	-4.751923321883287e-10	7.229581169196282e-10	-7.016368337764402e-11	-3.8215439490629554e-10	-6.201110427079429e-11	-8.65831767619536e-12	-4.0769029526765087e-13	-2.5644811471193764e-9	4.5128327046591786e-10	-4.554362226151117e-8	2.9096866165015e-9	-3.6700274314219364e-11	2.4669733663501296e-10	-3.572463258468809e-9	4.714656772069073e-9	8.194764868728187e-10	-4.273423737415828e-9	9.170401504482845e-9	1.3243109773444233e-9	8.570627009706446e-9	2.2273149910548554e-9	-3.73510643542666e-10	-1.8993909613537293e-8	1.4496931320355507e-8	-7.984854845508414e-8	4.283272569082752e-7	1.6585674097929993e-9	-1.0618023544672786e-8	-2.193997661707267e-7	9.103000498745529e-7	4.462878032044373e-8	-1.1181981813341864e-8	3.0055937733319693e-7	-5.681104260981165e-7	-1.8767794031001762e-6	7.263525000814689e-10	3.005641502999066e-10	-1.2747382721013853e-10	7.736668555612385e-9	-2.257980522852701e-9	8.265084438239546e-9	-1.162864974794842e-13	-5.634723420207683e-10	1.3810049603801434e-8	1.0051788926655874e-8	-5.131484355514174e-9	-6.977457487055585e-10	-7.717432830271317e-10	2.611529010235703e-9	-2.2150887947566035e-9
76.0	-1.3275770402399697e-11	-1.3759231459174388e-10	1.854588921750837e-8	1.2080587516316157e-9	1.8202198231654876e-10	-9.800553007586305e-10	5.89300330477359e-9	-4.6007947498317263e-10	4.088077351369969e-9	5.2279056620420625e-9	4.841406260478835e-9	-1.6857529605465222e-9	-1.2808016971288212e-9	5.823594646449009e-10	6.013962542160251e-10	3.02286144014471e-9	7.403468386750815e-9	2.9522608825161357e-12	9.56759493635112e-10	6.154185622304298e-11	-5.165682368687462e-9	-4.86097334831476e-9	-5.732757058241972e-11	-4.07584678165623e-9	-4.13997092039372e-11	1.3357186373813907e-10	3.7026051066082123e-11	-1.4408824526122617e-9	8.23225919527741e-9	2.325484413319957e-9	1.0208431967120717e-8	1.7367975320007572e-9	-7.838245774384667e-12	1.0654222174303158e-8	1.0881943429861626e-9	-4.993091361891391e-9	-2.119796480123981e-9	-9.625340432811805e-11	-4.20076951652108e-10	3.175625443041178e-9	2.16581473424671e-11	-6.747056103119553e-11	1.0202677482729032e-12	-7.4031322507907815e-9	7.472352767447108e-9	2.1578256218377415e-9	1.182403543125424e-9	-1.0197398025056361e-10	-4.334007042095891e-10	-6.689232612015142e-11	-2.238294089490104e-11	-4.289348602656062e-13	-2.4667281003407108e-9	5.098574763257944e-10	-5.246028682484839e-8	4.550780124055955e-9	-5.3077878441991e-11	2.6175279964227413e-10	-5.83631839972563e-10	-3.1974530053732152e-9	7.083212182594446e-10	-5.0715277035382335e-9	1.178908139700299e-8	1.4800881104593227e-9	7.175762170417392e-9	2.3631079205462105e-9	-3.754861614870268e-10	-2.1290340466758217e-8	1.9887092580218867e-8	-8.815616101752493e-8	4.3017519000466797e-7	2.7006213458025586e-9	-1.0593488221054864e-8	-6.279309071948263e-7	3.1676867680102774e-7	5.037923839576117e-8	-6.157203597909536e-9	3.116142912809085e-7	-5.493695147621996e-7	-1.3768990019283174e-6	6.664211860824662e-10	3.042526545757756e-10	-1.283989178146114e-10	9.571975223135403e-9	-3.4585058664619073e-9	6.331539201181176e-9	3.4158734962982395e-13	-5.767062450319842e-10	1.6800470006503574e-8	7.3312580218120306e-9	-1.34997556483468e-9	-6.983668930794491e-10	8.184593731534466e-10	4.381102416829201e-9	-3.128840586350637e-9
77.0	-4.572586032484905e-10	1.1603043640466418e-9	-1.7377241860305406e-7	3.1388301906339986e-9	-8.497961656077233e-10	-2.746142767695482e-11	1.3875370606990661e-11	1.321324759343305e-11	-8.474360612698232e-12	-1.2078626924875913e-10	6.32568617702066e-9	3.522782538270813e-10	1.0906538440548552e-11	5.292494923558186e-10	-1.09054277462756e-10	1.5424435684310879e-9	-3.3025832546446924e-10	7.082558282833608e-12	-4.583317054825724e-13	7.85818388863702e-11	-1.5987347778720415e-11	-4.3609026058351025e-12	2.917524044055151e-9	-9.085823947179323e-9	6.978499227138778e-10	2.6557172487531865e-9	9.439312225758945e-11	9.944297100222482e-12	4.966901319934177e-13	4.5018288503325434e-10	-1.2666049789635786e-11	-1.002350522879201e-8	-2.783419713944828e-10	1.9889201440054674e-10	-4.3968968623614026e-13	-2.4804449725543617e-10	-2.8093586425864937e-9	1.844495258003997e-9	4.969154007936729e-9	-4.0976871787614084e-10	-1.6827473000315434e-11	-3.853959194422456e-10	3.800329638285395e-10	1.3239352349104211e-10	4.306475536593311e-11	3.2827689412751403e-10	2.056176113787679e-12	-2.288025234857327e-8	1.388026874579538e-11	3.0169281649056066e-8	4.1861884710815077e-10	-8.937348904636736e-9	-2.4249037999130633e-10	-9.496067289392117e-10	9.13990346617139e-10	-1.1749877055983255e-9	-1.8469728249705147e-9	9.127087875742491e-9	3.8641315514534267e-10	-3.200013324449561e-10	4.43031258838024e-9	-1.0826655169118182e-8	-1.7559846184257302e-9	-1.278236982741339e-9	-4.554988286823427e-10	-2.501956455589591e-8	4.9561113540088916e-8	-1.852011788517641e-9	1.9919763397003942e-7	1.312766672329292e-7	1.7961446274644727e-8	2.2506807446965966e-9	2.441913816126314e-7	-3.8463072096517106e-7	6.008880236602575e-5	-1.5273196337544155e-6	-2.980026231440559e-8	9.6085996870198e-7	-3.3201266613638626e-9	-0.00014065255484191016	5.332559414009241e-5	2.43813360120666e-9	2.145025701775713e-9	9.186685238152299e-8	-9.34121409887457e-9	5.035909549324174e-7	1.8100671768452285e-7	7.206111042445915e-9	-9.276666873016787e-11	3.2362496130575285e-8	1.2754847373606903e-8	7.415961904178645e-7	4.4211103622153046e-8	3.0781304322821504e-9	-7.04053782065065e-8
78.0	-6.387206976815649e-10	1.6487640159199723e-9	-2.3891445988946876e-7	4.4324730188369794e-9	2.9208178541284375e-10	-2.053872944839969e-10	1.649246415085925e-11	-2.4686783531438775e-11	-1.1623807083837682e-11	5.892442646417984e-11	9.739797948284953e-9	4.837894648736518e-10	1.5025146284780903e-11	7.041215438356181e-10	-1.5331356210924537e-10	2.841306678534184e-9	-4.53084759176013e-10	1.4432162903212943e-11	-6.693032122234776e-13	1.066572733485642e-10	-2.210196104676159e-11	-6.041777700791676e-12	4.7528660056101845e-9	-1.2127533969647603e-8	2.8441549143918896e-10	3.6532734878693446e-9	1.2948913316683808e-10	1.3784573288887168e-11	7.702431880200667e-13	5.811100142356258e-10	-1.6839609026063276e-11	-1.3749654537374366e-8	-3.822973726442675e-10	3.5644415766131596e-10	2.5429823342570952e-12	-3.516332246098387e-10	-4.848811632604953e-9	2.5321412207888544e-9	6.908036332798026e-9	-5.758142874001611e-10	-2.3407301734214878e-11	-5.830744521580139e-10	5.234977018634773e-10	1.824091096418755e-10	6.541478695531674e-11	4.5773015432186234e-10	2.854549123346799e-12	-2.6540547680749253e-8	1.8440739673390472e-11	4.598283463987575e-8	5.802403473640594e-10	-1.004430716463623e-8	-3.314131636013595e-10	-1.2831040040206967e-9	1.247535360292791e-9	-1.6432872996911264e-9	-2.926319089509506e-9	1.2458984944542162e-8	5.257940809907378e-10	-6.429872281637194e-10	1.2986384727747975e-8	-1.507312886557369e-8	-2.375805559764877e-9	-1.7538041992797376e-9	-6.242741119194399e-10	-3.270358857790076e-8	6.742455908904236e-8	-2.6986821236186356e-9	2.518089188943168e-7	1.9292704153296418e-7	2.7107878469975282e-8	4.479099683343707e-9	3.370929677209921e-7	-5.126296030867175e-7	7.208529934980418e-5	-4.725838061550277e-6	-1.2130918271739156e-8	1.3472816478378234e-6	-2.6504839718103136e-9	-0.00018196630150840606	6.913977236636329e-5	1.2583317138954533e-9	2.8236475907850317e-9	1.260988370357738e-7	-1.4223515442459311e-8	6.647455828297215e-7	2.3714619606830362e-7	1.0002466535968659e-8	-1.1662881726143245e-10	4.4830355092487755e-8	1.7449243134304963e-8	9.945842204914997e-7	5.5223681783388446e-8	4.111094371932998e-9	-9.518469524860903e-8
79.0	2.3381557512334246e-12	1.7898352113802035e-11	-2.7256344694983128e-8	-2.3301187456043093e-10	2.9118737286067165e-9	2.5705554073940163e-11	1.592085690789702e-11	-1.3384646239076952e-9	-1.2636795380114888e-10	1.6438161185967468e-10	-3.981452939655682e-12	-1.6551468531415517e-11	-6.6766919358661e-11	-2.461650855251255e-11	3.2186898826121965e-12	-1.8459251285761453e-11	-6.63666390117267e-12	6.070983883362214e-12	2.6475969432147526e-11	1.6928966332630237e-10	3.4836807189216303e-9	2.4830409966389255e-10	6.371052823117586e-12	3.5135522788465863e-10	8.578441728310032e-9	3.4978189292367024e-10	5.4912473053387174e-8	1.2263359770828336e-9	2.5431135158589496e-11	-4.639922742643647e-12	1.8323793596773775e-9	1.6509753825575056e-8	3.516031629158033e-10	-7.012531609431114e-11	2.327945582296133e-13	9.173549705085264e-8	1.3004698622865315e-9	-5.05359202129248e-9	-7.250054285753671e-10	-1.2692132160915898e-10	-8.71881681878615e-12	2.7273526497912128e-11	1.370363070450796e-10	5.790435474837411e-12	4.9875995612170465e-12	1.1589128746325237e-9	1.7147847279189956e-10	-1.2234079470119312e-10	8.039501595749077e-9	3.0379860602174496e-8	4.768789813853942e-10	-1.513849606449578e-10	-1.6703772513879077e-11	4.4166725299951726e-10	4.757633899452955e-10	-2.491094061068736e-11	1.6772910074726682e-10	1.3303088049535835e-8	-7.95072087964906e-9	-7.263038080801e-9	-8.641383294786434e-10	-9.972561140119004e-10	4.3571162882230415e-10	-4.4523080057906155e-9	4.979239179069047e-11	1.1698708548531705e-9	1.895043427604929e-9	-2.3790394323515177e-7	-3.3256463842358487e-7	-5.258057029596665e-8	-1.1080976873255538e-9	5.395353437859462e-10	-4.223779728934425e-8	6.159844815894743e-6	3.7095169291677176e-5	-6.648871432931004e-7	-2.6926966577460794e-8	-7.327238133697923e-7	-9.846269449242275e-7	6.985289499099007e-5	1.140644294995846e-6	-5.772567979934468e-6	-2.4201062681520346e-6	5.093376689969974e-7	-4.487243520702643e-7	-1.1160203195227503e-6	-4.0525010259069464e-8	-7.523864007919311e-7	-2.215677090933425e-7	6.228130553959038e-10	1.18794981904439e-7	5.948056114070363e-10	-2.3131993989072704e-11	9.44140669386157e-9	-2.4489839869265626e-7
80.0	-6.051506620212726e-12	1.4667119246875276e-11	-2.1803569490077953e-8	-1.8661972339129582e-10	2.095222214681049e-9	2.067688703807156e-11	1.2770489180341157e-11	-1.055327814112569e-9	-9.641274796895717e-11	1.3172387075010745e-10	-2.8594794483558096e-12	-1.393474257946856e-11	-5.1752052703419844e-11	-1.9726666528887225e-11	2.5708642093873462e-12	-1.526386701273542e-11	-5.4337555801426085e-12	5.06833737417218e-12	2.2573615206344603e-11	1.3570673200027909e-10	1.1384987162121845e-9	1.9885178562834548e-10	5.0614698750182264e-12	2.815217348624216e-10	6.730949407353397e-9	2.8031734040857274e-10	3.8953707777848674e-8	9.827079125468945e-10	2.0367017657032175e-11	-3.807059483691514e-12	1.5161973554195267e-9	9.7588993628343e-9	2.8144396270568475e-10	-5.6219592590939204e-11	1.9183410857940147e-13	7.535534551626315e-8	1.0400864675088784e-9	-3.410454151565014e-9	-5.825260151488143e-10	-9.916879744462894e-11	-6.982688153729507e-12	2.203170941462152e-11	1.1011708851835516e-10	4.6513457498785025e-12	4.0120462173797306e-12	3.2847099322176905e-9	1.3741977844289684e-10	-9.523245618088437e-11	6.759702452843638e-9	2.4422593520199318e-8	3.847937571666737e-10	-1.2077133850733442e-10	-1.3720915808612775e-11	3.653840394374139e-10	3.8777687574758187e-10	-2.0171485789930845e-11	2.255707794871085e-10	3.821817035867496e-9	1.0468612828590171e-10	-5.4969149405687726e-9	-7.27116814763219e-10	-8.100750518951568e-10	3.5563008465040396e-10	-3.5953818039299642e-9	3.956291155208292e-11	9.578431580868345e-10	9.847558977322477e-10	-1.964173466311365e-7	-2.7387890166042317e-7	-4.24213148855718e-8	-8.869836503382668e-10	5.4162889373433057e-11	-5.3562910427905526e-8	5.199109207392658e-6	3.0575702431022085e-5	-5.359607041829403e-7	-2.116492725922559e-8	-1.986327273530875e-6	-3.2510650862308423e-7	6.242881268458393e-5	9.232362379155072e-7	-4.589585337219638e-6	-1.9324510519276816e-6	3.515647589241402e-7	-3.0656690279039843e-7	-9.396693696077359e-7	-3.055295912471727e-8	-6.079891488067765e-7	-1.7811157091874948e-7	-4.052830055061679e-10	8.755799362626375e-8	4.6112222036825426e-10	-1.7602990232719404e-11	7.815661162408532e-9	-1.9270899158927116e-7
81.0	-1.8593592219263282e-11	5.215832649872205e-10	1.9324556798609513e-9	-2.923770210617909e-10	1.427815574550114e-10	-4.2788865840064014e-11	1.237090101834807e-11	-2.9891410048713614e-10	3.736375975774527e-9	1.974189501523938e-8	-2.706601783047423e-8	5.2603598682956455e-8	-5.358123341744489e-8	9.70430756038974e-10	-1.2923267047069728e-12	-2.3685651186244783e-8	2.43758680445698e-8	4.970632767753511e-8	4.538780666192827e-8	-4.995710478726257e-12	-1.3767609887093361e-8	1.778906855762976e-8	-5.27581737748548e-11	2.062945177999183e-10	-1.139391822844601e-9	-2.4115689464468947e-12	2.1789958038190883e-12	4.804321087262572e-12	-1.5845510261887152e-9	2.924421684753617e-9	-1.5143308097160517e-8	1.594670169967646e-8	-3.788942056409676e-12	1.0041153413271162e-11	5.882725566699007e-13	-2.8647166611332693e-9	-4.7734719701154e-12	-4.855977681609175e-11	3.770264013963904e-11	2.499468088574675e-9	3.652204436771446e-11	2.2264142093727327e-11	-2.0039714614645207e-9	-4.9537466189693235e-11	4.7251432289289634e-11	-3.443023451777836e-12	-1.5298389776490104e-10	2.022289667251516e-9	-3.9834899220690523e-10	1.128591172786788e-8	8.1376273928596e-13	1.1285097644075616e-12	7.720462682639242e-10	3.211183834097453e-11	1.1499349058461081e-10	3.885678702531188e-12	-2.023862981224086e-12	-1.485726192301146e-11	-1.0630817276981803e-8	1.3207746825444675e-8	1.3983973187639178e-8	1.454744464408965e-10	-1.0212216441859709e-11	-3.837575258868711e-10	-3.083709051595242e-8	-3.412855389460416e-8	-1.8934354017903007e-8	1.978362271698094e-9	2.6591223207091927e-8	3.1244055230172793e-9	-3.5225289260603516e-11	-3.128486004809171e-8	3.4266380286053276e-8	-1.234889583278593e-9	1.5903890143871228e-7	2.5513901936682983e-7	2.863069945455621e-7	3.297773035370578e-9	-5.6626536290759206e-8	-1.2297732447634207e-5	-1.178016379226876e-6	1.5897700544620015e-7	8.083423260423098e-9	2.1756279915263593e-7	9.127482960425081e-8	-7.545556415830054e-7	1.830808604616979e-8	2.4662703202002156e-8	2.1567937686964271e-10	9.115914051495981e-9	-4.2099463780951014e-10	-1.6384684434621147e-9	-2.4681867114479243e-10	-8.946985200395016e-11	-1.085624709332177e-9
82.0	-5.12294819169075e-13	8.643080766605684e-10	1.399441661597413e-9	-1.3551969283530212e-10	-5.580732753264097e-9	-3.502948471015329e-11	1.2979250646807581e-11	-3.195779265743776e-10	3.884966964565221e-9	1.6181998144856284e-8	-2.4112535413994642e-8	5.68195118898599e-8	-5.8136816755235335e-8	3.790443979965614e-10	-1.422329682023615e-9	-2.015662992172709e-8	2.115263982017444e-8	5.383897903396495e-8	4.921780628540479e-8	-5.3614107392618974e-12	-1.5451974862696482e-8	2.330306101049173e-8	-5.652272116320366e-11	2.095742790200537e-10	-1.115252865023821e-9	-2.580992661757845e-12	2.452925306560205e-12	5.724381512539417e-12	-8.097769195384671e-10	2.405688823078639e-9	-1.9682808643017578e-8	1.7323762650103105e-8	7.618841348740525e-13	1.0711521142192704e-11	5.700099686210121e-13	-5.285728112265171e-9	-5.161749642604931e-12	-5.162257629990886e-11	4.1502067513621054e-11	1.5215645251787112e-9	2.948548371332379e-11	2.0645289110861866e-11	-4.611556822343448e-9	-5.815911181949629e-11	5.864883457021632e-11	-6.052430503900262e-13	-9.995503784504494e-11	1.9121920579769783e-9	-2.1834289167974297e-10	7.391889791776566e-9	1.2301879997194219e-12	1.3323167130843165e-12	1.0512061405504703e-10	4.847147844607193e-11	1.1987663241446373e-10	-3.8030209922061765e-12	-3.4557812872528156e-12	-2.002862079635712e-11	-9.567959407684971e-9	1.9293476905252856e-8	2.4038169892176777e-8	1.5241259638674625e-10	-1.108999192049429e-11	-4.185206091915454e-10	-3.778292146419107e-8	-3.56119635024081e-8	-2.1325984863364616e-8	2.8498814280965036e-9	2.91569751720905e-8	3.6013812139413217e-9	-4.2666108787956705e-11	-3.414501929610238e-8	3.167748622501537e-8	-2.056879357167761e-9	2.1640081437373219e-7	3.027780146070233e-7	3.00846016643924e-7	4.895551555241317e-9	-5.381731099667694e-8	-3.596429967797846e-5	-4.293584780064095e-7	1.727147731536123e-7	7.772586042070778e-9	2.2028595738271566e-7	1.1936500179651298e-7	-5.735510446325735e-7	1.9767867045752203e-8	2.671918516357489e-8	2.178273164039707e-10	1.2657607963804183e-8	-8.032319069966987e-10	-2.881747925534966e-9	-2.7036683146662065e-10	-1.1684889480289845e-10	-6.566352242099534e-10
83.0	9.862684010933669e-11	-2.980875870855332e-10	-1.1736094198810697e-8	3.530269305148782e-10	1.1729746160243784e-8	-3.934256945669835e-11	-1.6350022288638108e-9	-2.8460579683062565e-9	-4.016309376380277e-10	-4.17726259261106e-10	-1.2803557802444704e-11	2.2650385700350703e-9	8.937916668313958e-11	2.6009756642138407e-12	3.301817274367672e-11	-1.5058239790741373e-11	-4.703493588352388e-13	-1.2360865522418451e-14	-1.5219549775066804e-14	8.041975357386628e-13	4.845873327428645e-11	-2.0513545125704153e-9	-7.923681493928965e-12	3.5800009975393014e-10	-7.218730252902387e-12	-1.8833074738358604e-10	-1.2338051305611932e-11	4.273315643186705e-9	-2.920309638182618e-10	1.0538486171315704e-9	3.459262172649847e-8	-4.080716744487553e-10	-1.0251946998947215e-11	9.432318425862554e-10	-1.1972178329151828e-11	3.074368712422791e-8	1.0857655663177954e-8	5.731671832816555e-10	-4.3696556730692234e-10	4.2434940243236285e-10	1.45370649971486e-11	-8.347264279124193e-9	1.9512228370749585e-10	7.850731572818236e-10	-3.73421183587942e-9	-1.8110464454325131e-9	1.176468797131072e-9	-1.4076690826468675e-9	-3.321531433885659e-10	-1.8778154948761383e-9	-7.479819605739977e-10	7.459094344048036e-11	2.5941103446560097e-12	1.4997260862882713e-9	2.3522466291517404e-9	-5.299320892684608e-10	-1.1591032271078622e-9	2.459349513380671e-9	-1.4211289784114381e-11	-2.8500779658711284e-9	-4.5477675303465063e-10	-1.935784047488781e-10	6.07690444216022e-10	-5.32167540080083e-8	-3.6331222672034243e-9	-9.049764356860517e-9	-1.184264093209771e-10	-3.25755554170615e-9	-2.1334273302703763e-8	6.231056669417837e-8	2.8431238677437413e-9	1.4900573543639583e-8	-3.9506121504996436e-8	-2.3745796301634554e-8	-1.0584776138568041e-7	-4.170343257881511e-8	5.059441957288175e-9	-2.2776728577187373e-7	-1.2765293983407475e-8	2.7521179811585644e-9	-4.165900319743655e-5	-9.028162433845019e-5	-2.3075730553093405e-10	2.6489485975872323e-7	7.557320775965972e-8	-3.0876190699601943e-5	4.984398520931167e-5	-7.27492356862112e-7	1.2334243691620744e-9	1.2248786277032218e-8	-7.481294918906609e-8	-1.1603986173798592e-6	6.621970157818913e-7	3.939950502016349e-10	7.906750065211485e-8
84.0	8.36861889198488e-11	-6.615877237568351e-11	-1.6155780129560348e-8	2.581621727251949e-10	1.8431073418826348e-8	-1.1520897491512989e-10	-2.2718806966026096e-9	-3.929944765259752e-9	-4.69177856650779e-10	-5.814940348275385e-10	-1.7683903550494347e-11	3.1363525395265785e-9	1.2380269203929874e-10	3.5940880300767836e-12	4.556857185653687e-11	-2.080336150308416e-11	-6.135665801639437e-13	-2.0127480025527773e-14	-1.121791457400148e-14	1.0583825279884065e-12	6.127926719215752e-11	-2.839798960066704e-9	-9.905763616343755e-11	4.987558859925306e-10	-7.497186408553209e-12	-2.579626103072925e-10	-1.686381098624474e-11	5.831215850993825e-9	-2.77963749481237e-10	1.6943837596759184e-9	4.437670357405936e-8	-5.770559089285614e-10	-1.539082807611553e-11	1.2964389623764926e-9	-1.5923258550336796e-11	3.9101175928295555e-8	1.55638713827047e-8	7.900558015750287e-10	-6.038418642930602e-10	7.86218646029528e-10	2.0103902325793838e-11	-1.204003611051458e-8	-4.00714953290781e-10	1.0883277173757932e-9	-5.200149685972289e-9	-2.492587265205847e-9	1.6234365723495848e-9	-1.957957025426451e-9	-4.595641771597355e-10	-2.0304858691525147e-9	-1.0395564881177728e-9	1.025798205076398e-10	3.4817421220952253e-12	2.044907961953457e-9	3.2959946027145666e-9	-7.374721801008933e-10	-1.6146986647047978e-9	3.3760414613515914e-9	1.5653207206983752e-11	-3.925657189314805e-9	-6.326642798642493e-10	-2.7190037870884737e-10	8.512018595774316e-10	-8.284381636960108e-8	-4.9825366291655995e-9	-1.2581877438465914e-8	-1.9176686999022822e-10	-1.724384069608492e-9	-2.960472762303138e-8	8.668661275315373e-8	3.915744083569959e-9	2.0359961517913815e-8	-5.421906231384539e-8	-3.5319308962550836e-8	-1.366924879632431e-7	-6.125850209038254e-8	7.403420971669552e-9	-3.1414727990282316e-7	-1.7723920653010546e-8	5.509400708904055e-9	-5.01360939653214e-5	-0.00027933029227956383	6.426772257230485e-11	3.756426998525016e-7	1.0209787687946546e-7	-4.0072954630047495e-5	6.495404669354138e-5	-5.932822498972954e-7	1.6598464555170078e-9	1.2754259851247682e-8	-1.029022902353587e-7	-1.5404917491436612e-6	8.895295755675017e-7	2.4710048264435147e-9	1.0744648676537254e-7
85.0	4.7282349861143805e-11	3.3937241463868914e-9	3.172809577547248e-8	2.392104864479968e-7	4.2108195139740874e-7	5.4347588884098565e-8	5.094642967783047e-9	-4.4447498775981465e-9	-2.9695981947939632e-8	3.745794810727046e-9	2.6723129588840314e-10	-8.188671482108674e-10	-4.4623707562418255e-11	-1.5243653104168612e-12	-3.7762638573082094e-10	-5.458720945351839e-10	-1.8691675091277312e-11	2.5467963428424266e-11	-3.7029472224102853e-10	5.570885060889992e-10	2.7790527922568643e-9	5.472979339271427e-10	-3.4530524759378564e-7	-3.645047609745048e-8	-1.9590815060457434e-9	3.5495559194646453e-10	2.62879283101885e-8	-3.231917210231939e-8	-2.1510311779785852e-7	-2.9011557041040184e-9	2.6734337360613736e-10	2.4381182841000968e-8	4.119365388663996e-8	2.557515895978499e-9	-1.365371299358759e-8	-6.9768345139046525e-9	-3.457825936830988e-9	3.669431591349816e-8	1.3826718756271964e-9	-3.0299706465471275e-9	-1.1633398689567654e-10	-2.4383485280738473e-9	7.131099529932642e-10	-5.811494433197426e-9	-2.7120041836267866e-10	4.006428430261206e-9	5.472171786749608e-10	7.141413466600706e-10	-9.373496279163742e-9	-1.3435514473859238e-9	-3.772076603726707e-10	2.432891933692815e-9	1.4168820637585243e-10	1.9101351542031234e-9	4.1546927417847144e-11	-2.620850668806581e-9	2.168718680617759e-10	2.993523869225095e-8	1.6932447370822164e-9	-2.3759778378931415e-10	5.557109252103077e-8	5.511105620148898e-8	-5.155748111425133e-9	-6.884129600219189e-10	1.0688223176876741e-9	-4.928833373237028e-8	-5.3388928183423594e-8	-1.0859307418825419e-7	-5.8444085105721545e-9	3.339429125977225e-8	1.296937385023444e-9	-9.34272655300334e-9	1.0038448468425883e-7	1.4728760157236093e-6	6.286259065579688e-8	-1.0830718398726788e-8	1.0046446906929478e-9	-6.652580484368453e-9	3.943143333859339e-5	2.0459673196387295e-6	0.0005232870364829769	1.0789163647901812e-7	-1.5710571795758065e-6	-7.614432203955977e-7	1.3776017985188072e-6	-0.00010214753887559878	-5.2271536594544335e-8	-1.6704009639915742e-7	-6.21759080599806e-7	1.2127986653663034e-9	-1.8292432777589112e-6	2.8071367599565634e-6	4.452409712103971e-8	-3.7245725253720763e-9	2.041811088073398e-7
86.0	4.0243137554481585e-11	2.9188291000083687e-9	2.6702635286320718e-8	1.8596318068173296e-7	3.390727771554313e-7	4.395272770658135e-8	4.350744428418581e-9	-3.481429327971825e-9	-2.3545550382647296e-8	3.1996347843968788e-9	2.2917500110857007e-10	-7.006346830275661e-10	-3.68309693135761e-11	-1.3032322892364694e-12	-3.225956868649186e-10	-4.672399129543245e-10	-1.686840652379013e-11	2.069774954112873e-11	-3.153232025788645e-10	4.759119898949033e-10	2.2566390814687653e-9	4.64711749944408e-10	-2.7544098775919147e-7	-4.4623957214732453e-8	-2.0053478542858437e-9	3.0023806431297765e-10	3.711208211067957e-8	-2.691145647758976e-8	-1.6812740964656215e-7	-2.4779502128453404e-9	2.436760260393122e-10	3.53930525887931e-8	4.690390633054286e-8	1.5071921360568903e-9	-1.0963840729361863e-8	-5.974304633229006e-9	-2.9538698852855238e-9	4.2898469878240485e-8	1.181757435701715e-9	-2.5893464733601716e-9	-9.937965223421349e-11	2.545976527625262e-10	6.092965372060056e-10	-4.96535382984302e-9	-2.3724113883990593e-10	3.384358673873272e-9	4.675110822081774e-10	6.099852164394174e-10	-7.880138978910137e-9	-1.1530939802196462e-9	-3.235479801587045e-10	2.079695949690034e-9	1.2104055908242937e-10	1.65511336390601e-9	3.544650738101341e-11	-2.2469815595474982e-9	1.8638423198923388e-10	2.5726202074836906e-8	1.4457769903852912e-9	-2.0557356074512857e-10	4.547613938247365e-8	5.115579809149563e-8	-4.31212369606632e-9	-5.890720607304919e-10	4.5669150638513326e-10	-4.231947495011143e-8	-4.5588098644064215e-8	-9.515773767383194e-8	-5.070227812434167e-9	2.8604792937213376e-8	1.0979506279898595e-9	-7.964933984768375e-9	9.194415902751809e-8	1.2954736902272737e-6	5.49329389454128e-8	-2.9447676591760564e-9	8.449394991703095e-10	-6.847557516870255e-9	4.8758711993832954e-5	1.834736502816141e-6	0.0004533401575443561	9.264697362395841e-8	-1.3204273605083829e-6	-2.0683644547491473e-6	4.7614057467914556e-7	-9.595969643069386e-5	-4.3931125676541337e-8	-1.4200504412791003e-7	-5.316053042093924e-7	6.431988701451867e-10	-1.2800841360848334e-6	2.4462359152843756e-6	3.406830745511106e-8	-3.2182819810016126e-9	1.7186578964775478e-7
87.0	-8.814979154458662e-11	-6.4884044740446765e-12	-1.8645716501092756e-8	8.632739452800401e-10	2.620590882520643e-10	4.632992128206638e-8	-2.6665415161492474e-11	4.8389727349996734e-8	-5.897555423577101e-8	-5.860074024699714e-13	7.266051048575289e-14	-3.0051932781862044e-14	4.173479008147479e-14	1.5831972805543183e-13	-2.6111493977769544e-14	1.0817533095540655e-13	-8.765252285095121e-10	-1.1536167839282237e-12	2.5978479020326453e-13	-1.02770952436438e-14	-1.332710027397038e-7	4.085454830077672e-16	-5.588192976459466e-9	-1.598056011149696e-8	-6.839205583792512e-9	-5.505106597087487e-12	2.3951032349493725e-11	-1.241962469632764e-7	5.628937668328267e-9	-8.327947524036266e-12	1.0801263217403407e-10	-3.7452474412041944e-11	-2.836203188900411e-12	1.1885874247508037e-7	-1.1835692767838253e-7	-1.3034849397528422e-10	1.1152087224682761e-10	9.937599321347014e-11	6.9481114065872226e-9	-3.030544957014779e-8	2.968076673477436e-8	-5.250303114490455e-9	-8.262916182465407e-13	6.907909514265345e-9	-6.918919661801597e-11	3.06621161215875e-8	3.022318331368948e-8	-2.0583052260457776e-12	-4.5671002618593104e-8	-3.097062169405042e-11	-9.209403697848915e-11	-3.046074496668804e-8	-3.064372950166179e-8	-3.355995255214229e-8	-4.4732714566029935e-13	5.1012209327569445e-15	-6.660103715232154e-14	-2.6402949956732722e-8	2.6836759001557935e-8	-7.644558647431832e-11	6.694253167324683e-14	-1.9343657886408266e-12	-5.4612937306138536e-8	-1.8803517154256e-8	-2.311727679840483e-8	-1.1354392153790837e-12	6.056978910248216e-11	-9.438923896659085e-9	-2.0060992620861693e-11	3.2977476780796203e-11	5.784207411659965e-15	-8.753741186166954e-10	-2.221855831880052e-10	2.4771409418456007e-11	3.4573950553060256e-11	5.1483509281756395e-11	2.591969891471504e-13	5.939062303531521e-10	1.8746888438141686e-11	5.870917846991735e-10	3.2747600947733747e-7	-1.9474848297696937e-9	-1.971421257821831e-7	7.282285264341597e-10	1.0700446651123884e-7	-1.3978539720276867e-5	2.6156474499703335e-7	9.137513796072158e-8	-1.798021246660774e-8	-2.1325542110040107e-9	-4.861894616220366e-7	1.0182888662404535e-6	-5.077377576916454e-11	-7.507495976019536e-10	3.8794046082702344e-11
88.0	-1.0227280484559977e-10	5.404309145267895e-12	-2.1651000790419604e-8	1.0182591652557984e-9	3.256717921679625e-10	1.751611705167731e-8	-2.9629893887299326e-11	1.9903822767873186e-8	-2.548059451688033e-8	-6.62913655268311e-13	3.806334076386431e-14	-7.82117505792895e-14	9.210407280132517e-14	1.7795413688370362e-13	-3.059168565814013e-14	5.907419249529269e-14	-3.9042559572129226e-9	-1.3209848633909263e-12	1.6032533014588465e-13	-1.144296902177053e-14	-1.642588210578103e-7	4.2220774071231914e-16	-6.742865498265538e-9	-3.0979410245101077e-9	-2.6265803096029514e-9	-6.1465395078680405e-12	2.234989982529656e-11	-1.0297492899981379e-7	6.2676476640064e-9	-9.294254011055873e-12	-1.6519924849821844e-11	-3.940310065420075e-11	-2.826685284062712e-12	9.828257905589731e-8	-9.805222139674603e-8	-3.2038077949844358e-12	1.2495357804038397e-10	1.052672673262543e-10	-6.2806429453211385e-9	7.056399332929766e-9	-7.412018157078561e-9	-5.464315951253308e-9	-9.399383549714173e-13	-6.291712042965686e-9	-7.783006145997677e-11	-3.870697610901152e-9	-4.059121873188612e-9	-2.153035081241397e-12	-3.28014720877297e-8	-3.476792600673336e-11	1.625725363045068e-10	1.3536876740994946e-9	7.97559528524557e-10	-1.81503669219497e-8	-5.196635142701861e-13	6.18052843334862e-15	-5.1791838556881535e-14	1.8558130052891462e-9	-1.4727130523669088e-9	-8.830292151366401e-11	8.549186785723093e-14	-2.2036024296046796e-12	-4.339174657681384e-8	6.9126827633045585e-9	8.315024877699556e-9	-1.3487355601835783e-12	7.43159453741461e-11	-8.709241602302272e-9	-2.2627103567444044e-11	3.772720191602635e-11	6.173434629263452e-15	-3.7754985407942395e-10	-2.8882769219127927e-10	2.8139202255073747e-11	4.1571387056359044e-11	6.012815952245452e-11	2.9458081206433336e-13	7.618015568697815e-10	2.050849400753537e-11	4.803849045758818e-10	4.4916961608054286e-7	-2.2970168793433015e-9	-2.1645033219561484e-7	8.526036953325451e-10	1.0474442804945172e-7	-4.0923684608374034e-5	1.1255650606011712e-7	1.1242792000624414e-7	-1.830110946942175e-8	6.880519555094899e-9	-5.143303440418211e-7	8.1606841835353e-7	-4.195198182455459e-11	-8.325492088467133e-10	4.030917798386827e-11
89.0	1.9572469907903613e-10	6.423911757221532e-12	4.1498400097609846e-9	-1.527717900220514e-11	5.365063827441901e-15	7.563566808110508e-13	-2.5873694074935852e-14	3.5552721580500277e-12	-2.231046458624757e-12	-6.970374145246297e-15	2.6753678642424965e-14	-2.0860791599718782e-14	-1.304929722129586e-13	-6.568636566060241e-15	1.0631104713994708e-13	-6.320389140644223e-14	-8.150319198325291e-14	1.720325046859441e-14	-4.0798577968971315e-14	-4.46422511800218e-14	-2.0874282216408396e-12	2.6411596131827393e-14	-1.4944142738277517e-13	-1.5859045737811885e-11	-9.323152789550703e-16	4.176301443879679e-15	-9.892648232680098e-12	-1.6839526626340007e-11	3.917264321036384e-15	-3.1882061742918946e-14	-8.42540656402467e-15	-1.1215930826064181e-15	1.1017130215179936e-14	-1.31997386902433e-11	-1.0172868048819014e-15	2.5233229318176156e-15	5.655068738360885e-15	7.345893220277066e-15	-2.850407559446008e-12	-3.208478066470161e-12	1.865521744582087e-13	-7.19587631434291e-14	5.7230460685590246e-15	3.119066460669737e-11	7.04429587318655e-14	2.2148264208410148e-12	1.436907203550539e-14	-2.3571301185576417e-15	2.531364523060735e-12	1.544836782868394e-14	-1.3937045611384932e-15	4.0977917433070206e-14	6.755763607675055e-14	-5.103982824022183e-11	-7.41375090784818e-14	-5.018076114408591e-15	1.5630131653175707e-14	1.6884791000948795e-10	-9.260440574559112e-10	2.931239320430028e-15	-1.2088836439789734e-12	1.3061906701466001e-10	1.6051602742939294e-10	2.244079645841445e-13	5.876392411838772e-15	-2.0985977233046762e-15	-3.431058292294958e-9	1.5846540381577783e-8	1.7369638926981006e-10	-2.128896801554718e-11	-2.667105590132755e-14	-1.3980274809082252e-9	5.949109184429623e-12	-1.6881105746426597e-14	-7.988013461909958e-13	-1.0290988743040369e-13	5.3850166986054035e-15	3.4974400067782723e-9	-8.459631186145561e-12	-1.5374663704386715e-14	-9.426410746595993e-14	-1.0029549694467685e-14	4.0735227281991943e-13	-3.3932942134025436e-14	-3.191452849562978e-12	-3.3691579423148533e-8	-1.4525196052646296e-5	-3.197273234311457e-6	-3.0897775151313534e-10	-8.284928649600757e-8	1.9034640311921765e-7	0.0005551817927186328	5.900128695822456e-5	-1.6701900529115116e-9	2.2677933429177585e-9
90.0	6.083548403337803e-10	9.160146553642388e-12	5.727633944312355e-9	-2.1646299350289418e-11	7.211411565168711e-15	1.0862812692175425e-12	-3.67029262461893e-14	5.913243572482812e-12	-3.1961732523488298e-12	-1.1101719405975032e-14	3.646663598106721e-14	-3.043912152337879e-14	-1.8316532571914675e-13	-8.946928945109209e-15	1.5221755958745277e-13	-8.797511901756143e-14	-1.0767066491597734e-13	2.369546704621756e-14	-5.87915854280096e-14	-6.441905141278662e-14	-2.9928025419738235e-12	3.771773826663353e-14	-2.1181385682820984e-13	-2.3676069374373455e-11	-7.648297290025149e-16	5.952110579596e-15	-1.4084072279809885e-11	-2.333135453416946e-11	5.011175013760024e-15	-4.51251959209457e-14	-1.0793781327522595e-14	-5.767622812275025e-15	1.5855370149528858e-14	-1.839737374461099e-11	4.946246768297953e-16	4.365423493602116e-15	7.817764927059576e-15	9.890939284965902e-15	-3.6180563706095575e-12	-4.445163284309829e-12	1.6890308480817113e-13	-1.0216272503674332e-13	5.99697774203471e-15	4.445851316900101e-11	9.972871019533071e-14	3.0733049652372213e-12	4.707475162764852e-14	-2.908184762834108e-15	3.623472142113176e-12	1.8846271529929606e-14	-3.0307332065924487e-15	6.381779257918845e-15	8.859375308535527e-14	-4.049535317140347e-11	-1.0907974147415939e-13	-8.802090837461035e-15	2.501188698710964e-14	2.2699246603530306e-10	-1.308798546931793e-9	-4.230187560113958e-15	-1.720839658589773e-12	1.855764547814057e-10	2.284875928851965e-10	1.6101592178376996e-13	2.5323801756774363e-14	-1.8521899823804164e-15	-4.934278533870135e-9	2.5301957022528962e-8	2.4764453115363437e-10	-3.0049496560147727e-11	-3.718003673467221e-14	-2.012212488488685e-9	8.222249668544397e-12	-2.538594180422284e-14	-1.1290886148512726e-12	-1.4450831911578006e-13	5.817431034967778e-15	5.013743467852196e-9	-1.1728154392440463e-11	-2.1993272936263214e-14	-1.1248885879996942e-13	-1.0880005154245044e-14	6.011543008313431e-13	-4.601365660048964e-14	-1.5282594572409917e-11	4.3747390134319666e-8	-1.7588165667965032e-5	-9.903068082345239e-6	-9.033353736906251e-11	-8.809602200706517e-8	2.671501498725903e-7	0.0007267819357691435	7.803448287581528e-5	-2.5268013356833123e-10	2.703646230847175e-9
91.0	4.929601626508171e-14	1.1211856744296124e-14	-4.573554568106184e-13	-3.827310342296216e-12	-1.6558420515619147e-6	-3.0030257599351716e-8	-1.299199692373464e-9	3.398088343025912e-9	1.5193902109058177e-9	4.327022479646948e-9	2.0159000301162474e-10	1.2958301768364772e-9	2.4456237478150843e-9	5.52374245722429e-13	-4.350380444745989e-14	1.4714599506850286e-12	1.0497468118966487e-13	-2.3429100727643398e-14	1.2547353157562127e-14	-6.799067822556857e-15	8.490454975369768e-16	8.590807200555189e-10	1.6231038828944003e-11	-9.485364616914244e-9	1.894105938512943e-9	-2.925837876014206e-13	1.07300058527454e-15	-4.880138651584648e-14	-2.2007935296212977e-13	1.72271593691653e-14	-1.2609047649308341e-14	-2.1385887852276575e-17	-1.1644161925904867e-14	1.718658649099182e-14	-5.966481445734452e-15	1.0165638811418173e-14	1.251193701597153e-14	1.0507246775529359e-14	2.4409626067384976e-15	-4.4098500350496506e-15	5.844234262654922e-15	3.275100832623567e-14	5.160782012240267e-15	-2.5791946567854315e-14	1.9709229543625234e-15	2.3715875590397603e-14	6.947348986786721e-15	2.660080543424176e-14	-1.737705370764321e-14	-9.11993936858306e-15	-7.186271570218741e-15	-1.9170524000709788e-14	-1.6103011122887284e-14	-2.75369191424929e-14	1.9747603312509406e-14	-4.255945842599439e-15	-1.1637754968691835e-14	1.5825539752388365e-14	1.7333902461178292e-15	-2.5290350597149264e-14	-1.8019616289562113e-14	6.759066606919479e-14	5.2162669054501576e-15	-1.1069323863283686e-14	-7.811788461107097e-15	1.6039727597332024e-14	4.70998165446999e-15	4.279181226892045e-15	2.946285522411468e-14	-7.227302904974924e-15	-1.6601237596528158e-14	6.95810037598622e-15	-4.228950902570444e-15	3.499167644006873e-15	-1.253532772493084e-14	-1.9502174669009525e-14	7.619125735056424e-15	-3.734682190375614e-15	-2.071427542839864e-15	2.125481289182076e-14	3.999638993185987e-15	5.688742095186845e-16	1.4800041621828794e-14	-7.333878919739062e-15	1.5833155931973424e-9	8.015576512040035e-7	8.962732890100227e-7	7.93157672900253e-8	8.231436803700729e-10	-8.958118983911775e-6	1.767419401538691e-6	4.775953204610296e-5	6.302139220743334e-8	1.5464512283484787e-13	-8.32960458562875e-8
92.0	5.002106489153872e-14	1.1368717263711989e-14	-4.566618420706608e-13	-3.871188200728348e-12	-1.67290237539842e-6	-3.0239632974706144e-8	-1.2354223928454566e-9	3.4731052816335873e-9	1.5249844780547846e-9	4.34537536810788e-9	2.020643840520287e-10	1.3040161534676013e-9	2.460603008619302e-9	5.553672332534202e-13	-4.4552298251988e-14	1.4889126427407957e-12	1.046378360918161e-13	-2.4487573427323106e-14	1.2281245898720927e-14	-7.246408368374955e-15	6.104058231093391e-16	8.354832999751555e-10	1.6959925077083605e-11	-9.358828973104493e-9	1.8379495587169543e-9	-2.9579559000070905e-13	6.266620794330435e-16	-4.957270488201161e-14	-2.1492649240201223e-13	1.719558198089166e-14	-1.2831647907846772e-14	1.9972359269898599e-16	-1.1665169825304431e-14	1.727445768893998e-14	-6.217687700967554e-15	1.0331769077429054e-14	1.3489863658630932e-14	1.0281936435076189e-14	2.694147530936386e-15	-5.279359848592291e-15	5.207287509176317e-15	3.219315750937167e-14	5.9978428406065425e-15	-2.5642262293547324e-14	2.11169040695465e-15	2.4271363185338762e-14	7.213142843437437e-15	2.707239102762559e-14	-1.679399349620303e-14	-1.0030333768423771e-14	-7.02083248309282e-15	-1.9491068373005127e-14	-1.5707650024426867e-14	-2.7902989841637263e-14	2.0100024075708767e-14	-4.330574527450226e-15	-1.1787296941463687e-14	1.6177543245982084e-14	2.0407666442151533e-15	-2.527357934479363e-14	-1.8799718387390273e-14	6.850905815412347e-14	5.506147838021944e-15	-1.1021755339998832e-14	-7.845171723624283e-15	1.6393570528849824e-14	4.313593210923672e-15	4.366213001954587e-15	2.954553919229386e-14	-7.166251099477439e-15	-1.6997674397053086e-14	7.298413544358409e-15	-4.609464360498441e-15	3.495196753550145e-15	-1.2919176904484242e-14	-1.959286140447436e-14	7.923315595206178e-15	-3.990166544327502e-15	-2.018447326055002e-15	2.1590417509918282e-14	4.3438356752724394e-15	1.495792422215314e-16	1.515038450732942e-14	-8.074981926609739e-15	2.0483045181724424e-9	8.374195867793113e-7	9.013456082847467e-7	7.865429517644426e-8	8.230223700152593e-10	-2.2022511809625094e-5	7.705698575344899e-7	5.106898148784139e-5	4.412732878193641e-8	1.770022460837371e-13	-1.800946828413009e-10
93.0	3.599514882879371e-15	-3.2491195475104634e-15	-2.0851581085128607e-13	-6.71231360695624e-14	4.135343573333358e-7	4.872502626504169e-8	-1.5394050200908706e-8	5.335478786214207e-8	2.7568524710868292e-8	4.425648378152125e-9	4.629701172995451e-9	-3.827146715859597e-11	1.1328343910719033e-10	-4.17553512873861e-13	4.905122311880386e-14	-5.818944823465224e-15	5.2159462187763295e-14	-5.943463637736216e-14	3.1763608453859285e-14	3.0064715755335645e-14	1.3012586430666751e-14	-2.6078091100835768e-8	1.1048210740369213e-10	2.71428690712199e-8	-1.3681616562333937e-8	-1.8074129086071834e-13	8.786759150686483e-15	-7.509773265405192e-15	1.7719177123066537e-13	-6.8586249846521716e-15	-1.1099271097772844e-14	1.0516880352553723e-16	2.2659891781228116e-14	6.40216421092504e-15	1.4138775228945537e-14	9.7620243224576e-15	-4.003351326835566e-15	-3.588794969142951e-15	6.448218608222757e-15	-3.8072552888044075e-15	1.022938483350625e-14	1.7167688614356774e-14	8.737042451344948e-15	-2.2048886141332474e-15	-1.2758425258397347e-14	-6.136963343511851e-16	9.013701053612717e-15	7.85511296220568e-15	-6.9020032455629335e-15	4.1791256241102643e-14	-3.0025726956159344e-15	1.7631045642481596e-14	-1.2752059785532806e-14	-1.220441946736089e-14	-4.167682113536216e-14	5.371043503206709e-14	1.3653168709111973e-14	-5.505008588634057e-16	2.6550418968412604e-15	1.432449789476764e-14	2.40156187823459e-15	1.762695976306298e-14	2.3298117066420502e-15	1.4901554237416014e-15	3.2511468249167655e-16	5.315556014883081e-15	-1.1755299424848209e-14	1.139102946522374e-14	1.2908802701062068e-14	-1.1194152332947856e-14	-3.378113618502934e-15	3.616309724771715e-15	-6.626660420367001e-15	-5.115447285339926e-15	-1.6007220613559826e-15	2.4080460382045945e-15	-4.111052728060917e-15	1.3191567574289742e-14	-1.086717211167505e-14	6.092629980342112e-15	6.784902848083519e-15	3.0087184493747286e-14	-5.4546689031772605e-15	-2.741654362910209e-15	-1.2083781414720662e-10	3.620727238138832e-10	-8.927318102141566e-8	-3.1350498949606976e-8	5.745374365636784e-8	9.859933314935178e-7	-1.9487952431400868e-10	1.3646946128178811e-5	-2.6861880928919526e-7	0.0001821474813023325	7.589634320040854e-8
94.0	4.077818625440122e-15	-3.995068165174587e-15	-2.6853519408120974e-13	-8.491124470211275e-14	5.262387149859715e-7	6.194735011066932e-8	-1.9445224742897782e-8	6.570790243506927e-8	3.4442748580304494e-8	3.6670274082897802e-9	5.8797295235064565e-9	-5.3862368558366125e-11	5.704156071095756e-11	-5.494545790574179e-13	6.432875065964794e-14	-7.273478694336255e-15	6.519730502002608e-14	-7.552986014403018e-14	4.01276234462955e-14	3.948230631323213e-14	1.6521506385203114e-14	-3.274469805199243e-8	1.5112708480480297e-10	3.462085142180715e-8	-1.6452172665881726e-8	-2.303192359054407e-13	1.1071005223683983e-14	-9.804657086220915e-15	2.3676893778912245e-13	-1.0167214292700066e-14	-1.3976667045945135e-14	1.6306400674181987e-16	2.8416505259976077e-14	8.534839501805891e-15	1.8061940831870515e-14	1.2720727249337926e-14	-4.211908599671688e-15	-4.485994908876023e-15	8.141057272759156e-15	-4.350686477749832e-15	1.3156142841808105e-14	2.1769044900032952e-14	1.1789180742738381e-14	-2.435551760271437e-15	-1.5287684312914607e-14	-6.591949208711867e-16	1.1483869410966463e-14	1.1140394162723055e-14	-8.98586760555986e-15	5.336876773842647e-14	-4.0609876572617054e-15	2.2162827129079687e-14	-1.619537837171947e-14	-1.5648940476786777e-14	-5.396030844373456e-14	6.899645785263253e-14	1.628905343942222e-14	-6.38378239159465e-16	3.504141421473151e-15	1.427330476033717e-14	3.3410774147313305e-15	2.265375387278113e-14	3.2265856653168596e-15	1.9845236565174677e-15	2.220446049250313e-16	6.567663080048193e-15	-1.5865780911283878e-14	1.4266691127085007e-14	1.6216195053431193e-14	-1.4405143744511406e-14	-3.937822290467352e-15	4.939191416974964e-15	-8.645861804268407e-15	-6.123573870198129e-15	-1.8908485888147197e-15	2.6645352591003757e-15	-5.270089920017541e-15	1.822327011513635e-14	-1.4738210651898953e-14	7.667477763817487e-15	8.60075899389301e-15	3.9402509033337196e-14	-7.053385653321698e-15	-3.6134290004596876e-15	-1.5546913756381286e-10	5.167993801999393e-10	-1.287806602363883e-7	-4.133042960088526e-8	7.128199558150132e-8	1.486711846750144e-6	-2.0747446111395867e-10	4.130501210990227e-5	-1.1895763535330062e-7	0.00023672556826353364	8.371237545203632e-8
95.0	-2.5455622841597397e-12	-2.3555748754436913e-12	7.22540560883418e-12	2.542063594745568e-12	6.575437302988392e-10	-9.50624844967791e-10	-2.3540547146470492e-9	-1.8461552205197084e-9	-1.030516510273402e-9	-2.234460067025085e-9	-2.2080486588081223e-9	-2.2056397509425923e-9	-2.2049760559141846e-9	-2.204511472880262e-9	-2.199688919597214e-9	-2.1885346729993056e-9	-2.175796006062248e-9	-2.1730810178102293e-9	-2.1724238450080905e-9	-2.173580663219909e-9	-2.172796896970719e-9	-2.168908332779626e-9	-3.4535323602897807e-9	-3.493461700405291e-9	-3.5178818719554447e-9	-3.4448080885581785e-9	-3.4434743672783613e-9	-3.44592742266264e-9	-3.446820301657608e-9	-3.440512327469989e-9	-3.4379068117764165e-9	-3.4417834896835444e-9	-3.440580706451116e-9	-3.4432529866658454e-9	-3.4456438733109643e-9	-3.436547220682341e-9	-3.4332430431743634e-9	-3.4391942878739794e-9	-3.4376167015781214e-9	-3.4407212980949465e-9	-3.4393055524710325e-9	-3.4265660740983732e-9	-3.422206361196834e-9	-3.432563285413556e-9	-3.4319916883783626e-9	-3.43553017180642e-9	-3.4352650612710645e-9	-3.418051320996329e-9	-3.411809460887447e-9	-3.4272286335739507e-9	-3.42661255986651e-9	-3.431002088353279e-9	-3.431723697310739e-9	-3.4075761069050894e-9	-3.399383397918623e-9	-3.4227371615300557e-9	-3.4220741452522517e-9	-3.4279206241874295e-9	-3.4293070621012143e-9	-3.3956743127327215e-9	-3.3848188874019644e-9	-3.4190161502603506e-9	-3.417825954288482e-9	-3.425128392586072e-9	-3.428692615635954e-9	-3.38181894383209e-9	-3.371396036455629e-9	-3.414764364753192e-9	-3.4114056668211315e-9	-3.422967567006075e-9	-3.4284312288637353e-9	-3.3624531458367262e-9	-3.3617635449065676e-9	-3.4038376775546197e-9	-3.4044627670488443e-9	-3.424116837617473e-9	-3.4392936344501186e-9	-3.3475867173716777e-9	-3.381204463390611e-9	-3.3801890428160846e-9	-3.427118196305332e-9	-3.4248521217427585e-9	-3.4581012090527435e-9	-3.361143508190374e-9	-3.542519607111769e-9	-1.979025004875461e-9	-4.0848716007825505e-8	-6.565053963264727e-8	-7.281353975552717e-8	-5.84654772635118e-7	1.1336428547602598e-5	2.266837693484791e-5	0.00023222215513922333	7.869778049190666e-5	1.6859562846608217e-7
96.0	-3.970468894479868e-12	-3.687366347627876e-12	1.11873395690953e-11	3.9378816030048344e-12	7.306976426906081e-10	-1.4843629506241855e-9	-3.647174446430284e-9	-2.8603127082265044e-9	-1.5944058066150585e-9	-3.4557461910479208e-9	-3.4169439033393294e-9	-3.415247787356554e-9	-3.4146776864147944e-9	-3.4133898468729197e-9	-3.4060236625583137e-9	-3.3869346996421963e-9	-3.3668722106525525e-9	-3.3654660496585592e-9	-3.3652525999273253e-9	-3.365720407174871e-9	-3.3646731070731857e-9	-3.353894816667302e-9	-5.34370597220127e-9	-5.4141327242633165e-9	-5.454333252847974e-9	-5.334773430424525e-9	-5.333071300695521e-9	-5.332541699134116e-9	-5.333117372392964e-9	-5.332824595559305e-9	-5.3317540778364445e-9	-5.330805692615324e-9	-5.329422634283789e-9	-5.328253186844414e-9	-5.330983518373878e-9	-5.330428732511318e-9	-5.329544473890629e-9	-5.327800775196534e-9	-5.325915251381015e-9	-5.3242511923157205e-9	-5.320883203298155e-9	-5.3201396058796325e-9	-5.319503765448555e-9	-5.318879103198589e-9	-5.318524228991938e-9	-5.3162762447982745e-9	-5.314417948568433e-9	-5.314264836155482e-9	-5.313504711252395e-9	-5.312309253562225e-9	-5.311699616646501e-9	-5.309605896451317e-9	-5.308890716669852e-9	-5.308513426232392e-9	-5.3084311291930075e-9	-5.307275497601509e-9	-5.3065645850360316e-9	-5.305642308368163e-9	-5.305205145687291e-9	-5.304925356067194e-9	-5.304358823949628e-9	-5.3037996638451776e-9	-5.303327833302718e-9	-5.302432852422119e-9	-5.303326015421803e-9	-5.30343173169404e-9	-5.303212411395395e-9	-5.30132077119204e-9	-5.300120652203901e-9	-5.298858485076147e-9	-5.297035626396484e-9	-5.2967791704558e-9	-5.2966145365881785e-9	-5.295961194145738e-9	-5.296107385918603e-9	-5.295010828182453e-9	-5.294324238361828e-9	-5.292090807765328e-9	-5.291706869183474e-9	-5.291516231248722e-9	-5.291584027606259e-9	-5.290601297394493e-9	-5.29062964521814e-9	-5.303429800214617e-9	-5.431239172934976e-9	-3.121138031250431e-9	-5.9599935523245637e-8	-1.0428390331330375e-7	-1.1396066164974212e-7	-1.4869920272571229e-6	1.707252678274891e-5	3.5689686220193194e-5	0.0003020128647889004	0.0002462854707381606	7.649336316199094e-8
