# i	1	3	4	5	6	7	8	9	10	11	12	13	14	15	16	17	18	19	20	21	22	23	24	25	26	27	28	29	30	31	32	33	34	35	36	37	38	39	40	41	42	43	44	45	46	47	48	49	50	51	52	53	54	55	56	57	58	59	60	61	62	63	64	65	66	67	68	69	70	71	72	73	74	75	76	77	78	79	80	81	82	83	84	85	86	87	88	89	90	91	92	93	94	95	96
1.0	-0.4779284587906918	0.024024362044339328	-0.019638498464644636	-1.3997243870801945e-5	0.0020679178401705424	-0.0009288867673025925	-0.006732292228981068	-0.0053679252177116134	-0.00608728796599098	-0.0007242699576316244	-0.00016589167573115982	-0.00027007140899803806	-0.0002225170778969004	-0.0004642747464429945	-0.0001366250054766329	-9.962274611357103e-5	-5.393683420998304e-5	-0.0006919484922245776	-0.0008080611219528937	-0.0015161924722415106	-0.003861624689935775	-0.0035366210270679653	-0.005654255043574587	-0.0041346892474888545	-0.004289741416620124	-0.006636181465040651	-0.0063280552441402575	-0.007300953204006236	-0.007071341380207475	-0.003947868826475746	-0.003953144189135562	-0.006281031285870545	-0.005986513578978014	-0.007098747567473248	-0.006850581287559202	-0.0036886193263783217	-0.003694878047198344	-0.005972378148301248	-0.005699063909796239	-0.0068791324455935495	-0.006630738295844983	-0.003474227313576217	-0.0034824563918014937	-0.005671337690855724	-0.005422582264993389	-0.006623304481012618	-0.006383636632910672	-0.0032826901005631303	-0.0032931329322933105	-0.0053977546841572945	-0.005174444095610426	-0.006370655432547527	-0.006146285995578617	-0.0031215514300260254	-0.0031380069233120506	-0.0051582431526093035	-0.004958003239012115	-0.006135970168479186	-0.0059295908747684055	-0.002987603863196874	-0.0030151093515181793	-0.004950061292297325	-0.004770883310268174	-0.005927956352851456	-0.005740607695909229	-0.0028733821835047347	-0.002913051130399084	-0.0047541400572995276	-0.004592638955683379	-0.005724331040714079	-0.0055527503857259655	-0.0027815537772055083	-0.0028442301117741686	-0.004583324870248706	-0.00443659880160258	-0.005542694707361711	-0.0053817238844372185	-0.002710183299495845	-0.002658910367816089	-0.004406405659677242	-0.004288914923950599	-0.00536462536762599	-0.005214997693544783	-0.002648804977957831	-0.0019466157545271912	-0.0025556505899716436	-0.0032217660954671377	-0.005010010981336407	-0.0050500632545825985	-0.0018699628401799063	0.0024248488527718118	0.003288880990395601	0.0035281483900912584	0.00486431308744916	-0.0038481590928506667
2.0	-1.0356173952436194e-6	3.6174609731595055e-6	2.605741770134059e-5	3.02789012474886e-7	-1.1170949963319377e-6	-0.3052156864956918	-0.0021924586586805246	-4.910789256794819e-5	-5.464029334006332e-7	3.191304711273728e-8	-7.0251328449699e-10	2.336125483637771e-12	-1.839437618253357e-15	1.325956967548237e-15	7.226005619634711e-15	4.3819908384151406e-14	-2.433261883895322e-14	-5.708089197588727e-15	-1.2186065354494913e-13	8.389703912768123e-13	8.481308957145099e-13	-7.260590080875483e-12	5.6719586859021284e-8	1.31418799610079e-13	-6.54456150509246e-14	1.5448599027732788e-12	-1.6114932411291938e-7	4.913376286209225e-7	4.283333235316836e-12	3.594878492878247e-11	1.642535931162428e-14	9.770505598474245e-9	2.0471871618086242e-7	2.6753144277598384e-12	-4.6200933483674394e-8	4.122176890454088e-11	3.26149324338658e-13	1.4051096270581988e-7	2.145289756275225e-7	3.4900611410486415e-11	1.1595756678097823e-9	-8.180568322362644e-10	-2.4221998490114633e-12	1.9226694054533975e-7	-1.9142584381471692e-7	-6.900469987694667e-11	-4.982953006731638e-13	-1.3010040818697525e-12	-6.733681979642867e-13	1.312767824059801e-7	2.3187396565021934e-7	6.375008724447123e-11	3.4908349140095576e-13	-1.8010811418455755e-7	1.7234808439923615e-9	9.811266602081994e-8	-1.1898038475353916e-7	-4.295185677094706e-11	-1.121059786879177e-13	-4.627818011622269e-8	-1.453431897837283e-7	-5.7844709236870576e-12	-3.927258740706808e-14	6.54082001414238e-14	-3.117119584831204e-14	-6.396866485231971e-14	-2.0034951072952264e-9	6.072976612667077e-13	5.256956567334232e-8	7.359782303080452e-15	-2.7017899747632485e-11	-1.330007525605158e-10	-8.31716384212438e-12	3.8082221912516743e-14	4.997951173737175e-12	-7.211365371826964e-14	4.101768371974404e-9	-1.69988322087188e-12	-1.1664561334906474e-11	-1.706863042895553e-13	-1.5048768996016455e-10	1.1525966192264044e-11	9.91359341668724e-13	7.492620080197915e-14	1.5773768210800776e-12	-3.620556019818958e-13	9.870382779381402e-14	-2.7290985905919706e-14	2.57181253178092e-14	-2.1936110208109027e-12	1.8322292484391775e-13	-5.249617249318019e-14	6.529183254904005e-14	1.5409683403559923e-13	-7.217563297618042e-13
3.0	0.10141657513047722	-0.4548030990120908	-0.3064125455653911	-0.0002879091391045883	0.016255589349142993	5.790103446142438e-5	6.252171555735895e-5	-0.037094820033831376	-0.02207753019997076	-0.005407321023234064	-0.0008371920060408268	-8.728426902976025e-7	-1.5847825304152575e-6	-0.0017888800911614916	-0.0003531057305350744	-0.0004916764538823234	-0.0002055152689451366	-3.1583732514899694e-6	-5.995403760085339e-6	-0.003928827683364075	-0.0075388446869038925	-0.013653691113012073	-0.017777232542348295	-2.7550222164773874e-5	-4.5280110961420547e-5	-0.01308502095580331	-0.010054201066915184	-0.022786645289250916	-0.018813705757802807	-3.061316604742485e-5	-5.0494066697196954e-5	-0.009950178263144958	-0.007927212523977652	-0.018598669768851273	-0.015579895054638236	-3.6321760424711135e-5	-5.9705725784307164e-5	-0.007877303652910611	-0.006452852871998524	-0.015473320748211148	-0.013143533766032507	-4.308144896453634e-5	-7.134478347534931e-5	-0.0064269898832752595	-0.0053878587955125965	-0.013088668646383004	-0.011245040475856016	-5.047914679893424e-5	-8.602090111839603e-5	-0.005375706911522871	-0.0045896290784305325	-0.01122325332516121	-0.009758004646595052	-6.21786770366733e-5	-0.00010624088764865313	-0.0045831822171096765	-0.0039737998795722415	-0.009743597195924571	-0.008574040165357576	-7.98600986106081e-5	-0.00013817430624903367	-0.003970146450828791	-0.0034887086841921596	-0.008559418411603674	-0.0076140343712646375	-0.00010299037344345505	-0.0001808733016682839	-0.0034862041727194435	-0.0030986819130344343	-0.007602025447335632	-0.006818979383172539	-0.00013397851057013794	-0.00025149611850621627	-0.0030977434383253196	-0.0027825038363184715	-0.006813711344558694	-0.006151664107667769	-0.0001869720315601009	-0.000317144028195016	-0.002767826691503368	-0.00252266361463872	-0.006147617354723955	-0.005584651010551434	-0.00027303449154215633	-0.00029775940257557973	-0.0014905192535212292	-0.0017414332922850123	-0.005385171980871898	-0.005101831595676322	-0.00028111858906874454	5.67274065571844e-5	0.001807428594272289	0.00180157674349899	0.0049414566317138075	-0.00363611911352964
4.0	-2.6141218046640713e-9	3.644425930739363e-8	-0.45662971415397957	-7.711304969195503e-9	1.3603487325328533e-8	4.474413686414948e-9	-9.173346863652064e-9	-0.3345912110374354	8.145433045856128e-10	-9.540499448316134e-12	-3.077481668603721e-12	-6.751709070861827e-15	-3.231303926251924e-15	5.031518125946565e-16	-1.729058586599852e-15	-9.700316681861125e-15	-2.1503016752660244e-15	-6.369155471883446e-16	1.989137385476573e-15	7.439748830269906e-15	1.3954830494504955e-14	1.7190832100085246e-14	-1.0940512160828434e-10	1.5619228307158642e-14	-2.884296908798529e-14	-4.3363366961435316e-16	3.2515344082522637e-12	8.913753995343677e-13	1.6597902647082838e-15	-5.5623362966937136e-14	-3.1743737726228533e-15	4.637720865800193e-13	2.820551601540509e-16	5.851211077090203e-15	1.1204895785022494e-13	6.19780685066451e-14	-1.1321313615202558e-14	-4.970702851896973e-14	-1.0435003286602937e-15	-2.7902822954939595e-15	-1.1705548440665708e-14	-5.7078277315984e-14	1.342640109155172e-14	8.205048792475789e-14	9.131333284395244e-16	-1.9663531303678424e-14	-1.3190271304352226e-15	1.0454541757579928e-14	-6.399067566778274e-15	5.31185707636612e-16	6.170795898215356e-15	9.419151956144482e-15	6.096152487527507e-15	5.319280973575334e-10	-3.426280823058187e-12	-5.133246572969873e-12	-7.789962320855903e-15	3.205164452702795e-15	2.318040460650377e-15	-2.826865770962327e-14	7.216205281777626e-14	-2.171334062955078e-15	-8.79518628479853e-15	2.527904221618276e-15	3.825178678599403e-15	-3.671840945736802e-16	2.6940120830968076e-14	3.683249674848e-15	-1.1394874124529233e-15	3.5197504021396946e-16	-6.032284393554648e-15	1.1676481725342955e-14	-8.963221973096285e-15	-3.3816278492114658e-15	-6.701502182090719e-15	6.509071944486494e-15	7.582586482857512e-12	1.7106998363572054e-14	-1.4439075701968693e-14	-1.5976229569476484e-14	-4.9853914260298493e-17	-6.578330922095671e-15	6.266985872411477e-15	1.3113411301383187e-16	8.424168111346151e-15	4.622162799668454e-15	3.271094206956751e-15	2.190283283681804e-15	8.898664024688152e-15	1.627936613366132e-14	-3.3253630123549556e-15	4.9982174904651637e-14	1.7385508125095382e-15	8.006107178794274e-15	5.3876657395774705e-15
5.0	0.12594752269888196	0.041370701872068705	-0.00011000607272590905	-0.44068445762955233	-0.21085175050858848	-1.10249350234315e-5	-2.5866122981326602e-5	-0.00017165879493468502	-7.242584882282962e-5	-0.03288993854291555	-0.0026114653033022755	-5.576359753479206e-7	-1.210851202041837e-6	-6.520936887420076e-6	-1.6324249291402305e-6	-0.0015262077990658316	-0.00042808122874301755	-1.547526017462949e-6	-2.729551907186267e-6	-1.8558293898590476e-5	-3.732831097017756e-5	-0.02843504299069377	-0.02787874175588775	-1.55548931213304e-5	-2.3811979191520178e-5	-7.920326154962856e-5	-7.135946308635719e-5	-0.03561502755198058	-0.0236640104189297	-1.598318394910569e-5	-2.538569740538446e-5	-6.473130990398542e-5	-6.005080083189155e-5	-0.023314900283936263	-0.016342719102848367	-1.795997603107833e-5	-2.8375667988869783e-5	-5.785285748978141e-5	-5.342741085944702e-5	-0.01619475845305135	-0.011823496383617006	-2.002383406995978e-5	-3.256796152397612e-5	-5.3672907488709196e-5	-5.129944379559828e-5	-0.011756612254775978	-0.008850653040407204	-2.25566472700148e-5	-3.807952678792665e-5	-5.326142580101821e-5	-5.098127668548712e-5	-0.008826017846825126	-0.006827495891054784	-2.698878017657412e-5	-4.575231342931887e-5	-5.190478661980957e-5	-5.077764654291727e-5	-0.006813146565647419	-0.005400941605781219	-3.417979150512946e-5	-5.802709814700115e-5	-5.190913756746281e-5	-5.276022915584298e-5	-0.005389354533567199	-0.004361954675913144	-4.302104812710023e-5	-7.353027022851615e-5	-5.343966572854159e-5	-5.4825815709619796e-5	-0.004354031315014308	-0.003581547734318413	-5.4994177938214614e-5	-0.00010091806082881272	-5.628375647762478e-5	-5.905927847822806e-5	-0.0035777413131087505	-0.0029821384895108985	-7.552152409595996e-5	-0.0001277022863218233	-5.549239879686732e-5	-6.34508521023353e-5	-0.002979618853972174	-0.0025154912680590883	-0.00010722578224327416	-7.167475943809084e-5	-1.672002303206523e-5	-5.251420890141917e-6	-0.0024259881097231056	-0.0021466998414930633	-0.00010051318156200555	2.0724973380574656e-5	3.3286254319095696e-6	9.876036314369113e-6	0.0020799041802502627	-0.0014386965185957988
6.0	6.334036958638266e-5	1.1773370468711833e-7	8.780522934144931e-7	-4.510255405919332e-6	-0.47262782601516934	-2.7150254149965393e-10	1.353839614893517e-8	-2.486705834682132e-7	5.3555454912070305e-8	-0.3758454313033769	-1.56974465574704e-11	-1.3986593855641803e-10	-4.92795805687491e-9	-7.084574116487209e-9	-2.135685784095176e-11	-2.337711707547791e-8	-3.4095374696001344e-11	4.888862656972395e-10	-5.155498677898585e-12	-2.4943323098207473e-10	7.435679251036752e-10	2.81499806268199e-8	-3.4015983758728193e-9	3.900400836046788e-10	1.3037911992063983e-14	-1.3067169958927427e-12	9.468252383772305e-9	-3.255045886307235e-11	-2.3479784468701664e-13	-3.921106804503937e-11	5.185706868295058e-10	5.599219474115479e-9	6.19597302777419e-9	-7.064932140829136e-11	-5.362337057195526e-13	-7.47352620339814e-14	-4.2426911791529785e-9	5.649803614416975e-9	2.6134498910946607e-9	-6.318082693037696e-11	-3.675699644016626e-13	-4.260676432518902e-12	3.2640347552947796e-12	6.789058246790878e-10	2.519262152660293e-10	-5.553544034147748e-12	-4.116330757156228e-14	-1.7460091201448456e-10	3.069587460443504e-8	-5.722863219745371e-9	-4.408172752867352e-10	1.0057876975938865e-11	3.035028825482122e-14	5.543297507266176e-10	1.1820450077752332e-9	6.034793712927228e-10	4.226089313862956e-11	-8.959286220897034e-13	-1.8938843548976795e-14	-7.584036338119295e-12	1.3869694408003442e-14	-6.566457609862715e-12	7.843859025843944e-13	-5.630362197523235e-12	2.339214840709966e-12	-4.653326118528312e-12	-6.992188945897926e-13	-9.146618466966683e-13	2.0868279909549807e-12	1.2118805308228286e-15	4.838075953844438e-13	-1.947979538091671e-13	3.2880154762077174e-13	1.2597561882543573e-14	9.094897686530434e-15	-6.231706096244613e-16	1.6519951097186683e-10	5.3067359534475475e-14	1.137529523700942e-12	1.1443862350801748e-14	1.424782600928376e-14	-1.652376894166474e-10	-2.0803479295131155e-10	-2.769984762396315e-13	-3.521419848426244e-10	-5.248269067600897e-10	-7.826219273338038e-11	-4.680521020674483e-10	-2.3182719481075476e-10	-6.029820288910859e-9	-7.342416605271573e-13	-3.085241574208881e-11	-1.907904259926263e-11	6.320833396619709e-11	-1.1701833311367205e-8
7.0	-1.3348407279951133e-6	5.17416776114227e-6	4.434615966553963e-5	4.3316264070190353e-7	-1.5713803662742284e-6	-0.4814757507016883	-0.003496253105467175	-7.841009478263445e-5	-7.464713844289503e-7	2.9613837935708364e-8	-9.231837636561469e-10	3.642729560189719e-12	5.426640116062126e-16	-1.0887761906324988e-14	6.34316680714286e-15	1.4624237685931615e-13	-6.144920541205014e-15	-1.9559803827744826e-14	-2.020621968867399e-13	1.2722642708597616e-12	9.9082471631025e-13	-1.0029081297681451e-11	4.7833922048252726e-8	-2.920753014800707e-13	-7.486208564354855e-14	2.648646358704797e-12	-2.2467417695350448e-7	7.997845251856302e-7	7.130989884950985e-12	5.860702762347896e-11	2.3248602986809404e-14	1.5669192215263578e-8	3.301360006225408e-7	4.185175840084088e-12	-5.471988446802208e-8	6.761142278708918e-11	4.684569806288478e-13	2.2577646953377783e-7	3.468334721394839e-7	5.473090385890153e-11	1.4121992548536455e-9	-1.263984266800032e-9	-3.628930338636268e-12	3.108838703204121e-7	-3.1021562334778076e-7	-1.0987601792831177e-10	-9.106916509922453e-13	-1.887826154662922e-12	-1.240320916972335e-12	2.123615237037999e-7	3.471978595188427e-7	1.0268735724575451e-10	5.844489289849311e-13	-2.5708816561546133e-7	3.2092660200087905e-9	1.575532682714055e-7	-1.9377351069400988e-7	-7.143656980648951e-11	-1.8223301180069704e-13	-7.9771570947871e-8	-2.4338412144070846e-7	-9.744231158820931e-12	-5.2274283277484265e-14	7.695661865395252e-14	-4.222934718938562e-14	-1.04265558630545e-13	-3.646232869839026e-9	9.632642906921919e-13	9.33121094471521e-8	1.4213577161948086e-12	3.839776794187205e-12	-3.006366060693724e-10	-4.180924727465503e-11	5.1855157912707915e-14	7.388383370586808e-12	-9.722176968365389e-14	5.301742201052789e-9	-2.09020851035314e-12	-1.9048777240299525e-11	-2.19496479881202e-13	-2.3159654884745704e-10	1.5023090300899007e-11	1.2919817131391021e-12	8.602614665564208e-14	2.4349010744280295e-12	-4.79254891389848e-13	1.519381951989767e-13	7.230912431146833e-15	4.829634115128144e-14	-3.6692949814503e-12	2.469494816580214e-13	-2.63339901948297e-13	7.540853355313961e-14	1.8608003516555396e-13	-1.2236686385189005e-12
8.0	3.157127224762027e-6	-1.2032589685312694e-8	1.4030482719658986e-6	6.580516403796319e-9	6.601345708481745e-10	-3.374486610757226e-8	-0.460366056429886	-0.000978637289872559	7.35944464088085e-5	2.5362808673731636e-8	-6.283938692786323e-8	-0.3307477621562077	-0.02274956248741899	-3.38484478324893e-5	-1.1944884752648951e-8	-5.806587788109025e-12	-7.284198351822607e-11	1.7036631402831175e-8	-1.1412507793039706e-7	-8.311047676481671e-9	-4.17360812938953e-8	-1.3897949108247949e-8	1.03271061417667e-8	6.959460416991618e-9	-3.1729321809573347e-10	-7.814404952519333e-9	-1.607043605389808e-8	-1.7132661770613833e-8	3.4901980402706824e-8	-1.5886511272751276e-9	3.002279002971394e-8	-5.93395823212395e-8	-1.404004850460698e-7	1.9127532307976984e-10	1.1577594788755656e-7	-1.1001218560268675e-7	-4.6423198531139324e-8	-1.3231155149043538e-8	9.290601814534589e-10	-1.3596528876244667e-7	-5.518453837785466e-9	7.221907718217052e-10	-7.177398886451645e-10	-1.695935746226211e-8	9.263123891109876e-9	1.8241442896073142e-9	7.570581993939935e-12	-5.3237008719398275e-8	-6.987211214726954e-8	-1.1012803494555649e-9	-2.9730560931585034e-9	3.9925510021204595e-10	-2.7276660751558792e-9	-1.285855556372534e-7	-9.313985501033575e-8	-1.1411286430316817e-8	1.8440818870455566e-10	-2.9601627158953924e-8	2.7857530180085147e-9	-1.1102574219760578e-10	-2.8360904522032882e-9	-8.453599652292853e-10	-1.7689261079017044e-11	-1.9257242882008314e-9	7.986649070207366e-11	5.480856096227324e-10	-9.662732029090333e-9	-7.743765298300476e-11	1.3805485504704052e-14	-2.720207974421015e-10	1.436197104374551e-13	1.2792409361966066e-8	-2.0373078099623563e-8	3.7776512164571655e-12	-3.199009212140305e-12	-4.491733286513642e-13	3.7469990407984385e-8	5.099409329712752e-8	5.688606448107756e-8	1.3519560821697375e-8	7.380174521562693e-10	-5.5673634749780444e-8	8.166322839237931e-11	-2.829379971970913e-8	-7.779860566625387e-8	-2.9128833351834592e-8	2.379748041965831e-8	4.829289336187224e-11	1.4263880206465342e-11	-1.1109098546332129e-8	-2.892031826893787e-8	-3.111601013240694e-9	7.27236045338109e-12	-2.5780299803041035e-12	-3.813571670521846e-8
9.0	-3.4130718963576982e-9	3.581390962232371e-8	-0.3849254139799575	-1.8625619890335682e-8	3.3957690995109396e-6	6.032617041738705e-9	-1.3583992233068555e-8	-0.4625246440438902	1.5932330428676203e-9	2.255916890393426e-10	-4.522770909947063e-13	-1.479399586052532e-14	-1.2172579259458469e-14	-5.838011812988837e-16	-5.436195235369949e-15	-4.642682183434392e-15	-2.9181249416387217e-15	-5.527540614957783e-15	5.636311058924038e-15	6.66429340134458e-15	1.3412889845212184e-14	-7.851301462803146e-15	-1.4270264408182978e-10	8.896904926037877e-15	-2.5699615182602875e-14	-4.666685943181214e-16	6.034333913599804e-12	9.051660828175925e-13	2.520132103353678e-15	-7.080310723220689e-14	-6.334428585518192e-16	6.882599127010492e-13	-5.865586929766201e-15	6.068346249928226e-15	1.5287334457948943e-13	7.349687535305492e-14	-3.0924820213691783e-15	-2.9067903661132727e-14	-4.933639122257044e-15	-2.850332843777038e-15	-1.3307681174424356e-14	-1.1519390329386502e-13	6.84774771156611e-15	8.494249113536815e-14	-8.483735121820249e-16	-1.926631012401566e-14	-4.4873360639914744e-15	2.5848289304574017e-15	-5.012009533965791e-15	5.812962561198519e-15	9.164913157593849e-15	1.1026698691328761e-14	8.60665844200624e-15	3.5059932811274486e-10	-1.2009051266294065e-12	-7.35054579582439e-12	-6.611029359054894e-15	2.913518302426033e-15	5.499915581159121e-16	-5.293243305969909e-16	1.9723500067351744e-13	-4.3595187030850454e-15	-3.763597992884513e-15	1.4064549228506344e-15	4.910625139449854e-15	-1.9605674883788564e-15	3.6106092414356215e-14	5.066259194268355e-15	-4.5911250980427795e-15	-1.300537376132748e-16	-2.73476639389291e-15	8.531659517799833e-15	-6.356765696256022e-15	1.1389589965048674e-15	-8.069729213880464e-15	6.2170177434109034e-15	1.0284519507294473e-11	6.944996678014624e-15	-1.9707094534918156e-14	-1.2286339116831777e-14	3.867076454365751e-16	-9.48729924663801e-15	7.0516299394966876e-15	4.5759408288915126e-18	1.2145256100633379e-14	4.5315474357896755e-15	1.5644827237861912e-15	8.975681297335054e-18	1.0112676063232965e-14	1.949681393070635e-14	-2.1203168015533317e-15	3.873018623362533e-14	3.413177348060618e-15	6.199158446233336e-15	8.471683037271504e-15
10.0	3.19207263276127e-9	-1.0007976306478345e-9	9.120339485706183e-8	-1.5222357598296687e-10	8.735069689847227e-9	-1.0789740589831882e-12	-3.650777138255252e-11	-3.3474656673124283e-9	-0.4629592553016974	-3.5011183012052556e-7	2.0006163544291205e-9	-2.923681516002699e-11	6.0073685646527846e-9	-0.36829626810820826	-3.4255316571459497e-6	-4.059743697976537e-12	2.0577212921407655e-10	-1.425262967115003e-12	1.4179356793925085e-8	-6.881490155054615e-10	-1.2512027338227017e-10	1.3129509418067845e-10	-6.5026957694682724e-9	2.8114745104433927e-10	-1.5009533025279051e-10	1.2243429154078267e-11	1.5219192907590125e-10	1.2690783761209472e-9	-7.657526583044959e-12	1.3277108021095972e-10	3.0557883593724534e-10	-8.927734373569571e-11	1.002580684566513e-9	-3.65975627581876e-12	1.6723860769866718e-9	2.3165503219117034e-10	3.930824950164683e-9	2.7803494824036835e-10	7.838462899511178e-13	-5.324916174793848e-9	-8.154987072669719e-12	3.5634523128153734e-12	-1.958356270766598e-12	2.222549794446736e-11	1.3079718550181451e-8	9.593709177298975e-11	1.0766300337456835e-12	2.3019398107778698e-10	1.236473446910957e-10	4.789696115205327e-11	-1.029093130087009e-9	6.339923938900956e-14	7.859444370915209e-10	2.9083406390949578e-12	2.1113961840291746e-11	-1.553675775125004e-8	-5.678721328637097e-10	-5.075794335362715e-13	-5.195079926508669e-9	3.747368194455305e-12	-2.892140484554587e-12	-5.633224283329184e-10	-4.769109218624142e-10	4.729511186587507e-9	3.01253353178407e-10	7.249435699336101e-12	-9.080937282126473e-11	4.754094348801595e-10	-2.95497033658691e-14	4.187830003809837e-12	-3.9810478516537585e-13	-2.44012402601349e-10	3.157196217698288e-11	1.4060207036333974e-14	-3.4838810264373984e-15	2.608064934057855e-12	6.605729136247556e-9	1.2213726395965194e-10	-8.386734928462083e-12	1.5379820988848732e-12	4.2888369188098996e-14	1.2215817856334522e-10	-5.05560481860464e-10	-1.922923202590251e-11	2.463463044721388e-10	-1.4490365747918105e-10	-1.7209061502218035e-11	-1.3650765652563752e-10	-5.032657392700535e-10	-1.406377724036932e-9	6.075177368548137e-10	-3.573923204332295e-11	-2.4568545200900805e-11	3.1637342167117245e-12	1.1724662549553129e-8
11.0	7.170156620133844e-5	1.1881595933433606e-7	6.685897464842536e-7	-3.2767253564932446e-6	-0.3443617119888104	-3.308239792685836e-9	1.0054956012759295e-8	-1.5790193363551916e-7	2.2828986582019216e-8	-0.45664195794523854	-1.3541308021554485e-11	-4.7121420815080634e-11	-2.0643433846630412e-8	-5.460814093044386e-9	-3.170578609758933e-11	-2.007377031019684e-8	-3.1336526226012933e-11	1.8123938356858244e-10	-3.894381450279906e-12	-1.8435178516849574e-10	4.791954719971335e-10	2.2009830960912727e-8	-1.20635853415713e-9	1.9015147211324623e-10	-7.017139726959446e-16	-5.753717323607494e-12	1.1439976360702513e-8	-3.691132365040851e-11	-2.7373749983870723e-13	-4.841183669322003e-11	4.934241570919604e-10	1.0209031917853728e-8	7.350549013802602e-9	-7.973744736327134e-11	-6.305863837682828e-13	-8.322728491836425e-14	-3.3388245655604155e-9	8.750760878757547e-9	3.0482110522556153e-9	-7.090937338053774e-11	-4.208310303642964e-13	-6.416307048713309e-12	1.727021410379802e-12	7.905479821437631e-10	2.921016102201661e-10	-6.302789085544131e-12	-4.44162811197188e-14	-1.6512067282443983e-9	1.8877129824437777e-8	-6.524860193257353e-9	-5.087108534588503e-10	1.128914579612089e-11	3.871232658227642e-14	2.014854465303666e-10	6.472923349679872e-10	5.52904590587155e-10	4.86165795375054e-11	-1.0298947504063754e-12	-4.919287046476178e-14	-1.1212388143206727e-11	-8.683404929156526e-13	-7.6009354581409e-12	9.554608088461767e-13	-6.101182474880639e-12	3.042500823285583e-12	-9.825914224635066e-12	-8.237976636982498e-13	-1.148839901122778e-12	3.205333699475467e-12	7.842963777333897e-15	4.89508006718899e-13	-2.0973652187253599e-13	1.975778992162477e-13	1.3472954519535648e-14	5.020148799736871e-15	-6.664197539999626e-16	1.3837057579349755e-10	-2.589748532803996e-14	9.558190826840878e-13	2.3324817793971013e-14	3.906859913123226e-15	-1.3470759377462757e-10	-1.8749728512798808e-10	-6.187589246207143e-13	-1.8669538293913353e-10	-3.116636953426458e-10	-4.749953709741637e-11	-2.135042539137883e-10	-2.1553772301662423e-10	-3.519747045982085e-9	-2.893625520398658e-13	-4.708402807548589e-11	-1.3794085875338468e-11	4.903963488655298e-11	-5.118051297822117e-9
12.0	2.981790332592682e-8	-6.779231818486942e-9	2.751844034690416e-7	4.018032300299948e-7	7.61716298216294e-9	-2.7860297047991747e-10	-9.645196928270799e-12	2.5149071315891676e-9	-3.1220105310055066e-7	5.445131372985326e-6	-0.4807494943548525	-2.962220330111497e-8	-1.2864094118683564e-8	-3.2059104445297677e-7	-2.1731972185033282e-8	-0.42787915694007356	-3.754763300477938e-8	5.0367208119294625e-9	1.4039917451896217e-8	-4.9621953946426415e-8	-4.8022996947426116e-8	-1.6704344869156906e-7	-1.5501828249000744e-8	-3.861525956362838e-8	2.8094462314971298e-8	-9.41930661175493e-8	7.251668890690141e-9	2.5499938623196375e-8	-5.01867680725976e-10	1.0034269490538113e-8	7.49139822877213e-10	-5.1619442676972874e-8	-4.191674190464583e-8	4.104006988792635e-8	1.8704153348260302e-8	1.5454952441927457e-9	-3.4270748495915586e-9	3.010960831806072e-8	4.1329451077137074e-10	9.350595498970929e-10	-5.993022073901502e-8	-2.40700933088533e-10	5.6187117656315166e-12	8.625107105434857e-10	6.57686813004047e-8	6.337502675079208e-8	-1.4746215642126847e-8	1.4297896724349059e-9	1.518663252639265e-9	-8.368341239504671e-8	7.378428900072317e-10	1.3486829893491285e-8	-7.473693113132095e-8	-2.990575418938127e-8	-3.0660490474265376e-8	1.577447007219743e-10	-2.5946857940204684e-8	-7.595415378701752e-11	-1.1374706214044579e-8	-9.389284265556962e-9	-9.489259415077056e-9	2.6525461618322103e-8	-3.140623750645255e-8	2.8638017555255294e-9	-4.032315932601218e-10	-7.781717743275286e-9	8.054714981724895e-9	-3.19704756589895e-8	-1.3120422389425407e-8	-1.7770036649507854e-13	8.017405125487722e-10	6.850772300126638e-9	-8.325395426003607e-9	-1.3239416202521227e-8	-1.2716353149216146e-8	8.819769901197342e-9	-7.923266403539173e-10	-1.562018495803609e-8	1.4140781851804081e-9	9.168679019991421e-9	-1.1578263118244645e-9	8.576880641455744e-11	2.9662441673556073e-8	-2.4170519749879877e-10	1.0535253086675934e-8	1.9041426251021548e-8	5.982102529254549e-8	-7.138006737610552e-8	-3.299279177164706e-8	3.599971776409287e-8	-2.4462041649489264e-8	5.9342364937577414e-8	1.1743276246073017e-8	-1.274176766790894e-8	-3.835549125125471e-8
13.0	4.502396543262412e-6	-1.5658119589114487e-8	1.9052534429067889e-6	9.105848193217341e-9	-1.5881507712297633e-9	-3.25220116599428e-8	-0.4445491157864502	-0.00126430961469002	0.00011376268682774184	3.0046798364332395e-8	-9.329012530092361e-8	-0.481998849987774	-0.033477038578828826	-4.995325824214776e-5	-1.7488809783407413e-8	-8.308168778061914e-12	-1.0772793759251285e-10	2.4404216000090726e-8	-1.6678943097035578e-7	-1.0229345880897736e-8	-6.110693264212444e-8	-1.8072231372227334e-8	1.4357788645702965e-8	9.962915360091327e-9	-4.849930349963153e-10	-1.108603693058151e-8	-8.824038832835857e-9	-2.5146554244812665e-8	5.1925227895571045e-8	-2.2729185608645483e-9	4.078285817831417e-8	-9.107505253458799e-8	-2.1381752539500033e-7	2.8737679934025047e-10	1.743924752606194e-7	-1.6188530995404874e-7	-6.667952888800997e-8	-2.060119201827852e-8	1.3076587963977836e-9	-2.0413522342026096e-7	-7.612856105019107e-9	5.465641277172069e-10	-9.309831722036551e-10	-2.3781223579110452e-8	1.3186351512336482e-8	2.5339990937970316e-9	1.0819195388240652e-11	-6.972736883902672e-8	-9.181310678612369e-8	-1.5612324926033755e-9	-5.387363335934856e-9	5.718693397588437e-10	-3.932077801990116e-9	-1.776832523010034e-7	-1.3015741444262134e-7	-2.278132522825011e-8	2.624940137400952e-10	-3.986516003123093e-8	3.9566717730147925e-9	-1.84338804655941e-10	-3.594462204177927e-9	-1.17340748717684e-9	-2.323997884048989e-11	-2.6684172818033584e-9	1.1258065406435845e-10	7.321339570360347e-10	-1.0899487986518e-8	-1.0863928087403455e-10	1.9124971750770705e-14	3.654518332756079e-11	2.239183281413261e-13	1.5013550084654488e-8	-2.5601561671278338e-8	5.772494038826896e-12	-4.639537561963471e-12	-6.284636304212271e-13	5.144571359261491e-8	6.448931806483842e-8	7.546667622182144e-8	2.392410451568567e-8	-2.4629916410131588e-9	-7.75739149530145e-8	1.1626154613998328e-10	-3.6116175185315844e-8	-1.1370526525994944e-7	-4.4473854378734766e-8	3.147073204548717e-8	7.163639704203558e-11	5.081859328706372e-11	-1.6177715358661066e-8	-3.942494749611261e-8	-3.173084860725744e-10	1.0354202143922043e-11	-5.407497919654309e-12	-6.074928357938719e-8
14.0	0.3095825704116339	0.3236500398554645	-1.2731377837401925e-6	1.3790728110995505e-8	-1.4101543246466578e-8	-5.541354513283698e-8	1.618515082436104e-8	9.136489578223421e-8	1.068815523725559e-7	-9.244600681326603e-10	1.9724282850797035e-9	1.172007247874062e-8	-0.4615060148476513	-0.0007929095564138204	-6.853002057009756e-5	-1.3610270630333796e-8	-2.918636492628866e-8	-0.33777888947999435	-0.03911537310202841	1.1126478758935294e-5	-6.449236006481464e-10	7.824756191016457e-8	9.374445729703629e-9	1.659202072568328e-7	3.661893117442896e-7	-1.7057139541671422e-8	8.14341910840047e-8	1.1813990654395367e-8	-7.634735129706905e-10	2.623480916626886e-9	-5.041751659239604e-9	-6.284990348619404e-9	-4.264398105544962e-9	1.7100880991916626e-8	2.1560732738445435e-8	1.0389214990698814e-8	2.473183295317103e-9	3.7953225115692284e-8	-4.7392322477857755e-9	-2.184308848852895e-8	-7.215784147274195e-8	-9.248793762783868e-9	-1.3745916815053409e-9	1.263600061008e-9	7.426941212333262e-8	1.1111695447712953e-8	9.13056746330923e-8	-2.6858931562914952e-11	8.168502686142932e-9	-3.0245469992999162e-9	4.519118950262323e-12	-2.8513506647320593e-9	-1.0030980524900624e-9	1.695618883359843e-10	-2.0093954030841916e-9	-3.5514613824598552e-9	-2.0382705403947705e-12	-7.024733555322567e-9	-1.714548832050295e-8	-1.3572720015457883e-10	-1.3731238272067209e-11	-8.148989902981211e-10	-4.622005127042755e-9	-2.4605646609611917e-8	-4.5111395762120524e-8	2.9614181141560895e-9	-1.3299695946405704e-9	2.9495784965184522e-9	1.033814128191524e-11	-4.323359633061667e-10	-8.199024093447057e-10	4.0492419407417257e-8	-2.1519367217960047e-8	-2.9762317520344787e-8	2.4415064154848784e-11	-2.5789455039545705e-9	-1.3204020341666759e-8	-3.675545139771941e-8	-2.6288797111928224e-10	3.031529558103227e-10	1.466741707193189e-8	-1.0477988519388066e-10	-2.4319722346030008e-8	6.73825833611279e-8	-9.517958696216745e-9	-1.4753459800999422e-8	-4.87975736819005e-9	1.0844181655197894e-8	-2.3558724570462976e-8	-6.696392062255222e-11	4.077498882491197e-9	1.0677206178371612e-8	2.6430527806349226e-11	1.837982503256244e-8	-3.4410211421670042e-9
15.0	4.1522992082571385e-9	-1.2786287846729159e-9	8.632928902444915e-8	-1.2349557373651654e-10	7.625638748755857e-9	1.1653408482296696e-12	-4.200100786012049e-11	-3.47455347607993e-9	-0.3852389308566914	-3.801662117265321e-7	2.963934484176149e-9	-4.4669773379502016e-11	1.105954128498611e-8	-0.4639438782574945	-4.191372714659184e-6	-5.16145549199131e-12	1.8585426487518996e-10	-1.618003727848789e-12	1.327332502407866e-8	-9.08727149327262e-10	-1.457753879216562e-10	-1.2977430362497325e-10	-4.016231380325997e-9	3.473280335646554e-10	-2.701078060790435e-10	1.4041981131978347e-11	1.0005098475946215e-10	1.4589232512563792e-9	-8.106310800564827e-12	1.0281336032827764e-10	3.342063269182494e-10	-9.287413572080464e-11	1.1697273268041639e-9	-7.415598963229429e-12	2.038172298108798e-9	2.996128326071176e-10	4.209763431488548e-9	2.611319651145794e-10	1.1472319509680716e-12	-6.565272333173669e-9	-5.8998255558536e-12	2.913487497151997e-12	-1.6685851055586568e-12	3.7212831429797824e-11	1.5948847711561046e-8	6.749307100596307e-11	1.2542877187035759e-12	1.2144799384236675e-10	1.4417072973878905e-10	4.7548317579702375e-11	6.69778856126096e-10	7.212322462605277e-14	1.0436724634478668e-9	3.682489383140273e-11	2.1412124310432814e-11	-1.3941539697129464e-8	-5.417222309546034e-10	-5.853750539656162e-13	-6.132147898751041e-9	4.417820321949252e-12	-3.390811373742539e-12	-5.387029733072291e-10	-4.432897842027819e-10	5.617889250795134e-9	1.9953910050059088e-10	9.753356131103349e-12	-8.247994871142567e-11	4.4288069775077483e-10	4.221993133459825e-15	-9.243042264439451e-11	-1.0539726418697465e-13	-1.4604540599922894e-10	5.126089237072631e-11	3.17420488360935e-14	-2.7000572685907422e-15	-8.143390860753441e-13	5.754328293770638e-9	7.132478829266656e-11	-6.479303365391317e-12	1.4498665914418812e-12	7.591218021829053e-13	-4.9625444923045567e-11	-4.5927615861843105e-10	-8.99733555310403e-12	3.7105726125752143e-10	-8.506344597921975e-11	-1.9637089198500702e-11	-1.9020011557992777e-10	-4.558912677881035e-10	-3.5518793361862287e-9	1.5151893151576693e-10	-1.2167657952343715e-11	-2.697438474091864e-11	3.1703022081508253e-12	1.5106286673196116e-8
16.0	0.3155728408108761	0.3200730534588955	7.1083980383811715e-9	3.5468308511453405e-11	-2.7034563196795524e-10	5.457395943185421e-14	3.4150504411273973e-12	-6.666750512932027e-10	2.145623615375303e-10	-7.65987295549664e-11	6.303851651828727e-10	-3.705238011450239e-9	-5.476633078899686e-10	5.761328892832683e-9	-0.4640660402735759	-4.3517753457055934e-7	1.5937344918349527e-10	4.400967744757801e-9	-2.710696441293865e-8	-0.3767413867814485	-2.6259210220104667e-6	1.3762712349012802e-8	-7.226223081664602e-10	-1.0782498039903125e-9	8.783569495564655e-9	7.221024512001272e-9	2.3419962041376643e-10	3.096791540819575e-10	-1.0052046061408632e-11	-1.3570696863904768e-9	-1.9811277081564316e-8	2.9150061506099307e-10	-1.0681650179818881e-8	1.8478918179027613e-10	-6.423718290979067e-9	-5.87119391876916e-9	1.034099003735147e-8	-1.0221623674245582e-10	-8.016641121421091e-11	1.8557893869803784e-9	-2.267137071146243e-8	-4.461870181033724e-11	4.855261987591999e-9	1.374581152875029e-10	2.9209879329057854e-10	8.092033896541988e-9	-2.605425741808699e-8	2.4413300814857506e-14	2.3890368852676628e-12	3.256120627433053e-11	-3.0814992281852164e-10	-5.728082500429675e-9	-4.747280809081634e-11	-6.267222261001599e-11	1.2433204427523741e-9	4.560463617781399e-9	-9.277880796962721e-12	-8.216863523841482e-12	-2.7618951296920138e-11	4.119906376975117e-10	1.4271140617287866e-12	-3.1976513691753183e-12	-1.0132023219869012e-10	-3.6079822776602473e-11	-1.9114391884748762e-11	7.875977989158008e-11	1.6153054364974788e-12	-1.075069531026807e-11	-9.03198399557614e-16	-4.2428533168277184e-14	5.252953078791118e-10	-7.456501749124154e-12	1.3943229251625204e-10	-2.1033192543495026e-12	-4.45141030941961e-14	-4.50067120268984e-9	1.924438739830524e-9	-2.332849898842688e-10	1.270569714913733e-11	-3.712532772090968e-13	-1.8020597018509793e-12	2.7097561074052405e-9	3.5825337804348486e-11	5.02625385268859e-10	-1.5005936874435814e-11	5.323729119334416e-10	1.0022291804903975e-10	-4.872518648461954e-12	-5.340712024787177e-11	2.5640615615767515e-11	-8.070325933012754e-12	9.406908531591807e-10	-4.2430447388754256e-11	1.5809428021245754e-11	3.192924681904059e-11
17.0	3.937888674513432e-8	-6.2264264935176594e-9	2.084046715733864e-7	2.954314449514679e-7	2.8559772126684996e-9	-1.9436834304746637e-10	-9.772907886747575e-12	3.36884595977031e-9	-3.629076369084151e-7	3.895058807174411e-6	-0.3470176035691767	-2.184987054122532e-8	-7.344217569505273e-9	-3.1437359568856536e-7	-2.0502353664272308e-8	-0.46072357787686063	-3.9997467895061764e-8	4.157519946404311e-9	2.0800592435867697e-8	-3.779617890095893e-8	-3.902025873613959e-8	-1.5066526316261397e-7	-1.7052852643824416e-8	-3.0573112510544524e-8	1.811082285301389e-8	-6.800447707237386e-8	6.001685532403292e-9	3.606869358681364e-8	-4.576191739175907e-10	6.3756723289490145e-9	4.818177106912072e-10	-4.0137777672858565e-8	-3.680270324123861e-8	4.4071570723896566e-8	1.5604563671045864e-8	1.7681440372847468e-9	-1.3658435209542534e-9	2.1831508729486594e-8	2.7981725854834514e-10	8.627216894237597e-10	-4.849787943278586e-8	-1.5102420829850225e-10	4.4144816207311944e-12	6.95327664240368e-10	5.415918695334484e-8	5.306977945892319e-8	-1.6673085894502014e-8	8.450899844000125e-10	9.282410607467091e-10	-7.06518098764926e-8	7.176785901486376e-10	1.5622305295982856e-8	-5.930499584913365e-8	-1.775587115109239e-8	-1.8330745725883243e-8	1.264205414532331e-10	-1.2261259429368978e-8	-7.113704882384298e-11	-6.633087104097705e-9	-6.763336545935801e-9	-6.815951854635563e-9	1.2704274575300252e-8	-1.5633316450835397e-8	2.595143971396967e-9	-1.1686100368115686e-8	-5.397832636843481e-9	5.586563306378176e-9	-1.6109832967997606e-8	-1.0129832401343522e-8	4.115738940583912e-13	5.503198940344852e-10	4.653692965740593e-9	-5.8462026130506865e-9	-1.0213384210629982e-8	-9.731613916497505e-9	5.814105071118166e-9	-3.7971572797627504e-10	-1.0786806487801472e-8	1.4616096883682408e-9	7.106588964949523e-9	-2.4044161902835948e-9	6.919698992396947e-11	1.6973898086980845e-8	-1.881042197520863e-10	5.985054081379583e-9	7.969378666055529e-9	4.4064493992810565e-8	-5.4221738432032056e-8	-1.8829429832631022e-8	2.4397021190734922e-8	-1.9610945423875558e-8	4.4537542834833606e-8	2.811514562240926e-9	-9.627157470840692e-9	-2.848529561507474e-8
18.0	0.4261666935026972	0.43180050124193403	7.3365233169290255e-9	3.936623847915382e-8	5.6473216691026626e-9	-4.380207439253193e-12	-6.326732829943848e-11	-1.1930890328081414e-10	-1.966218044190001e-8	-5.180453823601635e-8	-8.23337690807788e-9	-9.661823206267168e-10	1.4915619096779386e-10	1.3154436511590904e-9	1.4793303013149748e-8	-0.0004525469707301847	-0.4819393856446917	2.8719723589313918e-8	3.364480104703071e-8	5.706177307221187e-7	1.075319068984248e-8	-0.43990705646330025	-1.243414774879451e-7	6.974886375472935e-9	3.046848936907859e-8	7.619005110141369e-9	-1.6251890312199414e-8	-1.0152379637997836e-7	-3.21455821701129e-8	3.9432194272157776e-11	-2.6645283359750815e-10	4.280648690083463e-9	-3.2003640275311937e-9	-1.0736097371092894e-7	2.260441935906695e-9	1.508513977184568e-8	2.005808726703087e-8	-8.333963193385745e-9	-6.807780183226197e-8	1.4999080970763417e-8	-1.9035282064321625e-7	1.1702781868781827e-8	3.4495052225656094e-10	1.0475264870288183e-7	-9.143328338722416e-9	7.09383947654022e-9	-2.4815388965379656e-9	-5.133392251082347e-9	-2.0611531563792305e-8	-1.2362312719362525e-8	-2.2488418334486806e-8	2.2149928753842168e-11	1.521692736750637e-9	5.94893999045641e-8	-3.4238192429520726e-8	-6.7864013206900876e-9	2.12809597391043e-9	1.6907563448855786e-8	-1.901978249285801e-8	-1.935503367423885e-9	6.266779329224238e-9	-9.672559808649307e-9	-5.0715247579535096e-8	1.9613362257407722e-8	-4.3743239920407504e-8	4.392077326184939e-9	8.876857071490853e-9	-6.140031279952839e-8	9.7648243216332e-13	-1.3858424350219174e-10	-8.06411882459089e-9	7.751448630893163e-9	7.042980603042488e-9	-8.366266004598309e-10	1.3755589709069476e-12	1.2963833174486728e-8	2.207595162307576e-8	-1.2817760866846233e-9	5.611128123778237e-9	-5.522299468253709e-11	1.3561521568097368e-8	3.769708129746561e-8	6.767150978815376e-9	-2.5349853229775934e-9	-3.69678424527502e-8	3.1137424160532396e-8	-2.6509967487115523e-9	3.76121975417256e-9	1.1269911379856126e-7	-7.244903783127422e-9	-3.5618670999506745e-9	8.32359534045479e-9	-1.352654716189943e-8	1.4310013618064139e-8	-1.635035579000684e-8
19.0	0.42793720476465685	0.4300286904040823	-1.673356335880641e-6	2.0566381436750797e-8	-2.377250251352955e-8	-7.072758069924085e-8	2.882743164612535e-8	1.1609322732369949e-7	1.40418347732441e-7	5.397549099590974e-10	2.7306285607381457e-9	7.72954866468641e-9	-0.4444894672668191	-0.0009962508014662635	-0.00010335121488268593	-1.8408683013734253e-8	-3.902313530366477e-8	-0.4821652079556639	-0.05635511794108493	1.5768166310122482e-5	-1.4769039401296549e-9	1.0893366677287873e-7	1.260973484239945e-8	2.3400072175320697e-7	5.208968371149533e-7	-2.1812446303390794e-8	1.212303448530102e-7	1.6866122245908203e-8	-1.0783734437236643e-9	3.7533783224031426e-9	-8.649516250981476e-9	-7.469228730939318e-9	-6.240513151133646e-9	2.410474446675513e-8	3.717866290024239e-8	1.3014486236233394e-8	4.0577434739954036e-9	5.302585680066102e-8	-4.183215902804923e-9	-3.345787418042175e-8	-1.0341612154289263e-7	-1.1925469720474078e-8	-1.8059890442312389e-9	1.914280534798956e-9	9.99817287532716e-8	1.2786674962023125e-8	1.2374012649978745e-7	-6.93180504816494e-11	1.1453285509175789e-8	-3.508569982057366e-9	1.087015160697043e-10	-4.079929008886068e-9	1.7860272056308813e-9	2.581205505248776e-10	-3.0914490565611394e-9	-2.862018182554461e-9	-1.6295533837743127e-12	-7.51908322697544e-9	-2.3552970583968383e-8	-1.887009113723017e-10	-1.9182572806408182e-11	-1.219220740309399e-9	-4.84817296449524e-9	-3.5640421785873203e-8	-6.124196574983648e-8	3.9632132305297704e-9	-1.771391634008442e-9	2.37350011737151e-9	1.4253965480574058e-11	-6.336564617416298e-10	-1.2263445517633455e-9	5.328598534341449e-8	-2.716809303983455e-8	-2.5563378133193608e-8	3.3510434666363e-11	-3.956909406427764e-9	-1.844188370047424e-8	-4.909595294813775e-8	-4.288294432534729e-10	3.890325055656855e-10	1.9950811751767936e-8	-2.9072276309738824e-10	-3.3606022030066914e-8	8.963314037328406e-8	-1.3539711586879847e-8	-1.6116517188050717e-8	-5.388819285190732e-9	1.4131259442962323e-8	-3.231953317215075e-8	-3.3934325271893475e-10	5.6730677240361115e-9	1.4923029080892493e-8	3.7611268548892964e-11	2.473420687494144e-8	-3.3901596452034903e-9
20.0	0.3726934006458895	0.3748502876928684	5.666594911658201e-7	-1.0319551077602915e-8	4.063145573601319e-8	-1.2476487811019925e-7	-8.840307440583845e-9	-1.0360588465225046e-8	-4.735487724661484e-9	1.2467319351067697e-9	3.2935201156876056e-10	-2.3434920294042824e-8	-1.3703486593333293e-8	1.4339772315305088e-10	-1.972870190017825e-8	4.461334225537588e-10	1.4483540003698293e-8	-4.162266267949923e-8	-0.4618832087837485	-0.0005471700518687839	-3.0776584067813806e-5	-6.341652069947802e-10	4.099202504596531e-9	-0.3407405604966854	-0.03603076224466668	-6.962076250128109e-6	-1.9939939041890065e-9	4.749411657597518e-9	9.606875218901262e-9	-3.3173524669403745e-7	9.953711323318005e-7	5.647697043653266e-8	4.523117978316628e-8	1.5589044652849965e-7	1.2705271382594609e-8	5.5575012192250125e-8	2.261838079085303e-8	-1.9029545950162358e-8	-1.547320278191845e-7	1.7663923554404717e-8	3.4453435264006604e-8	-8.126204665829761e-9	-1.0871203395339202e-8	5.128415943412801e-8	3.1157676939638804e-8	-3.441723552945117e-8	1.5730373987993552e-8	2.0322003690730135e-8	7.300889207218037e-9	3.4279697857570467e-8	-3.576723858514623e-8	1.594612865133186e-10	2.292735077753478e-8	-3.296595773136902e-8	-2.2523402817038923e-8	-1.3433446253244301e-8	-2.383610584067627e-12	-1.0000459274880245e-7	6.042548122313299e-8	-7.453419283640044e-9	-2.9998067203380946e-10	1.2100669262199095e-10	-1.2956750349700763e-7	-9.543674621575772e-9	8.024109682123298e-11	2.349431296555738e-8	1.9959649881575684e-8	9.879780721869667e-9	-2.5282127378774696e-10	-1.6816531894728225e-8	2.146631876160776e-9	-2.150983504694755e-8	1.6059012335129653e-8	-2.2421058247992353e-10	-5.650597707616802e-9	1.9183061060531143e-9	-5.105444249927287e-12	1.8793367986845456e-8	-4.8223742089664115e-9	5.11438441800791e-9	1.0855838164644826e-9	2.465554646265809e-9	-8.25056531595497e-9	-8.220426629133496e-8	-5.964306141396509e-8	-1.7836207011735459e-9	1.3156936196101424e-7	1.9647165555659916e-9	-6.765102449445106e-8	2.991603536255294e-8	-1.215185478470096e-7	-1.586334979779573e-7	-3.111420589219669e-9	1.3785907582789947e-9	1.133413830930842e-7
21.0	0.3762861235103399	0.3769623859728193	6.467718904060432e-9	3.3582160360463056e-11	-1.775462506437768e-10	5.4464644618437054e-14	4.063436075356567e-12	-6.299300135111346e-10	1.628200896911551e-10	-8.05600209990346e-11	3.498603497507319e-10	-4.077785870478454e-9	-5.477635812298175e-10	4.576374140271371e-9	-0.38503629451585314	-4.5986754368521406e-7	1.0119192698114122e-10	5.0172072795150296e-9	-3.675576059663302e-8	-0.4643821441561459	-3.1144758860022836e-6	1.765343006747946e-8	-9.897774329959779e-10	-1.949275735981625e-9	1.0973587977341343e-8	9.285741475086673e-9	2.743278510085689e-10	3.6462064967171474e-10	-1.318628137093202e-11	-1.6263866882386563e-9	-1.849409535199176e-8	3.22109109572581e-10	-1.0628236728299197e-8	2.2054923697764058e-10	-6.902621686061786e-9	-4.386854628891883e-9	8.098651351774958e-9	-1.153678978049568e-10	-4.192585670540665e-11	1.870920671744138e-9	-2.496312588638942e-8	4.907044559900956e-10	3.7248460729039826e-9	1.7885724027704618e-10	3.3799234655632124e-10	1.0307035859940011e-8	-2.9237633766121163e-8	5.6682808124188596e-14	4.0311629158036567e-13	4.185077291949686e-11	3.0548763098384516e-9	-5.930219685982587e-9	-4.355562130517032e-11	-4.207029680041222e-11	7.784421868163855e-10	4.248438945528351e-9	-8.902964308221156e-12	-1.1841871105602222e-11	-3.5138572423236587e-11	-1.1018864289014247e-10	1.635099439689678e-12	-4.198563537741929e-12	-1.0468041294681043e-10	-4.049691885143849e-11	-2.0549705931741787e-11	7.274754902713224e-11	1.6357807669524468e-12	-1.1228882891722909e-11	-3.011140452259297e-17	-4.3223707614387024e-14	-2.748433613649648e-10	2.7790321696405193e-13	2.1167790099577038e-10	-1.8084460411681007e-12	-5.919186232536955e-14	-5.7023231440722045e-9	3.3721067086474434e-9	-2.0983459609290304e-10	8.739173013776604e-12	-2.0127283349360203e-12	-1.5058596090721223e-12	1.904188365547515e-9	4.317596939822083e-11	5.937777066998018e-10	1.5225935051376586e-10	7.275146357803782e-10	1.1775064646881746e-10	-6.9246602221451475e-12	-3.912772754643835e-11	5.025802738925956e-11	-1.6328551445377003e-11	6.450307990662006e-10	-8.234889134242907e-12	1.7429725675649313e-11	3.1111279724246475e-11
22.0	0.3818350336889543	0.3828114571797762	-6.461746984293227e-8	3.327317582258979e-10	7.725347293231288e-9	2.98913151383559e-11	-2.6244776085166475e-10	2.5786603613146466e-10	-1.4067195447325103e-8	-1.3630719390862333e-9	-3.490223115381091e-14	-7.897127500001297e-12	1.3496866629519812e-11	-5.993037194933643e-9	-1.5264570689329108e-9	4.3094345909832697e-13	-6.842200380681099e-11	-2.51024902385515e-9	-2.4423213518767197e-10	6.0909490001576325e-9	-0.4644866746746858	-2.9889179197923805e-7	3.5763126924633874e-10	-4.0982707243552495e-10	4.014660286506425e-8	-0.3802775852714317	-1.603869118290185e-6	1.303416077072641e-9	-4.561436608164537e-10	1.6486248827843127e-8	4.72918472894112e-8	1.063601620238859e-9	1.3861206015780538e-9	-1.0986383210100506e-9	-2.0402547191118795e-9	2.261763401252395e-9	-1.818393036080868e-10	2.6333488938898375e-9	4.154932248689029e-13	-4.268884318173554e-9	1.1170100714501406e-9	-1.5493423676528943e-11	3.1737362778914486e-12	7.779269804710294e-11	5.408469258014067e-10	-1.1253244354912202e-9	8.349228498897485e-11	-6.794207280389184e-13	-2.1041201134209037e-9	-6.180037883983537e-9	3.2353275790221003e-9	-2.884245279258819e-9	-1.7604642957929397e-10	-3.1040397713388983e-10	2.1101258596671786e-10	7.283572207410774e-10	-1.7292809791643322e-12	-5.868666475233352e-11	3.1515305572889093e-10	-4.579527431391124e-13	-1.9663740858283095e-11	4.0293993728962214e-12	-8.032079839382867e-13	4.969184096285505e-10	3.7930036489206443e-13	6.75379787152233e-11	-2.095840394372415e-15	9.602495405029855e-10	4.868459320110207e-9	-3.207853005779446e-13	-2.0303141080523032e-14	3.2973521097030867e-13	7.322643194641415e-11	6.589878054248817e-11	7.568031126690981e-14	-6.53317369672464e-14	6.226621305353806e-14	-1.6681364567996205e-11	-1.1076797142239988e-10	-4.3478090795842795e-12	1.0771814471045675e-15	-6.454788155684417e-9	5.643323997978743e-14	1.0344735703035629e-11	1.3487657961856624e-9	-1.1900047734209121e-9	3.681870208827491e-11	7.988206832135843e-11	-1.6168715437482865e-12	-5.462165558097495e-10	9.042059002523789e-11	-1.0627793888216038e-9	8.676963349430853e-13	-6.0853951911150414e-15	4.372631422819048e-11
23.0	0.38627027245952766	0.3872803049826467	6.308814826301611e-9	2.909582444489409e-8	4.574561344729512e-9	-3.269126172438276e-12	-2.448562748217198e-11	1.7996224262766087e-9	-1.2266737180618348e-8	-3.8056000591399774e-8	-7.922361795489335e-9	-4.629156292475349e-11	8.315492328394423e-11	6.14932457465695e-10	2.155857825678819e-8	-0.0003224839925464148	-0.34666868406414575	1.513709544033495e-8	4.722161616351933e-8	5.03782550166926e-7	7.3866328961387795e-9	-0.4618122835386741	-1.2758823147053155e-7	3.1514823494077832e-9	3.064465368825615e-8	7.3687394942836776e-9	-1.3435029391732373e-8	-9.904704920885975e-8	-3.096745210677979e-8	2.8724528333430177e-11	-1.2959674379759449e-9	3.8905338368545625e-9	-1.3760531359097015e-8	-1.0558585817158033e-7	2.072492272907129e-9	1.039383997026311e-8	1.332531742358219e-8	-2.0828950492094263e-9	-5.2962654378712485e-8	1.2864035567960266e-8	-1.518411809373121e-7	1.0131691252521218e-8	1.4607762017596052e-10	7.872043166171034e-8	-6.714321998381507e-9	4.1812968262396876e-9	-2.209935144475255e-9	-2.448566744659928e-9	-1.2488477410797327e-8	-1.0569151526322145e-8	-1.7265500692586508e-8	2.1061906436715114e-11	7.802221518364453e-10	4.1121529985678756e-8	-2.4926295743591566e-8	-5.0223980543529575e-9	3.425743170451801e-9	8.916357226345592e-9	-9.570774270680637e-9	-5.854682649893239e-10	4.451520405644005e-9	-6.193113184388393e-10	-3.804910699021784e-8	9.923914889016442e-9	-3.2403001204882195e-8	4.9206576780606315e-9	6.391369841278885e-9	-4.635750224414277e-8	6.483620982657573e-13	-1.276135913275677e-10	-6.704025909354919e-9	5.35950457379413e-9	4.654572969962205e-9	-6.157828999503335e-10	1.3369110778066965e-12	8.018100981180533e-9	1.2098402980932259e-8	-7.664009114391168e-10	3.387626597760839e-9	-3.3697973149667914e-10	8.576762076608694e-9	2.338756213172566e-8	3.469451209306296e-9	-1.84854904782373e-9	-3.057237114648782e-8	1.999460902914213e-8	-2.3275169221676026e-9	1.219409338688089e-9	8.630622149299456e-8	-3.07634556996058e-8	-2.473167867158181e-9	6.923442364796105e-9	-9.965421220543221e-9	3.949803765989409e-9	-1.42688552090665e-8
24.0	0.4360778293512623	0.4367178614176222	2.4001380078464263e-7	9.934804229097123e-9	5.205621083567105e-8	-2.2165112960514437e-9	6.88356257009142e-9	-7.056569138262904e-8	-3.437617452330834e-8	-5.295086106003744e-8	-4.077731672809627e-9	-1.3842952039493024e-8	-4.0319026380373195e-8	-2.412555776608058e-9	-5.512363766389684e-11	-1.453649281343558e-8	4.1332960977919004e-8	-3.122302703026552e-12	1.0366202255089056e-11	-6.747311893509327e-9	-8.19536555797984e-8	-0.0009398448834710383	-0.4822159855174705	-5.144064704241511e-9	3.339244358607451e-8	-4.0664473368294944e-7	-7.945857407899556e-8	-0.44308174261308175	-1.2568116594103403e-7	-1.5872038859264133e-8	-9.146018613294657e-8	3.936605533382059e-9	-2.2296127101835745e-9	2.4936550285299e-8	3.706185948310802e-9	-1.0045952038459666e-8	1.3428694737699475e-8	8.157165468295936e-8	-8.968296561940177e-13	8.443957238341562e-9	1.1190755060777249e-9	2.189474382460609e-8	1.0073238994296721e-10	-1.3910349047220501e-8	5.882999172475664e-9	-3.588523555600673e-8	2.1595226875816735e-7	-1.1409579508836246e-11	4.7897950677035025e-9	2.464716733321687e-10	4.233216008170066e-8	-2.223704604122577e-10	-1.7595319985134197e-8	-3.2281828296220927e-10	-4.364404339021969e-9	-2.0457507786579328e-8	-1.010490782376528e-7	5.371796556824794e-9	-2.9396353775482814e-9	-2.3162232125508377e-10	-1.245025626251472e-8	-8.552362984447018e-8	-2.1623849031351515e-8	-1.9706708802833493e-8	-3.4950888178716646e-9	1.5958000725843373e-9	2.1612852337923644e-13	-3.259212340615367e-9	1.0368209441679857e-8	2.558445145992304e-9	4.75874028243307e-12	-2.270749998409813e-11	-4.3143509405880736e-8	-3.5113898251199426e-9	-6.390543495172961e-8	-1.0992703160374726e-8	8.914143404134125e-10	-4.3486259588758734e-9	-3.3977381789192447e-9	-5.8044724152487264e-8	-4.157075616790591e-9	-2.4331839385597986e-9	-4.756344305615477e-9	-2.7549597225917847e-8	3.1565797798136806e-9	4.966325338436392e-9	2.0608683683590177e-9	1.1002424259707491e-8	-1.3596996138502949e-10	4.93672890459715e-9	-8.557404573851405e-10	1.047295888347882e-8	1.5512218366228576e-9	9.69597992955652e-10	7.913399483661584e-9
25.0	0.4358328117079889	0.43610135961756913	7.463837696849691e-7	-1.4208989507115778e-8	6.465316737483132e-8	-1.717617293345329e-7	-1.284450931564242e-8	-1.4761022384839274e-8	-6.316078945372356e-9	1.6743265154721686e-9	4.89779996796539e-10	-3.008892679153453e-8	-1.337681245805888e-8	9.893993724341948e-10	-2.585841277663288e-8	5.987892410862406e-10	1.993850385959601e-8	-4.340765715131204e-8	-0.44446397711765945	-0.0006815112467364507	-4.5938839213137716e-5	-8.529632615608384e-10	5.666541488447068e-9	-0.4822408032462512	-0.05144688783881744	-9.738396429810014e-6	-3.0870237395362797e-9	6.6502932348145455e-9	1.3806567838286508e-8	-4.591896304090612e-7	1.3762238521544317e-6	7.865578124733547e-8	6.261382513801935e-8	2.223396906739919e-7	1.7763264012037417e-8	6.715396880287501e-8	2.975882090958929e-8	-2.4108003060935518e-8	-2.1359391425751952e-7	2.5705181073122424e-8	5.14957353998391e-8	-1.288735448460104e-8	-1.5000953591110576e-8	6.936906640855937e-8	4.956242297921932e-8	-4.573746745229704e-8	2.2531192238027978e-8	2.6752477862552937e-8	9.4573738223898e-9	4.6092996034749963e-8	-4.32761877517814e-8	2.775297690313882e-10	3.4899864724095874e-8	-4.5168368992877386e-8	-2.843673480453657e-8	-1.7201506223090498e-8	-3.413560109277696e-12	-1.3783455070477344e-7	8.45378366879704e-8	-1.105616624432358e-8	-4.1370166697814407e-10	1.6766346493413029e-10	-1.9177489787201487e-7	-1.0265107719334362e-8	1.1611783713921311e-10	3.476822919866994e-8	2.9015072809216276e-8	1.659660486530548e-8	-4.066518886688462e-10	-2.5228881731657642e-8	-1.11549668038391e-9	-2.558179975220003e-8	2.342163171904355e-8	-3.021677228063387e-10	-8.485152702082222e-9	-1.1810855864738545e-9	-6.1059366581173574e-12	2.6994253041693967e-8	-5.641503828668956e-9	6.350702270750706e-9	2.72329866099437e-9	3.8001189808159346e-9	-6.728565844613064e-9	-1.1016239958561466e-7	-8.155809202914521e-8	-2.377446068156877e-9	1.7800312959008492e-7	2.6765260129772533e-9	-1.0373914237607923e-7	3.9634584629559406e-8	-1.6599842295062153e-7	-2.2032967441153233e-7	-3.849642742187454e-9	9.566426101548562e-10	1.620527959360204e-7
26.0	0.3852182850698418	0.3855274252042542	-1.7103507967174278e-6	1.1572625559973423e-9	-7.799662892406874e-8	1.4890930732829194e-8	-1.9504967580551882e-9	-9.105100766775996e-9	1.5556287656727093e-8	6.087452393581659e-9	-8.819915472237656e-9	-1.0140430811373019e-7	-4.213292177854013e-8	1.1965737308405206e-8	2.0314810936159144e-9	1.102997196832889e-8	-2.0088582816742824e-9	1.0926454104074944e-8	7.2161594494192376e-9	-8.729697204270425e-8	2.29932664665024e-9	-3.630956612506791e-9	1.6032800329244443e-9	5.2420042926461266e-9	-0.46204008003224506	-0.00012902029838878816	-9.698818503840311e-5	-3.355033752771167e-8	-5.235804179354855e-8	-0.34225235232462103	-0.03651302856466061	3.356619504202645e-6	-2.3591794146452186e-8	-8.149792898938205e-9	3.004278250495359e-8	-1.0938947402749456e-6	1.1759327214903826e-6	4.497986156854634e-9	-2.5208248205193565e-8	-6.9880643768299854e-9	4.775972044603155e-8	-2.534582675763314e-7	-1.0650276283492456e-10	2.7263840807555135e-9	-1.2918306224223725e-7	-2.116944914987484e-8	1.1902940905575752e-11	1.4380144794673629e-8	4.705966096936583e-9	-6.351110214335173e-9	-1.769696445643167e-9	1.8824304921956996e-8	-7.699360388651819e-8	2.8136692776041827e-10	1.5401576001042406e-10	-2.558601478404546e-9	1.2637960904334755e-7	-3.396287101128812e-8	-8.418189484849039e-8	4.6472349333877274e-9	2.2808233330200404e-11	-8.868490912391447e-10	7.138654823103526e-11	1.6725196033706843e-12	-1.4886304160044786e-10	-3.183899761260141e-8	-1.071689494532727e-9	1.6176790540381804e-9	4.8209060410335595e-9	-2.63392729712075e-10	5.006866932166633e-8	3.015231537133762e-7	9.817058890338578e-10	-3.088205884808705e-10	1.4514513696691738e-8	4.660357067489561e-11	-9.550674456799003e-9	-3.070280040963385e-9	4.978447876952033e-9	-9.054020215484635e-9	1.1614023303241714e-11	4.773400769907247e-11	1.425703093259793e-9	4.5915382361259764e-8	1.9723865364434094e-8	-7.243138348602757e-9	-4.895127335505279e-9	2.8717233769876413e-10	-2.3217726679155185e-11	1.932452589402264e-8	-8.157269706602717e-11	1.3759872292939776e-8	-4.4171123468909196e-8	8.066463929877959e-9	-3.261391431812018e-8
27.0	0.3893159777119566	0.38946676911735567	-6.483300201419565e-8	1.8053471323568983e-10	6.103748064606873e-9	2.7151510286053477e-11	-1.6095629228085585e-9	2.69817143754195e-10	-1.459750039962649e-8	-1.5493342822432647e-9	-1.3533603853200661e-14	-8.8227680341062e-12	2.164133971424282e-11	-6.325980661219287e-9	-1.0282146901832973e-9	9.806468354951109e-14	-6.79874840322176e-11	-2.7473795494351857e-9	-2.125930948125304e-10	6.27467322728183e-9	-0.38484975334506655	-3.0995238931024946e-7	3.8079789994822994e-10	-3.945103976219777e-10	5.934278583563571e-8	-0.46461737290216454	-1.8785872368990757e-6	1.940764570299135e-9	-5.666550604484875e-10	1.746055466838726e-8	5.043682872821287e-8	9.447666370584752e-10	1.5776581327488312e-9	-1.8773708079213698e-9	-1.012789861193995e-9	1.2588478900896924e-9	-1.860548556056171e-10	1.1131641582241533e-9	2.2327582858954567e-13	-4.940289578557035e-9	9.832555316059053e-10	-1.550361559778409e-11	3.459281439008323e-12	7.543245189279001e-11	5.868887765910121e-10	-2.3223234608519195e-9	9.435390564890189e-11	-4.2353760072528933e-13	-2.006378742231412e-9	-7.0831787059715495e-9	3.463079781952531e-9	-5.784505630495227e-9	-1.947173387167413e-10	-3.2838307155100825e-10	2.2200582563428685e-10	7.285989698841993e-10	-1.962359168630312e-12	-1.9474610883804442e-10	8.266132427160323e-10	-9.925576101561286e-13	-1.848703079832771e-11	3.577925839136404e-12	-8.784149172525222e-13	4.578543658453339e-10	4.322672931939405e-13	7.439156886944174e-11	-3.9284362773619366e-15	-5.268653122569212e-10	3.4288866763293457e-9	-3.256451823889472e-13	-2.1643814931940032e-14	3.9905390493990836e-13	7.251823790509636e-11	6.535708639092287e-11	1.3809934952057817e-13	-7.420567910374364e-14	6.797521466358412e-14	-1.9894634101938538e-11	-1.1994073015678048e-10	-4.6937274227245014e-12	1.7205820286914396e-15	-5.683046536755371e-9	5.6768688582232565e-14	8.435236138702553e-12	1.4979188603644837e-9	-4.3040905158975343e-10	3.362956145791308e-11	8.820663120907216e-11	-1.7010662088757974e-12	-3.6788097467544615e-10	1.0175042454080353e-10	-1.2327812064973585e-9	1.0852312096701546e-12	1.555720209809751e-14	4.7200563059616404e-11
28.0	0.3898160652440282	0.3899625892529918	-5.528075398792701e-8	6.180746771840335e-10	9.789727857579996e-9	6.4961776919218904e-12	-1.9818121914105872e-9	1.3867542183646847e-10	1.4758287646295695e-9	3.1951159975401185e-10	9.783842465507278e-11	3.8218478122499035e-9	-2.066975438776486e-11	-5.056882771028189e-9	3.2516869954063466e-11	1.8381400993399348e-10	3.1316502672187026e-10	-2.1817853318917795e-11	3.3207422050518357e-9	1.4431989589927435e-11	-8.334587501658789e-13	3.2732301282139934e-13	-7.9736005925738e-12	2.4023842360005387e-9	-6.234767565870265e-10	1.5938755824456723e-8	-0.4647009131981683	-1.71930610354374e-8	3.8507859789610276e-10	2.822632569372422e-8	-2.551227631153198e-7	-0.38213317564453725	-1.806422824198709e-6	-2.786139544292686e-10	7.863005766908579e-11	1.3120626019551763e-12	-2.860941657408071e-8	2.4492442675825145e-9	-2.633763155705927e-10	9.871379847323686e-9	-1.4525906707510174e-11	1.6937424079194809e-9	-2.3524047128716455e-9	-2.8151380817613996e-9	2.7687476465573595e-9	-4.604968706681323e-9	1.5259857655149057e-12	1.04528743800259e-13	-1.0187575977804177e-10	1.9517501070544092e-10	2.1004792059213136e-9	5.186432003890489e-9	2.453187789613937e-10	-2.71337277449942e-9	-1.955048550571865e-9	3.5392873347434713e-10	-1.8886303146380034e-12	-3.789502749941037e-12	1.708617387821089e-13	2.1394815073802748e-9	1.3881410091351203e-9	1.6927513860553699e-12	3.884454308162834e-13	-1.7943680401591043e-11	1.7436362544086748e-12	1.8359516909713226e-9	-3.2837786660915447e-10	-3.529638612861707e-11	-1.259017925678985e-12	-1.1831123780762202e-10	-7.4640824758711e-9	1.9993302399811836e-10	2.975908621838476e-10	3.96886718382759e-13	3.587939935458969e-10	2.6024095098145433e-12	-1.936333346535437e-12	8.599468194056866e-11	5.726763597156627e-12	4.341211271709135e-13	2.9021943210716545e-14	1.1805705081732618e-13	-3.165780948880025e-12	-9.522419956742539e-13	1.0977833997362646e-9	-2.8210882601161344e-9	4.08583137593599e-11	8.298404517167807e-12	5.7184421322414205e-9	-2.5010745626766683e-9	-4.627195700130757e-11	6.314812326233498e-12	-2.0269897537521724e-11	-5.496957712101332e-10	-5.04612013244431e-10
29.0	0.3872598865852327	0.3873691246231583	1.816177212328572e-7	9.493209099893598e-9	4.2968013989324926e-8	-1.651058395638807e-9	5.0108175086032995e-9	-4.885724393248774e-8	-3.0509363675560886e-8	-3.65091862624619e-8	-3.0654949283473624e-9	-8.216256294249e-9	-3.6313223192088217e-8	-1.783551887482875e-9	-9.395876746603415e-11	-9.886394123290334e-9	3.0440002963968116e-8	-1.6280495381842083e-12	2.3557975340506157e-11	-3.917259289887755e-9	-7.479064866161002e-8	-0.0006685716101373237	-0.3460123898714868	-3.874929220251269e-9	5.6715027089013965e-8	-3.448124736838604e-7	-6.63247115916779e-8	-0.4621372214984718	-1.1472348926385951e-7	-8.174747096387895e-9	-6.674477383207011e-8	5.5559113623775304e-9	-1.9865684129802542e-9	2.220267507065708e-8	3.787157315350636e-9	-7.607504040147021e-9	7.915402802589053e-9	6.362464638980173e-8	-6.660952842578781e-12	7.338229988214031e-9	9.402744494240334e-10	1.7301383444068474e-8	7.294253928370552e-11	-1.2024039986007223e-8	2.637872426501255e-9	-1.4461668153089935e-8	1.712627797217379e-7	-5.2371811367738254e-12	3.3150212930159933e-9	1.8930059624812212e-10	3.4939538151937626e-8	-1.788862002169229e-10	-1.1935761523855945e-8	4.727646846641302e-11	-4.162577085527971e-9	-1.9230702804984898e-8	-7.589168133860982e-8	4.067372498461032e-9	-2.249458146637392e-9	-2.2533542196454133e-10	-7.0476825730489065e-9	-6.608235773684863e-8	-1.2159422446661014e-8	-2.097770167398127e-8	-2.699486435209954e-9	1.1969914092380954e-9	4.4147129777203636e-13	-5.84942991714872e-10	8.05175714976219e-9	2.0985725560047143e-9	3.88342088957966e-12	2.4201041396942276e-12	-3.496921581409743e-8	-3.05460235625014e-9	-4.2665424849219697e-8	-4.89500469877367e-9	1.121859258305898e-9	-3.1455780482470864e-9	-1.8124963829724652e-9	-3.760607271192623e-8	-1.6233589015863164e-9	-3.5510699704261232e-9	-4.160913909360988e-9	-2.658016960974911e-8	-2.681281364805838e-9	1.2032747721447832e-9	4.4280328550305673e-10	8.352813048289875e-9	-9.774454925892681e-11	3.3799126859170902e-9	-5.825691190560503e-10	5.978077656222245e-9	1.1564786331772324e-9	7.250719677224602e-10	6.477763864796554e-9
30.0	0.43738160668604814	0.4374538383927357	5.654874303603899e-6	2.4114165871598845e-8	-1.4185016106010532e-7	-5.349864468047284e-10	-1.1337908040723059e-8	1.305939227759878e-7	1.4696099144181467e-8	1.0737247342269985e-7	2.4297631466167522e-8	-2.782867815002355e-7	1.2206737778003202e-10	4.26418778606827e-9	-9.314113739266619e-9	2.5557758999184518e-8	-3.038025274409211e-9	-9.971848294263609e-12	8.552342659820297e-9	1.1488065669988366e-9	-1.8876756114994638e-11	-6.222437949840118e-9	5.7835083347802645e-8	1.163239133737898e-8	-4.511688440731267e-9	6.24978522975037e-9	-9.72118461334139e-8	-0.00023983385961759177	-0.48229963956648125	8.217995330028506e-9	-4.947812634662909e-8	-2.1073688690618878e-7	7.384866971693878e-8	-0.44393097889090166	-2.8891974584146e-7	1.1681690505241249e-8	-3.867674404370465e-8	6.738689426017963e-9	-1.1810281652585973e-9	-2.6457481753116657e-9	1.6810523160110155e-9	-1.6418086583702434e-8	-4.921178557325226e-9	-5.057537962686786e-9	-3.584584399295731e-8	2.577377382622273e-8	7.706721422034807e-11	3.854984251218876e-12	-2.70546799261709e-9	-1.4553436938271614e-7	-3.2767503827277186e-11	1.6475281518223314e-8	1.2773669306002192e-7	-1.2183083219762706e-9	-4.1845115727225784e-8	-1.775900711920763e-8	2.244637595801556e-8	-2.9528885361955802e-8	7.655340082903681e-10	1.180562758030259e-8	3.953871948654008e-9	-1.0351433366765409e-8	4.574262235194681e-8	-2.8604445820769042e-8	1.8996710002142525e-8	2.094638111058687e-9	9.9950587332357e-9	-5.1712887883349956e-8	-1.9878730597087e-8	7.080183726656797e-8	-3.752001691723067e-8	1.0162439009406704e-8	1.562183904888252e-8	1.294087197272514e-8	2.2434838894303788e-8	5.544683221385212e-11	4.511173156258305e-12	-4.601417924488171e-9	4.568804408559505e-9	-9.716037821805033e-9	2.7914688133683427e-13	-2.4941850837661745e-10	-3.637886526659541e-8	-9.60630548471286e-9	-1.7282485490213702e-8	3.238968015113184e-9	8.87580643853615e-8	-1.5342486996107592e-9	-3.562004790098405e-7	1.0996981346910766e-8	-8.223565837792628e-10	2.806609839806119e-10	-9.567756383551034e-9	1.2246391720990095e-8	-5.170972209456037e-9
31.0	0.43732310348378733	0.4373602440754996	-2.2728123641744706e-6	-2.0707756644539084e-9	-8.895943986540931e-8	2.191045640407467e-8	-1.330280875130164e-9	-1.2014313595135622e-8	1.979832337885332e-8	8.102226320831326e-9	-1.2273269936655707e-8	-1.4224433818627085e-7	-5.0667696196235944e-8	1.4817808581863674e-8	2.5356562978131743e-9	1.5066222516457606e-8	-2.4138384997393247e-9	1.3694856802715173e-8	8.709533895767262e-9	-1.0933045482618161e-7	2.85968921948648e-9	-5.140531701066935e-9	2.216681603210252e-9	-5.515848210852578e-10	-0.44444411593137184	-0.00016102765776954145	-0.00014347540560780036	-4.491856022628021e-8	-7.249047295098246e-8	-0.4822788620943745	-0.051900026008848694	4.841258938622297e-6	-3.7279698630823886e-8	-1.0988933738358576e-8	4.234823049663528e-8	-1.5058623459788587e-6	1.62466351085983e-6	5.066526912589258e-9	-2.6952207834276385e-8	-9.937066132730881e-9	6.851829357899912e-8	-3.503911760007036e-7	-1.623062936154504e-10	2.2113560201475613e-9	-1.8053117185776102e-7	-2.7557487926186382e-8	1.6086828947752963e-11	2.014308469857308e-8	5.6961270356185735e-9	-6.641149270538562e-9	-2.410495099513123e-9	2.6303126922096575e-8	-1.0436594876760952e-7	3.509242484252216e-10	1.4858311894986568e-10	3.951421480519983e-9	1.717568795550096e-7	-4.937429504615038e-8	-1.1119508007364914e-7	6.425886646455958e-9	1.5502718666857418e-10	-1.21849113577989e-9	9.338621200864435e-11	4.0837302797678815e-9	-2.062472304161112e-10	-4.509891047946524e-8	-1.5554086896075295e-9	2.4044181483976193e-9	7.749955144502837e-9	-3.737024705028346e-10	6.936108411858264e-8	4.173523365230825e-7	-1.0455043657504287e-9	-4.2688596207449655e-10	2.1997426613944484e-8	6.311531458210824e-11	-7.355148481264085e-9	-4.596601637167608e-9	6.428533352791108e-9	-1.2598889426970237e-8	1.5966709902575816e-11	3.820885804218881e-11	1.9770126662358324e-9	6.26834211534049e-8	2.7066919195668668e-8	-1.0635225173493126e-8	-4.6927705505996264e-9	4.14411248694028e-10	-1.4039709737035267e-11	2.3993742831787377e-8	-1.1140004566956036e-10	1.9520679498022504e-8	-5.909401010905411e-8	1.0463309188356288e-8	-4.174076004420009e-8
32.0	0.3871446305737978	0.3871882484919888	7.250557931097417e-6	1.7004689863354607e-9	-2.8316414497700082e-8	6.917373772639094e-10	2.41422987030057e-8	8.535221353474885e-9	7.564957274749522e-8	1.525523228114556e-8	-1.476609280273259e-10	8.693353107306797e-8	4.156556659082106e-8	1.0419449494964581e-8	-8.35075310478939e-9	-2.8293383502440933e-8	-7.293265238224573e-9	-3.2838081126743084e-8	-1.7241310052933426e-8	6.651519810549674e-10	3.3239831770640106e-10	-1.3210009084122237e-9	-3.541697449979253e-9	8.701149285074218e-11	-6.375296949246542e-9	-1.78517893440936e-8	2.0908057154515018e-8	1.3744926803538425e-9	-6.950308210919163e-11	6.206737514322856e-10	-0.46211700732178346	-1.0366475252372865e-5	-3.112464398037331e-5	1.8428218216382115e-8	3.188710855577794e-8	-0.3431280510920646	-0.03525027038855359	2.0619569391886453e-6	-1.236647097695104e-8	-2.1268047081950145e-7	1.3088801268910019e-9	2.626884188566183e-7	-9.633591551521196e-7	2.8391316973203588e-9	2.4788397690430297e-8	3.5954071949401596e-8	1.2678042032460698e-8	-3.7586100913052166e-8	3.9673882567814945e-10	6.926014224245607e-13	1.1363731191739794e-10	-1.1451189185951075e-7	2.1889850511152588e-8	4.075213967843325e-9	7.229432768189639e-10	-3.206014109443775e-8	-1.1522068552139817e-8	-6.589871529119187e-9	-2.3055322626853182e-8	5.301422601422626e-9	8.9880014158871e-9	-1.6031004645663355e-9	-3.1740701068884194e-8	8.683390449112085e-10	4.113343790970318e-9	7.008171087202821e-10	-1.6475897633797736e-9	-9.802282649833266e-8	5.251278506038363e-8	1.096338592857492e-8	-7.52591802351694e-9	8.325623747829639e-11	5.443184342281332e-9	-6.623304991561321e-10	3.107540777113557e-9	-3.257862910844611e-11	-6.169249348961315e-8	-1.242871900215173e-9	2.1062537263268843e-9	-1.878819035243607e-9	2.233471349278221e-10	-1.927749813428825e-11	2.830205572392456e-11	3.578166919263886e-8	1.655977865760548e-8	-6.168882946974746e-9	3.381786525341402e-8	-3.097791830646364e-8	8.709772733094643e-9	2.5004172341826302e-8	-3.3471907606927155e-8	6.09189669603356e-9	-7.87858367529741e-9	3.855761299651316e-9	-2.143148017974954e-8
33.0	0.3906123360347533	0.3906352191419839	-5.769105847762824e-8	6.143645067413772e-10	8.498322812367419e-9	6.529729305918867e-12	-2.333746539514592e-9	-1.1891675468395965e-10	1.976015389302452e-9	2.722326347697942e-10	9.337300328238973e-11	4.355482199568643e-9	-2.0619100543558158e-11	-5.733028747272755e-9	3.3198392141802075e-11	1.7670178359750985e-10	3.4735865095414985e-10	-2.3070287506671747e-11	3.6654951273939135e-9	1.6442933751943967e-11	-7.715549103408826e-13	2.679762594667001e-13	-9.089685979749332e-12	1.4387950140343337e-9	-7.13877309240468e-10	1.1350800165732413e-8	-0.3846883411493019	-1.772968650199933e-8	5.777398973657429e-10	2.3660072613168697e-8	-2.93131977289245e-7	-0.46473217865862454	-2.096936457923707e-6	-9.752586408257147e-11	4.5279214624677166e-11	7.311878163064882e-12	-4.0764669495612204e-8	3.2112522279365383e-9	-3.411961780945161e-10	8.617448888997935e-9	-1.671478797649773e-11	8.359153402840133e-10	-2.7882543468715528e-9	-2.9708570792440632e-9	2.811175904750259e-9	-5.076260432533291e-9	1.6538107834940615e-12	1.2170806905325034e-13	-1.0800388900730185e-10	1.9983316385410203e-10	2.47124506922195e-9	4.965229950468719e-9	2.5697184858149223e-10	-2.2508234419964607e-9	-5.253728453822974e-10	-4.8833089560319785e-11	-2.0270561366306984e-12	-5.07918639704591e-12	1.584712098729377e-13	1.9904026681851556e-9	-2.679506757066585e-10	1.965325091139744e-12	3.632088046140425e-13	-1.8665150850092236e-11	2.1874979635058162e-12	1.1735523177541376e-9	-1.0523120176529889e-10	-3.764474872257079e-11	-1.956896324757991e-12	-1.341642730732972e-10	-7.376821201606512e-9	1.5320879084805386e-10	3.0000796634689634e-10	4.3817826137182976e-13	4.081484199300592e-10	3.268782469215191e-12	-2.0469032769373563e-12	3.644071084656644e-11	5.67713913612376e-12	4.587303491458704e-13	3.144545246217219e-14	1.2938956500407813e-13	-2.760256213413811e-12	1.7909348580095302e-11	6.182392062840499e-10	-1.7991700457496246e-9	5.890049265161345e-11	1.3753801436160205e-11	7.177757837733565e-9	-2.3036571193234824e-9	-5.315658155028421e-11	6.064743859093829e-12	-1.9143545414572944e-11	-6.254237331045946e-10	-2.506721816575553e-10
34.0	0.39063549932220704	0.3906554508431684	-3.74683879888204e-8	1.996548973439812e-9	-6.746492152916502e-9	7.368574409883139e-14	8.596606071322545e-11	2.1999940629017162e-10	-1.3749545904015371e-9	-5.844322066034114e-10	-1.595384160574778e-11	1.0314369978684045e-10	-1.5741201528994729e-10	-6.159785296607925e-12	1.6419923943919993e-11	1.6671842839230844e-10	-5.417746213448264e-10	1.6777528379916556e-14	1.7786403241832635e-10	1.836705658840127e-12	6.7699006112522e-11	-6.12686940391694e-11	-3.627399654742455e-13	1.660845945078619e-11	1.1244558558185478e-12	3.8780346636452264e-10	-1.2444390802713079e-8	-1.3999220120447375e-10	-3.8680951168195444e-11	5.053192563232506e-12	-5.086146286586287e-10	4.7420682963421575e-9	-0.4647903485398485	-3.2619460665691416e-8	1.4352436277279823e-10	-3.4841634847474267e-11	3.6015410880161246e-8	-0.3831710115585946	-1.9341559382938727e-6	1.2487069849428008e-10	-1.6332865511481877e-10	3.902587258234543e-11	1.7004462813647904e-8	-1.83964365724188e-9	8.328234466321292e-11	1.1930701146864285e-8	8.237013241357562e-10	1.4025861295097837e-10	5.920231205520654e-11	-1.2071650713461416e-11	1.8362984375811202e-9	1.387799062603203e-10	1.832684341200895e-9	-1.1628498118010068e-10	4.8208051671427e-11	9.59050910834384e-10	-3.277737692987572e-12	5.887445934272161e-13	-1.0102234922041728e-10	6.257960505837822e-13	-3.669788948599398e-11	4.1298167803800476e-9	2.8124265949210525e-11	-3.552467319363924e-9	-4.268846294235629e-9	-1.8607915834866647e-9	2.368399603457657e-13	-1.4895936971402428e-12	-1.07816231688561e-12	-7.255068699037541e-10	-4.1406291288983435e-9	2.973042995158332e-13	-1.9822058609441755e-11	-7.25506326330286e-11	-1.258818209956784e-11	1.5227094294009373e-13	9.692144107801697e-11	3.6843974962610843e-9	-8.528602264024874e-12	-1.6261392611788448e-9	-8.135210980647693e-9	8.936797580860784e-12	4.8939294016785835e-11	-8.183181962677129e-9	-4.4635009270502784e-9	-1.0059841042191749e-9	1.489083052852081e-9	1.3391892353182881e-8	-3.011880963397303e-12	-1.2574047941315907e-8	-1.7466212578625526e-9	-1.5773836344123162e-9	-1.8355282267822768e-10	4.076922394326729e-9	1.492047219762153e-11
35.0	0.38721547756284763	0.38722739527747546	4.1716258247192755e-6	1.7874716348230943e-8	-1.090398556448261e-7	-3.5646744080737665e-10	-1.0749260419370362e-8	9.622246039831724e-8	9.729271789803922e-9	7.818979620514045e-8	1.7946235754788187e-8	-2.1569543696327506e-7	7.345501761831872e-11	3.119933591228697e-9	-6.762055618753618e-9	1.8691491197728525e-8	-2.541655847423919e-9	-7.35562629951749e-12	6.917029592579397e-9	8.798835826093344e-10	-1.4817266597754617e-11	-4.560775805406309e-9	3.894856320415727e-8	9.846554339623398e-9	-2.9203553754581052e-9	6.542534856061367e-9	-9.068203868675949e-8	-0.00017034966247477133	-0.3454345697631756	6.00052151582221e-9	-4.174550703183109e-8	-1.5516227568312025e-7	6.144694324343809e-8	-0.4621955159419926	-2.8369078056649e-7	9.410453999222404e-9	-4.945404045080466e-8	4.693663336516605e-9	-9.030011139027532e-10	-2.9784736879024905e-9	-9.325912155350622e-9	-1.248713544169251e-8	-3.293734657449807e-9	-3.8049668963460895e-9	-3.135170466581078e-8	2.1065586003238576e-8	6.347968601846161e-11	2.8380552201582382e-12	-5.42782388809045e-9	-1.1601904439070413e-7	-2.4216789816203224e-11	9.90192800415202e-9	1.0544023339815326e-7	-9.158252084423041e-10	-3.044244714962487e-8	-1.1698638181266305e-8	1.7877230947404147e-8	-2.5606090425793235e-8	5.133857384360162e-10	8.800782355993466e-9	-2.281524356661366e-9	-6.451155686880836e-9	3.415676578040094e-8	-2.1593309160631314e-8	1.711256954698995e-8	-5.841950479234654e-10	9.780686223568686e-9	-3.927701728790446e-8	-1.2280251502187648e-8	5.659361384507576e-8	-2.8191668017690404e-8	7.234162593502065e-9	1.1710048659406043e-8	1.2284484032001864e-8	1.705528315769145e-8	-3.81503179769961e-10	3.6035778757853465e-12	-5.504747868188234e-9	3.301563469168415e-9	-5.610675239637956e-9	1.743980547216401e-13	-1.8883861111383556e-10	-2.8602020192809845e-8	-7.0450900514982e-9	1.835707208244256e-8	2.7824588407431334e-9	7.137075195579397e-8	-1.1699572188960555e-9	-2.6521118487780024e-7	1.8700689252069286e-8	-5.554739830791787e-10	2.1983750014480447e-10	-7.674057174235595e-9	4.646813651327761e-9	-9.227022966906544e-10
36.0	0.4373710413946525	0.4373793296462812	1.881201464454614e-5	5.706059375932998e-8	3.087680390221987e-8	-1.529418177144154e-10	1.2307288621269588e-8	4.065256396236706e-9	-6.362805254889606e-8	1.7095023489836473e-8	-1.1017713286879428e-8	-7.443212390670431e-9	-1.4125750265265894e-8	-2.4735257978641587e-8	1.30143429757472e-9	1.3782425022153545e-8	-2.5320523219849382e-8	2.2040702225430253e-11	4.032162269804083e-10	1.540561686949547e-9	5.234278724614667e-8	-2.0247989733818855e-8	-2.7073572965625364e-9	6.340109023292397e-9	-2.492489868040904e-8	5.254651510575131e-9	-2.9293124483546555e-8	-3.791827170963463e-7	-1.2189400673296013e-6	-1.1088189422555782e-8	-5.72761856363772e-8	-8.829394632154356e-9	2.4665401120051526e-8	-0.0001966513744755033	-0.48231601578179195	-2.4581893513131197e-8	-5.071226733840795e-8	-3.2815887390615095e-8	4.6815623775663e-8	-0.4441977678978267	-6.08983257111077e-7	7.605282727121321e-8	-1.697426898563849e-7	4.456945780871987e-9	3.715677782845386e-10	1.085227914720052e-8	-1.0884352590615392e-9	4.1741656271885505e-9	2.2535422720753048e-10	-3.9223464715476177e-10	-3.6909410908257225e-8	-2.666571013814626e-8	-2.592349408963857e-9	3.414563447752902e-8	5.492018448054672e-9	9.759666972302434e-11	1.5712873169026426e-8	6.47747636033296e-10	1.321338333789834e-7	2.5943433828815027e-8	-7.080053443849877e-8	-2.124924903584551e-9	-1.6834642704777506e-8	-3.919292554594222e-8	9.957664348229767e-8	1.268854920309815e-7	-3.0088322975244534e-8	9.83645771190805e-8	5.418674716236297e-8	1.0481215599862328e-8	3.1644654882207592e-9	1.914583461160149e-8	1.97066699517422e-8	-7.63384790496839e-8	-4.900020291601569e-8	-2.9054700030258346e-10	-3.706264954238093e-11	-5.809598345342247e-10	3.2448711379676957e-9	5.527269984916162e-11	6.667747012507373e-9	-3.183950408734766e-11	2.0971706359217617e-8	1.2494302234315152e-8	2.061771856990079e-8	1.1729703680505962e-10	3.885096885477686e-8	1.9156177518735642e-9	-2.3009115395756477e-10	4.0474361991506826e-8	2.4228607174481156e-8	-7.852653648360722e-11	-8.095567529413457e-9	5.6752844829890875e-8	4.250240563486008e-9
37.0	0.4374826506651218	0.4374878990710777	9.727969880381931e-6	2.2177151109571663e-9	-2.7345800878499554e-8	9.336746842221026e-10	3.523115374134094e-8	1.1871247236167086e-8	9.86931973896511e-8	2.1977617071620024e-8	-1.9896483089753934e-10	1.19759206252271e-7	6.644643061016492e-8	1.2603914167489951e-8	-1.1033135188145596e-8	-3.9289593803500876e-8	-1.3200797139082736e-8	-4.535483575064283e-8	-2.3658058572945928e-8	7.620997768345679e-10	4.3084242840943415e-10	-1.796849988060589e-9	-2.104546271835078e-9	1.0962535198184188e-10	-6.507627971036435e-9	-2.1271889445103358e-8	2.9137811868137735e-8	1.7587741010214624e-9	-9.541919312887248e-11	6.492680783432759e-10	-0.44441568384822916	-1.2916974219150834e-5	-4.587783443830666e-5	2.2113073881327767e-8	4.658102694785667e-8	-0.4822986817787882	-0.04997316347395248	2.9780803008904066e-6	-1.3576973425807593e-8	-2.8809997301811835e-7	-1.3311126045173936e-9	3.609321351123457e-7	-1.3333222245966186e-6	-2.118264005318496e-9	3.7175366040475825e-8	4.5835870188468966e-8	1.7447807053799688e-8	-5.214224590592258e-8	5.43277937629036e-10	8.594534917489092e-13	1.572842377007645e-10	-1.5712040815534557e-7	2.7645288461391168e-8	4.67625505375488e-9	8.82603660263529e-10	-4.3662394497802445e-8	-1.4954432250533736e-8	-9.167368790682395e-9	-3.140316786829677e-8	7.77072452303233e-9	1.2822216900006426e-8	-2.1899793053168722e-9	-4.2889238072503576e-8	1.118658002566682e-9	5.611885264064113e-9	9.127947775429563e-10	-1.9611262656101405e-9	-1.3585969561746063e-7	7.675042809220946e-8	9.323890953878583e-9	-9.25942342985935e-9	1.1418844447251877e-10	7.563234903839976e-9	-3.653334587723433e-10	3.575745020702993e-9	-4.5300795613853086e-11	-8.240264395109674e-8	-1.705422047607202e-9	2.0091628287308288e-9	-3.6480290570229127e-9	1.1166040665964779e-10	-2.631901971963878e-11	4.0695825245420054e-11	4.8134021709378363e-8	1.818603392511724e-8	-7.739211879144193e-9	4.2652495860507395e-8	-4.098076582149795e-8	7.305801146472017e-9	3.2250748523410716e-8	-4.926244428184216e-8	7.130162407426023e-9	-1.010292412004384e-8	5.295201229803857e-9	-2.9027892099763854e-8
38.0	0.38737952190300573	0.38738562329871806	2.6427978347022197e-5	3.656273463133786e-8	-8.99133915894635e-9	5.381135084516834e-9	1.7974182446623599e-9	-7.769188725036825e-10	-3.374421333145642e-8	4.4418452206284485e-8	-1.5663433780652334e-9	-2.3048069984275478e-9	3.4352916383748075e-8	1.9343806912031277e-8	3.623743848418094e-9	-1.5858678424819065e-8	-2.742028013189911e-10	9.849532580344578e-9	-6.845787284119951e-8	-7.46854796543258e-9	-9.97592351365188e-9	8.168810901708587e-9	-3.673369285285908e-8	1.0766734314629602e-8	6.517077117090121e-9	7.311011027046498e-10	-2.4095795203459184e-8	-2.761042629833863e-9	-8.114053468652379e-8	-1.556541439243214e-8	-7.653940324690858e-10	3.775325930014424e-8	-4.791560484052488e-9	4.025765031142559e-8	3.797705901289558e-9	-6.938460971628184e-9	-0.4621585025041843	1.1119269777823742e-5	1.4521423652537473e-7	-1.072036073865328e-8	-5.332074241653157e-8	-0.34370219407319624	-0.032571517797546995	-1.751018468596978e-6	1.3753947399589045e-10	-1.2739501379728917e-9	-5.0862656492593115e-8	-1.1470801996394636e-6	1.1094945736992287e-6	-6.413515740274448e-9	2.5660675856155048e-8	-3.127696595123475e-9	2.5525909802576626e-9	2.672955155705914e-8	1.756807955308474e-8	4.173735206010661e-9	7.386873983866407e-9	-5.5845660938205926e-8	-1.3487938807324542e-8	-2.7168982330793574e-9	-5.8768312675824835e-9	-1.708076294050603e-8	-1.0205384909629962e-8	-1.1080098043625848e-9	-1.2552844829670205e-9	-5.841082473840722e-9	-3.3054255817086387e-9	-1.8068788868880832e-8	1.367556542980226e-7	-3.836044012161413e-9	-4.990366654478239e-10	-1.8075873275989164e-8	-3.076061432275933e-11	-3.6622136209498753e-10	3.7271998198175174e-8	3.010631365886577e-8	7.571833027662179e-8	2.2502310445833455e-10	-1.0740466205061937e-8	-9.717598392408819e-9	2.049333722839997e-8	-1.5648380335740645e-9	-2.0423508618888292e-8	7.292657643945185e-8	1.5792869188666096e-8	-2.190596991155193e-8	-8.86857813543912e-9	1.4051306991557679e-8	5.632597548719233e-8	-1.0038689842490091e-8	1.5768211018846626e-8	-7.390818978776161e-9	-5.620922581341208e-10	-1.4127586024648743e-9	4.094591450908743e-8
39.0	0.39022901853311204	0.3902321787485826	-4.0245702617001635e-8	1.9298228517138354e-9	-7.379805579454936e-9	6.849229256403278e-14	-3.0741180210974166e-10	2.4955617776770826e-10	-2.370851110465469e-9	-6.144995862330804e-10	-1.6596755149484917e-11	1.2062469739611346e-10	-1.5422991908935735e-10	-6.159818776591666e-12	2.0536167955206682e-11	1.5729375067745072e-10	-5.433161186989004e-10	1.6025645229224353e-14	2.1980324573058258e-10	2.8794173998604456e-13	5.98162412337419e-11	-5.534756389629983e-11	-6.96501695035425e-13	2.0697454669162052e-11	1.2514943394223549e-12	3.7532086726933023e-10	-1.0966124207837796e-8	-1.189474735656358e-10	-3.3477036372980525e-11	4.723993149410981e-12	-9.744861231839606e-10	4.051040142621224e-9	-0.3844993826731472	-3.3104497616667216e-8	1.7116213690700108e-10	-3.0252323392776144e-11	4.137000141684931e-8	-0.46479709014997106	-2.234528574878423e-6	1.3117919039572382e-10	-2.15883232837289e-10	4.3986596914763046e-11	2.112992292717932e-8	-2.043969936715229e-9	8.813296146953047e-11	1.0305968802180863e-8	1.671664345266592e-9	-6.881703955068152e-10	6.145479018836106e-11	-1.262069396735225e-11	1.5890470194127675e-9	1.347908570438962e-10	1.90445763428473e-9	-1.2480582469639185e-10	3.3402376733811616e-11	1.0517726428669515e-9	-3.4572569735840066e-12	6.106012619084754e-13	-1.2720720033159826e-10	7.179275994174106e-13	-3.57436753648192e-11	4.948365708189568e-9	2.4858326369490372e-11	-4.160015729747142e-9	-5.787298576500108e-9	-1.7756085954153628e-9	3.769209926589911e-13	-1.4340323389642953e-12	-1.0877746016412317e-12	-6.868223500991695e-10	-4.937181412773995e-9	3.8269498642323416e-13	-1.5373893477272615e-11	-6.626342450789916e-11	-3.101784889839689e-11	1.6011634654211328e-13	1.0093843236071687e-10	2.5500723789594295e-9	-2.3121378109296926e-10	-1.270500947183309e-9	-6.897571068250474e-9	6.980210616059683e-12	4.99689843913824e-11	-9.377068701727384e-9	-4.74012297330825e-9	-1.064830832099992e-9	1.2002037732655787e-9	1.386475605332413e-8	-3.2208595133278396e-12	-1.383761922727611e-8	-6.222576489446304e-10	-1.2830146311304032e-9	-1.8990490741626735e-10	2.688798311435675e-9	8.986614241309228e-12
40.0	0.38997510844023525	0.38997777852471976	1.3212436103009317e-6	1.1506459895623214e-9	2.7283216598055427e-8	-2.0101702137685726e-9	3.297858035001853e-10	5.4291059224136e-10	6.141970816156096e-10	2.945087034782527e-11	1.4229086571328363e-12	-4.940573603311317e-10	-4.267685933405984e-10	6.104865888012558e-10	3.200614978089187e-10	-5.031861941253358e-13	-7.638196782697475e-10	1.972438337460566e-9	2.783594712881012e-13	-3.272360964275271e-10	-1.0208341958783731e-10	2.774729670350056e-9	-8.222649219431346e-11	-3.372202663641883e-10	-3.0600858544015966e-9	-1.9680123068474028e-9	-1.0821994887542565e-8	-1.5960064438309446e-10	-6.270905177985972e-10	-3.667791833103494e-9	-1.9543563544651904e-11	1.023654081567903e-8	-1.5669508828747687e-9	-2.8174832324717288e-9	5.996582097962344e-9	-2.889544019253135e-12	-2.511538508209608e-9	-1.14916764418318e-9	-0.4648294778194922	-3.9057188269737064e-8	5.060310337274016e-10	2.3146082087698188e-11	4.352110813286144e-9	-0.38375075587718593	-1.8776521729893656e-6	5.723274014734918e-10	-7.560682206841925e-9	-1.2941719385920838e-10	-4.609956931197548e-9	-7.757256290247779e-11	-6.2014364836710055e-12	-4.641482697460979e-10	-3.039807854546567e-11	-4.1936504603876346e-10	-2.9878605827753693e-10	-4.923504330453747e-12	1.39404149742878e-12	1.705997639208805e-10	7.509425454691999e-9	-8.83723131989418e-10	-7.650686609028816e-11	2.774031322144668e-9	-5.76802462592905e-11	-3.5415372064805425e-9	-2.2172805414391523e-10	8.875445243893414e-9	-1.8419246855571955e-9	-3.079857674679473e-9	-8.436051471219263e-12	-3.065336643554813e-13	7.474527320858405e-9	-6.599994801914286e-10	6.788690472523374e-12	1.4343155690726855e-11	2.1700829719565686e-9	1.5352920107360423e-9	5.492935978773421e-12	2.1077037991474977e-12	1.697114962103259e-9	7.3449993943418766e-9	1.0007859885823728e-9	5.9325596133689925e-12	2.26855444815447e-12	-6.555650178393115e-10	3.752246858127884e-9	9.171609409465292e-10	-2.873913505943029e-10	1.1787979804140089e-9	1.5343140757574468e-11	5.169632340039944e-9	1.3685475345884292e-10	5.622376647075829e-10	-4.832704803961586e-9	-6.189700359669663e-11	-2.7284769951952944e-10
41.0	0.385749474463129	0.38575085315922364	1.3875768873698569e-5	3.834644053500608e-8	2.3323804851758992e-8	-1.1257515024699221e-10	1.0286169030092734e-8	1.1713088436103187e-9	-4.6812322060074924e-8	1.2477645261167113e-8	-8.12866530913353e-9	-4.675535447256366e-9	-9.242981376881451e-9	-1.8903840234329078e-8	8.948368742248629e-10	1.1723128228808904e-8	-1.597776735211698e-8	1.5573905100783547e-11	2.673993037769963e-10	1.1299899948581603e-9	4.0329756326728526e-8	-1.4460792498180343e-8	-2.0030491334963986e-9	4.819628300622773e-9	-1.856674573694333e-8	2.0730752278998282e-9	-2.2275100597480955e-8	-2.8349232229208535e-7	-8.876536225116155e-7	-7.451222001186426e-9	-2.8908453160347978e-8	-6.383460802770738e-9	2.3135905046997804e-8	-0.00013949146769654455	-0.34494122955312007	-3.063420540763185e-8	-1.4943961548913622e-8	-1.7678121090435326e-8	4.050119965326401e-8	-0.46220106771287556	-5.866614422588983e-7	5.41399043749393e-8	-1.317171237318897e-7	3.048645309355973e-9	3.165118678136063e-10	9.83737261226247e-9	-9.545755601762977e-10	2.554150507620448e-9	1.6334895673933882e-10	-3.10363707833659e-10	-3.2879775468697964e-8	-2.093240396562661e-8	-1.6626294149842073e-9	2.5485856983436127e-8	1.7464649089570888e-9	6.32899245171771e-11	1.2099601582386009e-8	5.125405947301072e-10	1.112358111615932e-7	1.8687216482089804e-8	-5.2265493937245066e-8	-1.4746533840887077e-9	-1.4403734467777982e-8	-2.741462837735624e-8	7.168577731471008e-8	9.03349535563851e-8	-1.6644534441254483e-8	7.709544066190557e-8	4.072475475641498e-8	6.347423379024782e-9	3.7033354138880675e-9	1.2064139531600016e-8	1.3652528580447224e-8	-5.949360600936649e-8	-3.3650833723298385e-8	-2.107240213177206e-10	-2.7850403720067004e-11	-4.3505729545933824e-10	7.333381051976633e-9	1.210951729038717e-10	6.400558385134716e-9	-2.6357587919746507e-11	1.3411221631369698e-8	6.8794923879228096e-9	9.69556113948288e-9	1.3704171848022218e-10	3.193664023945859e-8	2.728569352096441e-9	-1.3595131213191487e-10	3.4753982668752115e-8	1.5986568969483197e-8	3.0555287192761415e-10	-4.704709721060304e-9	3.601575489087588e-8	3.0429360349276193e-9
42.0	0.4361014460517035	0.4361024501478416	8.744331564438892e-6	2.315264943820519e-8	-8.839893863960645e-8	1.2082226689192835e-8	-7.126401494710978e-9	-1.1896913002526052e-8	7.911237567663958e-9	-3.544268314049932e-8	1.1284494179385376e-7	-2.1676136987841298e-8	1.3873399546287324e-7	8.840840957808951e-8	2.6913537758677346e-9	-1.4606045886346515e-10	1.215523655361916e-10	-1.5605667305344837e-8	1.3052648410413806e-7	-1.927823050750784e-8	9.869369472071865e-11	1.0166181891992056e-8	-1.589585990902238e-7	-2.013896213631918e-8	-1.1061898231209702e-8	1.7860495897839864e-9	-1.8859434897613864e-9	-4.496203813365836e-8	9.69289646170814e-9	-2.637358376841557e-7	-1.6629693902476262e-7	8.895672029285363e-8	2.1171846934747586e-8	1.55481719986589e-8	8.748894409738001e-7	-5.369906046951058e-9	8.270527275640386e-11	3.8505687611130564e-9	-3.542833280684757e-8	-0.000530745149497614	-0.482319242224555	7.156810971060079e-8	-1.609617223161515e-8	-1.7905617757294793e-7	3.111521100719525e-7	-0.4442995803000471	-9.78386021348262e-7	-8.157766017026318e-8	-5.54837268366719e-9	-1.4622190222356827e-8	-1.639897482245111e-9	1.976130857042339e-9	-3.896907345128089e-8	-8.144486638975575e-12	-5.614683737618971e-8	1.2137940495963159e-8	7.918879147313093e-8	6.607148622638508e-8	1.740236459674547e-8	-1.5208606292088973e-8	1.3445164702947986e-8	-6.296364039082059e-8	-5.301389848089524e-8	3.780131283697196e-9	1.2759088118077857e-8	-9.869387650004664e-8	1.1261433231653577e-7	3.272432773407739e-10	-4.898617839060625e-8	9.957817317664027e-9	5.466669544372683e-8	-2.2201164896759466e-8	-9.704806500994988e-10	-1.0742843983915703e-7	3.154800924283685e-8	2.2401120006219014e-8	2.1175889169357638e-10	-2.8776424806750738e-11	8.836332404669799e-9	1.007070376953119e-7	3.028755739507226e-8	2.7381673615538176e-8	9.187177708029389e-10	-6.109717825006351e-9	7.881215594635588e-8	7.912030216572487e-8	-2.5342486699377804e-9	-1.45492386898335e-9	-4.444838743912078e-8	3.413439318057785e-8	-2.0689177107358287e-8	2.6088403197434613e-8	2.9225550765915513e-9	-2.1529472973164625e-8	1.2088699491626026e-8
43.0	0.4370005963908587	0.43700145076402436	3.522972181419599e-5	4.930713652634734e-8	-2.2136589174693875e-9	6.673696416691102e-9	2.1376787055256778e-9	-1.9501308323527837e-9	-4.5098258977156704e-8	6.050083593298239e-8	-2.1557141918908774e-9	-9.552694820567704e-10	4.806738746197343e-8	2.6621551816806286e-8	4.848871898163581e-9	-2.0880543871023806e-8	-3.847454429928423e-10	1.0023879495393349e-8	-9.324331313946262e-8	-9.041883626545953e-9	-1.3644257685808121e-8	1.155938186114603e-8	-5.078895237057055e-8	1.5306384148023357e-8	8.302134735158937e-9	3.3701029684322917e-9	-3.2021632165561936e-8	-3.7473083750814325e-9	-1.1153513238704632e-7	-2.344112467424397e-8	-8.660552179014511e-10	4.7982754759259967e-8	-4.175770255195152e-9	5.318146337893763e-8	5.112099060107313e-9	-7.650483421985395e-9	-0.44438660752727904	1.3965758146056049e-5	2.132858817708343e-7	-1.3280918656300229e-8	-7.249254987295704e-8	-0.4823102489024776	-0.046095871234515674	-2.4135826553390795e-6	1.8278573206860286e-10	-1.4994530662798264e-9	-6.928991057393985e-8	-1.5685658380045294e-6	1.525562849014568e-6	-7.956424718682533e-9	3.823163584926334e-8	-3.8485888425951775e-9	3.033980056296811e-9	3.485759832345937e-8	2.6487992857460657e-8	5.7020720404119495e-9	1.0665263211482383e-8	-7.942867709329099e-8	-1.7721176619246108e-8	-3.6391634841828855e-9	-4.959594158546573e-9	-2.031653199777268e-8	-1.3919821771939737e-8	-1.5025652208859254e-9	-4.160028698136754e-9	-8.52767870357893e-9	-2.9973077365805045e-9	-2.492834643937726e-8	1.8437057265710687e-7	-5.230341862694169e-9	-6.898002333491932e-10	-2.5136825336226574e-8	-4.1160467720424283e-11	-5.127800348443904e-10	5.557556920319706e-8	4.185623251318909e-8	1.0461800776353347e-7	3.0435561822884977e-10	-1.6866019831523648e-8	-1.3215791633328057e-8	2.8031865755551413e-8	-2.100935612824828e-9	-2.514856388245455e-8	1.0523000271696997e-7	2.136632578361082e-8	-3.029362016315811e-8	-1.1629264405195142e-8	1.831629473674372e-8	7.792738577998747e-8	-1.2319698169394114e-8	1.7435128872698593e-8	-1.0231371552134805e-8	-5.317441083206777e-10	-1.916726736992974e-9	5.4607711749428857e-8
44.0	0.387349662956117	0.3873506867641687	-7.306792560811233e-5	2.231501898462597e-8	-3.4687000633994035e-8	2.7968919591046853e-8	5.772264695103874e-8	1.1671824065314237e-9	1.4732999630641217e-9	4.403381375824484e-8	-1.205183679683814e-7	4.729097481828589e-8	-3.972360169582043e-9	1.2247984539052022e-8	-4.990809934150493e-8	2.436058494613497e-8	-1.4342189689986724e-9	-5.574434349662515e-9	1.591275574510487e-9	1.3166688823235288e-11	1.3934749878862604e-8	-3.713984242405833e-9	-2.9736084009889245e-8	-2.8116331648234667e-8	-1.7583384826483325e-8	3.711079055735351e-8	2.0905399720207103e-8	-1.8520251805062637e-8	-7.936683954867464e-11	-5.8250537445448884e-9	3.4229268175230004e-10	-6.622733105904971e-8	5.6859013013070506e-8	-1.5418034745594141e-10	6.590156883724801e-11	-7.324344171100849e-9	-3.426191058868234e-8	-1.0633975094893428e-7	2.486123581624679e-8	-4.875869526417048e-9	-1.1530486158767134e-7	-3.313204113237618e-8	-0.46218193274942004	1.4758148122992543e-5	1.4017724806028918e-8	-5.5694687069006236e-12	5.472867813027941e-8	-0.34413688986184215	-0.029555708559307996	4.413524032365382e-7	-7.846359607462828e-12	-1.714481983765612e-8	-5.746449651991653e-9	1.3370210165660845e-6	5.033075221701285e-9	8.694674770717084e-11	3.4494980109107806e-9	6.2379950898382e-8	-1.9396549281761434e-7	-4.127138664028944e-8	4.001151388299818e-9	4.427190215137692e-9	1.7465120453373604e-8	1.21108331000123e-8	-1.2481961657529423e-7	-7.358676940452849e-9	-1.7620634905101657e-8	4.8361096674778595e-9	-2.665076119191516e-8	1.8440172614371199e-10	1.5322703292228186e-8	1.2457107330963013e-8	-2.6876816508955176e-8	6.498955915374294e-8	-3.66011272532268e-9	6.6410478262836105e-15	2.567379866597009e-9	3.673187648014655e-8	4.802419693098215e-8	-3.797351018208702e-11	-5.2419765467373745e-8	2.1040394527650855e-8	3.843238089360972e-9	-2.626694760634584e-8	-1.6905694629856097e-7	-1.7119385659919549e-9	1.5924071747867743e-8	-1.0524149068942485e-10	4.6636903311431236e-9	2.7650461832429336e-8	8.702178607842546e-9	-8.315666003895438e-9	-7.784388111076034e-10	1.2315221536919768e-8	3.8906246453322164e-8
45.0	0.3854520460417902	0.38545265063410294	1.3569811835908543e-6	9.47408388095531e-10	2.3529501996642665e-8	-1.818309705244077e-9	4.441262527636788e-10	1.1110447799440651e-9	5.739565469439279e-10	2.4751541660941152e-11	2.4328475341045394e-12	-7.588404869480619e-10	-4.334951123070664e-10	5.818542233028958e-10	3.5329600022079687e-10	-4.95176589064933e-13	-1.148536323139011e-9	2.224200467095548e-9	1.216584460904229e-12	-5.486086025740451e-10	-1.0269700995401292e-10	1.8195036656444451e-9	-1.1369754428051362e-10	-3.942588053615999e-10	-3.5654356214020653e-9	-1.9694842970291484e-9	-8.512809927861765e-9	-1.469929403684069e-10	-7.107833982763654e-10	-3.200313955306456e-9	-2.2533330176039326e-11	9.859597690568597e-9	-1.3983923365237442e-9	-2.6828116945784224e-9	5.87906754588482e-9	-3.5925415104828014e-12	-1.3175610671593246e-9	-9.80698591294172e-10	-0.38431274529527315	-3.935075608952983e-8	-1.0469403937684403e-9	1.2420908016553966e-11	6.462358827692162e-9	-0.46483009792928065	-2.16294888339673e-6	4.983454776444058e-10	-9.233433317799347e-9	-1.4518413489865897e-10	3.951644207956322e-9	-8.467164180381847e-11	-6.491416948019284e-12	-5.878914408700758e-10	-2.9600566972489786e-11	-4.181040034957841e-10	-6.162281890820813e-10	-1.990763194837544e-12	1.4964905586478665e-12	1.1840546236174303e-10	7.234875637139243e-9	-1.0145417486084786e-9	4.212907916870882e-11	2.737948846688514e-9	-3.9902005384973767e-11	-3.2622540802012965e-10	-1.7569743010010005e-10	7.171994295532367e-9	-1.7032241356648116e-9	-3.8981578535861334e-9	-9.180595879924817e-12	-3.17684170786688e-13	8.598505548723118e-9	-6.490488645125502e-10	7.333999789729093e-12	1.551466002573879e-11	2.6035650566697004e-9	1.0236208669026451e-9	5.706540739185098e-12	2.1159710206547323e-12	1.9676856055413037e-9	7.2110690336479525e-9	-5.059669950382319e-10	4.846052942502706e-12	1.4184147296835353e-12	-6.646305069941999e-10	2.001761732116384e-9	8.340539123775339e-10	1.6124789040095938e-10	-6.141569921821915e-10	-6.128499187306029e-11	6.735893103735033e-9	1.402952056846235e-10	3.2372988040233684e-10	-5.285887254882863e-9	-7.634068005600672e-11	-2.7792980615821333e-10
46.0	0.38236947925676024	0.3823700169993687	7.109084287578799e-7	5.556594810924701e-10	-8.905487094851587e-9	2.1299464752151684e-11	3.218890629367668e-10	2.1886044130830854e-10	-4.270331602317035e-11	4.6425365108644657e-10	1.5364382270228489e-9	-6.643191967215179e-10	7.878040356682832e-10	-4.920128839523906e-12	-3.7065646267977566e-10	-1.0700642872480193e-9	-9.150497655315669e-11	-1.5652209516948803e-10	6.750131632559204e-11	1.6538256400733053e-10	2.9081987732994854e-9	-6.211492575503119e-11	-1.9570419471602103e-9	-2.112047140706887e-10	-3.5733887203634957e-10	2.1156615070014602e-12	-2.002378441408209e-9	2.7218205591470577e-10	-1.6585096893791255e-13	-1.140753800350096e-10	-5.747334219820218e-10	-7.608804644211439e-10	3.0763098356994554e-11	-1.8593211431236198e-9	3.841240239695876e-12	3.490535784845352e-10	7.031584717230828e-12	-9.867685278621001e-9	-5.2276486400158974e-11	-4.5050638000022174e-11	-1.2854288519902693e-10	3.5859951889353033e-9	3.860460560732893e-9	-1.5919671064363765e-8	-0.46484018014585066	-2.942472559691205e-8	-7.096088475781937e-10	-3.5821197274490134e-10	6.214932878876781e-8	-0.38408841993757586	-2.4501500373664567e-6	-1.4178762786716843e-10	2.057266071033757e-11	5.525987602321611e-10	4.3430492092012084e-9	4.6105237752635973e-10	-3.899648522197102e-10	2.2543164652973992e-11	-1.3076393880893542e-10	-3.662580356429118e-9	8.67537248624419e-11	3.238580872144186e-11	2.0368305905575916e-11	1.957828287569744e-11	-1.5721465927862178e-10	6.445167112829249e-10	-4.1252348447706686e-10	1.2099950190530357e-10	-7.514812707480418e-12	6.900223893877626e-14	-3.812586140950226e-11	-4.542926481608277e-9	-1.3025529454947226e-10	5.162461638447183e-12	-1.5105861911570936e-10	6.256733915089116e-11	-1.7419744176279586e-12	2.2397272951125666e-9	-4.8586485567705684e-11	-4.770072137893135e-12	3.249319179637087e-12	1.0431914639718541e-10	-5.995350838963737e-9	4.3824431059123215e-10	-1.1275656437747399e-8	1.8459760692524146e-9	9.496908571269471e-10	-4.1372284870535406e-11	-5.595172944239578e-9	7.517551112447173e-9	2.365022241639577e-13	4.356207758871451e-12	2.3350015903314804e-9	-1.1887975029485588e-9	-8.593943061419871e-11
47.0	0.3751976848271752	0.3751979642766989	6.434948530930109e-6	1.7051932786139763e-8	-6.411615507918021e-8	6.623708586922277e-9	-1.2665505889430703e-9	-8.915724797306541e-9	5.838807033842512e-9	-2.335523290216502e-8	8.022559296369232e-8	-1.5305322280825668e-8	1.0289680542459005e-7	6.557335024405317e-8	2.0426188716923895e-9	-1.060391919499177e-10	3.5518104367293447e-9	-8.851665337561925e-9	9.47545489585404e-8	-1.439123419771361e-8	4.482865371967081e-11	7.3017540338041915e-9	-1.1642997592697128e-7	-1.455181584287861e-8	-8.216885600881131e-9	2.7051926802770168e-9	-1.263491515365467e-10	-3.3295678741916416e-8	7.930123827502942e-9	-1.9433830285855907e-7	-1.2435481515487994e-7	5.9470341049216587e-8	1.6003923776893822e-8	1.053588543649693e-8	6.368100661752512e-7	-3.84569477980262e-9	1.0703162981729208e-10	1.6056040123298712e-9	-2.2587149524969296e-8	-0.0003760003535659557	-0.34452801582527093	5.150195648697161e-8	1.0698151960549932e-8	-1.3329826520709528e-7	2.4813549507633235e-7	-0.46219120205805647	-9.308392858631183e-7	-5.66261796325255e-8	-5.326879208916122e-9	-1.0609818708753519e-8	-1.3107371520034772e-9	1.7282305242440335e-9	-3.29233549082792e-8	-4.625455425277922e-12	-4.2199869178705385e-8	4.454766720506509e-9	6.666359922024855e-8	5.72680714727253e-8	1.6313912344428453e-8	-1.0377107627311464e-8	1.3889646249981403e-8	-4.9611458064829315e-8	-4.02206340630539e-8	2.7996186081336275e-9	7.27143502276758e-9	-7.55439212224165e-8	8.032359439367854e-8	2.7441848811556083e-10	-3.764956155804256e-8	1.0739488264516969e-8	3.833494458989266e-8	-1.1896702245269916e-8	-1.1721377709672045e-9	-7.929886442640426e-8	2.3816327769334355e-8	1.6050790762133665e-8	1.5823951489303536e-10	-2.3473912288882797e-11	1.907945151574143e-9	7.544661517982011e-8	1.978274385944162e-8	2.177838787896962e-8	6.728544849196914e-10	-1.4406562585819837e-9	2.8851735559887892e-8	6.111442739752989e-8	-2.063439520137991e-9	1.1653898091499899e-9	-3.473053473267784e-8	2.743814264488154e-8	-1.146490826893136e-8	2.0285224169338044e-8	2.1959111980877653e-9	-1.3366207520508013e-8	8.06895883506738e-9
48.0	0.42785473804379803	0.4278549131323848	5.7445556731369776e-5	1.6793090481654774e-9	-4.675264826357168e-8	-3.936863234034016e-9	6.762304115551072e-10	-5.786454934302479e-9	1.4059793201685706e-8	2.3787671656522184e-9	-3.824509127436468e-9	4.54739120190425e-8	1.30493753664472e-8	-1.3797214494923087e-10	-9.182976351090084e-9	-5.969356476003847e-8	-4.528082886688995e-8	-6.169084578291948e-11	-1.1197954532670423e-9	-8.515150872190596e-10	-1.4544464847669569e-8	5.980633329338123e-9	-2.4806395286629538e-8	7.139735522223482e-10	3.170369001869987e-8	6.801094046392509e-8	1.0428769082714034e-8	-1.7656498159205308e-8	1.7483759877427e-9	2.262059892297465e-7	8.379567535038512e-8	1.0550562116653683e-10	3.5562176058318305e-8	-1.7829531668453916e-10	3.213991485761081e-7	9.223818811874492e-10	-2.789265506122158e-8	1.8953465030667037e-8	-8.584966458976644e-10	-3.1609082869385586e-8	2.597580785424935e-7	8.906566351808093e-9	9.035631900268773e-9	1.8808243320394484e-8	2.1560649252676374e-7	-0.0004193235655330649	-0.4823166552233275	1.823899596720157e-7	-2.989210776949526e-8	1.0559160451624536e-7	-6.049348728542508e-8	-0.4443498424932687	-1.1324999694258326e-6	-7.819619968219653e-8	4.633883595077929e-8	1.1133327933480708e-8	5.368456119668678e-9	-8.689780360997615e-8	1.222366185312637e-8	-9.337475865612756e-10	-2.1329827640013014e-8	2.573183585859042e-9	3.7423723459750226e-8	1.1537321712877337e-9	8.081169633434561e-10	-1.1175989187269388e-8	-5.32696665294627e-9	1.1260371383653205e-7	-4.974764722869376e-8	7.59757349638673e-9	-4.669251120316994e-8	8.22513532693199e-10	2.0506010104842434e-8	7.185928254536805e-8	1.6698768587826184e-7	-3.214776619182413e-11	1.8694584217920183e-7	2.5138744096392064e-8	-1.317472769395981e-8	1.6374629429621854e-8	-7.238405679280977e-9	-3.627120569574029e-8	-5.517560451946538e-9	-5.9235738444638164e-8	-1.6481717661289763e-8	3.1339840295277253e-9	-4.4857418046793144e-9	-2.9065557536164565e-8	-5.257055655654017e-9	-1.1053870103136117e-7	1.572937970234499e-8	-3.815240375455787e-9	-1.5461959023136995e-9	-1.924227121427153e-8	5.265553173988114e-8
49.0	0.43368830330662267	0.43368941809327954	-9.842826057136495e-5	3.190262355017755e-8	-4.708266033440148e-8	3.911275693866026e-8	7.89546810039648e-8	3.0797412991652932e-9	1.8419394270710578e-9	5.978904253361211e-8	-1.6365283121962321e-7	6.606745301095733e-8	-5.41235310617764e-9	1.5462387815098833e-8	-6.696856152351698e-8	3.254971070528233e-8	-1.9308354278076637e-9	-6.727237141795996e-9	2.0293906822589962e-9	2.3151409937040998e-11	1.6264824700512977e-8	-5.09662978545402e-9	-3.975449581955691e-8	-4.0196064935811455e-8	-2.1994335689810665e-8	4.847956911817093e-8	2.489256328617082e-8	-2.3075219988339583e-8	-9.677854026262757e-11	-7.217467084396236e-9	4.331990664153381e-10	-8.326153507239707e-8	7.646550983788687e-8	-2.0573904484432305e-10	9.555799989875734e-11	-8.487310090338103e-9	-4.256417091669006e-8	-1.3685701214809859e-7	3.1595483592998096e-8	-8.30341732277027e-9	-1.4895058253695887e-7	-3.013115778761291e-8	-0.4443528689761479	1.8309818418385288e-5	2.036941994931394e-8	-1.2978730478968846e-11	6.500442022591122e-8	-0.48231660298291035	-0.041771629159385724	7.051394073871369e-7	-1.7590302872911584e-11	-2.3869937278747516e-8	-7.689809681906248e-9	1.8281916216481067e-6	5.054881717374408e-9	1.4542337248290125e-10	5.009760304370548e-9	9.049881453481048e-8	-2.644180941099216e-7	-5.6524117208174114e-8	5.637311613982833e-9	7.791141717605832e-9	2.6069758489606454e-8	1.6378333914737693e-8	-1.7925919272599738e-7	-9.59836816178496e-9	-2.4288546810534924e-8	5.898334248890956e-9	-3.894796318382495e-8	2.510404831284506e-10	2.1548295640986174e-8	1.5997748563859782e-8	-3.4702104113000166e-8	9.268970801385897e-8	-5.0729023886343585e-9	-9.162110046809597e-14	-1.3279306167402333e-9	5.2856551990799605e-8	6.378954708569699e-8	-6.815017556282153e-11	-6.967460562903921e-8	3.190602377550291e-8	3.667570577342153e-9	-3.2904033245608296e-8	-2.2998857990095495e-7	-2.2939505619800234e-9	2.2875536785745247e-8	2.9551228371161806e-9	3.9201595304167224e-9	3.8183863050307734e-8	1.1843099018551458e-8	-1.304527589471186e-8	-1.3342602838788866e-9	1.6947776840708095e-8	5.1627521180270886e-8
50.0	2.396432265109189e-5	-1.3553074979899525e-9	2.677759208406108e-7	3.7509384653311124e-8	1.057427212950812e-8	5.678121423773549e-9	1.2092234441168836e-9	1.5001447544716155e-8	-3.0521030775206584e-9	-7.855968654413343e-10	-4.303569759448549e-9	-3.310434938489287e-8	-1.832242595395703e-9	-2.9807003694024923e-9	-1.2236927206943972e-8	-9.784613913802277e-10	-1.325818835676151e-9	-8.312042633925417e-10	1.4892999878613067e-9	2.4778136840091875e-8	1.7942121047105328e-7	-9.27419121200123e-9	7.706317208668581e-10	6.222290666881616e-9	2.3448921433969373e-9	2.273465502142233e-8	-1.913183301705399e-9	-3.480507546876386e-9	-9.417703202964018e-9	7.64040082763641e-9	2.3665156385126533e-10	-4.294381611005612e-8	-4.8875754405048715e-8	2.4230613148872762e-9	-8.62984104253418e-9	1.4122757260357706e-8	-4.3784871106646735e-10	3.566065018145084e-9	-7.101578365245856e-8	-1.3401191514963193e-9	3.6130628298854933e-9	3.097822377441432e-8	5.662965457022444e-10	2.252431363723573e-8	-9.432133698265592e-9	-4.5693920140321635e-8	1.7279212558656647e-10	1.0164711855217439e-7	-0.4621981249253058	1.7864383895146124e-5	1.610385666959145e-7	2.6878764940160325e-9	-3.229139236308063e-9	-0.34452781458535536	-0.024827211900123464	-2.0747396370268942e-7	1.5430831027759978e-9	-1.0041610223579831e-9	-3.2925142265569587e-10	2.723090395406837e-7	-5.219271924789732e-7	3.017676433648908e-8	-8.011301398035011e-8	2.0725973540989403e-8	1.3621646608444323e-7	2.1500198626663275e-7	-3.5356663777403555e-8	1.023153255672764e-9	-1.7989543861729602e-8	2.5251676229587512e-11	-1.1594143898433236e-8	4.157070345869231e-9	1.1136078444954126e-8	1.983568746625696e-10	2.9213557207690636e-9	-9.443152317136401e-11	9.788366038821969e-9	-5.2018495286729644e-8	2.2560956245246497e-8	2.468838091641196e-8	6.381657143973843e-8	-2.637686277213438e-9	-1.903760951506105e-8	1.022179964498589e-8	-1.542589686104258e-7	1.1780946230461883e-8	-2.0438374503882335e-8	-1.0738231810262474e-9	-1.524359837374677e-9	-3.225388477993917e-8	-2.161139300460762e-8	-1.2616632141974017e-9	-4.362020761256316e-8	-1.3985060865564168e-9	5.230064987801581e-9
51.0	0.3430410255550016	0.3430418882490166	6.466114483134099e-7	5.425078585263713e-10	-7.940565542021842e-9	2.3542984112682644e-11	3.1457613865664187e-10	8.191345126567009e-10	-3.223529953604291e-11	4.856429427520802e-10	1.441586543420153e-9	-7.352315197000622e-10	7.856455127182745e-10	9.516849709732171e-12	-4.0447080451964807e-10	-8.97175539322303e-10	-7.952580721440594e-11	-1.6213785727133713e-10	6.120181508142956e-11	2.1144368263511472e-10	2.8030052322321037e-9	-4.1648073250778775e-11	-1.4256184570822844e-9	1.2316814691199652e-9	-3.5733069975185084e-10	1.7724663002948343e-12	-1.3770988328174796e-9	1.8181288005933943e-10	-1.6814699997392811e-13	-1.4972622464878229e-10	-6.250011906401052e-10	-8.425815353807553e-10	2.5814688794553175e-11	-6.738115946955926e-10	3.4642173287348683e-12	2.9564546694196683e-10	8.27722025649131e-12	-9.458936519582068e-9	-4.769717484667174e-11	-4.95678684437125e-11	-1.2870781161518345e-10	4.251390092420562e-9	3.288630235458204e-9	-1.3877393991592039e-8	-0.3840884689020658	-2.9606758182833548e-8	-6.897187528152936e-10	-4.744432964136592e-10	8.257415133785577e-8	-0.464840482185032	-2.8171230582210693e-6	-1.4999959307524623e-10	6.629217173648003e-12	4.499067986999206e-10	4.755544731504465e-10	5.006471860958112e-10	-4.096243218601877e-10	1.289149579041087e-11	-1.2687462687976784e-10	-4.615056755300128e-9	-1.1169756478694806e-9	3.278402343561485e-11	2.429877095063798e-11	-7.56879723611677e-12	-2.0679824232894027e-10	4.1388264669378767e-10	-6.996809751128207e-10	1.224629904326174e-10	-7.294739814957866e-12	-1.342139818462982e-15	-3.462079451050648e-11	-3.899224992237887e-9	-1.2511154363740934e-10	5.372185549639219e-12	-1.7942330924674826e-10	6.120377597924083e-11	-3.1321469034797505e-12	2.4171619182653735e-9	1.5841932281604998e-10	-4.870398612000389e-12	5.158412851734896e-12	9.171991309012892e-11	-5.495624827532987e-9	4.4634419192222845e-10	-1.0665501991953904e-8	2.0006119249012756e-9	1.0498369101707986e-9	-4.310833059776415e-11	-5.249965568263078e-9	7.363206431235507e-9	-3.9476391076535027e-13	5.444595084278453e-12	9.848626697700003e-10	-1.1717007827736947e-9	-8.578891354125491e-11
52.0	-1.0778927529547946e-5	8.342102146762781e-11	-1.5013235023775307e-8	-2.3905718737483794e-10	-7.288746961870315e-10	-2.0382447486039717e-10	-8.065342430563327e-11	-7.024214698817388e-10	1.6881099395389619e-10	1.3052347084669163e-11	8.856798386313323e-10	-4.4140824207731955e-10	3.8280183232039494e-9	-1.3741947632513309e-11	-1.5874053160082723e-10	-2.2823678283600014e-10	7.364216136168771e-11	-7.600551600935549e-11	-5.282419111903074e-12	3.052819614578762e-11	-9.181422331768145e-13	1.0653717782475365e-10	2.8563590879460672e-9	-7.858974121277282e-11	-6.7860143390411506e-9	1.3930221257319263e-11	8.224458830938048e-9	-5.573768104445507e-12	1.846721608937939e-11	-2.4485825636111696e-12	5.324065690166018e-13	-2.2715987133093797e-11	-2.8336932033783228e-12	1.4094594926687412e-11	1.2926748902902856e-8	-3.64358657479357e-11	-5.55442074416785e-10	3.1711697143705853e-10	1.694528805275866e-10	5.428717854929701e-10	4.8198283251831764e-9	-6.902933754141423e-11	-5.030275607887519e-12	7.374355559498876e-10	-6.909475290064805e-10	1.144462729551501e-12	6.489460653745762e-12	-7.662278131885828e-9	2.2077829120650418e-10	1.1988337683301806e-8	-0.464829949651351	-1.1753252076162328e-8	2.4473357782931855e-10	9.834738966797375e-11	8.096891778477808e-8	-0.38431278802480767	-2.70573296240883e-6	-3.0422855336136183e-9	-4.8744000660558e-11	-2.4765060744330106e-11	-1.8044505765212495e-9	1.691065228027783e-8	-1.318320778099318e-11	1.9290879495980813e-12	4.2690218315841585e-11	3.190190736060259e-11	-4.5389055173402985e-11	1.5258293180334248e-9	1.455594798150804e-11	-7.853023055947869e-13	2.2393641087666194e-9	-1.9788474062389755e-9	3.742057522192527e-12	3.6441631227388854e-9	-6.939186250202646e-13	-5.204441381071026e-13	-2.394268478265486e-16	-5.2491759291195636e-9	-3.6888957067747145e-9	-4.087485302154931e-11	2.407871995125732e-11	1.3393153108495384e-10	2.084735228382596e-14	-4.07171021969833e-12	2.0978974885398104e-8	-5.0799268593022655e-12	-3.761491451622393e-11	-9.685789171987674e-12	1.1261831116639713e-11	-1.9346573311017744e-8	5.148194954711701e-11	9.451473711307713e-10	2.927184938298573e-9	-4.233917943071485e-11	8.706617726345122e-13
53.0	0.31284657112268643	0.3128469024770627	4.2155324964825914e-5	1.2378883009133296e-9	-3.246291295455072e-8	-2.1657937632337137e-9	2.1359190053037298e-11	-4.522689117162078e-9	9.917370114273588e-9	1.7892747678203062e-9	-2.7204577171433947e-9	3.4845840091888194e-8	9.435384649314252e-9	-1.0035448118078852e-10	-7.946804619263244e-9	-4.055137768856217e-8	-3.044534372312468e-8	-4.8909134061156526e-11	-8.240709891457283e-10	2.3982250793990246e-10	-1.1163092927208321e-8	5.069769335831565e-9	-1.7668888311163884e-8	5.093533076325801e-10	2.2891485418011493e-8	4.99941729575557e-8	2.951633075213773e-9	-1.0459791951720443e-8	7.973163920134766e-10	1.6186595010187785e-7	6.477566678299666e-8	7.831801274001658e-11	3.194625447068795e-8	-1.280675855208048e-10	2.3884613087075626e-7	6.018195599125679e-10	-2.402344909742778e-8	1.8126834016567823e-8	-6.09697682312092e-10	-2.3323559915709286e-8	1.9099951046049243e-7	6.6666753963477976e-9	4.028867634573467e-9	9.632718560266514e-9	1.5280467874604864e-7	-0.00029670235154038673	-0.34413705801823347	1.2431588949757032e-7	-2.2355283084989617e-8	7.146063762636697e-8	-4.8607945705665504e-8	-0.46217357959961813	-1.0695855607821723e-6	-6.489377115539439e-8	3.21529458615544e-8	8.579271495901888e-9	4.293062102268419e-9	-7.339038674622296e-8	8.756109850156217e-9	-7.172697407584686e-10	-1.7024698065942476e-8	2.1589624312203363e-9	2.9534339266469574e-8	7.975251198899925e-10	5.896303143862867e-10	-7.0760141313522995e-9	-4.142700486649044e-9	9.236269633981247e-8	-3.8642365619861566e-8	7.902442071582919e-9	-3.696184236779596e-8	6.816582279754993e-10	1.532308417843431e-8	5.408697498753465e-8	1.3124135330233908e-7	-2.3975759483162e-11	1.3539966413019066e-7	1.4419406464214045e-8	-7.78306190081269e-9	1.5069613210982415e-8	-6.1849900890856105e-9	-2.3356611803985496e-8	-4.431653335661658e-9	-3.9084382251696896e-8	-2.3167227079645642e-9	2.316764043566439e-9	-2.7848411995727364e-9	-2.2356531541754407e-8	-3.742907997785865e-9	-9.351219804669699e-8	9.775659720124836e-9	-5.032425680640638e-9	-1.1093703991025415e-9	-1.231342837389681e-8	3.691560427708035e-8
54.0	5.3814142559474096e-5	-1.2759312861103169e-7	-3.7645154144610992e-6	-1.9889149521951368e-8	1.002105362685568e-8	6.544975638332411e-8	5.371214881296323e-10	4.4388820643977086e-9	3.2058426697978176e-8	-7.531149918391472e-9	9.284318167182071e-10	-6.003280133152794e-9	-7.825217367470825e-8	-3.084587643874203e-8	3.179341201054725e-8	6.542260287842002e-9	3.6318980023508238e-9	-2.238410857315042e-8	-9.455149487652439e-9	-8.533049584885197e-9	-6.179881921352333e-9	6.2615462794319285e-9	3.759051565505475e-9	-1.4453746813596054e-8	-3.5674360949422106e-8	3.0559899655891904e-8	-5.623922450125378e-9	-5.12076002200047e-11	1.1969233613760618e-10	5.702445432371708e-9	7.137465551308012e-8	7.834925748947569e-8	-3.558500592590309e-8	-5.594082366257356e-9	1.9208126264645164e-8	4.318592585040358e-10	1.4097235389195522e-7	2.2006295658784022e-9	1.9583779784870777e-9	6.032916084310596e-10	-5.787135200494328e-8	-1.499325596698127e-8	-4.507183893103118e-11	-2.7730421500347053e-8	-8.568294829804127e-9	6.938647693587101e-8	1.1563728082767884e-8	-6.034543176279006e-8	-3.564976079104692e-9	-8.225023494840162e-8	-4.655330806108452e-8	-0.0005747371522925487	-0.48231029445593876	-4.1765476230769474e-9	4.533679474835969e-8	-2.8829827789350717e-8	-1.9956138259395232e-7	-0.44438277701663603	-1.2536152856626466e-6	7.578441145587655e-8	-6.952854241739957e-8	9.985711460484523e-8	1.0000772210600566e-7	1.2091010441149855e-9	5.9498503082054344e-8	-5.7896289417769144e-8	-1.5715974248945304e-8	4.047546096120193e-8	3.680207084642138e-8	2.0704673740335798e-8	-7.286617805294051e-10	1.0771330562036622e-8	-6.612501558648206e-9	2.687819502162226e-9	-1.892173809239717e-11	-3.685699640773089e-8	1.2464309652333851e-9	4.8887223203622606e-8	-1.1305374027050453e-8	3.6638757376588986e-9	6.922070359442617e-8	-1.1246983270033577e-7	-2.4111698623828207e-7	5.976970074172029e-10	1.0661294360640086e-7	-4.541100213099713e-10	-1.079630428694095e-8	-3.6590614090921327e-11	-1.0316155974047428e-8	1.1073661268204192e-7	1.745080889321741e-7	5.167986844437118e-9	2.0930425058896e-9	2.8576564913205108e-8	2.5700191988575874e-9
55.0	2.7515722106005104e-5	-1.592239368380065e-9	3.442295685507954e-7	5.0067791653339916e-8	1.4561871272044186e-8	8.359806759987565e-9	1.523637100589874e-9	2.3044395863892878e-8	-5.2188248335876546e-9	-1.0856944302956539e-9	-5.749429057473213e-9	-4.595702372038992e-8	-2.1922367484404912e-9	-4.112480079181453e-9	-1.6396079800233042e-8	-1.3023185647960928e-9	-1.8194191268207904e-9	-1.2136957122338095e-9	2.183672783797287e-9	3.4811121391465344e-8	2.4087306488666113e-7	-1.1968007553426659e-8	1.4917943098701937e-9	6.1621002027042715e-9	1.3875040345785255e-9	3.115989683231374e-8	-2.479504934385872e-9	-5.860360750036794e-9	-1.2545582468767428e-8	1.2456410595575301e-8	3.0431832290835933e-10	-5.662577610014411e-8	-6.440252755118372e-8	4.874171553241174e-9	-1.2286563811107257e-8	1.6418100732885418e-8	-5.390138987105738e-10	4.25801298310359e-9	-9.285248830568076e-8	-1.706010152449912e-9	4.712509269618958e-9	3.408188254883198e-8	6.146196498106952e-10	3.0000038753522286e-8	-1.2136871711941661e-8	-6.32262853594057e-8	2.2460076546160918e-10	1.0175538859681651e-7	-0.4443021104362763	2.2057452316140376e-5	2.053256267580909e-7	3.8008302609199505e-9	-4.38692261770021e-9	-0.4823190823370864	-0.03504635090213125	-1.0396404710939639e-7	2.598642069832957e-9	-1.3543715589047521e-9	-4.5098619297897677e-10	3.7172068134540646e-7	-7.150897941563721e-7	4.3789914143727485e-8	-1.1359550062656989e-7	3.108781478175458e-8	1.8883919556198e-7	2.922670696513427e-7	-5.2599901107047236e-8	-1.3418153807976589e-9	-2.760108205317841e-8	3.4339910518441873e-11	-1.6034660266900537e-8	6.138378410922831e-9	1.4633302002131499e-8	2.7810747917241317e-10	4.295250473981508e-9	-1.2849364969614276e-10	1.1770171256764461e-8	-7.072664498125195e-8	3.617917784312205e-8	2.870572765432948e-8	9.063747463978204e-8	-3.753986775787072e-9	-2.8754355747575468e-8	1.8576401887869794e-8	-2.0823889448640198e-7	1.8414138547519843e-8	-2.31358335344925e-8	-1.5407307331690615e-10	-2.244490757462999e-9	-4.879614021222665e-8	-2.942562516200264e-8	-8.802544000970976e-10	-6.184855220354844e-8	-1.249442979071693e-9	7.623921099487036e-9
56.0	0.0002374575472358366	6.400689229630717e-7	9.29724942799075e-8	1.7924071646003281e-9	5.100055863533311e-9	-4.810942986968591e-8	2.136509733273165e-8	5.7148991958726015e-9	-1.8660559896627635e-8	-1.2386352423400746e-9	-6.560302556415942e-9	-4.0237749429902337e-8	4.029061544376208e-9	-5.873371752113837e-10	-1.3132256211840325e-8	3.6623560223805102e-9	-1.1183425714540522e-8	-2.23737109144464e-9	-8.155695077257045e-10	-4.9858672862601345e-9	5.5690047010338e-9	-2.2197423349670217e-9	1.825129420663287e-8	-6.452870537413994e-8	-5.772091663932044e-9	4.3161313930851776e-8	-2.4735495717809182e-8	9.867262919009022e-9	1.0558684339236284e-12	-2.608924306040683e-9	2.5295881820966748e-8	8.516657206891815e-8	-5.27136324127367e-11	3.657581546623627e-12	1.2258469222121438e-10	-6.860145753317887e-8	4.4651851166684054e-10	-1.8461343158536396e-8	-4.501749395469704e-10	1.5424700573148706e-8	8.053758288174213e-8	-6.481146091798776e-10	1.6309123053876907e-7	2.4267988465481238e-8	2.387980835699099e-8	1.1722053143759406e-8	-1.099978945899461e-7	-3.862989873528493e-8	-6.301747408760483e-10	8.13123666292114e-9	-2.6734986004218736e-10	-7.007419873455526e-8	-4.368806040454003e-8	-2.272720283581724e-8	-0.4622056724057043	1.2550255506523862e-5	2.1148891681748638e-7	2.3505319160445666e-8	1.182921054015902e-8	-0.34494118040534905	-0.02137487340255462	-1.8703662512185953e-6	-1.351699600676422e-9	-1.184447336946135e-11	-7.568910228341584e-9	-3.872153329121416e-7	-9.39846906923566e-8	3.962440175558735e-8	1.7281976841319494e-10	6.452335591201986e-8	-6.205518526076127e-10	-1.2702077383871417e-8	9.837333724329494e-9	-4.486537592792219e-9	7.359765838244839e-9	2.6926291587343806e-11	-3.4888654012387724e-9	-8.534551232345248e-8	4.269210509316463e-8	8.465902671426425e-9	-5.892802024567961e-9	2.916621007372441e-9	5.366817926658985e-10	-2.0328559955472108e-8	1.2884302767285124e-7	1.2096949356343133e-9	-1.2182806943257819e-8	4.601479236246148e-10	-1.8454317340087017e-8	2.0601851176173284e-8	-1.0182289287033902e-8	1.5355617623725078e-8	-3.648884970950812e-10	-1.4474457013865661e-8	-9.414114345913829e-9
57.0	-1.059354033986606e-5	4.6493429075028326e-11	-1.5272470776130192e-8	-2.6893027945140924e-10	-7.9210613893736e-10	-4.1734202390752794e-10	-6.675744568550507e-11	-1.4736288060949112e-9	3.832280323941927e-10	7.801644534310714e-12	9.62647707686405e-10	-5.014473320647635e-10	3.977191433722325e-9	-8.582160526309408e-12	-1.8987867802860315e-10	-1.5857324744358713e-10	6.408821694046614e-11	-4.5869069736734356e-11	-6.67400024638632e-11	3.076598305530668e-11	-9.137561695880401e-13	1.031488428709938e-10	4.042173015823788e-9	-1.26669901051468e-10	-6.202939330681046e-9	1.4152553432384239e-11	7.298120220215663e-9	-5.1863567201464716e-12	-3.173150680534283e-11	-3.0223628228499892e-12	4.469820943405215e-13	-1.758536229969659e-11	-2.7617263174635797e-12	1.1243019184045692e-11	1.0704678215025315e-8	1.2406712738781445e-10	-5.147791328472375e-10	3.010428900907865e-10	1.6818113409788168e-10	5.786868789625846e-10	2.1615032952103933e-9	-5.908428855646253e-11	-6.547713035614747e-12	7.05488344502933e-10	-1.9622443541475428e-10	6.236336925443202e-13	5.967465482905279e-12	-8.459714351638226e-9	4.012244980533888e-10	7.935384271150325e-9	-0.38375105738478704	-1.1940967119196546e-8	2.7743208096144594e-10	2.5898436704951086e-10	8.390283853374687e-8	-0.46482964244436864	-3.1068880746845445e-6	-3.3552019387345283e-9	-5.4499260691489063e-11	-2.384590996347303e-11	4.2553987723450137e-10	1.882181790783155e-8	-1.701232521547548e-11	3.563549057634623e-12	-3.6808052918887316e-11	3.2225868599268644e-11	-4.718985410084454e-11	1.727578823555491e-9	1.747901867246465e-11	-8.675751680957214e-13	1.8170443812272846e-9	-2.82527989262208e-9	3.0545365300322624e-12	1.5667089245485014e-9	-7.691074892130667e-13	-9.312139265886705e-13	-2.2424853573148624e-17	-4.432909106800813e-9	-4.285333717909231e-9	-2.951582251540319e-11	2.4565278186688745e-11	1.313043373091546e-10	-3.2628987566442994e-14	-4.3299030719317715e-12	2.7361409436358414e-8	-5.036556345318768e-12	-1.8870136444246847e-11	5.3041600184833325e-12	1.2567940409529904e-11	-2.1860731139287673e-8	5.059996294694126e-11	7.652146369282446e-10	1.0652450689751085e-9	1.763246965548192e-11	2.2467052228428126e-12
58.0	-1.1896758748788348e-5	5.697676797262283e-10	1.8996130627707773e-8	9.37567580374264e-11	5.748285599105208e-10	-1.3270334161219852e-9	3.6136938193466144e-13	-9.89995438125688e-10	3.5919782260997454e-9	4.505986834574497e-10	-3.310081864974855e-10	-1.096859560296108e-9	-1.3331580644294968e-9	7.464661078594721e-11	-8.072449581227914e-11	-5.000919838464889e-11	-2.50698642775625e-10	3.286959806461532e-10	-1.3105046510808353e-11	-5.39174440549762e-12	4.177548270849526e-9	-9.109136553713007e-14	-3.208501099251953e-11	6.268714886597046e-10	-4.568192906062363e-10	-2.0478261749712797e-12	3.931367267283362e-13	-6.688121683838872e-12	-8.424735859310871e-15	-8.29153928445033e-9	-4.638433145032888e-9	-1.2676065606294647e-9	-3.859073727798514e-9	1.0047929279789351e-13	8.413064768156985e-13	6.09677082429641e-10	1.3676464213550826e-9	2.768547289945871e-12	-7.961744380383564e-10	6.486100667887956e-12	-1.827798111985944e-10	-1.6215761855841993e-10	2.3062623286991094e-13	6.142863733492405e-10	5.338447446635697e-10	4.932058346907568e-10	-4.189079281163717e-9	1.7173554927636422e-10	-1.1578499170133676e-8	3.824279525736528e-9	-5.713876372879116e-9	8.239887364298548e-13	-3.5804008339292435e-12	4.639418806315696e-10	-9.164755305240439e-10	-2.628758068176576e-9	-0.4647968038100703	-2.389874530763952e-9	-4.640914313256481e-10	-2.8034925929004554e-10	-5.034885794580257e-8	-0.38449932072481563	-2.7562812142494343e-6	1.5362433708194343e-10	3.182639514522372e-14	-3.88084347167055e-11	7.783125583512574e-10	5.453070893228862e-9	-4.715152570214007e-11	-2.913917256781872e-11	-3.158390069991816e-12	-1.6857849530553451e-9	2.0877857697031653e-9	-1.9789157333437486e-10	9.477862966689547e-11	-5.0721178062596637e-14	-3.673368448364553e-11	1.4706869597717324e-10	1.7435516549679632e-9	4.1333099124020577e-10	-8.559187782977191e-11	4.588848544668224e-11	7.815098431376e-11	1.386942811889279e-8	1.1862144624264783e-8	-2.6210090953000984e-11	-3.5057889713641946e-11	-3.21695611382456e-11	-1.5545852560863507e-10	1.1632731819939324e-8	4.2173267428486214e-11	7.91462363452958e-11	2.675863270537309e-12	2.5421458280676145e-9	1.7535713485046568e-10
59.0	3.862792296471582e-5	-9.010659064776443e-8	-2.7625435593279203e-6	-1.3393634863341549e-8	7.523207927005216e-9	4.72532478486628e-8	3.9118378326111947e-10	2.974136653698574e-9	2.0772969523904827e-8	-7.029283339999051e-9	6.936956299572514e-10	-4.4751051445433045e-9	-5.869556557547676e-8	-2.23320592935157e-8	2.774427017864601e-8	2.8382581827019795e-9	2.799130745566649e-9	-1.652846906918602e-8	-6.139529810663777e-9	-4.7380423916900446e-9	-4.536182672507393e-9	4.64015327581173e-9	3.293372465952196e-9	-1.8652977246053053e-8	-2.770240058193732e-8	2.1470999568229932e-8	-4.19214847777527e-9	-3.6206329342797033e-11	7.362541971724653e-11	2.6999203305293976e-9	5.320622301956801e-8	5.8568665453817756e-8	-3.190851346803647e-8	-4.3808633602732175e-9	1.257898113110909e-8	-1.353498326487675e-9	1.0509575640452562e-7	1.2768389507115496e-9	1.3956228993860125e-9	1.9785160178625875e-10	-4.35890174384398e-8	-1.0709162488342787e-8	-4.088395003149607e-11	-1.506958291223691e-8	-6.354935673427984e-9	5.04345931173552e-8	7.762129648478032e-9	-4.471148014005854e-8	-4.057653456189271e-9	-6.079840560792138e-8	-1.9512193517777372e-8	-0.00040611024970298816	-0.3437022278750184	-3.1596849158000678e-9	2.7735196613124517e-8	-1.9338803840433325e-8	-1.607945840435673e-7	-0.4621468390599875	-1.1906788700976497e-6	6.432355761953575e-8	-5.107157127901683e-8	7.948875074105331e-8	8.400967738861672e-8	1.0695990258367734e-9	4.5578585553378765e-8	-4.2880047642655626e-8	-1.3514700256918928e-8	3.052344953582026e-8	2.8408296792301365e-8	1.7555488757500067e-8	-1.0231837184149206e-10	9.486350457802192e-9	-8.74586163361426e-9	2.06020704513764e-9	-1.4316140056677962e-11	-3.037069707054868e-8	8.988777866868336e-10	3.628518406993442e-8	-7.963089204474538e-9	5.487924512714339e-9	5.17463731978486e-8	-8.012279524807982e-8	-1.7471631675819658e-7	1.0182888213974647e-9	7.29150482589172e-8	-3.13929055938727e-10	-8.168977508652549e-9	-3.936044381967909e-11	-7.28903643038514e-9	6.066537927635349e-8	1.2952872539235967e-7	3.83013260908682e-9	1.5166838200918524e-9	1.9280538796474094e-8	1.7264095749216367e-9
60.0	0.00033200771950229487	9.207522040369345e-8	3.3311475554188353e-6	-7.741013592199883e-9	-2.9349478621572146e-8	1.9117462786945552e-8	-1.3964054507418876e-8	1.009342903945734e-8	-1.5633715812690868e-8	-9.117719035336696e-8	-5.8669575979655214e-8	1.6819008670357097e-7	1.7881771195247707e-11	5.187583344634682e-9	-4.8184020755685155e-9	-1.3896691275900475e-8	-1.2869819305961596e-9	-1.3501486703467714e-8	-1.726292718694353e-8	-8.502769670709327e-8	-2.0397240654258573e-9	-4.910540463850521e-8	-2.0776666592452448e-9	-2.7004822409878987e-9	-2.133778252086063e-8	-4.2577768358938845e-8	2.2789082692460786e-8	3.6099804812830796e-9	-2.8347206886907616e-11	-1.8463141343894404e-8	1.405413620590053e-10	1.0846906272027775e-7	2.8214256527934196e-10	1.3278090977827317e-8	-1.837174192752382e-8	-5.239217742029717e-8	1.1096311314510593e-8	-1.7175992330367227e-8	-5.114477881663914e-8	6.338806632025554e-10	-6.886825370250874e-10	-6.4855318577181326e-9	-4.3629703724892315e-10	-1.8895157654095813e-9	-6.071423159976299e-8	-8.666838709727623e-8	-4.335695202224682e-9	-4.614814079211764e-9	-3.762910219021054e-8	1.6820845095047875e-9	-3.0230227170378545e-9	-2.837149841628221e-7	-2.6188512132036016e-9	1.2887571418971463e-9	5.957375008052832e-8	-5.362378503310587e-9	-6.860860754926095e-7	-0.0004518170428606934	-0.4822987481132439	-1.595792307150114e-7	2.4654087391401254e-8	-8.057434210259382e-7	-2.413518895773795e-7	-0.44441193421589203	-1.298177905450519e-6	1.1326374173859544e-9	1.250177625064732e-8	-4.0623167845020416e-7	-3.554252101312046e-8	-1.997702465416663e-9	-4.018885372921245e-9	3.739287267703881e-8	4.80822159533416e-9	7.117529500430875e-8	2.4355713301394884e-8	-2.036619819532105e-8	5.559331738240494e-8	1.1929131623654043e-8	2.5079268201832925e-8	1.2823461564926112e-9	5.714136184676729e-9	-1.1468726016148918e-8	-3.9533963184497666e-8	-1.0515100321012946e-7	-3.484010138447557e-8	-4.247135201927681e-9	-5.232352310627018e-9	-5.93327307305784e-10	-2.4015124477981915e-9	8.145510710415467e-8	2.8607052949951086e-8	-7.556968005486418e-10	1.9525921298087e-9	-1.2623865720486489e-8	-7.2681824608973315e-9
61.0	0.00028238724280330756	7.834740942055992e-7	1.0722500151781193e-7	2.490576723708309e-9	3.3939557478546484e-9	-6.186426672822685e-8	2.945100421627738e-8	6.4817344338654785e-9	-2.2939321221279133e-8	-4.088409714377023e-10	-6.872758990178014e-9	-5.659821034784427e-8	5.4818636301483356e-9	4.3161128019878834e-10	-1.901074402150084e-8	5.14182153750334e-9	-1.4854746151427387e-8	-3.6808113694168637e-9	-1.2216582994446086e-9	-7.351922382308083e-9	7.974484856284009e-9	-3.875872552732907e-9	2.3437525471026047e-8	-8.547274607912973e-8	-7.045725515004216e-9	5.15469388438325e-8	-3.386180241727925e-8	1.1104265071484396e-8	1.490602687782708e-12	-3.999871206978451e-9	3.6156195615533214e-8	1.1308151265544026e-7	-6.94931666622029e-11	4.985811538165865e-12	1.6919153923493307e-10	-7.919256536168252e-8	-1.6757469400073008e-9	-2.3070795803549296e-8	-5.861478654813331e-10	1.8690350403510204e-8	1.0717872552501301e-7	2.5291939649667846e-10	1.9602317840383894e-7	2.6245330378651825e-8	3.08810461865739e-8	1.4515357092688393e-8	-1.4607628925945223e-7	-5.040264612976942e-8	-6.946214322391005e-10	1.0192093622912757e-8	-3.493236404074713e-10	-9.692762329784756e-8	-6.039523509320081e-8	-1.760417266176856e-8	-0.4441996495575802	1.5305642882765733e-5	2.729361841319422e-7	2.7497121238510036e-8	2.1078254570361123e-8	-0.4823158629785036	-0.030135549846227544	-1.9597158402728318e-6	-1.9890885466350683e-9	-1.8688979801854663e-11	-1.113376355520532e-8	-5.225646647390499e-7	-1.345263682312103e-7	5.01347544302027e-8	1.6926709501238696e-10	9.089291201488473e-8	-8.413681486104465e-10	-1.8119365187964144e-8	1.3503274605516032e-8	-4.499375350944123e-9	1.1009864881915928e-8	4.27213379505159e-11	-4.6758341900343e-9	-1.1665686485923614e-7	5.7330991597329626e-8	1.2201021931014914e-8	-1.0090238088541467e-8	3.970830514931856e-9	5.512987768923536e-10	-2.847537847398689e-8	1.758005495093511e-7	1.6364954410217592e-9	-1.7281999384005575e-8	1.7316252850080788e-10	-2.2845857995411453e-8	2.486552060504414e-8	-1.3783731699611366e-8	1.8674615626870056e-8	-4.949345380114816e-10	-1.6824860208166637e-8	-1.3566243325115679e-8
62.0	0.0001502111206975307	-1.3762854298748655e-7	9.709166029297966e-8	-7.204962580212036e-10	-7.195780414211516e-9	-1.0552953306147886e-11	3.183960680034392e-8	-9.053369718875579e-9	6.096639330418323e-8	-8.212726415163648e-9	-1.3237367787488107e-9	7.567634976046507e-9	-1.302833751277146e-10	-2.0263052318870242e-9	-1.9521329675779139e-7	-7.555339232316176e-9	-1.0660402241275779e-11	-9.220304846274675e-10	-9.830253558025e-10	-3.229599424438974e-8	-3.992998377643448e-8	3.899400720882052e-8	-4.928870347897625e-9	1.1856690541704531e-8	1.0279800211854655e-7	-1.920385356752717e-8	6.026234152308736e-8	-1.0451144631804954e-8	1.3690270768495091e-9	2.6036705548882818e-8	1.673751767240611e-8	2.06426510194946e-9	3.904166157052782e-8	3.2116114430424245e-9	-3.3432025585103855e-12	7.496429201260249e-10	2.8966752002980538e-8	-2.073544562955444e-8	1.7304611200535854e-8	1.1016547854484586e-9	-2.422812464203445e-9	5.4232956605554686e-8	3.1365215098706675e-11	2.008288123656591e-8	9.310565305236747e-8	-3.537166579442927e-10	1.6949001221590335e-10	6.472180219246787e-9	3.5420736003333025e-10	3.4671537979957326e-9	-1.4330896688304357e-8	3.527696563664678e-10	2.338109620187881e-8	7.668677649450441e-8	-1.9742754134137638e-8	3.333767253240483e-8	-1.4192659707766678e-9	4.1405433060229806e-10	4.109566460353025e-8	-2.3282795148627503e-8	-0.46219860499231447	1.0230557017280176e-5	2.442581577705404e-7	2.4682500058466234e-9	-7.695735096833197e-11	-0.34543368055260854	-0.015989196535485313	-3.969645348991056e-6	2.96075184874498e-9	-2.7880994341989333e-11	-2.2537004809560186e-8	4.886008706211845e-7	-4.42986484263379e-7	-2.0794185845334094e-8	-2.2435114813637865e-8	3.5950427174465945e-9	2.7757620660577183e-8	-3.5979161210855236e-8	-1.3553233405232416e-8	-2.2101377500075833e-8	8.521644241413296e-10	3.846415719117579e-9	5.435418293805942e-9	-1.4326743790946574e-8	1.8025606400111373e-7	-1.9070131280049752e-8	1.713380339014737e-8	-1.327652229533219e-10	-2.6855428829490682e-8	-4.74743005523392e-8	-7.734756943144287e-8	2.5973235459209177e-8	3.813413051264756e-10	7.375682493789338e-9	2.5146218283385555e-8
63.0	-9.235180746645456e-6	4.968377146772188e-10	1.8550994711979605e-8	9.441228221154404e-11	5.811562948730204e-10	-5.786350371832968e-10	1.39480556467273e-12	-1.0485318400892201e-9	3.6426208677600114e-9	5.107266423804038e-10	-4.0338568519129017e-10	-9.443973596014846e-10	-1.3192847530201374e-9	6.84725276227438e-11	-8.135859928696099e-11	-5.126386799404751e-11	-2.315953653052373e-10	3.4156945642867016e-10	-5.78595839918324e-12	-4.137705196971834e-12	4.920567191241618e-9	1.747708105403593e-13	-8.869856890063482e-11	4.97738047518907e-10	-7.750787198114811e-10	1.4192078031064714e-12	2.0025175777716815e-13	-5.759247022440856e-12	-7.035802324040395e-15	-7.55499356862901e-9	-3.906931853996493e-9	-1.07284181630102e-9	-3.6081201201637733e-9	8.760151577535999e-14	7.554728537338063e-13	1.8130868122994375e-10	1.2460068075973823e-9	1.6014366787455287e-13	-6.412385991990482e-10	6.203081632271861e-12	1.1975468761775725e-10	-1.622923071630089e-10	2.3380170804899994e-13	6.1759257895281e-10	4.913079205927294e-10	4.547398381368464e-10	-2.6145263621274415e-9	6.10509257812185e-11	-1.213713999262624e-8	3.3751445261215793e-9	-4.972885278819027e-9	8.248599283515511e-13	5.274071599092654e-12	4.3348796174595424e-10	-1.552779553635076e-9	-2.125905860408391e-9	-0.3831710854417019	-2.612129224877942e-9	-4.945751986134252e-10	-2.62635695868699e-10	-5.207869332375568e-8	-0.46479042208261695	-3.1613755649013034e-6	2.0579541112671034e-10	2.8896434589345993e-13	-3.6013947175839254e-11	1.5773049928310838e-9	5.9642572797263746e-9	-5.393851260889318e-11	-1.9502437689461495e-11	-3.2718054965040542e-12	-1.2251872526276653e-9	2.473938024524516e-9	-2.15311871746854e-10	9.798846433004452e-11	-3.287275193261025e-14	-2.200520844633698e-11	1.7745613343981866e-10	1.7803860241477125e-9	4.332624815152873e-10	-7.810954885618291e-11	4.72823948638109e-11	1.344374764026642e-10	1.3687042528104226e-8	1.3735352089663384e-8	-4.10295115532364e-10	-3.454828524070893e-11	-2.50283078040511e-11	-1.9030481703761287e-10	1.0540212725627962e-8	-4.433633844777711e-11	7.361102562024955e-11	2.8172296687277648e-12	3.5143133620701404e-9	2.0116073870291901e-10
64.0	4.636677253222464e-6	1.7521363722415546e-8	-4.4822185576743033e-10	5.308496767773741e-11	9.455700831529989e-9	4.1186590487437936e-13	-1.837064581831552e-11	2.8725350654286644e-9	-3.261250611522456e-10	4.965341522492278e-10	-3.7204230300474364e-13	-1.1838068216073988e-10	2.7558005266535213e-10	8.129680187812236e-10	-4.610557218791054e-10	-4.6683747599720885e-12	6.72956505466596e-11	-9.204863827832906e-10	-1.8486497229733214e-9	-1.773192724338594e-10	-9.984260669954934e-11	-2.345640862679382e-12	4.950552227359485e-13	-2.1093926182058654e-10	-2.3636645967226004e-12	-2.283470339442677e-12	1.6619659348940826e-11	-3.4157568103020497e-10	-1.5737069249131517e-11	1.0268349873040196e-10	-4.51094597995547e-11	-9.387325709237575e-14	1.2683434662344864e-15	-1.7955174640024225e-9	8.200559794766388e-10	-4.245065028675669e-8	2.470801659485081e-9	2.5577591399236696e-10	1.0903380937238792e-11	-4.181500364151325e-9	8.876128970915695e-13	3.414749868993629e-12	1.1737473197919587e-14	3.812341321062192e-10	-2.8080683121646413e-12	-6.418386233678801e-13	1.46517354992027e-10	-1.0044348204296022e-11	1.5684516650202333e-10	1.2080345535853562e-10	9.740131839539696e-10	-1.6824869544700798e-11	3.812161786881292e-9	-2.5327758619089844e-12	7.229925121339014e-10	-2.94660788494852e-9	4.742515064411281e-9	-6.834584168633989e-11	2.4404004534112585e-13	6.572998999069586e-9	-3.359060627495772e-11	-4.2799928114227665e-9	-0.46473118571529637	2.677637493362241e-10	-1.6395353267593073e-8	1.291302632295394e-9	-1.4726450858084144e-9	-0.3846881790429323	-2.3856028025904415e-6	-7.228049128577784e-11	3.85040850300644e-9	-3.160551343697655e-11	-1.108457458235036e-8	-3.1242302886600595e-10	3.5289763194636124e-12	7.870828036097114e-11	2.1755162777513873e-8	-5.5568315357656445e-12	8.814730401077047e-10	-5.844901743933415e-9	-4.786664140042039e-13	-8.518427853986683e-9	-9.874770826693385e-9	-1.0499068249344794e-9	7.965285165505575e-9	-2.1254482014397492e-12	-3.7507896305059043e-10	-7.643351549389767e-11	3.173968995544038e-10	-5.823104642069352e-9	-3.793629501545243e-12	-1.3855889795156681e-9	5.745302030648152e-13	-3.6399965699960894e-10	-3.042702653595633e-11
65.0	0.00024054209388481954	6.757243792623671e-8	2.438811193666114e-6	-5.57756978561068e-9	-2.1111585562593375e-8	1.3532695989546633e-8	-1.1278852891023723e-8	6.229487680618978e-9	-1.1288631137290817e-8	-6.759892047007945e-8	-4.5136718683684224e-8	1.2578435219532142e-7	2.4188881955897053e-11	2.0156888499463298e-9	-3.509909074253862e-9	-8.930705367397546e-9	-8.972555663891808e-10	-9.775662152453514e-9	-1.3832612803669204e-8	-6.263487510961884e-8	-1.6057632551777344e-9	-3.44035260470066e-8	-1.5664409425406007e-9	-2.078778435849949e-9	-1.3661317632053812e-8	-2.86680666308442e-8	1.6729626363321844e-8	2.641279521040921e-9	-2.041633411214414e-11	-1.2807763526186204e-8	1.187406214017347e-10	8.02577089126666e-8	2.0473667667577503e-10	1.0448988661557216e-8	-1.464008157900703e-8	-3.778642151092831e-8	8.057153304564227e-9	-1.2789430668389903e-8	-4.2599847708372984e-8	4.666798846917867e-10	7.156306801464089e-11	-8.669608870516266e-9	-3.256625655917116e-10	-1.970034406647816e-9	-4.062490390630455e-8	-6.568214506137503e-8	-3.171597662275138e-9	-3.3003472248619916e-9	-3.248466489173814e-8	1.1018339301409177e-8	-4.543150219561733e-9	-2.0606416645770252e-7	-1.8489583189975017e-9	3.782727168822224e-10	4.3677597370322834e-8	-2.66855673014879e-9	-4.849570407441604e-7	-0.0003187044568077755	-0.34312811709759444	-1.0895488350817768e-7	3.2288239643352464e-8	-5.46734508484579e-7	-1.96471197253873e-7	-0.46210415997708515	-1.2316021350254478e-6	8.271184874132474e-10	1.2460152340069975e-8	-3.101824260233725e-7	-3.087792314115002e-8	-1.7640327530332854e-9	-3.0607859470208942e-9	2.8161655088079406e-8	3.2526090883354536e-9	6.163508730066875e-8	2.1316722786388693e-8	-1.6774993902326825e-8	4.2289555441769104e-8	7.954858976231e-9	1.6765085218301545e-8	1.2238673507818468e-9	2.1091973633616963e-9	-8.470185113498104e-9	-2.286435941629063e-8	-8.137009972326809e-8	-1.817442243737118e-8	-3.1635318086542385e-9	-4.383154169230175e-9	-4.771802428906609e-10	-1.7877503457892678e-9	6.081028958327021e-8	2.2405697831048537e-8	-1.1863400283480014e-9	1.4490680958004454e-9	-1.0010755698709116e-8	-5.802049183572799e-9
66.0	0.00044435591225771437	5.579143737377792e-7	6.136078440848817e-7	4.712347725589183e-9	1.854858458272512e-9	5.1164562879559953e-8	-1.2121555657557212e-7	-3.0331816285846744e-8	5.0975743152224885e-9	-1.1117437542375545e-8	2.2118069981295804e-8	1.3113833392261412e-8	3.6235263014283306e-8	-6.184428708568042e-8	1.973252010970231e-8	-5.767673638222365e-9	-7.658944521029548e-9	8.265746068939763e-8	4.4516809950478765e-9	-5.1661447584152085e-8	2.8124530213658106e-8	-1.020608170602841e-8	3.05014257280991e-8	4.180014033125993e-9	8.392375544534367e-10	1.6781994025036103e-9	-1.5017034470279284e-9	8.107496680661492e-10	6.952288901753476e-8	-1.0295135310381263e-9	9.72176979113749e-8	4.269828008636574e-10	5.2287440989494755e-12	1.6618411635785613e-9	-4.11131190314106e-8	1.3927901827345273e-9	3.3356678293601944e-8	-1.5008704952499357e-7	-3.962504590338489e-8	-8.069535143228207e-10	-1.2967721039059213e-9	7.667276454429624e-8	-7.087900727982552e-8	-5.339619620356548e-8	1.9022622689382556e-8	8.65653434194379e-9	4.1738825430354056e-8	1.63670267048218e-9	-3.5030571889945063e-9	1.4672000450209735e-8	1.4496919739720507e-8	9.83122806756903e-8	2.500714674306989e-7	4.3504921704107343e-8	-1.525791025771974e-10	-5.096318944728375e-9	1.7751282840655353e-8	-6.046018837633043e-8	-1.6382681593647462e-7	-1.31802854745129e-8	-1.0041146837630466e-9	7.865386538179364e-9	1.644864600679001e-6	-0.0002986429834059458	-0.4822790227714207	2.1218846707856008e-7	2.966636108288096e-8	4.7463475426123104e-6	-4.13128775091783e-6	-0.4444433003007368	-1.3319299508488637e-6	-1.3561547180589322e-8	-6.066143078591493e-8	1.5438030507632752e-7	1.991888226314013e-8	1.0323120607659773e-9	1.1576662777406708e-8	7.55569755828392e-8	6.225509674561795e-9	-4.8807905144108517e-8	-1.4473173078715247e-10	-7.76977539780761e-8	-1.412796758686071e-8	3.8141773809185803e-8	4.180292784580782e-8	2.0322704800317264e-12	-8.075430234437425e-10	-8.02396429998952e-9	1.4983962799728097e-7	-4.013662513007432e-9	-6.349204909354528e-8	1.1097269830159412e-8	2.5747348551436045e-10	-6.187293722912295e-9	3.867353291649523e-9
67.0	0.00018457221375871682	-1.7195015712189692e-7	1.2462178807134025e-7	-1.4694705410391198e-9	-8.345069923333204e-10	-1.3965068015340038e-11	4.2921180111210994e-8	-1.5535005514603235e-8	7.908780272836487e-8	-3.4687868988737086e-9	-1.8945546855684943e-9	9.01958140867563e-9	5.904797432412728e-10	-1.797568657054654e-9	-2.583045334770654e-7	-8.3963190868708e-9	3.0902576009919067e-12	-1.2089485608098605e-9	-9.291515701179276e-10	-4.800890336869964e-8	-5.4896216828068376e-8	5.745263406906368e-8	-5.842981273608957e-9	1.5821762653286232e-8	1.3450210571778708e-7	-2.4383578126191577e-8	8.914496315834751e-8	-1.2397629825015152e-8	1.3553992026307642e-9	2.9605053167588582e-8	2.11458163085918e-8	2.7469852612293937e-9	4.35119638637098e-8	5.267104332260805e-9	-7.253859206998381e-12	8.242653374535735e-10	3.5570805186957174e-8	-2.4355289811551586e-8	2.2520626283878053e-8	2.7769749200175025e-9	-2.425795848712433e-9	6.281561798690559e-8	4.014872600670829e-11	2.616033228283817e-8	1.2242857329461956e-7	-2.681175412968783e-9	2.1800876697082112e-10	7.477126000838571e-9	2.7866527981625676e-10	4.870532003691337e-9	-1.7486083737014166e-8	4.914334577199922e-10	3.128158173731622e-8	9.622805995968246e-8	-2.211363102192227e-8	4.038604635069277e-8	-1.639094319317412e-9	5.155995904855722e-10	5.397693629564676e-8	-1.662992245673066e-8	-0.4439321639173178	1.2522518472157595e-5	3.1106392688774334e-7	2.144177927757598e-9	-1.1162306742930104e-10	-0.4822993639697458	-0.022511418547389188	-4.280698595037601e-6	3.750171782521515e-9	-6.652681708162298e-11	-3.0751018934424845e-8	6.711209527479146e-7	-6.020642440437172e-7	-3.132767936453071e-8	-2.827576626111958e-8	4.43666032178302e-9	3.133806024973652e-8	-4.672466861349389e-8	-1.8846485908932098e-8	-3.3311473314496234e-8	4.5168756408945005e-10	5.162328972046226e-9	6.719014366116902e-9	-1.8068063505953893e-8	2.459133291196231e-7	-2.5855871251874798e-8	2.2837919385818356e-8	-1.778585665115225e-10	-3.872704119837029e-8	-6.425301576080826e-8	-1.0312497540150821e-7	3.437072509454851e-8	5.168293419003073e-10	1.0047781668999383e-8	3.591118208253218e-8
68.0	2.9740207329748045e-5	8.745570158968422e-8	4.1075144935704216e-8	2.812940906420376e-8	1.0882318421033534e-8	-8.415904801043317e-11	1.6004315897251728e-10	2.250077806970883e-8	1.0423552964835384e-8	-5.13423726376195e-10	9.22470271859187e-11	-2.9847987288609737e-9	-1.0307941642356088e-8	-3.303772702430514e-8	2.7120260477991228e-9	-7.312848345899806e-10	8.319518439642951e-11	4.3484990310794004e-9	2.8086479912181287e-8	-4.314622875145566e-8	-4.3849380867172683e-10	3.3769448690774576e-9	9.858834533018295e-10	7.564996399664794e-9	6.281023195734474e-8	3.438729379694813e-9	3.1981201843905416e-9	-8.709211469799748e-9	-5.263583977618364e-11	-2.5850852573384287e-9	5.854945951982371e-9	-1.6292212028377334e-8	7.570091543054088e-8	-1.4768048173228203e-9	-3.019441028285504e-10	2.2937114041481287e-8	3.609457735752395e-11	7.462910233729504e-8	7.207947213201719e-9	2.52368246780339e-9	1.7918512288601563e-12	-9.2708592644914e-9	-2.1336489294656367e-9	1.3294309236885827e-8	9.645983245796724e-11	9.06056671323628e-9	9.219564364361596e-11	2.0438229405560528e-8	9.060831922339748e-9	-1.5238088370398524e-9	4.210330688294328e-10	2.1195251890580213e-12	5.326396545381853e-9	1.4618941387797471e-8	-3.38794130171964e-10	-1.3424110482239934e-9	-2.1457852204697077e-8	-4.1933199749345777e-10	6.515937490468538e-9	1.725014722900883e-8	-3.350845895822164e-8	3.561873868509698e-8	5.5080419701525886e-9	7.967941694218015e-8	-7.969501824897993e-10	-3.5556413516632864e-8	-0.46213877904884954	-1.4629641417186935e-6	1.216502281403422e-7	8.278468423227707e-8	1.4569775895818278e-9	-0.34604897401664786	-0.01256606622473573	1.6346214237203872e-6	7.731485169393785e-10	1.0814080338281814e-8	1.3068939154848743e-8	-1.2503328716212703e-6	-4.5464437844288446e-7	-1.6559270468077695e-8	1.7521869357545415e-10	8.065207865955577e-9	-1.1508168238204535e-9	4.1515534137369537e-8	-6.599294707330655e-8	4.008401503942637e-8	-4.264097339356163e-9	3.904650462370743e-9	-3.356539744059943e-9	-2.980020244481082e-7	-2.638550602681195e-8	-2.9589675671190216e-8	1.6843024208692165e-8	1.0634304617446992e-9	-6.3933289691354855e-9
69.0	3.9119645793520704e-6	1.5172931827432027e-8	5.567490365684591e-10	3.944701997604859e-11	1.0360168611063622e-8	6.555325840200055e-14	-5.654829117595323e-12	2.2751478408831727e-9	-1.674234712913187e-10	5.095486036002217e-10	-6.868786964585234e-12	-1.1048456267189827e-10	2.6671664416133495e-10	5.160965888175937e-10	-5.005204584448703e-10	-6.5732068281574245e-12	8.628537281751036e-11	-8.847069170680427e-10	-7.427126666277019e-10	-1.7944650549182748e-10	-1.8653765429469324e-10	-2.3310977479152883e-12	7.776757734617013e-13	-1.8228147171417414e-10	-3.25555849332902e-12	-1.9958232484518755e-12	1.7637880881488268e-11	-2.1325855313761874e-10	-1.2031327463856918e-11	9.647118278893337e-11	-8.530776022373838e-11	-1.0184368703813548e-13	3.588104828052089e-16	-9.028946435385129e-10	4.0448846632847094e-10	-4.067090906148755e-8	2.476141729378094e-9	2.173082949364655e-10	1.0819431389512007e-11	-4.489063715764744e-9	7.836054550336928e-13	-1.0344113003740492e-11	1.0269449403418729e-14	3.711340542350566e-10	-2.6673786974397984e-12	-6.234194446324006e-13	-2.607075439539778e-10	-7.427616310766432e-12	1.5047278965923415e-10	1.1290753420951154e-10	9.092837736831563e-10	-1.637982067534104e-11	3.723586462995048e-9	-3.970489595678595e-12	6.111221029150249e-10	-2.6513849712165275e-9	3.853330552029252e-9	-5.885305678331251e-11	2.2905078235889056e-13	5.190803030829419e-9	-2.7604930944687638e-11	-2.85867319510014e-9	-0.3821330919739312	1.1019558969737555e-10	-1.8770369101298987e-8	1.0332496804671394e-9	-5.412035790287551e-9	-0.46470084727186106	-2.7328635193603863e-6	-5.7369024441649136e-11	4.5209137419815934e-9	-2.441158248886316e-11	-1.1426315705605455e-8	-3.264766564065718e-10	1.7284454901982342e-11	6.18293296986791e-11	2.2681911416725307e-8	-2.958750260987761e-10	1.1849429187986372e-9	-6.3577023493823575e-9	-4.5397842527370707e-13	-8.350531117607177e-9	-9.699914855871503e-9	-6.753672339274173e-10	9.433257043893232e-9	-2.0635945651165176e-12	-3.3818381362468986e-10	-3.863372292853795e-11	2.657632955357467e-10	-6.262057352240122e-9	-9.988976737144414e-12	-1.4214965598763982e-9	5.661112861468846e-13	1.1822863586873007e-9	-2.9808132791871205e-11
70.0	-1.953416532332428e-6	4.2472545372668755e-9	-7.0873939170432325e-9	3.4062989907447383e-10	-9.559037725816433e-10	-1.3829069877225023e-10	1.095245802121616e-12	1.0527150303896917e-10	-3.594681460232262e-12	-1.7230618260743603e-10	-4.515238550837665e-11	2.360098669911645e-10	-1.6079979065639726e-10	1.3271382189277596e-10	5.125996054858628e-11	-7.57412269628509e-12	1.023380884462e-10	-6.299539963386686e-11	1.174344695140853e-9	-1.847541775477461e-10	1.014678526805353e-8	4.03544013575696e-11	1.0729070890163945e-10	7.876666194924461e-10	3.225000187712433e-10	-3.1271407324862983e-9	-1.4640836368794314e-10	3.555340302784376e-11	1.6622022498343993e-9	-5.874691085475489e-11	-1.3091792597718989e-11	2.7330256747038694e-12	1.035576852833341e-11	2.542317013324577e-13	-4.615985485000259e-13	1.1317488518004685e-10	2.7207671100545606e-10	1.8754352457114712e-12	-3.754318572087445e-10	5.566858399475631e-9	9.121894180483111e-12	4.0349020527478274e-9	-6.245534762064502e-9	-3.230443939562567e-12	-3.7906684278428464e-11	5.531450133460911e-10	2.203626025846921e-11	-2.7107499791216594e-9	-2.923673279069406e-11	4.215098302204419e-8	4.968553494022383e-9	3.4111345790131814e-13	1.151447783862521e-11	-1.641882981598952e-9	-9.765999083004644e-11	-2.7872708656433774e-9	-3.4930320888061505e-10	3.484426711100607e-10	-8.717233691379409e-11	-1.00566856808203e-10	-1.2532160405326073e-11	-6.47359779729536e-10	-2.1132321501834468e-11	1.191801450440397e-9	-3.100808888614487e-9	1.4954184146752037e-8	2.2653606439550217e-10	-1.0267279840862231e-8	-0.4646159263857847	2.1690931185208723e-9	-1.304493683500042e-9	1.5094495963779788e-9	6.696444939553945e-9	-0.38489257055130754	-1.723753216241481e-6	-1.0806915913327685e-11	-4.41917662206008e-9	1.7643465632786133e-9	4.710880245582439e-9	-7.390846558984614e-10	1.7267061791367245e-11	2.34658515370399e-10	-8.124100944703597e-14	5.4454261726499336e-11	9.512944739418499e-9	-4.71222809685379e-11	1.803820703041139e-9	2.438075676751457e-9	1.898206835808942e-14	1.1515719654883771e-8	-5.663504559926833e-10	-9.31194916709978e-9	2.0542511127784796e-10	7.903659283127153e-9	-4.518183805047798e-9
71.0	0.00032153476079223547	3.894906771092088e-7	4.457615245640058e-7	4.270278010641368e-9	-7.951969655788031e-10	4.085803748082768e-8	-8.651529700853199e-8	-1.9890481357114076e-8	6.7332978907651485e-9	-8.980639165187414e-9	1.4834960182552273e-8	8.78552989128771e-9	2.554976348312551e-8	-4.365983979547577e-8	1.572588831705404e-8	-3.948973543205977e-9	-5.5823311490607336e-9	5.802532596435252e-8	3.2290073978006585e-9	-3.63707203042954e-8	2.325034695970229e-8	-9.659451594535361e-9	2.4075270152047568e-8	2.8903734060404757e-9	6.136296670784916e-10	7.023333569812622e-10	-1.034401261317246e-9	6.479017562555682e-10	5.095386359127093e-8	-7.576621573626082e-10	7.312289602836153e-8	3.0818484909173703e-10	3.800010095404906e-12	9.94462582107474e-10	-2.844870306384096e-8	-1.8643050664342083e-10	2.3177940216466332e-8	-1.0998869228504271e-7	-2.845873143016903e-8	-5.043964164912684e-10	-6.934526541452038e-10	4.633497048423148e-8	-5.333250949063538e-8	-4.057368885303624e-8	1.4617202767845608e-8	6.065311366898682e-9	2.7699365864870584e-8	1.0341855681715562e-9	-2.775052594941443e-9	1.0978567306368313e-8	8.942040453941225e-9	7.066827410587317e-8	1.814689366407585e-7	3.301982285168445e-8	-1.1536262218388618e-10	-4.206263328112942e-9	1.3300847877944391e-8	-4.951252686468928e-8	-1.1894744962879401e-7	-9.595047330405787e-9	-7.360031268359331e-10	8.470542352314101e-9	1.159501048448549e-6	-0.00021010019737898792	-0.34225235643357294	1.5484189872434846e-7	2.0923626450826195e-8	3.2095898794150965e-6	-3.3319011023208745e-6	-0.4620285507018081	-1.262826016919492e-6	-1.028779657343978e-8	-4.395792124278658e-8	1.1745731506191408e-7	1.4949782441628763e-8	8.581306321760501e-10	9.07420128677152e-9	6.050801589199465e-8	1.9906691257919397e-8	-3.729608206982232e-8	-1.1169726370213731e-10	-5.854395666422521e-8	-1.0279914207973876e-8	2.55577397219989e-8	1.1350605236365278e-8	1.5825092959563137e-12	-4.278265595324459e-10	-6.452534358152369e-9	1.0858939807598539e-7	3.462390217743536e-8	-4.6849213365167765e-8	8.720592365096209e-9	1.9189426614429899e-10	-4.135737221907059e-9	2.6753009339659827e-9
72.0	0.00038384526208820255	2.3434643354409064e-7	7.324671957794267e-8	-2.5561419983343062e-8	-3.628061703775802e-8	-8.53882519694303e-9	4.5123901494664534e-8	-3.7303604513460574e-8	-1.8732241158031593e-7	1.7572251565216265e-8	-4.977806183272536e-9	-9.756524378197552e-11	8.744989292961065e-8	1.799990759695815e-8	-1.6928771119739415e-8	-2.8078180880805774e-10	-6.362848790222059e-9	-2.0872576556415852e-7	-2.3026867088333414e-7	-2.215432405620443e-9	4.415929569853374e-8	-2.7569614353854725e-8	2.0934476101042954e-8	-8.310508903222706e-8	1.3111055386628902e-8	-1.770999398296434e-8	2.05741772085499e-8	5.180891205503726e-8	-6.542055335734148e-11	2.5988936558558643e-8	-9.577597050062432e-9	-1.851066338205068e-7	4.4562235265737586e-8	2.3340088098800382e-8	-1.4123818824935197e-8	8.730257115687624e-8	1.344822433663617e-7	2.2314849168170444e-9	2.694965091483026e-11	-1.5632477965254905e-8	1.6371809814790686e-8	-1.8085115079840484e-7	1.42463437678028e-10	1.0364812457737023e-9	1.9314032618683076e-9	2.2362640960827654e-9	-1.5113072517290612e-8	-1.6736514127227376e-9	1.3029983082786909e-8	-6.524617711648387e-9	1.154455862776088e-8	-2.236560536356877e-11	-2.9991997321861334e-8	-2.4865154019681804e-8	1.8727786760253626e-7	-1.1422605178345443e-8	-5.022217357370458e-8	-8.56427286344736e-9	1.6764277113857523e-8	-7.4489584619966e-8	-4.999961665237657e-9	-4.31447077720365e-9	-4.953865201710725e-9	1.8411450377631798e-7	6.555800042864966e-7	4.6771215545444644e-8	-4.4819260285524573e-10	9.497217231649419e-8	-1.1934520605219002e-5	-0.00010276089634255546	-0.48224267777886853	4.374916042904858e-8	2.3172211872522443e-9	2.4005832920729675e-6	1.4129342322110816e-5	-0.44447491551379725	-1.0140871286694015e-6	-1.0224175700021888e-8	-3.051042494760785e-8	-1.1212953902399218e-7	1.1514076790696312e-9	5.465334342366547e-9	-5.715398025358243e-9	-2.9384139618538497e-9	1.1047474605382197e-8	-2.6193005274054357e-8	7.729982503999497e-9	1.3685357695736148e-8	-8.508838710509258e-8	7.060862291484275e-8	3.083831093028025e-8	-3.427544919355037e-8	4.5766560306682355e-9	-8.156036241033186e-8	-5.067888550792632e-9
73.0	3.6630752037242945e-5	1.2388355533565547e-7	4.89933719154309e-8	3.815376525743882e-8	4.7680012923780655e-9	-1.2599445561552023e-10	2.145710734813388e-10	2.6099520047618096e-8	1.505708569683983e-8	-2.5527200722677344e-10	5.736614543849546e-10	-3.7116344073251873e-9	-1.4681968406052597e-8	-3.9923077911649776e-8	3.728017265011305e-9	-1.255091145817835e-9	3.796051797319515e-11	6.212932908253435e-9	3.449349095556548e-8	-5.378659004484339e-8	-4.62865450158447e-10	5.155200951558082e-9	1.376314646597417e-9	1.2512021234332283e-8	7.798556210701979e-8	4.833473489322281e-9	1.9685087557581865e-9	-1.1161216424374681e-8	-5.9905032221634e-11	-3.465457828103526e-9	8.678351367110895e-9	-2.0202547845764787e-8	1.0230388355213483e-7	-1.664261630738997e-9	-3.7556251164487766e-10	2.4814261500432723e-8	1.618922735677243e-11	1.0093604968115927e-7	7.340857559380655e-9	3.823123512839327e-9	2.547521688504476e-12	-1.1232448562931118e-8	-2.9118413931624347e-9	1.6857405325311672e-8	1.312407262433392e-10	1.1338994607971258e-8	1.3711319341670015e-10	2.7548788398987335e-8	1.0750481188249069e-8	-5.785575649758057e-10	7.235145311630313e-10	6.717099064538612e-13	6.752101150471713e-9	2.2053241695211562e-8	-2.638980364374411e-10	-1.6044134184449364e-9	-2.74273125148166e-8	-7.710376805844764e-10	8.014716296701478e-9	2.1216659333183124e-8	-3.8512259802931e-8	4.349628031716788e-8	7.507067355821498e-9	1.1331869969941876e-7	-4.72289265804e-9	-4.150738211460306e-8	-0.44308210728533814	-1.8003155025610973e-6	2.2950204488170101e-7	1.1238120842862086e-7	-1.0861506491510155e-10	-0.4822381890560377	-0.017665742146090412	1.780537874303226e-6	2.541908117761733e-9	1.3840604206629218e-8	2.0645242017792064e-8	-1.7028364945638748e-6	-6.145118453528649e-7	-1.9812743010224423e-8	2.425096938311005e-10	9.842360795954341e-9	-1.6212735332882985e-9	6.500423952306938e-8	-9.344134911031305e-8	5.374834890447759e-8	-5.9037171993730115e-9	5.742784421305535e-9	-5.67957442398447e-9	-4.0401261594852596e-7	-3.6627615220995384e-8	-4.0515247707989794e-8	2.3811371510305908e-8	1.3988610139849894e-9	-1.0706897262754886e-8
74.0	3.685246856527397e-5	-1.86072065700683e-8	-6.371534883205942e-9	5.206923611570775e-9	5.940859693702835e-10	-6.93028918692644e-9	-3.859281053485915e-10	-1.0122623040234928e-8	2.6954467266648755e-9	7.813364395495623e-9	-1.1231512688631127e-9	1.7481694847430163e-10	-8.365840323856021e-10	-1.1929201293996336e-8	1.3914379696759915e-9	-1.8787934809380816e-9	-3.979130191652054e-10	6.0892918924437625e-9	-9.130209124863795e-9	-6.552226903005447e-12	1.1546565406376723e-8	1.7433811842463354e-12	2.336839080436475e-11	3.835640090286432e-9	5.715528270431276e-9	9.010494632679028e-11	-4.528549770778657e-8	-7.78416201854512e-9	-1.5161555277213453e-8	1.0100592581274075e-8	1.5598013119236956e-8	5.962379215903588e-9	3.4821600401015592e-9	-3.626950819262091e-9	-3.7419406612210973e-10	-1.5761031067587553e-8	-1.4392064058466523e-8	-4.2200271825608625e-9	5.0312814486443685e-9	3.0901083681710063e-10	-1.2297493715940056e-8	9.33409196793667e-9	-8.267414249363742e-12	2.1785232858790098e-9	1.599745151140493e-8	-1.428937776734339e-8	-9.934831243869106e-12	-2.8267691771661642e-8	-2.9383455072585746e-10	6.279834950382559e-10	1.586650897817505e-8	-7.104828616323698e-10	-1.89123606699518e-9	4.6643927133993377e-8	3.1301940483804e-8	-5.123676882046545e-8	-8.087053872122914e-9	1.344977107201035e-8	5.546538422808085e-9	3.2109114748351296e-8	2.1769541985495496e-8	-1.0899904088658665e-8	2.5698318445734573e-8	3.5261303549816075e-8	7.3284345575302e-11	-3.6340402323182565e-8	-3.538247630662739e-8	-1.0738757129717756e-10	-2.0187106508106343e-8	6.443761527861073e-9	-9.282331011401932e-11	6.853806580092405e-8	-0.46188153721295294	-5.457026984289323e-6	-5.874707118796137e-7	-4.559088548857184e-9	-2.911471273214362e-11	-0.3467553156810238	-0.012837882345816566	2.713610669497401e-7	-1.8474690732435894e-9	-2.1468335412307887e-9	-3.875347690492298e-8	-8.603037827312473e-7	2.3419729137869606e-7	-2.5311009668075653e-10	3.731233818398239e-8	-2.2469405125736654e-10	-8.811613359590393e-9	-3.5510505482330726e-8	-2.0786992914198756e-9	-3.010264845356352e-10	1.2580040686678272e-10	-8.225748798146705e-9	6.893134430216808e-9
75.0	-1.777091711185413e-6	4.238012624999085e-9	-6.28545596642648e-9	4.400161431709956e-10	-1.2848189776068818e-9	-8.782491467863635e-11	1.0841748262830593e-12	3.446014659838264e-10	-3.2058783085551412e-12	-2.1132631666239207e-10	-9.320938005508733e-11	4.687258573564305e-11	-1.245817323411936e-10	1.3444091004003993e-10	4.5747275271423266e-11	-1.8559663062595795e-11	6.104254554343276e-11	-5.429016478447444e-11	5.606273863889448e-10	-1.429131684847359e-10	7.596414896736558e-9	3.313230498388162e-11	4.543577158275857e-11	6.789384306428529e-10	2.7939114016985835e-10	-3.193793128514256e-9	-7.212914616121118e-11	3.737903033393939e-11	1.3426443883241e-9	-5.886576252263468e-11	-1.1396048032540604e-11	3.339022548978601e-12	9.716801564075722e-12	2.4793926949203123e-13	-6.913065203207669e-13	1.4159254343892062e-10	5.870182662807532e-10	1.4237464031207101e-12	-3.766900961958381e-10	5.2216787767108065e-9	8.54092260155277e-12	4.260181187713159e-9	-2.9630250527788007e-9	-4.0478169109656085e-12	-3.578353499110117e-11	2.672151328266658e-10	2.0281490211390006e-11	-1.7370028584765335e-9	-1.078268678081945e-11	3.641461072439537e-8	4.843909994314103e-9	3.090793219219339e-13	1.525347664023106e-11	-2.4842228054249855e-9	-1.6901574900397886e-10	-2.2861780342666755e-9	-3.534043238770686e-10	2.9851970042263793e-10	-8.145808239062616e-11	-8.440170211745848e-11	-1.0329083249171418e-11	-5.490415988512182e-10	-1.7181704128844257e-11	1.1179732216419832e-9	-3.0504148518192046e-9	1.2923033222188452e-8	1.790047686206515e-10	-2.001507274869213e-9	-0.3802778411459157	2.01471634530074e-9	-1.3543344125418133e-9	1.171389726825852e-9	7.931438778389482e-9	-0.46451209237938507	-1.967686854784299e-6	-9.152584810639362e-12	-3.757170039894105e-9	1.6477377892364827e-9	3.4489988112917636e-9	-7.165611174982263e-10	1.565323138386411e-11	2.2252307224887509e-10	-1.0860342143585607e-13	-1.485307813677822e-10	1.1081962115957154e-8	-2.8860166635627774e-11	2.1771550913495983e-9	2.153000960010618e-9	1.5232288034208638e-14	1.3506771812307582e-8	-4.588997081794453e-10	-7.388864381864518e-9	2.102269428513226e-10	7.253160171068839e-9	-4.9774582718260085e-9
76.0	-1.177786168640819e-6	-4.097133451729966e-9	-5.901244304574751e-9	1.6951169241799213e-11	2.3754218025288e-10	6.709932582617685e-11	8.558745539998455e-12	1.515854902432162e-10	-6.8538076765041546e-12	-1.691393796577548e-10	1.0646653616270852e-10	1.9897535023243742e-11	1.184588969437958e-13	-2.541381861115391e-10	-1.626582607090294e-10	1.1990075532759462e-10	2.9357679505853886e-13	2.107555341868118e-13	-5.6924004295097876e-12	-9.055772015381684e-11	4.107194290364965e-10	-7.122258719597655e-12	4.07089620396058e-9	-1.0031770882119074e-9	-7.609500490538632e-9	2.3731667291029373e-11	-5.330339788101901e-12	-1.472587915299108e-12	-9.020532937465741e-12	-9.72533413911216e-11	-1.695272494454245e-11	-1.0414751687773797e-9	-1.7752057234439675e-12	2.2007268539366943e-9	1.5892031320256852e-9	7.53557853349225e-9	-4.22589977751545e-12	-1.625185855089613e-10	1.6551096666403287e-9	-4.468054760896855e-12	2.7616148933057477e-14	1.4137851302605878e-12	1.619252929831597e-11	-6.1201981107779916e-12	-2.955102186640283e-14	-3.7870132482491995e-11	1.4818117352390864e-14	2.2607074974240655e-8	1.2224941974173793e-8	3.91895781650807e-9	1.0090222261341223e-13	-6.504340348269882e-9	-1.0262851079213663e-10	-7.960298080726201e-9	1.747275865854957e-11	-3.212043806112141e-10	2.005017578688198e-11	5.6691567322599435e-9	5.335006230549928e-9	1.127797020061826e-8	1.0675834931940133e-8	-1.0197653729947167e-10	1.937908715722036e-11	2.6185942728497858e-8	-4.763337273652947e-14	3.102710519764035e-10	-5.00854766958162e-10	-1.18924418374912e-9	5.820535418308946e-9	3.8975151555149896e-13	-1.9598845026398675e-11	-5.38877838834934e-10	-5.29313408959206e-10	4.239581372423508e-9	-0.46441555571037707	-1.0189066607568882e-8	4.758477964220358e-9	-2.6272230626010644e-9	-2.525101386991923e-9	-0.3850964536988545	-8.62657540236743e-7	1.2701062359174295e-10	1.2038381075809525e-11	-1.344220721066303e-10	-5.739335033912187e-9	3.4859147813403343e-9	-9.956493354759545e-9	-2.514837371302315e-10	7.874659887362947e-11	4.3333016639778293e-10	2.4788627997848767e-9	4.1498951978407216e-14	-2.358435059973598e-9	1.6166358875692017e-11	-3.5575134832423506e-12
77.0	0.00027602609396533114	1.6304898861085375e-7	5.385983122593877e-8	-1.961419170291892e-8	-2.797768254978178e-8	-4.835627753115687e-9	3.246120818540352e-8	-2.493485775725183e-8	-1.3258476183863448e-7	1.2030929894860394e-8	-3.5000273559021967e-9	-5.663878833569717e-11	6.73578772589426e-8	1.3386266841380664e-8	-1.2015505043193839e-8	-2.06145836899399e-10	-4.7840036598540665e-9	-1.564107251998419e-7	-1.7886400946287416e-7	-1.6105528188106674e-9	3.239429800771034e-8	-2.0129763260177445e-8	1.1621707055865189e-8	-6.013883780025869e-8	1.1423796211322491e-8	-1.0148236796096196e-8	1.0376735658391374e-8	3.786835000737384e-8	-3.209780169932286e-10	1.724913911978924e-8	-8.749294717224029e-9	-1.2888412082159437e-7	2.7255810014966243e-8	1.7760939984699558e-8	-1.0232223091883671e-8	6.306592274283712e-8	9.882825460976258e-8	1.617615579442647e-9	2.848997096570531e-11	-1.2275662693211218e-8	1.1905682963795085e-8	-1.235869911029438e-7	1.0444941204426436e-10	6.688225861991035e-10	1.3924307337623492e-9	1.2527698526254987e-9	-1.0097608472774336e-8	-1.3017021414841967e-9	9.457523627426612e-9	-3.234422330834005e-9	7.682724111377575e-9	-1.6721294322701137e-11	-2.3812481152560603e-8	-1.6134293235865805e-8	1.3167694028624268e-7	-5.884390792223861e-9	-4.252468886101436e-8	-7.578904557958534e-9	8.359515736892013e-9	-5.2727620117674375e-8	-3.3935755526748664e-9	-1.2597984988341914e-9	-3.506429508261515e-9	1.396510809228749e-7	4.6818239570031637e-7	3.387596146034473e-8	-5.140623233376103e-10	6.257916766566959e-8	-8.374753521300794e-6	-7.196256955939247e-5	-0.34074164930456113	2.127223467086774e-8	-5.036800655260816e-10	1.61390344038145e-6	1.1373616503417731e-5	-0.46187528680479856	-9.496457716584858e-7	-9.261690786174901e-9	-2.2436483685621477e-8	-8.490068253938146e-8	2.6989201134042993e-9	3.3228689306272566e-9	-4.5365793728092195e-9	1.9574531343459036e-8	1.6844127890736766e-8	-2.0855541794630682e-8	4.1154246650128885e-9	1.03036176039497e-8	-6.212001451110881e-8	4.2293718303603936e-8	2.425359395169213e-8	-2.7697802765355437e-8	3.4383505909847248e-9	-6.105992707263578e-8	-2.5206603437818418e-9
78.0	0.0004663878232291347	1.5882923655251698e-7	-2.1459333441019216e-7	-2.4642797875834687e-8	-1.1699010042216965e-7	-6.62545568802306e-8	-4.434378513552858e-10	-1.487963059627817e-9	5.810883091798229e-10	-2.8657517007104892e-8	9.612907354200489e-9	3.427933449027784e-9	3.030255346373187e-8	3.329129597885727e-8	2.3821643630075234e-8	-4.990007189488585e-10	-6.50802195591272e-10	-2.945370829923961e-8	-7.928052289784537e-10	1.7365966594477728e-7	-4.241562388822235e-8	1.0331944585217964e-9	1.0883759972009275e-8	-9.679639765472777e-9	1.7483818104279455e-8	1.337517095102491e-8	5.8542772726780976e-12	-2.948602364888217e-10	-7.583915606740506e-9	2.142266066931761e-8	1.429082575205904e-8	-1.3174433718563687e-8	3.5740527216413313e-10	-4.8157035273031e-9	1.1374111807523895e-10	5.4001190594886653e-8	7.795609593522923e-9	2.4609205162236435e-9	-2.8866202587306163e-8	9.45566595632931e-10	3.5542336057722527e-10	-4.906755354456892e-9	2.474564923996123e-8	-4.4217451417420695e-9	-2.1663348077461194e-9	1.5341658760384438e-8	1.3918655523036361e-8	-2.2506342810861167e-7	-2.0098084773620267e-9	-2.490286398161766e-8	-1.167169564276634e-9	9.398402991288756e-9	-5.754600603400386e-8	-8.574165125254693e-10	9.412697550883813e-12	5.0459321094347203e-8	5.505346176970401e-8	2.169174595297668e-8	1.0047998010713575e-9	-4.2812851257523176e-10	-2.143310109949289e-8	4.001305211292595e-9	-1.2190938987373071e-9	3.1793911178980804e-9	1.3161024366682097e-9	-1.0537677076326114e-7	2.3460764688183358e-7	-8.824558570595537e-8	-1.8992240552095943e-9	-2.0529929333142006e-7	1.4665017006015042e-7	5.2938240480939747e-8	1.7350269435242093e-8	-5.476024916163631e-8	-6.969533708641251e-7	-0.0004236464183093189	-0.4821703550606753	-1.1943179269559683e-6	3.0622017557162004e-8	7.617404708710222e-6	9.696032921834058e-6	-0.44450322510669826	-8.817949579749247e-7	-1.756320895608518e-8	4.561015244635991e-8	5.571079575756494e-8	-1.2593127229862067e-7	-7.010395897790165e-9	1.9271833949199127e-9	-2.53619166577025e-8	-1.3726777201134077e-7	2.167620677018429e-8	-4.0983892506340047e-10	-6.467242818880181e-8	3.233708634484668e-8
79.0	4.3966227466403215e-5	-2.3437849971393252e-8	-8.803678472068004e-9	6.542936727674375e-9	1.1197961415411285e-10	-9.387581610926874e-9	-5.08576512879654e-10	-1.3246192813952396e-8	3.6950667958174815e-9	1.1046865453200212e-8	-1.2139557266296687e-9	6.783419762269332e-10	-1.3093868559732914e-9	-1.6272488755951473e-8	1.0387614040928287e-9	-2.225575553726978e-9	-4.443994956871111e-10	7.907410600384298e-9	-1.2136228868024763e-8	-1.6004757762979822e-11	1.1095993039716139e-8	2.01982634554226e-12	5.004633397555844e-11	-2.8977081137354124e-9	5.817784005429037e-9	1.3481795898086284e-10	-6.042897630567628e-8	-9.888287050114945e-9	-1.9070368991340067e-8	1.2153762291216326e-8	1.4556911487606527e-8	6.710571852742203e-9	-2.4370323328967832e-9	-4.279718751796626e-9	4.0222452005857013e-10	-1.4910094049412838e-8	-1.4318613648918054e-8	1.524301260581382e-9	6.718710231169497e-9	4.753444393708247e-10	-1.7400207843854195e-8	9.687764719434526e-9	-9.911408107301956e-12	4.448226934434955e-9	1.8038988837566513e-8	-2.0410189694617223e-8	-1.2741100323974146e-11	-3.143577318220189e-8	-3.3930466737354514e-10	8.164323194279736e-10	1.9298181447447934e-8	-4.336862948168739e-10	-1.8670960937175904e-9	5.834465241993377e-8	4.668929672873274e-8	-7.336349801815393e-8	-7.006825639638056e-9	2.205612437504011e-8	8.409006804622432e-9	3.6775613359467876e-8	2.6627618743652923e-8	-9.646156221091626e-9	3.710385987146966e-8	4.860136967862822e-8	1.289471434555244e-10	-3.853668634442353e-8	-4.0072601848517915e-8	3.20369242470166e-9	-1.35725441229739e-8	1.4319454259247284e-8	-1.172553804538435e-10	6.209124931736728e-8	-0.4400350462881431	-6.527267748811361e-6	-8.301015791580837e-7	-6.5651542214017845e-9	-7.044401037982697e-11	-0.48199456359175213	-0.01801598446464973	2.827282112012207e-7	-8.905681690723277e-9	-1.797492781829484e-9	-4.214686234356515e-8	-1.162763035944463e-6	3.1583637077584397e-7	-1.8569006464868472e-9	4.8838331016459227e-8	-2.137945309813672e-10	-7.878605614001121e-9	-4.641589104470843e-8	-1.922381913428222e-9	-3.496836784578066e-10	2.1500973587126838e-10	-9.102898294169604e-9	9.419788057672696e-9
80.0	5.205748654106658e-5	6.329646565023902e-10	-1.8378709222236223e-9	-2.4948433266965848e-8	1.0575618688764605e-8	4.1983092438902446e-8	-1.3232953251537367e-8	-1.654892325167418e-8	-4.852790832451568e-8	-5.269165521512312e-12	-1.4411064678433354e-9	-3.580104282671202e-9	1.8112115616564422e-10	2.1163170819479285e-12	-5.6557949824085156e-11	1.8085984107771125e-9	-1.920652259176454e-9	2.8316862671745366e-9	7.210742284778335e-10	-2.1843897405607145e-12	5.0922186194854005e-11	1.700393595813572e-8	-4.352440318534048e-9	-5.370025582573002e-8	-1.2722131448375346e-12	-1.0063415074546162e-8	1.4047021779659922e-8	-6.900815123501214e-9	1.730730278092697e-8	-2.450422719011526e-10	4.89289049720591e-10	1.1624506358570445e-8	1.2088475965827834e-8	8.11095006592411e-9	-7.986474806345733e-9	-3.583828571957825e-9	-2.584834661740561e-11	1.1338175654703337e-8	3.2658811084276994e-13	-2.0441673901105017e-10	-4.370865252857306e-13	1.679550550925315e-8	1.6215021178728396e-8	-1.7084990288002447e-9	-7.04285984846391e-8	-9.319105421502146e-9	1.8788716184863954e-11	1.653185096011413e-8	4.40641581954334e-8	-3.8675043316023325e-8	8.979277220585551e-10	2.552918103657649e-12	-4.011235193178947e-12	3.675176193368271e-8	1.284891377250025e-10	-8.979437058617673e-12	6.3842265552687415e-9	4.62818166503225e-9	1.0624025573604167e-8	6.224939967534314e-9	3.969841871414682e-8	-6.123788368649521e-8	3.7054345647439556e-8	-5.973665447857115e-11	-1.0816116314300785e-8	2.0975863713392316e-9	-2.6046111562048265e-8	-1.0907800943888675e-9	1.7557277693567648e-9	-1.4912170544002536e-12	1.3851430645159847e-8	2.8159524712744e-8	-3.976495043755515e-7	2.997802372628125e-8	6.853979800311124e-9	2.3744086859291342e-8	1.3371198935703597e-8	3.3662786884202453e-8	-0.46082464039786464	-3.723161255865402e-6	-3.331704575853013e-6	4.624425046087957e-8	-2.5441216905072035e-11	-0.3471623905084273	-0.003834955867775881	-9.636736927386939e-7	1.4780528746690768e-10	3.340564157235366e-9	1.3101938985813643e-13	-4.8185921073651034e-8	1.9654565842260165e-6	5.599214366733247e-9	-2.699400266676249e-8	5.909615846073098e-10	5.901358145147245e-10
81.0	-8.595215300152051e-7	-2.749451804768139e-9	-5.031190603826496e-9	1.6192136542230265e-11	9.119237370571412e-11	3.9181402107236175e-11	6.575697958250853e-12	1.3098492836295656e-10	-1.1965894532584225e-11	-1.458276843457786e-10	6.826377302730972e-11	2.1223119296674782e-11	1.4334027334822092e-13	-2.2984132968729622e-10	2.2890648596183646e-10	1.2682040569569718e-10	3.226655933880616e-13	1.3592374213819698e-13	-5.910584675992459e-12	-1.0611191079597247e-10	4.539150021229336e-10	-7.098377531208941e-12	2.4862281941483583e-9	-8.601289909000125e-10	-6.001182044711122e-9	2.5160578588861378e-11	-6.097907162585767e-12	-1.4164401354737153e-12	-8.481321488137393e-12	-1.0804659833162535e-10	-1.420409960275999e-11	-1.2691762017549009e-9	-1.8865581403352974e-12	1.399252272183413e-9	9.333453526624047e-10	6.335583158658096e-9	-2.846722406442802e-12	-1.5562682746167912e-10	1.3312031866330395e-9	-4.714270916319849e-12	3.151040051901826e-14	4.99347827367262e-12	1.4631603950391785e-11	-5.4545183885758735e-12	-1.4990162753151006e-14	-4.9479437660096266e-11	1.5636204184724973e-14	1.8099565434856865e-8	9.290348620011275e-9	3.528623239833248e-9	8.164295501257076e-14	-6.0014997209737856e-9	-9.190574995947311e-11	-5.876977718166809e-9	1.4949123069488795e-11	-2.9306221326331183e-10	1.6335277899060552e-11	6.8152836445451645e-9	6.240609476287098e-9	9.06795418777008e-9	7.900434129190657e-9	-2.0236552411454699e-10	1.7394960571969888e-11	2.394042154068279e-8	-5.845668799193572e-14	7.173080297353946e-11	-2.2159277398271634e-10	-8.952168505353502e-10	4.801125572180391e-9	3.5397965588531077e-13	-3.065042807717205e-11	-5.90206648489294e-10	-5.02769293025817e-10	3.271955924537583e-9	-0.37680037106340514	-1.065392375721145e-8	5.009224114352178e-9	-1.925070680879075e-9	-2.325564976620369e-9	-0.46410165644832285	-9.80040210321598e-7	9.816012327855364e-11	1.0477739131877852e-11	-1.9334701242657817e-10	-5.014302542361882e-9	3.734395577444842e-9	-9.213852350896315e-9	-3.190747343250833e-10	2.4212321075660558e-11	1.9737041990916716e-10	3.0120512997731657e-9	-7.657095700014874e-13	-3.0846465915748754e-9	-2.3862886719079503e-10	-3.2185198119895357e-12
82.0	-2.6077040599617365e-6	4.484413910468417e-9	-2.6359684703860352e-9	4.657021767566144e-10	3.902274703755065e-9	-3.8078719675117936e-11	1.5371598679600538e-12	3.925807964335023e-11	-2.5704771278992613e-10	-6.465595306529268e-13	-1.3516211584558318e-15	6.403072902809914e-15	3.14347234531593e-16	-3.026654258756655e-16	-9.439105690239126e-17	-5.853913468954844e-15	4.061492861634024e-15	-1.8200665206348917e-15	-3.1682712672097726e-16	7.656484375408308e-16	-2.4951136905223195e-11	-7.14900336081987e-13	-4.013324544239984e-9	-8.77357085881273e-10	5.726879594105562e-12	2.2651020822232343e-14	4.5308026494170785e-10	-4.534267608584605e-12	-1.842672204234236e-12	1.4890894829847031e-12	-2.9663733838303745e-9	-3.3016922441791364e-10	-5.632376366792509e-10	1.820508895469126e-11	6.106979375040877e-12	-5.472467561940798e-9	3.013379174465638e-13	6.179440540333837e-10	-5.235359463246719e-12	1.7360206098475614e-11	-5.480417824671379e-14	7.427825864471261e-13	4.966765156044245e-10	1.7731660970743502e-10	3.947702813277102e-10	3.5694048549694153e-12	2.5931595998965063e-11	-1.1956848319122126e-11	-3.937370189930676e-9	1.1343760319196493e-8	-4.340769718383591e-12	1.282470273166969e-13	-2.3214896412627876e-14	-4.3727057296256286e-10	-2.3021771034870377e-10	-9.541197800427283e-14	1.896338711717395e-11	-4.5095253243918407e-10	7.209341656359091e-13	-8.87576246666608e-11	-8.646985810442492e-12	-1.0054339052893894e-11	-2.101588741937685e-13	7.539242392331591e-11	-3.046387331180205e-12	-9.614034180720018e-10	3.854469915308868e-10	-4.0138722359331344e-10	1.1671293850054751e-11	-3.04665109653649e-13	1.4035080753516502e-13	-3.2646462504507646e-9	-2.2245729519111925e-9	5.6330128408426995e-8	1.3888565345718179e-9	4.0255172425943616e-10	2.5792304743429183e-10	-1.0288971664229727e-12	4.933122089686428e-9	8.728002316138598e-9	-0.4639901175146276	-7.756802570795546e-9	9.913081547797434e-12	-1.32368559348071e-8	-2.0213103118060966e-9	-0.3852256309858058	-1.2403106966081602e-6	9.494897599135368e-10	5.381382449141929e-13	3.798443675490032e-9	-2.825144218939963e-9	7.915432436626592e-9	7.558685961403872e-11	-5.694903287066426e-13	-1.133639072079881e-12
83.0	0.00033152560177883206	1.1281989695740205e-7	-1.5491730821768918e-7	-1.7536996440339093e-8	-7.818998561209702e-8	-4.7621950233340575e-8	-3.4037051972617595e-10	-9.550697551312993e-10	1.1496876580331243e-9	-2.0412069837290573e-8	7.582625520867369e-9	2.58931978167467e-9	2.3449231166645703e-8	2.2416372457986737e-8	1.6478779416841292e-8	-3.895845417071751e-10	-7.777463891343048e-10	-2.301865433100342e-8	-5.63295377476142e-10	1.240901690465167e-7	-3.061540151286491e-8	7.690959425759659e-10	7.65790238191185e-9	-7.414845903200646e-9	1.2462113318577296e-8	9.85160559666462e-9	4.096109910659611e-12	-2.1138154166215488e-10	-5.7882655481577684e-9	1.3246617578936908e-8	1.2812618401909098e-8	-9.939186130830979e-9	2.283021898871064e-10	-2.5152227860003408e-9	1.088212426411834e-10	3.605779641094911e-8	3.3325189000497368e-9	1.7747348282245697e-9	-2.178712633568545e-8	7.855368157578854e-10	2.612608270362891e-10	-9.364471339770003e-10	1.8451466153445363e-8	-3.272467543730992e-9	-2.3932001694073405e-9	1.1310045033606801e-8	9.781768324009634e-9	-1.6012035533538852e-7	-1.3444383878642544e-9	-1.2483884676924142e-8	-8.376517189328961e-10	7.893670557823806e-9	-4.3970661383413955e-8	-7.363063612558554e-10	6.629051685922259e-12	3.6204129473268624e-8	3.753821413475552e-8	1.8031682100155545e-8	5.287466775640671e-10	-3.1183434671847886e-10	-1.9724203128402923e-8	1.6067606957044994e-9	-8.618227693182039e-10	2.249801187036694e-9	9.346615643583188e-10	-8.60769332058188e-8	1.7104660877216973e-7	-6.260647330429097e-8	2.393825817688152e-9	-1.459771882260647e-7	1.2131686799534722e-7	4.266807680592663e-8	1.3517891907634759e-8	-3.5136103635483935e-8	-4.844531524179399e-7	-0.000294041452687536	-0.33778632896357685	-8.583358910419947e-7	2.1681524783039227e-8	5.071457049911681e-6	7.752918915814417e-6	-0.4615090117581802	-8.290427513866146e-7	-9.671781163414096e-9	2.0107337149389994e-8	4.1857835774573316e-8	-9.965039970351536e-8	-1.277927564410529e-9	1.269058193050138e-9	-6.84928013532414e-9	-1.0068509307010907e-7	1.6238580167817317e-8	-3.142423643248408e-10	-4.843489463341479e-8	2.3394248452577026e-8
84.0	0.0002984876557365818	-2.1563626565018824e-8	8.24291451165035e-8	-2.9394495353306178e-8	1.3193476591342166e-8	-2.5078198294003917e-8	1.5602597219022337e-8	2.380702338262594e-9	-4.219110728777542e-8	-1.9533944136695564e-9	4.341535340055235e-12	1.6952718786359672e-13	4.343379591946321e-14	1.3385843431151039e-14	2.59263818370885e-14	-3.096523686668431e-14	-1.9262566805331494e-14	-6.936431593807923e-15	2.7474826577715324e-14	-6.413407310965681e-14	2.4839349672081416e-8	9.022498719208209e-10	3.936751528023976e-8	2.419339029848144e-9	7.775354769773478e-8	9.629927406182205e-9	-2.3097439316019376e-10	-2.047245622688818e-8	6.908089042257155e-9	7.655631682631573e-10	9.620101865811314e-9	-6.632252532728487e-9	2.7993079215788983e-11	-2.1760662520136595e-10	1.6806334798703258e-10	1.2581260785196424e-8	3.9705408039069264e-8	3.2232233074262944e-8	-3.456042261053198e-8	1.7930273951056865e-7	1.828198005785058e-7	3.987884088970555e-8	1.568252783117623e-10	6.912490751737635e-8	-1.461811009839615e-9	2.6280555476367243e-9	-8.895094320975808e-8	-2.0533250852579136e-10	-7.292222746952942e-8	-2.5190627778669776e-9	2.3741585431893055e-13	-1.4489304424864433e-9	-8.016686476958588e-10	-7.709624421483734e-8	4.470701367180395e-7	-8.922609361463218e-9	2.64449049245421e-7	1.5745852669526779e-7	-6.264304986457534e-8	-3.719525599524538e-7	-1.3198942245538332e-9	-8.50851533261876e-10	2.5498824955774894e-7	-4.24640482860272e-8	8.001518046624504e-10	1.580460265492754e-8	-1.3377044369131804e-7	1.4780349701859425e-7	-7.603394454980411e-8	8.917888367549341e-11	5.249537028097739e-13	3.1429643241063414e-7	4.032993926122295e-9	4.070405981629163e-8	-5.264967575261677e-9	-1.232640685453586e-8	-3.155367465347777e-7	7.066402195349617e-8	-9.236617741231613e-8	2.964111405202548e-8	-1.9056041142479152e-5	-5.6043751896965885e-5	-0.48200375806266615	-1.0848027434780619e-6	3.333734116569193e-8	2.100227956473517e-6	1.1779663491565804e-6	-0.4445503113931407	-3.509277563600812e-7	1.3041231142491873e-8	2.1308303376204924e-8	3.729720685843237e-6	9.111577831616578e-7	-3.960464120126503e-7	-6.007694199656131e-10
85.0	5.700958605090838e-5	-2.977664781385712e-10	-2.5706293138062988e-9	-3.246876446806646e-8	6.384320374407684e-9	5.221254433759574e-8	-1.529716455113157e-8	-2.1226485074298425e-8	-5.993176629895536e-8	-4.535394138051095e-12	-1.4581248189722625e-9	-3.5294998386768952e-9	3.2555366523334684e-10	2.9573532252178086e-12	-5.551522280834434e-11	1.4653863652904073e-9	-1.7878830544567434e-9	2.3957403372224827e-9	1.2999387848351593e-9	-2.239819127304559e-12	5.085081751523074e-11	1.4161507514732057e-8	-2.1145716524862317e-9	-7.062903097389971e-8	-6.365469463294173e-13	-1.2528596417996057e-8	2.8063312016126404e-8	-6.898398737770608e-9	2.6287329737112894e-8	-1.83761626782988e-10	9.883242680569415e-10	2.3770531849004632e-8	2.4952903289463505e-8	8.58626269128249e-9	-8.421507633592598e-9	-4.089205813730808e-9	-2.826923446190886e-11	2.395320427376765e-8	1.0527606462342324e-12	-2.0045132928335248e-10	-1.0648598092045967e-12	1.5893823042300623e-8	1.2278109654576084e-8	-2.2592090277336704e-9	-8.398555952489254e-8	-9.951772808916176e-9	9.031308067640542e-12	1.2639482355058271e-8	5.646539181897616e-8	-4.750664481657028e-8	9.839097201008666e-10	1.870915025803485e-12	-4.2115319491038385e-12	4.823772324091327e-8	-4.6526919686559215e-11	-1.1992626210009226e-11	8.347155789371674e-9	4.047912455809248e-9	8.33219457891876e-9	6.841668598502706e-9	3.4823891760651445e-8	-6.865233036457218e-8	5.06126284631852e-8	-5.443509609171008e-11	-1.2824853456059724e-8	6.4269339453119306e-9	-2.402149608905165e-8	-1.3688026704429523e-9	4.8496777462352085e-9	-1.1712358143494157e-12	1.2691478103605619e-8	2.2119105234600434e-8	-4.163265523907806e-7	2.6722197185735567e-8	1.1661835684461352e-8	1.9461680636947987e-8	1.4313429525715058e-8	3.369469989910769e-8	-0.4280592727847508	-3.662798617932608e-6	-3.645520747518384e-6	5.618200697781727e-8	-3.144006504628734e-11	-0.4808456655222632	-0.005364212533325655	-1.0089562616169666e-6	-6.136280840621687e-10	4.226808713736708e-10	3.6334817832525704e-13	-6.873834073094137e-8	2.657694027415367e-6	7.111336780320122e-9	-4.03483912789614e-8	6.947399384864492e-10	2.4292652943868057e-10
86.0	-8.176430768568697e-8	1.0339804823159224e-10	-1.0871313373180137e-8	-2.5294662392634833e-11	-2.8555501488277433e-11	-1.634581538596561e-8	-2.5924374662832983e-12	2.098355971439715e-8	2.422904947299155e-8	-2.2470403758853063e-14	-1.7438745445960348e-15	-3.726482487420596e-15	-1.6598283983062973e-16	-7.147498100051219e-16	-1.1749204777352705e-15	-1.2424982668686264e-15	-6.1630963814380044e-15	-2.0882615624804556e-16	5.743838842524488e-15	1.1374645393375853e-14	-1.4099522533310843e-8	-6.615182727911615e-14	-4.4055366600250546e-10	5.274558607712695e-9	-5.845477796773472e-14	-2.1858124201804578e-13	2.160728441615097e-13	2.0011242886626426e-9	8.095136273973029e-14	-4.728413980352432e-15	-6.2479971139337984e-12	3.346760572819385e-13	6.807005529764276e-14	9.853772599616417e-9	3.491771701794452e-9	-7.427995855631441e-12	6.9256722800008235e-15	9.816109502930762e-13	5.074904566747732e-9	-2.0527433617631624e-8	-1.9437172720824667e-8	1.948219150752087e-11	8.760885084007824e-15	5.7699953249930785e-9	-3.720999343087961e-15	1.9087836121656056e-8	1.863936834199584e-8	9.030792238499201e-15	-9.653771392714758e-12	1.6284480306977944e-15	1.0722247049589533e-10	-2.9255528635058727e-9	-1.3691533431862534e-9	4.062028649344795e-10	9.40471694850755e-15	3.427459023879582e-15	2.011024619542355e-15	1.1746798911719094e-8	2.1013599739577443e-11	-5.152405477274708e-14	6.381007337549253e-15	1.6429889872264e-16	-6.383592450833368e-13	-9.358186716793403e-9	-6.611425346238634e-9	2.130477349687484e-11	1.0381524762243959e-13	-6.240471567640472e-10	5.5913242287655865e-14	-1.9339541480199635e-10	-2.0280403267819855e-14	2.1355470323839664e-10	5.278608671329967e-12	-1.2594413910242674e-13	-1.5165699021079404e-13	-5.101699223672237e-12	-7.164562381314672e-15	-9.359881359849815e-10	-5.16776458349619e-10	-4.2814747267038533e-10	-1.8101486414127721e-9	-3.3453890225627776e-11	-4.755505226634067e-10	1.035600562482098e-9	-0.4567223089503013	1.3658977210256086e-6	4.3116007522189294e-7	-6.617030446429751e-10	2.983452648642903e-10	-0.34428916011779137	-0.002417790923687915	-2.426130476425333e-6	-8.208890355678972e-11	-1.2191740295554226e-10	1.8596651906271818e-11
87.0	-2.4917309709714067e-6	3.600852800453728e-9	-3.817273554466055e-9	-1.6423080710132919e-9	6.973913251528593e-9	-5.14527793216035e-11	1.3024527252808063e-12	4.4295562352578985e-11	-1.383294901063537e-10	-7.053754090612667e-13	-1.5577683364053324e-15	6.483214085747003e-15	-2.3418542848679493e-16	-6.999576306139658e-16	-3.495923157702861e-16	-5.187818607786715e-15	3.782092623518845e-15	-2.0046133234407756e-15	1.5715516757435572e-18	3.8373366745687076e-16	-4.6960203036511105e-11	-6.553908749930532e-13	-6.218463246774191e-10	-8.690473146940673e-10	3.2229154409696296e-12	2.157763752617248e-14	3.899591129072848e-10	7.928369987994447e-12	-2.171779001015441e-11	4.8515431466261856e-11	-3.770742540888155e-9	-3.039951165174311e-10	-5.426526694710178e-10	1.5478279500386636e-11	5.188621531075826e-12	-6.002885017560719e-9	2.598010714036669e-13	5.817113489297681e-10	-4.405459403655009e-12	8.873796456156337e-12	-4.5100441019540515e-14	6.971898283470645e-13	1.5973823134472654e-10	1.894269390793287e-10	3.954660550371004e-10	-4.8777102744529194e-14	2.0532850780813365e-11	-1.0288098964173734e-11	-4.636744803984425e-9	1.1933411460536155e-8	-4.8070528812710814e-12	2.4122742261784922e-14	1.5137433920887065e-14	-3.736958062567933e-10	-1.8500336304910048e-10	-7.095458912385833e-14	1.22513170037905e-11	-4.016810620136969e-10	5.215906652244927e-13	-7.25320392653773e-11	-8.676885640854129e-12	-1.099086307727554e-11	-1.9317909991824026e-13	4.182046157898924e-11	-2.902879502772059e-12	-8.507656628851879e-10	2.7435853166129883e-10	-3.7567784246307675e-9	1.0183622345846703e-11	-2.6250658785656625e-13	1.1822253026327702e-13	-2.2976551410925058e-9	-1.8847768649717036e-9	4.7652252933211194e-8	1.1699694075518263e-9	3.773230033261234e-10	2.7873219086521346e-10	-7.538836958567359e-13	3.995007107289836e-9	5.8787094126526275e-9	-0.36837342393391115	-8.11308309867142e-9	5.695646429940318e-11	-1.1668360245987875e-8	-2.02509272768221e-9	-0.4629573746340703	-1.3944801366054472e-6	6.717549754092118e-10	4.199538947412601e-13	3.97950296780223e-9	-2.6361189002160863e-9	8.347613156984749e-9	7.266633707221233e-11	2.0269132468803386e-11	-2.1216032017610558e-13
88.0	-8.059890205772598e-7	8.552655495327147e-15	2.1928848892433784e-9	3.980878251761024e-13	1.0531717554866439e-11	2.826092798235387e-13	2.594945312921459e-13	-2.209604134874929e-11	4.137422622216513e-12	6.267320279013929e-13	8.850762631903882e-15	1.4384589442769254e-16	-1.664966858904445e-15	6.8303606844978726e-15	6.527976524413984e-16	-2.501311978114101e-15	2.924307167097109e-15	7.61877794343276e-15	-7.214240000032826e-15	-1.7428515041607209e-15	7.690058468739794e-16	4.322393647023326e-15	-8.410773237854124e-16	-1.0854807220279628e-12	-1.7446783863166007e-13	2.928602619181467e-15	-1.3266434314659948e-14	1.5597627637309803e-14	-6.663943900577815e-15	-5.326726369394976e-15	1.3354694402401769e-15	-3.1026464690258766e-15	6.212665342865119e-15	-5.611954433088082e-15	-2.6962527400251923e-16	3.5959880244678077e-16	-6.181365933721468e-15	-6.158992964536692e-15	4.0084999455812055e-15	2.4034203182665864e-14	-1.4011763534555696e-15	-1.6437260561799706e-15	-6.1355302002394245e-15	3.592647207048179e-13	-3.3676195070194537e-15	2.009420019518106e-13	1.1069362444012675e-15	9.760861869580973e-16	2.240756950990985e-14	-7.127171389927702e-15	3.501300757167499e-15	2.1440942783787083e-15	2.4060572228217803e-15	9.17927544974389e-11	-3.726779138197268e-15	1.8708915315629054e-14	3.031022790390524e-15	-1.4340782403735073e-10	5.589414537865352e-13	-2.642629486698624e-14	-3.0499929912941893e-16	-4.2974843255081785e-15	6.489648505116459e-16	-5.970248123214002e-16	-1.9720405603609096e-16	2.395418966465077e-15	-1.1677277866719711e-15	-7.225121409094358e-11	-2.9405493321547627e-15	1.5728284189863662e-13	5.993067560963675e-15	3.450137086008429e-13	5.86141995550516e-12	2.300067353964139e-15	-4.3340247277950846e-16	-8.234551826345596e-16	-4.363204848381937e-15	6.366444473505814e-14	-8.63435553754052e-15	-3.051778653147117e-15	-3.993939352171259e-15	-1.052403673541967e-12	3.348323179283676e-16	2.7751117393700775e-15	4.0642684953313377e-10	-2.3572842250171894e-8	-0.46250786280939793	7.466199042592379e-10	7.765948341796316e-11	1.244336051078499e-7	6.198659188780185e-10	-0.38482251093301795	4.491812021821242e-10	-3.5283778334759443e-9	7.790607733854133e-13
89.0	0.00020764308744252648	-1.1942674444306641e-8	5.584750463651682e-8	-2.081315213432032e-8	1.025085395674668e-8	-1.678287844808223e-8	1.3558206288358064e-8	1.6008142155007406e-9	-2.7397631983561453e-8	-1.3613832711080775e-9	3.035373916774363e-12	1.2074800290186566e-13	3.063132347801603e-14	8.327802800903412e-15	1.907861133624944e-14	-2.2175444494620817e-14	-1.3154379589886691e-14	-5.8712127821666164e-15	2.0655723036305636e-14	-4.4516427735381685e-14	1.5795203814249528e-8	6.191290927004634e-10	2.8928105276482307e-8	9.937623883287103e-10	5.1832665298481865e-8	6.6675797473529565e-9	-1.7120008364084848e-10	-1.0920136661754464e-8	7.760484499974154e-9	5.171843086561633e-10	6.495858725531752e-9	-4.850073712730837e-9	2.0584539629927735e-11	-1.630521788575713e-10	1.2180765306996844e-10	8.541369257582298e-9	3.014865847859114e-8	2.3690133725597164e-8	-3.90526602367967e-8	1.2648596386111303e-7	1.2906655786248223e-7	3.006969059142832e-8	1.0961016323437353e-10	5.5069632650464597e-8	-1.0261126991762997e-9	1.9287243400108214e-9	-6.330883451810259e-8	-1.440095010994578e-10	-5.013571160794788e-8	-1.6957850077565444e-9	1.698989633811141e-13	-1.0059675081221524e-9	-5.677978918903651e-10	-5.6469801263788395e-8	2.98255670326343e-7	-5.925271175826266e-9	1.7890342210660782e-7	1.0733247096549648e-7	-4.259593247424154e-8	-2.504272627367441e-7	-8.61843007945795e-10	-5.431414609641119e-10	1.7399086557760018e-7	-3.199427922430973e-8	5.949995144906128e-10	7.057215914478513e-9	-8.920302634129787e-8	1.0165115235954501e-7	-5.0863839017539183e-8	6.451329079212933e-11	3.652241417828629e-13	2.403039527967967e-7	2.709702533702428e-9	2.846815730285818e-8	-3.7225319021727484e-9	-8.549831876107212e-9	-2.330903927760215e-7	4.839300393233874e-8	-6.42245837221034e-8	1.4066446910456198e-8	-1.2972064302002962e-5	-3.80818537794794e-5	-0.33075359334861304	-7.434665276698379e-7	2.0256987940329242e-8	1.3648289658670329e-6	9.069971479067785e-7	-0.46036407090841386	-3.368789193093899e-7	6.244098940650346e-9	-2.65502049965657e-9	2.7465526233622195e-6	6.905044788970678e-7	-3.427499276043648e-7	-4.381336547757089e-10
90.0	-2.8564330336560005e-6	9.244597085668315e-12	-8.843046162008768e-8	-1.7079638377710962e-9	-2.486581113311036e-10	-1.7981369577835463e-12	6.770787073123644e-13	2.601786013887465e-10	1.050333736596313e-10	-7.041124468530884e-13	1.0547456150610684e-14	4.749713450759807e-14	3.925835544813883e-14	-2.1441075439124513e-14	1.678408404448542e-14	1.0482551063746994e-14	-2.0901935940481546e-14	-3.2742131643496457e-16	3.446266043224827e-14	7.981132054827712e-14	2.77701369790886e-12	-1.1130313463087012e-12	-5.005368874435641e-13	-4.380778546479309e-11	-6.94198717652098e-13	-4.298033535409038e-14	6.554837111834495e-13	-2.6717578490553147e-10	-2.298164703592748e-15	-4.616086149910869e-15	-5.304291760891947e-14	-6.938253983859659e-14	-3.914763036477747e-14	-6.214143565690144e-11	2.5246112831109152e-14	2.227788806413654e-14	-1.5997363450673082e-14	-9.63177860192033e-14	9.946598303169875e-12	-1.6938970357847631e-10	-1.8816265058547193e-12	4.800400721581657e-15	5.685394889628791e-14	-3.3676806458039503e-12	-3.007913273337156e-15	-5.293614444135397e-10	-2.4539017759451346e-13	-3.489610201001588e-14	-6.803345876912788e-13	-6.882686982807542e-14	-2.934049213094867e-14	-7.48146402343459e-13	-6.404009635168355e-13	-1.0007970797407046e-9	3.216200474790272e-14	-1.355820576053732e-13	2.0281650806861051e-13	-1.8114890903581516e-11	2.8443388740547203e-11	3.657931085076811e-14	-7.361828694582572e-14	1.589667321750522e-14	1.140736958682788e-13	2.471535092913274e-13	1.0585815202669529e-13	1.0660114112276719e-13	1.0145722344599131e-6	7.103553957520922e-8	2.459999281388866e-13	-2.4509430522490494e-12	1.5699552702887544e-14	8.487940053043649e-7	2.906363762602697e-11	3.106997559710604e-14	-3.895669601680865e-14	-1.152684869847267e-13	8.903047017308196e-14	-1.1097895884535758e-6	-3.106669354920851e-10	5.868057540455842e-14	3.841439916618556e-13	-1.4160868753780697e-13	-7.322188521016407e-14	2.527806168882063e-14	-1.136221070136493e-10	-4.8618365849491076e-8	-8.333476730917046e-6	3.616744787718537e-6	-0.48147888071996797	-4.979962005493469e-7	-5.103713397209675e-9	1.6585312096569337e-6	5.00773808276897e-9	-0.4445667386886262	2.5457493340616108e-8
91.0	-7.832985148972314e-8	8.92195793726224e-11	-1.511530687466942e-8	-1.9496001980780914e-11	-2.1329205383228272e-11	-1.2765651052920211e-8	-1.9437980413629374e-12	1.6170184828721145e-8	1.923047323134806e-8	-1.7958783230323256e-14	-1.4151754261856756e-15	-4.3361115818264274e-15	1.2076843296021308e-15	-5.372844333881906e-16	-4.837886117664672e-16	-2.03171016794311e-16	-6.039186598998544e-15	1.4347061001252284e-15	7.443447713664092e-15	1.4863042979533503e-14	-1.0072188020313155e-8	-4.719595986641095e-14	-3.19731212561564e-10	4.121178518291888e-9	-5.391501589797898e-14	-1.5241697877768634e-13	1.6991529711019027e-13	1.5519674230371053e-9	6.292980459648989e-14	-6.0243829239428615e-15	-1.5847829721703927e-11	4.55298234010304e-14	4.7305163800893946e-14	7.542176867856437e-9	2.6367207916556164e-9	-2.1044399756879953e-11	7.973615799745926e-15	7.253050699103369e-13	3.95918431153326e-9	-1.566053509362785e-8	-1.471451651003557e-8	5.073072699228985e-11	1.2196041160490723e-14	4.5232948262896675e-9	-4.847373045492598e-15	1.4464394353813116e-8	1.4164004968057102e-8	8.07460923211295e-15	-7.015378024593372e-12	1.828452753788179e-15	2.948978246927053e-12	-2.232060996264478e-9	-1.050834733682185e-9	3.080574933328733e-10	9.468193576714877e-15	4.342629500355549e-15	2.504942393376404e-15	9.006619381915102e-9	1.525959577881181e-11	-5.113497244992743e-14	7.768749022991212e-15	-9.69294360487344e-15	-8.788156292093004e-13	-7.306901765829871e-9	-5.1558962619886305e-9	1.930009587748378e-11	9.037456907771151e-14	-8.536911737079349e-10	5.885858478122535e-14	-1.4688818932885594e-10	-1.94486896205881e-14	1.8096726725577547e-10	4.4336472766249614e-12	-1.1873575039844653e-13	-1.3162994999538213e-13	4.1953468693858853e-13	-9.749715141130212e-15	-8.139095408417876e-10	-4.464247332534258e-10	-4.706123644333316e-10	-1.865838300039286e-9	1.4519543680568828e-9	-6.009766824542195e-10	8.443572707675564e-10	-0.37596529690828656	9.8927049572761e-7	2.9012897621548217e-7	-4.7835232503494435e-9	2.2224781186787264e-10	-0.47257981347495415	-0.0033287751877647087	-2.128781386278444e-6	-9.291783106323912e-11	-1.0250876989562505e-10	1.7042490950769464e-11
92.0	0.02766131340824314	0.02766234430140494	5.943635879758533e-5	3.4605515823539533e-6	2.4627263699972387e-5	0.0003376976865653412	0.0004847947542657049	3.668614080845057e-6	5.385106758895076e-6	5.183231789059701e-6	4.0190769386790233e-7	2.504764000586183e-5	2.455142399317655e-5	4.273412330953836e-7	2.2332197387544585e-7	4.1273764064733015e-7	2.0078116325257783e-7	8.715276772302649e-5	0.00012229954847535625	1.4092239265523897e-6	3.8873001038121344e-6	6.47359883866399e-6	6.842196290794559e-6	0.0007087646212374996	0.0008950439528726055	1.1304129873732928e-5	1.1119355339822968e-5	1.4821814690401826e-5	8.492859250252194e-6	0.0009104704898010717	0.0011252813434947599	1.095167192896124e-5	1.0820190681879826e-5	1.1417281871734777e-5	6.823708072137746e-6	0.0011312542775288753	0.0014273612090109306	1.062921856492577e-5	1.0849605968213057e-5	9.115933119670044e-6	5.637125955902731e-6	0.0014335988324497484	0.0018538299274985753	1.061594832198632e-5	1.1277941584965563e-5	7.419606248045842e-6	4.799508649971798e-6	0.0018626068065385306	0.0024764803977338165	1.06865926528814e-5	1.138126083023033e-5	6.42227489896965e-6	4.2560320399383646e-6	0.002487499420537772	0.0034229954356978245	1.1283019948148338e-5	1.226532636325358e-5	5.641649912870505e-6	3.820901246933068e-6	0.0034265031290106195	0.00493065905921262	1.2599206209858077e-5	1.4095383051093218e-5	5.127319529036864e-6	3.3225651538944874e-6	0.004943282634019705	0.007536421771704116	1.474966900021806e-5	1.6895495744789898e-5	4.561350535485661e-6	3.132017580408249e-6	0.007553992422959124	0.012382640373955598	1.9538820027928253e-5	1.871764046357214e-5	4.661737567219527e-6	3.4499972276872963e-6	0.012469342680911497	0.02134914744310524	2.0666426016898402e-5	2.455528225519068e-5	6.565526082018052e-6	4.515553478109881e-6	0.022426499943372178	0.03079821798641963	1.8426682487774184e-5	2.992141502454283e-5	3.4431379632205876e-6	7.40931201109365e-6	0.028577072970106348	-0.440684100376601	-0.00022145873614324497	3.97620943553247e-6	1.184162600986637e-5	-3.4019965958224802e-6
93.0	-6.247032482943603e-7	2.038462517267046e-15	1.6257975360724188e-9	3.3524072480879684e-13	6.430708151511801e-12	1.5194055664095164e-13	1.5946455504054993e-13	-1.844958427361298e-11	3.2855276481781083e-12	4.424212914345026e-13	7.511376068180544e-15	-1.7942640344036237e-15	-8.076004908080796e-16	5.6058404383825814e-15	1.0777295902989634e-16	-2.1512225398349997e-15	2.4413495464740255e-15	5.866449458314167e-15	-5.996012333033004e-15	-1.1955770960066752e-15	4.080421663787345e-16	4.926186859873363e-15	5.548110841230079e-16	-9.026214714751891e-13	-1.053574642828504e-13	3.9524573975450436e-15	-9.030664490395329e-15	6.619782778518914e-15	-4.946671262159002e-15	-5.0615549609119495e-15	1.0043640051399097e-15	7.146802560765818e-15	1.0021508229971884e-17	-1.6020790600236551e-15	3.4507854026829376e-16	5.760602119601279e-16	-5.887339328298145e-15	3.036258686050453e-15	2.543478655812063e-15	1.8351790810984886e-14	-1.0131632144475951e-15	-1.83794134628311e-15	-5.458917815004896e-15	3.4051022053159447e-13	-2.633582694625615e-15	1.754486088340985e-13	1.5382498089747878e-15	1.4034942583742568e-15	2.3144795554026336e-14	-5.081293634658422e-15	2.2508882637788422e-15	-6.708235475186513e-16	1.947656343306285e-15	7.550662498324132e-11	-4.448216665224225e-15	1.5105068758470938e-14	1.8381526731985064e-15	3.473424647868216e-11	4.522396629012729e-13	-2.0247250557039773e-14	-6.74213430896697e-16	-3.2670544453634563e-15	-4.437478564465129e-18	2.0847955306495105e-15	-4.744873163553392e-16	1.7020790619629366e-15	4.216219175638311e-15	-5.3709611652806263e-11	-1.2708194491302313e-15	1.2613847288651192e-13	3.5078123685388017e-15	2.4828125808923553e-13	4.218555556605361e-12	1.6684186102849954e-15	-7.317066560379196e-16	-1.9173402472953164e-16	-3.803056010048878e-15	4.5696954702109477e-14	-5.3594231622362196e-15	-2.2049832628134953e-15	-1.1136963117247684e-15	-6.978567725891342e-13	1.2019806689496547e-16	2.3103323578583765e-15	2.8357303880454434e-10	-1.898519552661793e-8	-0.3345982802411424	7.488365411274136e-10	8.86574273424881e-11	8.396344710524567e-8	5.319990286477793e-10	-0.45657316426529493	3.471536292051812e-10	-2.281917662496735e-9	7.374837172064685e-13
94.0	0.12137903528147129	0.12137433087486674	-0.005035465467497703	-0.0001015260348444847	-0.0006837269848731409	-0.009553235629610763	-0.012814805116130198	-0.004894744743016505	-0.004693571701748938	-0.0001500852869834357	-1.1682553191771262e-5	-0.000659995779999438	-0.0006009494130559585	-0.00040968544139744064	-0.00013021047179817395	-1.1908616897007387e-5	-5.199203940251305e-6	-0.002139030849564838	-0.002774957314636419	-0.0014764940432724575	-0.004318718662660679	-0.00020496985553327993	-0.0002009123754753927	-0.0160643174022033	-0.018609363920998833	-0.00767868269046498	-0.008636465694155979	-0.0004303719426956902	-0.00024309122878043158	-0.018916771407930088	-0.021271387269636254	-0.00868045484974866	-0.009874213894368376	-0.0003259484660021956	-0.0001901566816951225	-0.02137555000229331	-0.0242956145497215	-0.009925776699120223	-0.011441731466631525	-0.0002553040729587384	-0.00015379432402382463	-0.024389613507568547	-0.028056305030876555	-0.011485558205010616	-0.01345005821085793	-0.0002045217777481368	-0.00012663914269271147	-0.02817128916145465	-0.03280912393367487	-0.013515683897994448	-0.016117044934549414	-0.00016973004503399963	-0.0001087622035361575	-0.032932641145965016	-0.038903855212030325	-0.016201262223890234	-0.019765525526707073	-0.0001434028811282182	-9.177575284954163e-5	-0.03892083236573047	-0.04676857519013962	-0.01988393966367144	-0.024966672449263098	-0.0001233071958952347	-7.342093522776123e-5	-0.04685066372357032	-0.057316222915495006	-0.02516289141248154	-0.03274445489867259	-0.00011109110546971567	-7.355557272688978e-5	-0.05740484000145673	-0.07091501737717917	-0.033216196700595974	-0.04519123724989174	-0.00011143651027057146	-7.606162474655325e-5	-0.07125467754616646	-0.08204448802994727	-0.045931183229757575	-0.0663455648452106	-0.00013693845880478588	-8.99481510023978e-5	-0.08580561794147583	-0.0602870629986233	-0.040731712848259924	-0.07768293073055453	-7.869065395675254e-5	-9.881994686228516e-5	-0.05622801826745917	3.9221455427431386e-5	-1.2100264677840103e-10	-0.45432897961357216	-0.0006634144868296118	-8.41059819738883e-6
95.0	-1.8567424974157628e-6	5.936000082235112e-12	-5.721134677425778e-8	-1.0886702285459047e-9	-1.5803085623227562e-10	-1.1404977323685087e-12	4.3603308202945993e-13	1.6681619136123004e-10	6.592390159171906e-11	-4.099711495275159e-13	7.980808876656803e-15	2.934517664175405e-14	2.6930598995340124e-14	-1.3106868775168638e-14	1.1466355222188182e-14	6.469164248301262e-15	-1.2214765066060897e-14	6.121398412824389e-16	1.9949132935845695e-14	4.8694682202416226e-14	1.7900695538577012e-12	-6.754991304518194e-13	-3.2202312009435894e-13	-3.330765862019551e-11	-4.464572433928112e-13	-2.5227606957049864e-14	4.2205683130251644e-13	-1.7184036050383605e-10	-4.676173197401414e-15	-1.5806667858774913e-15	-3.270173040179559e-14	-4.3121289690622074e-14	-2.6892211317340803e-14	-3.9918329661851714e-11	1.7056035898229893e-14	1.6112060093396797e-14	-9.529350093752933e-15	-5.962628769073789e-14	6.315883797136499e-12	-1.0887021843038075e-10	-1.2131207452537322e-12	4.2841524579390034e-15	3.688841708402617e-14	-2.507930590688496e-12	-3.5504133178415877e-15	-3.4069347254771555e-10	-1.4193928033311597e-13	-2.212540845251065e-14	-4.683458510381189e-13	-4.551336593953161e-14	-1.9013167705648153e-14	-4.92694614199226e-13	-4.1212957023131704e-13	-7.493031482444719e-10	1.839323723731877e-14	-8.390289478346323e-14	1.2964403947147248e-13	-3.316663613399106e-11	1.833308469236566e-11	2.2794050978097144e-14	-4.8188604747116166e-14	1.0113317076673855e-14	7.55822542517005e-14	1.6775621730400228e-13	7.27729465913269e-14	7.002104220618778e-14	6.707778878441099e-7	6.574075363508766e-8	1.5247177376265627e-13	-1.5721805376937513e-12	1.0920652836987026e-14	5.516780473441693e-7	1.8034992854450348e-11	2.040241800702481e-14	-2.4782000116927875e-14	-7.599420600508361e-14	5.87494409998245e-14	-7.338187914682644e-7	-1.9442820932552715e-10	3.7406078473802116e-14	2.5216285405456576e-13	-8.81676938154098e-14	-4.913867952916904e-14	1.6545111602400045e-14	-7.424861955410653e-11	-3.07880330103115e-8	-5.241578991372568e-6	2.276834606723243e-6	-0.3052189175029469	-3.088890891861722e-7	-3.2283818415839883e-9	9.925525992257478e-7	3.483089808213043e-9	-0.4538275245237196	2.2325217087225097e-8
96.0	0.30819727699924504	0.3082259664378587	0.2009045406082826	0.10994296478172556	0.09297789738374261	0.1775553559552733	0.223737489388365	0.16886008702196234	0.15047256294987735	0.018886968764610226	0.0027570975025411836	0.011454265782220465	0.009740454548742516	0.013118799017002178	0.003849818193129088	0.001788734866628522	0.0008862172878472014	0.03469798255949006	0.041837756304183696	0.04402537786079988	0.11919231448819152	0.061388092065551625	0.09788950201155278	0.24185121225406833	0.2589802873602886	0.21023268653816912	0.2176570142109316	0.13320311785795208	0.1314428606972262	0.26179856838996013	0.27030831997913607	0.21762441594045515	0.22587067824535498	0.13748302231183046	0.13634579612961786	0.2701901907980863	0.27950477322155365	0.2259162495905302	0.2351087912266571	0.14295906120173935	0.14224082046483238	0.2794234914947612	0.28955604645103405	0.23536232720351094	0.2456124654948524	0.14978636199885142	0.14935312757198835	0.28949793857384537	0.30025837053083637	0.24605123760786757	0.25746072639464795	0.15818676390700603	0.15797700266862652	0.30032371866447094	0.3114406367871197	0.2583509282615493	0.270950592754246	0.16844227107246065	0.16839022298625783	0.31180109606189976	0.32272985589444275	0.27251246713002364	0.2860008036196527	0.1813723610112861	0.18145579694116065	0.32337073466677746	0.3323792302574114	0.2887032172418895	0.30184498358835554	0.19820393509566353	0.19850062817226782	0.3336854295261182	0.3360186911525021	0.3067743904778844	0.3152355737581075	0.22101197425195726	0.22154495320850837	0.3394787332085247	0.306482325791518	0.3246883278413092	0.3150901369679234	0.25458075781895595	0.2555548804629033	0.3297664093560828	0.17706925957607483	0.20530440440128445	0.20478718181885766	0.30836866643846206	0.32324936679850497	0.20461345161558492	-0.0005972138469998804	3.7817345254593853e-11	-1.0581457728589621e-8	-0.0015169250506641729	-0.47790312855333184
