# i	1	3	4	5	6	7	8	9	10	11	12	13	14	15	16	17	18	19	20	21	22	23	24	25	26	27	28	29	30	31	32	33	34	35	36	37	38	39	40	41	42	43	44	45	46	47	48	49	50	51	52	53	54	55	56	57	58	59	60	61	62	63	64	65	66	67	68	69	70	71	72	73	74	75	76	77	78	79	80	81	82	83	84	85	86	87	88	89	90	91	92	93	94	95	96
1.0	7.026468296089661e-11	0.0020698727421828546	0.0009624120367967019	-5.356688735628642e-5	0.0015184632568201453	-0.0011309444232048826	-0.0035848500939661115	-0.002964529145550794	-0.004150175748484756	-0.0005025199905152895	-9.763195323445296e-5	-0.00020252046398720145	-0.00016693284542497163	-0.00031825165535681843	-8.027209811608563e-5	-5.363426202813335e-5	-2.1506518360715934e-5	-0.0004994162424066645	-0.000584730401944708	-0.0011017231465148979	-0.0028103337625972	-0.0025682725744037268	-0.004115075255683767	-0.0030095980629248685	-0.0031224937129449744	-0.004831001527992731	-0.004606738607120784	-0.005315231420828911	-0.00514810738341047	-0.0028740650225868645	-0.0028779491568052236	-0.004573571688633179	-0.004359182221317379	-0.0051692660951430875	-0.0049886299925675	-0.0026861306108799995	-0.0026907955385546975	-0.004350159741591331	-0.004151169942331705	-0.005010883427887032	-0.0048300471970624086	-0.002530893322024416	-0.0025369355634584294	-0.004131772774952365	-0.003950668924821761	-0.004825609378413835	-0.004651119748635435	-0.002391758407160989	-0.002399375308470307	-0.003933021927908578	-0.00377041351729647	-0.004642182645804922	-0.004478820204828561	-0.0022748653816812552	-0.0022869378386075364	-0.0037595570179673977	-0.0036137119443113803	-0.004472440205624113	-0.0043221417802223544	-0.002177665541962313	-0.0021980584073591825	-0.003609068612734614	-0.0034786862008603916	-0.004322509661146708	-0.004185988993908107	-0.002095380468583091	-0.0021245335285953928	-0.0034675159913412873	-0.003350057169677164	-0.0041760428452608965	-0.004051495380211441	-0.0020293360697656382	-0.002074997306730382	-0.0033439408535863753	-0.003236742112733156	-0.00404374392547417	-0.003926275074434654	-0.0019768648280292273	-0.0019394393828361333	-0.003214259192020836	-0.0031284037146632085	-0.003913121189560518	-0.0038039021675255608	-0.0019316712530660965	-0.001419305939773071	-0.0018636544778808937	-0.002349516645382171	-0.00365355168214002	-0.003682739168725492	-0.0013633830632848972	0.0017719763647219989	0.0024035150834161518	0.002578307756310229	0.0035548730277087538	-0.002859388208067242
2.0	-2.1546345158052205e-7	4.306180740700605e-9	-1.0387877623698941e-5	-9.838884984424658e-9	9.226071700706427e-6	1.422952025112445e-6	-4.907626896478914e-7	-1.0973885614429908e-5	-1.2329847239564588e-8	-1.7844305452559843e-8	9.949573256068578e-10	-1.2312692033902561e-14	1.6240036985065227e-14	2.943127694405249e-14	1.5496758566405058e-9	-3.694092817897766e-12	1.9592794767469663e-13	-9.272242354803248e-14	-2.465988887993866e-14	-1.7002996391555787e-12	4.520311823752205e-10	8.109831937569194e-12	1.1933673346264115e-10	4.030129893367605e-14	-2.0504355674827205e-14	-2.7826980883150616e-14	-1.2502593791280043e-11	1.6058995687087462e-12	-6.023722018081724e-14	-4.699747114688472e-14	-4.4702837598209344e-14	7.073919276946275e-13	4.32818793666923e-12	-1.5488980050547303e-14	-1.785119122700128e-13	-4.588230301886705e-15	6.868063126441571e-14	2.553283570083697e-12	-5.640449027926018e-12	9.18984349927517e-14	-8.341058052145954e-14	-7.385889634782394e-15	-4.495176618418382e-14	-4.616302464456412e-12	1.310825988725391e-11	-8.0683870130972e-14	-3.1871392194108953e-14	5.612030489862219e-14	-2.602480423283008e-14	-1.0293662524940428e-11	-1.5778587973631507e-11	9.272349054393784e-14	-7.679011821023717e-14	-7.3755452155388e-14	-1.0571178638838092e-14	-1.3832928302074653e-11	1.583642496813485e-11	-7.036918363062496e-14	1.3553207636221436e-15	-2.149574278400439e-9	3.437177185671647e-11	3.2443618470927606e-15	-8.741714016156629e-15	-4.057228333771613e-14	7.307551960182394e-14	1.2441203421974083e-14	4.6911433306205295e-12	-8.499178111100699e-14	-3.870283921776685e-11	-1.823666901418447e-14	3.2517659830254397e-12	3.6362224922077004e-12	-3.6090354219419027e-12	3.414111301044297e-14	9.794360299909229e-14	1.311009147630626e-13	-3.2027641024816995e-14	3.820417968345174e-14	3.5812479081855564e-11	1.0333310030461481e-14	-7.850468704350253e-15	5.654203326022927e-14	3.076611760026581e-14	-7.55821259515222e-15	-4.743723198511199e-11	-3.922923510477582e-13	-1.0868638456010577e-11	1.0219557592729045e-13	6.527293499537446e-14	-3.8830672102538275e-11	-4.181400314460086e-13	-6.035065781876396e-13	-1.8683534469142683e-12	2.414786370437307e-13	-1.145776307197853e-11
3.0	-2.8607004043564033e-7	-4.46951170518517e-9	-1.6713106739264794e-5	-2.4838029577534115e-8	7.078165197170819e-6	1.6207483413130654e-6	-1.0356654985823818e-6	-1.7091808429653403e-5	-1.9430396164536907e-8	-3.3548807943512005e-8	2.3696324767848165e-9	-1.6757428777935957e-14	2.7200464103316335e-14	2.0337898032352086e-14	1.0834872027354336e-9	-8.86249407194839e-12	2.0159221514326475e-13	-1.1143863609675009e-13	5.878977860085399e-15	-2.9126336759111027e-12	1.2208097033283852e-10	1.562379219055554e-11	5.424877075332901e-10	2.9531932455029164e-14	-2.482389294122811e-14	-2.195466031196247e-14	-1.2953124683967587e-11	2.2054164050544504e-12	-7.01435437511222e-14	-3.535041183388987e-14	-1.9489618252599428e-15	6.759592885430266e-13	-1.863967313830983e-12	-3.211320098728265e-14	-8.38832475702489e-13	-8.7510294149995e-15	1.1971998913062887e-13	-8.026634912283725e-13	-1.9416770274949258e-11	1.2195799925507345e-13	-8.157710618128533e-14	-6.0750016128707784e-15	-4.143907439413397e-14	-1.7608837998839277e-11	3.1773726445055717e-11	-4.206704429243757e-14	-4.133325626209938e-14	4.523464935957122e-14	-4.016643788407048e-15	-1.9938439788091955e-11	-3.7016954605728625e-11	9.201840678318973e-14	-5.76448611067093e-14	-1.2424497194962747e-12	-6.405683275478857e-15	-3.206913901099284e-11	3.438831142586751e-11	-7.98293722792387e-14	-2.2464669013899656e-15	-4.099607699972405e-9	8.055461396397953e-11	1.295708332293977e-14	-1.7374990335383694e-14	-4.7795101210113e-14	7.379253458283941e-14	-2.510721448453768e-12	1.0637937579438539e-11	-8.133337753291059e-14	-7.518527467276215e-11	-3.050684704852813e-14	-1.2772682217443432e-12	7.011237077025889e-12	-2.413211991347808e-12	2.611626193083083e-14	8.088321679089461e-14	7.050349887238738e-14	-7.212091167330127e-14	5.356826093816378e-14	5.193143137738332e-11	-1.5763432226201246e-14	-1.3485089780940207e-14	2.2382052808356256e-14	1.454543950563103e-14	3.8814437774981044e-16	-7.107890223124504e-11	5.979448707005286e-13	-1.77352284334159e-11	3.194584353993779e-13	5.6701171535777917e-14	-6.091541442272697e-11	-5.484475720796134e-13	1.033301048891655e-12	-2.019066120892421e-12	-1.8218542993664327e-13	-1.1089416711296263e-11
4.0	1.4034249262801714e-6	-6.762839974442866e-9	-2.802077381301553e-7	-1.0480537561478832e-8	0.0018817532897071154	9.634095525097716e-10	-1.0894409027751762e-7	6.22599402682377e-7	1.256418856629925e-6	0.003993061086967609	-2.789457520375779e-10	-1.6121425672015448e-10	3.2616237178272316e-10	-1.0527654415544083e-10	-4.960785200593815e-13	-7.340573461578348e-13	2.8642696938210865e-13	7.57365309789898e-11	-5.7079049874207e-14	-3.4548122012940247e-12	9.205647285041517e-12	-3.783228904834907e-9	8.164115157774008e-10	-1.3902084304161406e-11	2.9734773128974046e-14	8.482951496737064e-12	-3.2285859084818644e-10	-2.256032429466524e-13	-2.2039092264977204e-14	4.540900058765748e-12	-1.2649628548883833e-12	-2.9171417083133366e-10	-2.8077217972000417e-10	1.8164583284919914e-12	3.644266159640708e-15	-3.146558729726355e-14	6.452187875968176e-11	-3.364749424857082e-10	-1.7752371130386516e-10	1.801705296627567e-12	8.374905763770839e-13	7.942663629734429e-14	-9.654732254556903e-14	-4.9855662786030096e-11	-2.2292687574202817e-11	3.0496700881781596e-13	-8.456052335170338e-16	2.8828742872423518e-11	-5.372861949186447e-10	3.684989626062522e-10	4.57854214882137e-11	-1.885671447340485e-15	-2.3630179467178873e-15	-1.2507665985107415e-11	-2.1162257413070486e-11	-5.010582789165784e-11	-5.108399713948229e-12	-3.1319697094458366e-15	6.1408054849605985e-15	1.0802596227453398e-12	-1.4646679377072452e-12	4.4031552475708136e-13	-1.7018201423275343e-14	6.945650855134067e-14	-9.43189573735366e-14	-7.739961957757472e-12	-7.616183287071373e-12	6.711635874719318e-14	2.8015066887458975e-12	-7.935918801501213e-15	1.2782600306506847e-13	-8.046634122498052e-13	1.9427826944987342e-12	2.159542580397716e-15	2.0780219060924756e-15	1.9677899303683735e-14	1.580435423285983e-12	-2.153021562575039e-11	-2.8066205837531683e-9	4.335406511601133e-14	5.759382442687425e-16	-1.7785928365318707e-12	-8.548262677204008e-13	-3.5089724674274933e-9	-1.0928374182417383e-6	-1.3432452487935485e-7	-1.5960559627638854e-6	-2.5966290755473035e-8	-8.182690213195521e-13	6.1929927356314176e-9	5.980829305696144e-9	-7.418114006715511e-7	2.825130523192469e-8	-5.989457708432325e-8	1.4521164604619464e-8
5.0	1.2705098770224952e-6	-8.253978233667289e-9	-2.032891850198952e-7	-1.2749320187125751e-8	0.0027320909918738113	6.932391455574025e-10	-1.7143172250256047e-7	9.127522777389715e-7	2.4328687239063686e-6	0.005568365143884978	1.4772408673375224e-10	-1.1462110096780928e-10	1.835083886436099e-10	1.3461674727406961e-11	-9.48349371918838e-13	-3.0078361515069405e-10	6.66085845605225e-13	1.5562306814303345e-11	-1.526915529778683e-13	1.1711452459401729e-11	-1.7820050478094788e-10	5.854184814512017e-9	2.3270298878883813e-9	-9.263039052703585e-12	2.1671927490432563e-14	3.032079045779397e-11	-4.839266296713385e-10	-1.6510305306211917e-13	-2.853204394211335e-14	7.693603512517327e-13	-6.724570698016404e-12	-4.675341522283427e-10	-4.445281572040046e-10	1.1300238885223563e-12	-1.8420239156690874e-14	-2.969776117731082e-14	6.333040258117879e-11	-5.378007681252012e-10	-3.032984888630755e-10	8.269981887612434e-13	7.905945185624971e-13	5.993984605531799e-14	-3.464654778351228e-14	-8.613573365039238e-11	-3.888629479184558e-11	-5.852769305444636e-14	-2.748662571421673e-15	3.893861578660451e-12	-4.661826434380673e-10	6.012229944175581e-10	7.941707595639658e-11	6.694100840049649e-13	-1.532383567910342e-14	-8.300744829990367e-12	-1.803600449329021e-11	-9.565367894732047e-11	-8.946935816452235e-12	-6.776428918865707e-14	1.0207411088244968e-14	2.560307678757881e-12	9.673991750898392e-14	1.5492647312612131e-13	-4.2476317060023675e-14	1.2465200448447472e-13	-3.86013784955605e-14	-2.136514869102019e-11	-1.1252506359419462e-11	3.375198341301622e-13	6.668158440101572e-12	-2.095152935692457e-15	2.362904628532621e-13	-2.144017087349695e-12	3.545308767697805e-12	3.171589510117534e-15	1.6936593186939186e-15	1.4822974932996585e-14	-2.4058831980138845e-12	-5.1826624534925094e-11	-1.0515292135500852e-8	-4.414364381845337e-14	-7.764906881542466e-15	2.406593736683886e-12	3.0345562624127173e-12	-9.82077196691813e-10	-5.670363758596099e-7	-1.876315017137857e-7	-2.0011265790964704e-6	1.5194036785966367e-8	3.366867494438569e-12	5.655817475569793e-8	3.11073466061052e-9	-2.50401857615994e-6	3.34247741099066e-8	-2.7703240764644247e-8	-2.4092439687820088e-9
6.0	8.660365377479056e-10	-1.782344115782238e-8	-9.74007428260298e-7	0.00026381635706455457	5.907886833921421e-6	5.7372098635199725e-8	6.507469874627189e-7	7.213562658125317e-8	1.3228103008450026e-6	-1.521246198628312e-8	7.005845135273862e-7	-7.850473063611939e-9	-2.4593304289214322e-9	4.124494971659244e-9	5.182616585126983e-9	-6.837985401324763e-9	1.7887322397087176e-8	-6.706807169907288e-9	-2.5470378252259035e-9	4.5360579180068894e-8	1.9491223298665105e-8	7.218883774713267e-7	8.21187444753542e-8	-4.750868342568511e-9	-2.879909413483657e-9	-3.940289849637584e-10	-6.543475305767152e-10	4.36414254043959e-10	-4.132813539024674e-10	-9.63090247336389e-11	1.3854535999281953e-9	-9.569954360369258e-10	-6.065045926066176e-10	1.3742543065569908e-9	-5.090662908489814e-10	-2.6700395204266175e-11	1.7087186921741371e-9	-1.0333902501413945e-9	-6.933185646418576e-10	1.9640285523786656e-9	-7.244266191320993e-10	-1.1152401170524268e-10	3.3598771874101445e-9	-4.941593216437404e-10	-6.294205276202508e-10	-2.1054342620944046e-10	-7.965958403029433e-10	3.024163395417317e-10	5.051232218280686e-9	-4.862008410488243e-10	-6.269899736389712e-10	-7.312171385694035e-10	-8.060148326766506e-10	-3.977872080123887e-10	4.674575607187866e-9	-7.968976187145023e-10	-6.356329848859928e-10	-8.058304629181496e-10	-8.505639518310286e-10	-4.344375389379179e-9	1.5444695507325218e-9	-1.0444830565497969e-9	-1.0857470617833729e-9	-6.781115127968766e-10	-6.913942964290954e-10	-4.904114535905086e-9	-3.295236196560467e-9	-6.922924891770293e-10	-1.989814308819577e-9	-2.2320993617273572e-9	-3.80445008723901e-9	3.2179517652983214e-9	5.5591532000572735e-9	-5.446351984857156e-11	-1.1395397096097305e-10	-5.628959288701135e-11	-2.9056354978324046e-11	6.866284147321024e-9	2.892621735152076e-8	-1.8473156381329514e-9	1.2070537169610318e-12	-6.416760092026186e-11	-3.761227912240858e-11	1.5261461285042196e-8	-1.9582246062101877e-8	2.472186227389303e-8	2.617999576392907e-8	-4.2498591533142536e-9	-7.382212820639805e-11	1.2638263747945938e-7	-1.4781585746864376e-8	-6.219428090646715e-8	5.816642768461354e-9	4.431581320006942e-9	-8.452122652404014e-9
7.0	-0.005351199721669657	-0.007605126192335684	-0.0006046675583886682	-0.00011564857091593288	0.00022857153748783118	1.1618558879264278e-5	0.002152019526714848	2.4786101346703093e-5	0.000662284930500892	4.262601061524256e-5	-0.00012123628599717679	-0.00011727583119381025	-7.652650027908158e-5	0.000348086155515521	0.0003748163642471273	0.00019517150132480302	0.00023730897036884546	0.0003360244769578248	0.0003512398542876186	0.00035457582357763674	0.0009209479253667884	0.0005852522481776523	0.0010795393681837337	0.001335608254457997	0.0013851082017835525	0.0015442882280911655	0.0016020526768588824	0.0013326890247545554	0.00145151177958321	0.0013036249990240622	0.0012993071642963222	0.001537219573268169	0.001540438489145892	0.0014028869452000954	0.0014647647581823655	0.0011775277208149954	0.0011750869757865337	0.001516312798433842	0.001497537631855677	0.001461905887573159	0.0014914409018712705	0.0010846617254386432	0.0010841203501163535	0.0014592498177376117	0.0014319711280621368	0.001469253262850892	0.0014804533571461916	0.0010131989646060807	0.0010132498571400602	0.0014141239436269275	0.0013845330299958802	0.0014646490316264332	0.001463700016975148	0.0009649228958239938	0.0009663282338128489	0.001384644177709186	0.0013538718546001834	0.0014647976440790634	0.0014566088597016435	0.0009353708026745649	0.0009397076684065201	0.0013642202382060798	0.0013334868207697762	0.0014696743211286408	0.0014567365215113024	0.0009064206195019251	0.0009158272796799719	0.001339715028290903	0.001309514823466368	0.0014716791016786879	0.0014566335015301632	0.0008806931003465287	0.000896272604132867	0.0013168072263610693	0.0012879861361230383	0.0014620259846298668	0.0014435498292563796	0.0008665059057454836	0.0008494692791450362	0.0012952956776392565	0.001271426443430649	0.00145762489502312	0.0014381073759028161	0.0008569859206761507	0.0006371592236065182	0.0007799713011380217	0.0009914186633865271	0.0014102358558457722	0.001438454611957107	0.0006255886641199917	-0.0007856375732957562	-0.0009940866869903695	-0.0010688942894113058	-0.0013629646312258378	0.0006415254246273492
8.0	-2.3275383080235904e-7	1.6733837034757e-7	3.672509399324802e-8	2.2088243577104194e-10	7.33988416469788e-10	-3.6311636364048445e-8	2.4690303277864277e-8	7.14655068044277e-7	5.188132678647354e-8	-2.5307073472508675e-9	-3.3026723549079936e-12	6.365826541427665e-13	1.3268230877154389e-14	8.740465536064339e-15	-3.3614205601509888e-15	3.0221177352011855e-16	4.3400576965694484e-15	4.114172530989521e-15	1.5804060187675885e-16	-5.769882624834376e-15	2.3691110835179176e-14	-7.589723063576864e-15	4.112847253820893e-11	1.5171397848227457e-11	1.637379322439319e-14	-8.675145370741728e-14	-3.7003789140687975e-13	4.7068796765484624e-11	-2.1120298410653613e-11	3.675989075484942e-10	3.6200744795036896e-14	-1.761061755090533e-11	-1.509423400933654e-13	9.111198871856991e-12	-3.200157627415053e-14	9.298364463354185e-12	3.4285011490169383e-15	-1.3759492078191388e-14	-3.777000154898506e-12	-8.252977488894584e-11	-3.841869762200014e-13	1.5274944822409797e-13	2.8159217519939926e-15	3.5974593020206087e-12	-9.400029446913e-13	-3.0284858196695146e-12	9.239858932255059e-14	6.401312884910407e-15	6.684733078640095e-15	-1.9702373409046748e-13	-3.1816613745474243e-12	-8.646318075759913e-13	1.7698008124175663e-15	3.4190957883228805e-10	5.387575742965118e-13	-4.605388952860468e-12	1.4371851434716538e-12	-1.1751246483319364e-11	-7.130287186511721e-14	-1.3657398699440448e-12	-3.2992124243788756e-14	-4.4616385630408856e-14	-4.320718122961487e-16	1.4731467514460475e-14	-2.9797387120949827e-15	6.068795720103602e-16	-2.7551317326167683e-14	-1.9755011336727844e-14	2.0106651055425325e-15	-2.5762257640071467e-12	3.0098266191184393e-12	6.698090038805895e-12	-3.0810325824518663e-16	-7.310941654647945e-15	2.3298920258795303e-15	1.8673093526743154e-14	2.7849458706655698e-12	-3.653935545365487e-15	2.6578112680430987e-14	8.104134111283269e-15	-2.4425799579177646e-14	6.38470552598544e-15	2.9842101479394555e-15	-2.074513654443625e-15	-3.2605774151275315e-15	1.3383403495474663e-15	-1.5695863560965815e-15	-1.491930850366358e-14	-5.275205936153229e-15	1.1151196598091185e-15	7.884786978111334e-15	2.4876892851528995e-15	6.8552997671865694e-15	1.131338141262865e-15	2.1954340345266645e-14
9.0	-3.2112363416416267e-7	2.3553881105903444e-7	2.659760535131947e-8	4.740259456235204e-10	1.9144969613155163e-9	-4.212599157376104e-8	-8.518370216454549e-7	8.731893669797636e-7	7.333388293091721e-8	-3.978059209079706e-9	-4.77279092024339e-12	7.73068971683163e-13	2.5559647624815277e-14	1.2958646729184351e-14	-3.959690063581995e-15	1.951423691316831e-15	3.7639109532650344e-15	5.0429036265888196e-15	-7.374743390051538e-17	-5.882463889887099e-15	2.217543488499238e-14	-6.4623347723191116e-15	5.827132162738191e-11	2.3041426498399397e-11	2.2686983495879063e-14	-1.2699636192741036e-13	-5.205000016068523e-13	6.91658054144509e-11	-3.052314598940156e-11	5.556567359056972e-10	5.3244200118946016e-14	-2.5690117997772387e-11	-2.2049381465104338e-13	1.3190262932009573e-11	-3.774161521453921e-14	1.4053938370542891e-11	5.142121322891112e-15	-1.6321158050698014e-14	-4.783725620835851e-12	-1.1955668910554253e-10	-5.540174422629451e-13	2.2512515201708575e-13	2.4002886932436166e-15	4.673890478531785e-12	-6.006215386734498e-13	-4.6839539759698304e-12	1.317778473278779e-13	1.1059050800790848e-14	4.906699237164075e-15	-5.390055013530251e-14	-4.877829386990653e-12	-1.2526247282907937e-12	3.437282023248355e-16	6.2349788015819e-10	8.054371498555303e-13	1.1310423268551107e-11	-5.28432113968549e-12	-1.6921194946509567e-11	-9.705458375395655e-14	-2.188725150645414e-12	-5.4185069144596883e-14	-6.74234578267424e-14	-9.852965063572298e-16	1.4188964993496518e-14	-2.5252947436301016e-15	1.0752379197070021e-15	-4.4333673922710255e-14	-2.2147855065379107e-14	1.459683068529812e-16	-3.90380408578577e-12	4.400952655629027e-12	1.0099612043934078e-11	-3.353791700719521e-16	-7.638073760042711e-15	2.371572049320557e-15	1.8983175310718402e-14	-3.856179724508512e-12	-5.5621065879538334e-15	2.7929501860358407e-14	6.685337803328079e-15	-3.2490525386071344e-14	3.058897148106253e-14	6.0694592585369864e-15	-1.6930022443072546e-14	-4.012523239094737e-15	1.1453921435275164e-15	-1.863519763381997e-15	-1.3112202518684402e-14	-5.85482354225678e-15	4.081235942501513e-16	1.0496723092772828e-14	1.9498040408392663e-15	7.111664259152125e-15	5.681832931980299e-16	3.111216610217118e-14
10.0	1.1819093926961154e-6	1.940349460105952e-9	1.5257646256427983e-7	-1.2893710032148867e-8	-2.1220190859104777e-9	-3.638374692847735e-10	3.943866184732452e-11	-1.0451845926193337e-9	1.9139840559069873e-8	3.4119181949070398e-6	-3.556507873352017e-13	2.1646017577634464e-11	2.53289095373992e-9	-1.6325031167962949e-9	5.478095730193047e-10	1.0289523546829637e-10	1.3873460641291072e-9	-3.3295209730522953e-12	-1.1649530924518917e-13	6.174279380933718e-15	-4.9268118748990435e-14	1.3956777721915795e-12	-3.376590895931784e-11	-5.8000110801404526e-11	-5.550738134975532e-15	6.444802749187459e-12	9.226548539217634e-12	5.3562449603583966e-11	3.609371672914924e-13	1.6220964214520132e-13	2.4642259966622153e-14	5.966826689746662e-9	-1.2550616934896311e-11	-1.4156563056445867e-12	-3.50654359944747e-14	-1.1232554076104657e-12	-5.273013447894406e-11	3.783878376835145e-14	1.1573655079151299e-15	-2.5458399832690665e-14	3.7736394892556706e-11	4.8051213776306714e-12	7.063970526084531e-14	-6.073627461540129e-12	4.0051369257304496e-13	-1.010067877504506e-11	-1.5711012987694783e-15	5.552080943099655e-11	1.5339778162510572e-11	4.3918739979926974e-13	-3.996592651330709e-15	-4.7567081649406715e-12	-5.800578849740238e-12	1.4595867369369766e-10	4.830929130276508e-10	1.3802148213398225e-12	-9.600271021022749e-14	1.573034973953118e-14	-1.732791705474756e-14	-1.1933946068494043e-13	-7.152127035195234e-13	7.15200725330421e-12	-1.1556497322857683e-12	4.83131949579166e-14	-6.443024447393682e-14	-2.0644501546915763e-13	9.583191788748733e-12	6.80553966710518e-12	1.0412353477993064e-14	-4.0604390104367816e-14	3.5904058988818997e-13	8.101037224178944e-12	8.36331546057686e-12	1.9005638512967118e-14	3.92851299182018e-15	1.3271162058449805e-14	-4.21044983782635e-12	-7.728516433378451e-13	-4.7421010278456934e-14	6.780472432877154e-13	-7.955743177755634e-14	-3.0900224068327017e-12	-1.7894460315773334e-12	-1.7585498491114716e-14	1.238069018559661e-12	-3.0688477619861537e-11	6.196410713911883e-11	-1.589795294834728e-12	1.2507885348825636e-12	-3.741717402122396e-12	-7.956120342733993e-12	-1.1382600386189252e-10	7.195484817368204e-14	-9.916454922706415e-12	8.043631647543861e-10
11.0	1.5252272918996464e-6	2.4463004576773377e-9	1.2825113766351735e-7	-6.801974585520025e-9	-1.868262053163255e-9	-3.7214455062767827e-10	5.8495108765395e-11	-6.476439742008531e-10	-2.5640096951607838e-8	1.2498646603590482e-6	-7.412410060023613e-13	7.614836332756317e-11	4.629809504913396e-9	-2.1053959433551435e-10	8.663827513306951e-10	1.1781464326379855e-10	1.7738503800870842e-9	2.842893795855136e-12	1.1802874026910785e-13	1.0078128031712561e-14	-2.0262217096938556e-14	1.7715696865538158e-12	-7.028128072248973e-11	-8.180002081332064e-11	1.6557249979705201e-13	1.1775280342381938e-11	-1.3618552211531332e-12	6.863525751874942e-11	4.581450984497549e-13	6.490520154612257e-14	-3.192733756830089e-15	4.094657832061796e-9	-3.772679787291536e-11	-2.609167376830881e-12	-4.226842999521627e-14	-7.896719679953215e-11	-2.8724635530846272e-11	1.1529741310024842e-13	1.2534675449083575e-15	-2.852171411682468e-14	4.4397280672709974e-11	6.4270674625843e-11	5.937350632405353e-13	-1.9791443345558323e-11	1.2428966535546015e-12	-9.28943675326207e-12	-2.7444623139722742e-14	4.893679959759615e-10	1.3848099893126906e-11	1.4522541031360672e-12	-1.5525719287195836e-16	-6.129310387217413e-12	-5.4746297998796876e-12	1.14168878361775e-10	3.699665244588822e-10	1.7429364140007982e-12	5.427011281471333e-13	1.5377847973444082e-14	-7.179474417498922e-15	-7.287449965202115e-13	-4.175045243927567e-12	7.492033579309144e-12	-1.2211248044282485e-12	1.6161674419153173e-14	-1.8172184058197495e-14	-2.973845804996906e-13	1.2758649225559083e-11	8.803954252522017e-12	3.4831306735582615e-14	-9.618718839025168e-14	-1.0636311565745669e-13	1.1387085592870408e-11	1.2464363359679042e-11	8.204076302909351e-14	4.148185636091972e-15	-3.062794066050354e-14	-3.6134333089485236e-12	-4.30663063156018e-12	-5.503934446200938e-13	2.424100227797259e-12	-1.1852476413417901e-13	-5.990885279119411e-12	-2.4943006721159883e-12	-1.3959732636257987e-14	1.090579540985595e-12	-3.275313180985479e-11	4.9122029547302575e-11	-1.4704391057623777e-12	9.736515189599652e-13	-2.9556217179004886e-12	-3.262851764413994e-11	-8.459583939196777e-11	2.5085645757211046e-13	-2.3705227467430868e-11	6.072339893474099e-10
12.0	-3.454804732307629e-9	6.1298960373084075e-9	-0.00011002435903526016	-0.0001451241420279284	0.00033981931370806825	-3.1279225734755447e-7	1.5848612107102932e-7	-2.6567386690097145e-6	1.8804280915592255e-7	-0.00030475135088614926	4.2629954345364865e-7	1.901080851068351e-8	9.76159884249972e-8	-1.0860908292541645e-7	-2.252289841902728e-7	-5.696196491575701e-7	-2.2336068395040387e-7	-1.4193197505298767e-7	-2.1943510274660293e-7	-5.662822978940931e-8	-8.58576824844481e-8	-1.9642690001108898e-7	-5.251654688647929e-8	7.356296295819103e-8	8.327992168860876e-8	1.0776564202904004e-8	1.072477289287999e-9	1.5725551290650794e-7	-3.6203219652165916e-9	-2.7458631182493867e-8	-2.1497178751393985e-8	1.1606461260974517e-8	-2.303004276684939e-10	1.4032882842469356e-7	-6.540348005629507e-9	-7.907013586226398e-8	-2.7923946689469002e-8	1.1426911881819183e-8	-4.081037965356353e-9	1.1022711075138028e-7	-8.29868359064731e-9	-9.694351287932986e-8	-3.9587170356472456e-8	1.3041727356214802e-8	-1.0502434322242455e-8	4.9015507098926955e-8	-6.326587312713606e-9	-1.1236040793375513e-7	-4.611148242591501e-8	3.011756872128318e-8	-2.039580141217922e-8	1.6295124476453447e-8	-4.22471492710596e-9	-2.111144195067385e-7	-5.824607814017129e-8	4.566176373757167e-8	-2.683564814609609e-8	9.936350210109128e-9	-3.96680584303335e-9	-7.748783426860014e-7	-4.492395085049614e-7	3.7506351704847477e-8	-2.5538385952979928e-8	1.0619013288656991e-8	-4.226929329961453e-9	-7.000805955203147e-7	-4.831043405248325e-7	4.615849023755794e-8	-2.7002810510842297e-8	2.801735553711782e-9	-5.359209520668974e-9	-3.092497878686473e-7	-1.62680161602691e-7	7.356173744239613e-8	-3.121211380042955e-8	1.0838280232283699e-8	-7.405012574879152e-9	-2.771282648048923e-7	-4.4828078764758965e-7	1.0963066840181341e-7	-2.3845591829804045e-8	1.3464264105123139e-8	-9.482126186162583e-9	-4.2928781863570683e-7	-1.5490532437625395e-6	-2.576449243273353e-7	-4.3628256232205163e-7	8.515819213714888e-8	-9.370303278968777e-9	-1.2821110440846931e-6	2.0278732249529973e-8	3.9898386839272465e-7	-4.051083389283832e-8	-1.0224534482530059e-7	2.693168098857763e-6
13.0	5.107239811603202e-10	2.732494036537828e-10	-2.213945751760963e-6	-8.343047752118536e-6	-3.502536834476374e-6	-8.125825381651598e-8	-9.900931895476078e-8	-8.997023649469342e-7	-2.446948916916723e-6	-6.58319746813829e-6	-2.1925273245950146e-6	-5.3619430713801696e-8	-4.0048036059891686e-5	-4.31366573378065e-6	-1.648513395772092e-5	-5.407055928855358e-6	-1.5143566405603852e-5	-0.00015160932358318624	4.873967016798817e-5	-2.0572581110338606e-5	2.3042453255593783e-6	1.378651240804248e-6	2.2394502419061916e-5	6.480403674501319e-5	6.744653065286627e-5	4.072393709309567e-5	5.937166500305693e-5	2.5810454100073935e-5	2.264582641108189e-5	5.860501421280306e-5	5.928465329315844e-5	3.5059713690327896e-5	4.366653791864007e-5	2.1357457335457704e-5	2.701002225285419e-5	4.840265368863206e-5	4.7574580810453506e-5	3.632731544482074e-5	3.984160725798661e-5	2.34001839824599e-5	2.683887391470984e-5	4.000484460834834e-5	3.9084588902295426e-5	3.6865144475109746e-5	3.849509422779279e-5	2.631290303793513e-5	2.902306734549975e-5	3.634843639104392e-5	3.520187555743207e-5	3.747745247871708e-5	3.829082304905697e-5	3.0087399074458702e-5	3.212569844909024e-5	3.394397164544632e-5	3.287868419849264e-5	3.756606624816076e-5	3.792211537846093e-5	3.241359914964387e-5	3.3910070151077966e-5	3.2267358437500175e-5	3.139068665960586e-5	3.8075048955117796e-5	3.816047558587446e-5	3.4757855043003454e-5	3.5841225276301294e-5	3.148136724872252e-5	3.089357332249326e-5	3.850345244852757e-5	3.83987548106969e-5	3.678712085934085e-5	3.7614711851383635e-5	3.153752512509797e-5	3.129125689139369e-5	3.977941419015412e-5	3.960908847386201e-5	3.922962478277024e-5	3.9888538341598955e-5	3.2127648473063915e-5	3.111407053369649e-5	4.1179957683208885e-5	4.1073120081865395e-5	4.185810858845687e-5	4.2318124460224255e-5	3.284337089519805e-5	2.505855887725062e-5	2.7926535745675027e-5	3.492771835559076e-5	4.4742103946824306e-5	4.638132818926873e-5	2.7069115412943353e-5	-2.464025095051625e-5	-3.0278676823254326e-5	-3.343095941906494e-5	-3.8874012062906596e-5	7.575619904968442e-5
14.0	-2.474837957546254e-13	3.15888584497049e-14	6.304001382210195e-10	-2.8674852617134235e-10	-7.932520864371513e-10	7.250100108253058e-10	-2.0230736030723134e-9	-4.072605646144986e-9	7.065916440636206e-9	-3.912153877501582e-9	3.5390068129228673e-9	4.430036928117365e-9	-1.1615179112552577e-7	2.9158411988908007e-7	2.879435501542088e-7	2.3180314271062593e-11	-8.733081275559555e-11	5.212321014894833e-10	-2.2788735584778563e-9	-3.3560761561298127e-6	3.123996073324211e-8	9.090090569670681e-8	9.680221667927586e-10	-1.604116051507035e-8	-4.4435168057962755e-11	-4.448083626486217e-10	-6.718440965613811e-10	7.238743943975858e-10	4.525789025780374e-10	2.5350066768957322e-9	1.1164430901790104e-9	3.798102867453027e-10	2.7382820834515242e-11	1.1859579962975762e-10	2.2138997949533417e-11	2.7679748987316217e-9	-1.1922504804677501e-9	9.832322648370363e-11	4.575165330763219e-9	2.8369983463044845e-9	4.776802293423237e-10	-8.075895909347101e-10	2.960113925830162e-12	-2.2493064910502273e-11	6.080976612245252e-12	-1.8632737689106656e-10	-1.8331749008821033e-11	-1.8717246847548582e-11	-2.351102589030865e-10	3.2800802336793532e-9	4.082388061105404e-12	9.00517623587493e-12	-3.7361607264779316e-11	-8.81013117087132e-10	1.2497682205578382e-9	1.0545523227326783e-8	1.2119718279144188e-10	3.1507313407839064e-11	1.869140887418609e-12	-1.5284925684347103e-10	5.535177158514098e-13	-3.1298304039935065e-12	-6.695917209107264e-12	6.541561607471683e-10	1.2055183514938935e-10	1.1561570844587096e-9	1.2144517648795246e-9	-8.375338523207879e-12	-2.8642408522176056e-13	-3.212497255537929e-11	-4.933484105957431e-13	-9.707120527684702e-10	1.2441950644415252e-9	-1.0995050818788038e-11	-1.4807923878122429e-13	-4.08711113084139e-13	-3.363687344506997e-11	-8.39960166779188e-11	1.38945017701282e-11	5.260765717159814e-10	4.108371996751811e-11	-2.519743858356548e-11	1.4569591187621544e-12	-4.611288663314291e-12	-5.67502295513551e-11	3.4069855505936572e-12	2.450272450199264e-9	1.955355993988759e-12	6.086254588507225e-12	-1.7297971216232116e-10	5.506264610167405e-9	-9.31528101444295e-11	1.8443066407464265e-12	-5.444166871384425e-13	9.449816620802645e-10
15.0	-3.712312616013625e-13	4.470677038002934e-14	2.1477412202150226e-9	-4.5122627332639763e-10	-8.131944422665192e-10	1.0353843474739061e-9	-1.5115349138321737e-9	-1.8312059680311324e-8	6.7460693670435456e-9	-6.017962707575328e-9	5.819792241204654e-9	4.111593700743142e-9	-3.814904299665019e-7	2.740495823056084e-7	4.0225317000023897e-7	2.3978129778486254e-11	-1.0526791096155322e-10	8.388442829489849e-10	-2.4997973540146247e-9	-4.534685068127495e-6	4.619042203479707e-8	1.22651026543686e-7	1.2900792963203213e-9	-2.425576685852492e-8	-4.8045383945789965e-11	-5.994451568213401e-10	1.0565502576392145e-10	1.0112643024898414e-9	6.695783308037126e-10	3.810141971054221e-9	1.047221989204648e-9	5.402581464417207e-10	3.9257426663641567e-11	1.6641463582431414e-10	-1.62960896775495e-11	2.895596044218938e-9	-9.255219092398951e-10	1.393814928371091e-10	7.058993741672379e-9	3.853617975864481e-9	6.73818709567308e-10	-2.7793749622805713e-10	4.548956972876203e-12	-2.900407759791885e-11	-5.261826698014057e-12	-2.677036875113799e-10	-2.6162703380027918e-11	4.609864244277862e-11	-3.690966891313079e-10	1.8940201155086253e-9	5.877570666189081e-12	1.2913189473985334e-11	-4.121147429096246e-11	4.3883344165765366e-12	4.4926736977553954e-10	1.4778811503474287e-8	1.757383639150666e-10	4.496706512502299e-11	-7.476922312167034e-12	-2.2951583473347747e-10	8.61754945704254e-13	-4.6421775548236994e-12	-9.802478776784839e-12	6.167266815679806e-10	8.082967609634766e-11	2.495636692596872e-10	3.3485194268524524e-10	-1.2909110241361064e-11	-3.0400839803766613e-13	-2.3809008702301823e-11	-8.644444186993909e-13	-4.2153039384732e-11	3.539524946120711e-10	-1.708961684072604e-11	-1.852872437036142e-13	-5.790596533762534e-13	-5.361135632798326e-11	-1.2761715398844472e-10	2.35431205177452e-11	-6.760940073676756e-10	6.078975064187771e-11	-3.545729113659897e-11	2.1679881975473223e-12	6.976058447660553e-12	-4.0077185143832675e-11	5.0529435218201676e-12	7.105837042005304e-10	3.9115373549746365e-12	7.89947922771811e-12	2.703964128598173e-10	7.263320564065305e-9	-1.3942049459926367e-10	2.9954200092064263e-12	-7.304044850506004e-13	1.9861995652927388e-10
16.0	2.9282132274488504e-14	-6.38378239159465e-16	1.0400695604971884e-8	8.026784050373947e-10	5.491002672278963e-9	-5.586850792169049e-10	-4.3703120139189026e-13	-8.482065454386405e-11	-6.742877197231741e-10	4.1311202226140486e-9	2.1803491546555136e-10	-1.0364638639628709e-10	-3.787436583078379e-12	5.456659980034811e-9	2.2556405867423753e-10	2.5546014923012445e-8	-5.654463236674078e-9	-9.755141244563301e-10	-2.0092610897938733e-10	-4.830695312646785e-8	4.890793164841792e-9	-2.882726910390871e-8	-1.0000994225490472e-8	-3.2165519806439837e-10	1.1533067334804764e-10	-3.6016588189550884e-11	-4.28597147869011e-9	9.446313895404848e-9	7.94450282494814e-9	-2.7462438938023958e-12	-2.069423263348227e-12	-5.549526053774321e-12	1.484013428562388e-11	-5.970094095818032e-9	-8.742934896174487e-10	-1.4478850609339908e-10	-1.0610917160734616e-11	4.646929942559065e-11	-5.00199331690291e-12	-2.3803771243657327e-10	5.892783345036415e-10	2.407317855996143e-10	6.686388083720993e-13	2.9106780661412567e-12	-1.149750907527227e-12	8.284175227894583e-11	-5.6986900479211186e-11	2.5351633132945393e-11	4.013233320708925e-11	-4.4492845124831114e-12	4.0165869935043116e-13	6.1620043320485e-12	1.5960714279163117e-13	6.541122861151066e-11	-2.6842158097707266e-10	6.485739578509335e-12	-5.482036267397403e-12	-9.978907785842374e-12	2.5720333845142405e-10	-2.3882474472234907e-11	-1.2380707819357307e-13	4.867750482546253e-12	1.0002607886149411e-8	-3.0241749903229733e-10	-1.4853960948606566e-10	-5.445196325648461e-11	-3.4282885005466824e-12	-8.995192223512219e-9	6.210446839497334e-13	3.550587758668509e-14	9.525565757643533e-11	4.818437295880754e-12	-4.6852368027065904e-12	-3.9124862807639345e-14	-5.015461437642122e-14	4.2225332971328174e-10	-4.035672610045398e-9	-1.6362981370463386e-12	3.907606710414138e-11	3.323064872394035e-10	-3.967216546723521e-9	-1.2426407512526157e-8	-2.5365159167871744e-12	2.7558261307388947e-11	-2.9001672154082694e-12	-5.144114918319463e-13	-2.683888697679274e-11	1.0220196019706898e-10	-6.217030558127412e-12	-9.899547927442409e-10	-1.2791961904359198e-10	3.091153180170651e-11	8.944917119799729e-14	1.2951519289910244e-10	5.7911660074820514e-11
17.0	4.1022740759899534e-14	2.248201624865942e-15	5.978758807826317e-9	4.755145566583713e-10	3.456632915143354e-9	-3.831110055815652e-10	-3.48549355767412e-13	-2.9370562966209665e-11	-5.047901479918927e-10	2.6816929442823595e-9	8.362346693156816e-11	-1.7476194306962803e-11	-4.71449346184637e-12	3.4432102542413684e-9	-7.090286639487067e-9	6.324176577026489e-9	-8.549989205807425e-9	3.737857072715047e-9	4.736371697187602e-10	-6.798460684876747e-8	9.918609273497938e-9	-3.4589723890821085e-8	-1.2643964193193426e-8	-5.5716856750904624e-11	1.407119430244431e-10	-4.2514605026077954e-11	-3.1129462414254356e-9	8.053337038794883e-9	1.032666035752154e-8	2.6440674171696254e-13	-1.3211677938606773e-12	-1.553990914530697e-11	8.937829002105817e-12	-3.1039495469833195e-9	-1.0828567141538092e-9	-6.52203708435995e-11	-8.457991024895586e-12	5.86750797699825e-11	-5.232129235460424e-12	-2.761515923540955e-10	4.662368424221473e-10	-6.037928723014178e-11	-4.60247654544742e-13	-4.403621192412251e-11	-3.022544581276387e-12	1.9289979963824607e-10	-7.466451873839742e-11	-8.553312688840876e-12	3.058820809308146e-11	3.53383274211028e-11	1.4400807946083206e-12	1.5720942467709625e-11	1.7391354737555306e-13	-2.969825910251872e-11	-2.2728814838989894e-10	-3.491990152041267e-11	-3.2053013683878547e-12	-1.4266069849504114e-11	2.763221977842267e-10	1.4622585251302242e-11	-6.071728063539596e-14	9.102508914693732e-13	6.469998975983382e-9	-2.8744022433934326e-10	-1.0549365622145802e-10	2.2022455523560738e-11	1.2926873076057546e-12	-5.949598048044638e-9	-8.173583760568706e-13	-6.403604115099583e-14	5.222667579481975e-11	-1.039405435649077e-11	-2.2248698835219967e-12	-4.539870007535131e-13	-6.343680420346465e-13	2.463118300445974e-10	-2.39590400372873e-9	3.0750780449454094e-12	2.0499996185786156e-11	3.1795468908435744e-11	-2.37599697822219e-9	-8.194709723383992e-9	5.956743080223994e-12	-2.6045629781094574e-11	3.1172489127514185e-12	1.3430927001355773e-12	1.5926269236640216e-11	7.330826607346072e-11	4.4698242515655157e-13	-6.677030889996955e-10	-6.540830719806975e-11	9.229789362239001e-11	5.200828980642968e-13	1.0578834421923725e-10	1.5273293791318554e-10
18.0	5.156070015388536e-12	8.969214260190483e-13	-1.0222186247281753e-6	1.4629608296106952e-6	1.2373067501024335e-5	7.180403718209007e-7	1.8232056038475527e-7	1.0863357492304049e-6	5.657085145826167e-7	4.591215120360557e-6	6.583465214571676e-6	1.5933208075145228e-7	2.8624098256615504e-7	1.0948411099771828e-6	2.853689672359015e-8	3.087566441667606e-5	6.580162584300519e-8	2.147927378421997e-7	-4.7058401545096257e-8	5.3611254720251925e-8	2.917675540550541e-8	1.0152838859635495e-7	-1.5627387040713742e-7	-7.629320288906957e-7	1.4662188866773725e-8	-4.557941977890259e-9	-9.039312389038622e-9	6.651041042457616e-8	-2.7492097260094146e-7	-1.0217109172581746e-6	-4.120995689931693e-8	-3.847502590294371e-9	1.9316123335503137e-9	4.872390105987275e-8	-2.1497263766792816e-8	-6.511290487102146e-7	-9.345776953369929e-8	6.718327253043175e-9	-4.8003582338128075e-9	2.8613930276555968e-8	-8.528473485463529e-9	-5.265921023716501e-7	-1.3942549187488585e-7	1.6599097056208676e-8	-1.1589354994725644e-8	1.9231439101209022e-8	-7.18148209345593e-9	-4.6734978217677934e-7	-1.5665440892238933e-7	3.1184672607388525e-8	-1.5905391093929073e-8	9.506089121910449e-9	-7.029607370939693e-9	-4.0875163147323343e-7	-1.6402941527114908e-7	4.2313396374413904e-8	-1.6921874860111583e-8	1.0236960149824159e-8	-8.237878493997266e-9	-3.327037923916796e-7	-1.523548711422769e-7	4.078047363666502e-8	-1.5214418443566386e-8	1.374490768112295e-8	-8.693156321601733e-9	-2.884439389721292e-7	-1.461972312795914e-7	4.345181948101278e-8	-1.190951145589467e-8	1.4858934129891142e-8	-8.785056011058796e-9	-2.816823325407175e-7	-1.6815947992058207e-7	3.042984121007391e-8	-1.4669366741264487e-8	1.6772056993893688e-8	-9.914042407988496e-9	-2.6580901660543813e-7	-2.0109562509275236e-7	2.656830876973585e-8	-1.5119625053000872e-8	1.9082851121995656e-8	-1.1865101705032436e-8	-2.5671625440354794e-7	-2.6400211430864396e-7	-1.1387294957631394e-7	-1.028133470062868e-7	1.404301041236032e-8	-7.580955210887714e-9	-3.340352672960009e-7	-2.975300635982352e-7	-1.3868198126683132e-7	-8.919951243896209e-8	-7.182911678587222e-8	-2.730444284749178e-6
19.0	-1.6653345369377348e-15	-4.579669976578771e-15	8.662439307080027e-7	1.4952947079083014e-7	-9.684473370360612e-8	-9.599146854800392e-9	-1.8753639433482305e-9	1.5384488650191959e-7	6.99332856262869e-8	2.637716650957665e-7	1.1142719334504442e-7	8.062706265508231e-10	3.1863636161933352e-9	1.950389993444194e-7	-4.3639302137563985e-7	-3.7118269048343918e-6	-6.699260824621069e-6	2.0768783031729906e-7	0.00019609208354254135	5.2788952311790405e-6	0.0001379760457172831	9.043379530085271e-5	5.619770578014533e-5	3.744185608222374e-5	7.129136057685911e-5	2.5574474606445632e-5	2.222846910426483e-5	2.8564045947242457e-5	-3.483994883512659e-5	-1.0436290126375113e-5	-9.803449167457444e-6	-3.1121760695830746e-6	-5.097231956639427e-6	-4.0867815102740775e-6	-6.020246260838636e-6	-1.5044795348101073e-5	-1.5165764017612728e-5	-5.162093108940926e-6	-5.27669756956434e-6	-1.5092787855374959e-6	-1.5927273395541196e-6	-4.2799923047171105e-6	-4.2636335945196435e-6	-2.3297147061223286e-6	-2.8048653491796913e-6	-9.82421400141327e-7	-9.674391323583967e-7	-2.47026598043374e-6	-2.4751618402608274e-6	-1.6728467088796972e-6	-1.789765803028715e-6	-8.183357388134114e-7	-8.784998890587358e-7	-1.4951740956009703e-6	-1.4526059091172588e-6	-1.3746986741625526e-6	-1.4352994140814596e-6	-7.910915333440719e-7	-9.209862045138671e-7	-1.4704775427403364e-6	-1.4381154552996636e-6	-1.3992424953334629e-6	-1.4256683939489333e-6	-9.58931964187802e-7	-1.03517092215127e-6	-1.283361074180976e-6	-1.2440663771759304e-6	-1.2824211757360886e-6	-1.301189563122017e-6	-9.962062475285424e-7	-1.045586407862998e-6	-1.1998596300506668e-6	-1.2603988379663716e-6	-1.4409169424679915e-6	-1.4500653286062862e-6	-1.1563127985604388e-6	-1.2063156894723838e-6	-1.2922845242737239e-6	-1.244099410920654e-6	-1.466859643232728e-6	-1.4792737853023387e-6	-1.2372088638911564e-6	-1.2766168913430644e-6	-1.2449286126772424e-6	-9.55595207909845e-7	-9.97275313185071e-7	-1.2456920588780335e-6	-1.3944789458572244e-6	-1.4645691991066636e-6	-1.1026480556474813e-6	6.491478771991093e-6	6.6774236751634005e-6	7.140634476199967e-6	7.356868712515341e-6	-3.899143382275044e-6
20.0	3.0808688933348094e-15	5.9674487573602164e-15	1.6201295705202979e-9	-6.284253865786341e-10	-2.2401215707325558e-9	-3.137466178825649e-9	2.559032433999632e-12	-1.383051035504456e-10	9.04559363211264e-12	-5.91945733737436e-11	-1.4685064110174097e-13	2.2520544907184698e-11	6.032437860487294e-11	3.225422383079073e-8	2.5913576855962144e-9	-4.606160639714814e-9	-1.0069749625526675e-10	9.720956002670608e-9	3.262806339209369e-8	5.527459520380217e-8	1.2355789729910795e-7	1.803262316874104e-9	-5.136829579843012e-10	-9.445985287378322e-9	-1.5481575080138567e-8	1.6408308511053675e-9	-1.243033126465335e-9	-7.214251357500787e-10	3.3299762369031093e-10	5.50330378037881e-10	-4.933522247071857e-10	1.246427653262457e-10	1.402866416472031e-10	8.004398522399755e-12	-7.40651440598947e-11	1.3207222301374824e-9	1.6662812824971512e-11	2.249706327357917e-11	-9.119027613810653e-10	-8.226351132180111e-10	4.6040404311640584e-10	-1.6907552756791533e-10	-7.829025661066627e-13	5.711287903417347e-11	-2.50183844913325e-9	-4.5726055323246136e-10	2.074015295343943e-10	-3.99416997300623e-11	-2.3787231298981108e-12	5.675099562303626e-11	3.868615427098241e-12	1.2016552862291693e-10	1.0407380331571099e-12	-4.11414518561388e-12	9.243638475373562e-14	-2.553229110777434e-10	-1.6120170418156336e-12	-4.0344035447185576e-10	5.233522363640758e-9	-5.255685290548378e-11	-3.627464128142246e-13	-3.3779260748104484e-13	-2.1786602643074961e-13	5.515256732305959e-9	8.682881495384621e-11	-3.1530557130585213e-10	-2.6904440183861315e-12	-2.536029917751636e-12	4.1094742853127e-12	2.812351951642726e-11	2.0326169559454856e-12	8.484169775653605e-11	3.1360476682494845e-11	-7.798536348608289e-11	-2.193842864814282e-9	9.41241444128746e-13	4.265546641433786e-12	2.574444753602363e-10	-1.3281971325317638e-10	-3.586251312374068e-13	7.841444327907102e-11	-5.9592679228174794e-12	2.6495540918214796e-13	-9.342306003863214e-10	-5.040106785535446e-11	1.6931406676159446e-9	3.1697332013302533e-11	2.0208546864291603e-11	-4.525714082451687e-11	1.4999195540659361e-10	2.5190341842333284e-11	2.653199692388125e-10	-1.1661321867036022e-13	1.1197905085542785e-9	2.3527019993619255e-9
21.0	1.2212453270876722e-15	1.0547118733938987e-15	3.3376115782255785e-9	-9.729160988390338e-10	-1.7951041559707785e-9	-2.663544077206056e-9	-6.665897705274863e-12	-2.4968875813011547e-10	-2.3872794425271817e-12	-9.308783251556049e-11	-2.955006923357117e-13	2.4094991253809388e-11	6.981468290806159e-11	1.6988407542781194e-8	2.800458759269613e-9	-7.335678882424121e-9	-1.235706694594221e-10	9.177113607163578e-9	1.4530132147219118e-7	3.3801709093713605e-8	1.7190663946740384e-7	2.7308686273049935e-9	-7.0737375987276e-10	-1.5217759741360965e-8	-1.004509626398315e-8	2.6611691914793725e-9	-1.6927233398231104e-9	-8.979811720458937e-10	4.05719640663761e-10	8.287024597006769e-10	-7.367557824622545e-10	1.9095392006285917e-10	2.002344477821572e-10	1.301280734249687e-11	-1.0540139120849253e-10	1.9976979435731665e-9	2.4963326479213686e-11	2.5276023236513814e-11	-5.780168590316148e-10	-1.159523942196693e-9	5.717192795722406e-10	-2.467764890357374e-10	-1.053658472727947e-12	8.077406502785411e-11	-3.897882378388139e-9	-9.39212254605282e-10	3.1120299311258945e-10	-5.881253838143018e-11	-3.619462757145128e-12	2.1461735231410853e-10	7.16228935646001e-12	1.6775854333128417e-10	1.4750965917072745e-12	-6.589400073876262e-12	9.856704830012997e-13	-3.7049113519652324e-10	-2.263236814202361e-12	-7.130020883389712e-10	8.670626891702874e-9	-7.797705506413167e-11	-5.523129553171867e-13	-4.942229572923658e-13	5.002568021635786e-13	8.940014680368272e-9	1.2443254423631694e-10	-4.727429183514619e-10	-4.041335391952248e-12	-1.3166975112187905e-12	5.992770877690699e-12	5.286199980082192e-11	2.5875692887618725e-12	4.968775206350706e-12	3.977938942228923e-11	-7.25617020545349e-11	-1.2733785649714955e-9	2.612254150999834e-12	6.908661535890656e-12	3.8136704866949517e-10	-1.4739241502666148e-10	-3.644194372578928e-13	1.1553649704260837e-10	-8.017585252535828e-12	4.184255432324382e-13	-9.058566091702167e-10	-6.714038861081734e-11	1.3565630095090316e-9	3.961605371767076e-11	3.124265714946695e-11	-5.76067955857006e-11	2.364071634080483e-10	3.774457788180161e-11	1.2335902804444093e-10	-7.100412489684961e-13	7.904811414167601e-10	3.513613252170184e-9
22.0	-1.6181500583911657e-14	-1.5265566588595902e-15	3.741176500943274e-9	2.597905598936422e-11	1.4915128153074374e-9	7.271046846246636e-10	-8.168875778090266e-13	-2.917235956981525e-10	-3.6914162983817185e-11	-1.9650369391031712e-11	3.347553179526452e-12	4.355362729478486e-10	-1.936971643540636e-9	-1.1929625470514339e-10	-3.5355884495644314e-10	1.3184302018672919e-8	1.2812205040954256e-9	-1.663480731227557e-10	-5.883139178840061e-13	3.859649190212993e-9	-7.781465435834731e-9	4.3308460442112105e-7	3.906976853027169e-9	7.279955826100901e-9	-8.595193444635747e-10	-8.749104473026183e-9	-4.2242239094711557e-10	3.120668101611743e-8	8.79645646952494e-8	2.574119440316202e-8	4.783112393561685e-10	-2.4079151609776584e-11	-2.7760187735017875e-11	-8.139542097437102e-10	1.0889417156486226e-9	5.429634574025668e-9	1.2631415108345627e-10	3.2571177643349025e-11	2.3798386916802537e-13	2.4235003549214154e-12	1.529014235712484e-10	-3.2799579430749636e-12	-9.844235463751574e-11	1.0783582893006584e-10	-2.048276937133431e-11	3.959538517536284e-9	-4.2826527456234686e-10	-7.042062011135365e-12	-1.702834468177251e-11	-1.021117002457267e-11	-3.4262289359047197e-9	-6.865195466345524e-11	1.0020708813427429e-9	-2.362274315967086e-10	2.35682139851873e-11	8.326098428395883e-12	-4.816783246064741e-13	7.772335967581073e-12	5.925500316043159e-13	7.676184515361805e-11	-6.515991884058645e-12	-1.9107183731880018e-11	2.4116439168555303e-12	2.170298027471942e-11	4.1318519743380093e-13	2.068034098411371e-12	7.214232181790253e-13	1.0205604490748975e-9	-9.125878708409636e-13	-1.2096957531191448e-11	-4.747360837113823e-14	-1.6275450643454975e-12	3.5196000920859757e-10	-1.0113457186331684e-11	4.098426635948066e-11	1.0440214962779934e-10	4.063098325215625e-12	-1.6810703224470404e-9	-6.4984128620864214e-12	1.358198960566226e-10	1.2298861519034207e-11	-4.691257848949797e-13	-4.042333813834169e-13	5.991225455244908e-10	1.6638473232792155e-11	-5.325295129390693e-9	2.107291349505691e-11	7.68292232843678e-10	5.553692902196684e-12	9.114333571443646e-10	1.3192058844919606e-10	2.8501344278528416e-10	7.865888756660001e-13	-1.3026407427158554e-9	3.543968831983101e-10
23.0	-7.244205235679146e-15	5.551115123125783e-16	2.3364204737529796e-9	2.938556005153662e-11	5.473076940263826e-10	3.2113146285012535e-10	-2.197298125355726e-13	-1.8532789495538762e-10	-1.3267457046112743e-11	-1.2370957588856309e-11	2.5566744262567628e-12	1.8545462267266778e-10	-1.679480275588468e-9	-8.536813616781468e-11	-2.1413084166951503e-10	7.884813744379253e-9	7.001785686772989e-10	-9.327093360479928e-11	-5.033967314928219e-13	2.7995713781409604e-9	-1.2176402735901972e-8	1.3528559914942435e-7	4.591039773531303e-9	-1.5706362049704943e-9	-4.880137015765112e-10	-9.936695183162072e-9	-9.694790181828838e-9	3.143567276491285e-8	1.0454618984532303e-7	3.741540369784507e-9	-4.599931058296823e-11	2.2710314655563388e-11	-7.792572542199964e-10	-7.452194264154161e-10	1.428732766357025e-9	1.8269162637654354e-9	3.0100098859174534e-11	-4.7597373283335505e-11	-5.31303209857369e-13	3.235826572579009e-12	2.3268707556833553e-10	1.816214252582106e-13	-1.1396963543126512e-10	7.691785675997304e-11	-1.2891978169714157e-11	1.4402604849755592e-9	-5.586117655496359e-10	-7.207383005588775e-13	-1.5109592091101705e-11	1.1064273011694411e-11	-1.550035489667364e-9	-8.398120761793015e-11	8.022460419713316e-10	-6.377822953180444e-11	8.77217227342723e-12	8.170893802113138e-12	4.369611169394338e-12	1.1772439553915391e-11	-3.003236352489328e-13	1.448481026672348e-11	-5.4720451360151105e-12	1.2668494468500177e-11	-9.312027243553406e-13	1.367597758339671e-11	-3.9414765310230347e-13	1.139815258001884e-12	2.296966339350537e-13	5.491641682680616e-11	-1.3829164872009305e-13	-1.65165100086924e-11	1.0805489214126571e-13	-3.851949157303773e-13	1.5224387321193824e-10	-8.381926851380726e-12	1.5153117281319658e-11	8.288395163884057e-11	2.347774097407721e-12	-3.2160406453168525e-10	-9.377192088263763e-13	1.750956399774032e-10	1.3701614562815475e-11	5.638640010714286e-13	-4.2641883953032395e-13	8.16171033377294e-11	-1.4618525601424068e-10	-4.060646227729093e-9	4.698728183308465e-12	1.4830475576232787e-10	-2.766274317837134e-13	1.345134653197598e-10	-2.3985236650479633e-12	9.392835759544238e-11	3.0009299545439404e-14	-1.3845145249959884e-9	-4.432053742187664e-10
24.0	2.3869795029440866e-15	1.3877787807814457e-15	4.851601009487418e-7	3.0386948914456606e-7	3.662250164249546e-7	1.0300331194163138e-7	4.4808711302768153e-8	1.3222672080133105e-8	-4.160235141995893e-8	-4.631498979413184e-7	-5.381212182882865e-7	-2.4346119453400772e-8	-8.755236951063354e-9	7.127978109140115e-8	-8.761589522039229e-8	-3.1800849024689567e-6	-4.465989516133042e-6	-1.2853030439609675e-6	-1.3642304849694263e-7	-1.8440253992392165e-5	-3.291108225389536e-7	-0.00010222801925538133	-3.1716100699523577e-7	5.1709640598842265e-6	1.484681336958681e-6	3.405977956391573e-7	-6.302798512287229e-7	1.1787929680318688e-7	-1.5397463439789076e-6	-2.1721698512933086e-6	-9.328732323858388e-8	1.5064304563190274e-8	8.04026618036836e-8	-1.209216228502743e-7	-4.6022059625554737e-7	-4.1578276640870304e-7	-1.2991484940651768e-7	1.1443220635999585e-8	5.822514627926861e-9	-3.612993738383837e-9	2.028429188719987e-8	1.0819395288186771e-7	2.165177906634315e-8	4.651240804889668e-9	-3.845989887314648e-9	-2.47049477396268e-9	1.015935069687485e-8	-1.0008796785096302e-7	-3.344674289313557e-8	-4.8577169176591814e-9	1.7365258417829227e-9	-3.5171443254993045e-10	3.265952433143333e-9	4.9725846411238766e-8	1.8864033611103236e-8	5.894763206937074e-10	2.490868555408591e-9	8.525742171697169e-10	-1.7487858714931304e-9	3.23870210283675e-8	1.4729456263639459e-8	-5.587796330004265e-9	5.7705020971498e-10	5.4768555524600424e-12	-3.5266499318251247e-10	4.077624597911358e-8	2.002037379234051e-8	-3.519521382479594e-9	1.1910702628562088e-9	-6.515469744326217e-10	1.7335144574015676e-9	-2.4774211683028977e-8	-1.1300411314826307e-8	-1.0797944974842758e-8	-1.0223988370323145e-9	-1.2650765645745457e-9	9.843323415227886e-10	2.8571307769003882e-8	1.9033877727833925e-8	-2.523889540285063e-9	4.3039031888465704e-10	-2.043678447152489e-9	8.714045188701099e-10	2.1657144388119307e-8	2.2267280589211136e-8	8.649624912102083e-9	7.517934352708209e-9	-3.1347957946569773e-9	3.625282816095127e-10	1.86338280885232e-8	-7.524274163350263e-8	-2.6700966264798055e-8	-8.623137703235171e-9	2.091725787851317e-8	-1.4956628695435886e-7
25.0	5.273559366969494e-16	3.885780586188048e-16	9.329825211845817e-7	6.760160307008658e-7	6.131181462142238e-7	-1.2947059434805414e-7	-1.58823965776069e-8	-1.5996849708896027e-7	-5.795656696615125e-8	7.773609487166979e-7	5.57699333819819e-7	9.439137882867944e-10	3.1718894731936445e-9	1.9456838724883303e-7	7.784748908270981e-8	7.255128252121353e-7	3.9470934569961155e-7	-5.939370070277965e-9	5.811525288808242e-9	2.837859903081169e-7	-6.85846472554668e-8	-4.5570485101026635e-6	-6.070272114843878e-6	-1.763103756850677e-7	-5.841242326001543e-5	1.7181324723049347e-5	1.2827066616587796e-7	-0.0001720106356651742	-4.9252985999646854e-5	1.02900505392988e-5	-0.00014182677617794817	-5.1541131388882243e-5	-2.1808454861816286e-7	5.375486770370267e-5	1.5087615978366387e-5	1.3699297615099663e-5	4.8409245306317675e-6	3.5298854363359255e-7	-1.9957260592956148e-5	-2.765032408572766e-6	7.036021321043541e-6	-2.233659008639301e-6	-2.396276397816872e-6	-5.327034031690001e-7	-4.351528045995907e-7	-8.683195551070281e-8	-2.7231114532067813e-8	4.7176360681258356e-8	3.5489306658817646e-8	-1.1246001123997772e-8	-6.8846526036844e-9	-2.6687084784792926e-8	-7.053281993947187e-9	-1.4004518086336594e-7	-1.37360939128419e-7	-7.464355940662852e-8	-3.540846044028665e-7	-8.15012355539201e-8	-7.702691794664052e-8	1.0689130765822304e-6	1.0595535722474553e-6	7.113761000038497e-7	7.358402593886152e-7	2.3071406656744628e-7	2.316350129671833e-7	5.060436037561019e-7	5.015231311066232e-7	4.123445652139635e-7	4.2481147851615336e-7	2.0799275789115714e-7	2.2268054734627144e-7	3.118340561848079e-7	3.1242847414466367e-7	3.0040670860449374e-7	3.021903269981496e-7	2.0321557430903e-7	2.1755908795700572e-7	1.6107458997761506e-7	1.663873369502782e-7	2.8774614018695054e-7	2.7936320348198145e-7	1.8372781113568178e-7	1.9180591800942796e-7	2.588305109108626e-7	2.0757619820181866e-7	2.0074444780929397e-7	2.3404344396206396e-7	2.2831843116670394e-7	2.429299548268113e-7	2.455643043131383e-7	2.406029072974493e-7	2.1581027573540125e-7	1.848272689094756e-7	1.9846694851391797e-7	-9.125296395149501e-7
26.0	-7.799316747991725e-15	-6.078471059822732e-15	2.4757267530962206e-8	-8.490683421092605e-10	1.1594447271102696e-9	2.0594400168697292e-10	-4.690447283095832e-10	-9.387279547345662e-10	6.57211705234919e-11	3.2122011142914965e-10	3.913086557564697e-11	-3.454313136147663e-10	-1.6097562072552395e-11	-1.9693022036394595e-11	-8.298051407351765e-13	-1.2337756563663297e-11	2.6123332017455715e-12	-3.125060706464747e-11	1.4418078209771005e-10	5.605309808273096e-9	4.350246036721094e-9	-3.942572500162159e-10	7.089069834511538e-11	5.333873118203901e-11	-2.64138862679524e-7	5.023326328830495e-7	3.1659252545169026e-9	-2.260045580906275e-9	-1.338191520587714e-9	8.29188455607813e-8	2.6428648341386066e-7	9.317363693670864e-9	1.209644733201147e-8	-1.0339659020005223e-11	5.182766176691846e-9	-4.631966306415203e-8	-5.642402505500216e-10	-2.0605921338904757e-9	-2.5708490779500693e-10	-6.235410379163785e-10	7.83865359557761e-9	-1.084186087210035e-8	-4.5320406955627574e-10	-2.2263276218637164e-10	3.658560622906627e-10	-4.2484096666820876e-11	-1.484551371205477e-11	3.665814427403886e-11	-5.9902231602820954e-12	-1.0013501442734246e-11	4.534665149503985e-12	-4.136058756960886e-10	-9.885660208073274e-11	-5.7927920417487246e-11	7.100526700251826e-9	-3.7420999113463765e-10	2.305295413388699e-12	-4.889247457957416e-10	-1.5550663479375988e-10	1.555071568517537e-9	1.1665944431416664e-11	1.490815548794383e-11	1.0943798460154648e-8	-2.1388747408843636e-10	1.8708352356128477e-11	8.658505218830408e-10	4.4354595574900606e-12	-1.7776243688601158e-10	-1.2240432569988472e-10	-2.358505162371157e-12	1.1595865910999376e-11	3.374464297903e-10	-1.4338788240817488e-11	9.607223953053274e-12	2.0194828465444716e-10	8.932576028427735e-11	-3.5462857451532497e-12	-1.1682060927828727e-11	8.462233951868398e-10	-1.7529139493270323e-10	-1.424031012546799e-11	-2.5379765271266548e-12	1.1690441490319709e-12	-5.787501950652072e-10	4.045347196732621e-10	-2.149234465399489e-11	-5.855338098405686e-10	1.8646231765358963e-10	4.359155920922778e-12	-1.182948164557104e-10	-7.577508762577735e-10	-1.4212776130737315e-10	-1.3277649248339911e-9	7.741380124225062e-11	2.366837500976734e-10
27.0	-6.300515664747763e-15	-2.886579864025407e-15	6.023290706227327e-8	-1.1822348773962798e-9	2.4642982702676585e-9	2.0156648291935266e-10	-3.6911313692946716e-10	-9.285996675334934e-10	1.5440777461180763e-10	1.855649877066403e-10	6.192470650530465e-11	1.7485915075709486e-11	-1.0196979884898632e-12	-1.6238998604901508e-11	-9.184727731602047e-13	-2.0161245292014075e-11	2.4973762746518994e-12	-3.5999704250876476e-11	2.180185022300575e-10	9.153032330994042e-9	3.151060866226416e-9	-6.359981558618579e-10	1.098896575474995e-10	8.177958251198456e-11	-7.27853793502147e-7	1.5001795809879146e-7	4.036560003654619e-9	-3.5335135301816976e-9	-3.78431587264779e-9	1.331737224138841e-7	4.1014066869923574e-7	1.1942401068684814e-8	1.3130749322716105e-8	2.807167721516461e-11	5.163585430491708e-9	-7.024680910655153e-8	-8.402801521993145e-10	-2.096496750227089e-9	-3.80288879501234e-10	-3.9074552936911613e-10	9.495345574092519e-9	-1.6261355085294576e-8	-5.873157161318282e-10	-3.43123596229911e-10	8.046196312288756e-10	-5.0578321663847766e-11	-1.8400239054488647e-11	5.333020078336035e-11	-6.9487765300536e-12	-1.352051176943673e-11	2.511044230169624e-12	-5.716600846691627e-10	-5.718648768220733e-11	-8.8232982730478e-11	8.614935799504455e-9	-5.238072747584544e-10	2.722759638560689e-12	-4.698829074596653e-10	-2.8391733498208095e-10	2.3388035236304153e-9	1.7451276522757275e-11	2.1753869087636306e-11	1.730550406947448e-8	-4.5454170157756396e-10	2.5366445992725983e-11	1.4872489102877459e-9	8.158391381714393e-12	-2.3574487346143094e-10	-1.5793246965678845e-10	-8.073739493487563e-12	1.6167244172657257e-11	5.197135797493657e-10	-9.878402888151518e-12	1.3769163810002704e-11	3.8212287529059435e-10	1.2464775829480308e-10	-4.942471639794345e-12	-1.802464555229463e-11	1.3948412211786074e-9	-2.832937938749828e-10	-2.1245476756022068e-11	-3.876221943815024e-12	1.4760329378925996e-12	-8.160367583344301e-10	5.615817300240923e-9	-3.2160352844198223e-11	-2.4351463044002055e-10	2.973470434607407e-10	-1.8002892278656034e-12	-2.4961167671796583e-10	-1.2649245337026274e-9	-2.156548002947418e-10	-4.774034658099662e-10	1.0473354234214274e-10	3.4914087558588775e-10
28.0	2.886579864025407e-15	4.746203430272544e-15	-3.9879433126991817e-8	2.681094138187979e-10	-5.111217778154849e-9	-4.793233366400827e-10	-1.5166602408497485e-11	-9.458741427347292e-10	5.0026957938097e-11	-8.265580660699466e-10	-3.5623128450518484e-11	-7.577593797094227e-11	1.2412256265143793e-12	-1.8659523199610108e-10	-4.642022148757363e-12	-3.020723990018121e-11	-1.078726752841856e-10	-2.1643657712291397e-11	4.6190156293369166e-11	-5.739087869706137e-11	-9.090101150551324e-13	6.423214451944509e-11	1.2198297651139675e-10	4.67081155661172e-10	-1.328927015748702e-10	2.4260335855686646e-9	-1.3772840515869442e-9	2.1702290014206056e-7	-1.0742639462686673e-8	-3.91685887208087e-8	-7.834887632303985e-10	3.084957232993495e-8	-3.396304618134241e-10	1.8691661087269173e-8	4.358966153125097e-9	-3.830018601196959e-8	-5.700984059798475e-10	-8.116530907263829e-11	-6.270730387001253e-11	1.2348442014654367e-10	-2.7051248449933203e-9	-1.3158525141303781e-8	-4.966530313965369e-11	-4.206391008524877e-11	-3.542686378257804e-11	-6.993730225348035e-11	5.951401145801477e-11	7.325917160274204e-12	-3.3298865971392116e-11	1.4271416771842395e-9	-4.3322768132996877e-13	2.5287810795038813e-9	2.5412224471358998e-11	-2.755301830468185e-10	-1.9476410580447157e-13	2.286023666493988e-11	-8.061357352929091e-13	-8.287210617339034e-11	-2.540061708133641e-12	-1.3251281489608385e-11	-2.8555879786170325e-11	8.416574341445135e-12	-1.584996353392245e-10	3.296826004658356e-11	-1.871899972985776e-12	-7.748828327621117e-11	1.5214289250066938e-11	-7.844269614096106e-9	-4.842498078834819e-12	-6.535620914376641e-12	5.713243073919546e-13	-1.3140455856820953e-9	8.093505776814696e-10	1.5669807402170723e-11	3.531080444537276e-11	1.8950028055952588e-12	8.423563925348358e-14	7.142361702412916e-12	-1.1794917289633214e-12	-1.0285679994650715e-11	7.351376145767668e-12	-4.36143510858367e-11	6.302371576186318e-10	-2.2059146204772017e-10	-9.665861978698198e-11	7.659510916850145e-12	-3.8817715284428785e-14	-1.560726282602223e-12	-3.743635824040095e-12	-5.224734808291724e-10	-4.6280738232632945e-10	3.851017391707769e-12	7.891517104572338e-12	2.0240529735381435e-10	-6.171645125798579e-11
29.0	1.6930901125533637e-15	1.2212453270876722e-15	-2.6385109858765815e-8	1.0368485938366043e-10	-3.2001911895456256e-9	-2.715079668587292e-10	7.417000539795397e-12	-6.797046283130676e-10	3.904099431433323e-11	-6.09560936541431e-10	-2.437882939131894e-11	-4.499857012128192e-11	3.876625577957575e-12	-1.2963704679636758e-10	-1.1771926783912807e-12	-6.534923634382663e-12	-8.088706282492731e-11	-3.093214178416644e-11	1.4129849347755018e-11	-4.269091972521477e-11	-3.463539467301498e-13	4.2843780669848135e-11	6.402371071444375e-11	7.7085007663665e-10	-1.546692670625898e-10	1.5573159261080048e-9	-4.296221934199795e-9	6.757428446791652e-8	-1.0421280499456582e-8	-8.946923322655249e-9	1.8778967006887268e-9	4.222341590089992e-8	2.835681600732988e-9	2.8954420244309148e-8	5.8388186418692094e-9	-1.3475968336460388e-8	-1.2738092872214082e-10	-1.555728484552892e-10	3.860593191034521e-10	1.429313075556853e-10	-3.4878536849807427e-9	-5.135102174024969e-9	-2.491364962393224e-11	2.6565246082694487e-11	-4.0882266226688074e-12	-1.0969355822377522e-10	4.510321415233138e-11	3.782325224224162e-12	-1.940109298865325e-11	1.0503592786754501e-9	1.9546184309460504e-12	3.222795330495268e-9	-5.712153112393391e-11	-1.167764662317735e-10	-6.127548187975762e-14	2.0408578483627292e-11	3.821792595781431e-13	-7.808403180656966e-11	-4.52273230934239e-12	-7.997829526551498e-12	1.1757580280091555e-11	-8.061356659742201e-13	-7.433086871661424e-11	2.942477491236421e-11	6.711878794384439e-13	-3.5259536826616824e-11	-1.0027713485507878e-11	-5.8653888004126884e-9	1.1513789092033553e-12	3.157915049707887e-11	5.096497615167993e-13	-8.886294949351573e-10	5.549048166354551e-10	-1.2084815769900494e-12	1.3848769310069599e-11	1.5361879135342483e-12	-1.4651268362912705e-13	2.2698580317687926e-12	-2.1371844799107477e-12	1.3821225627417205e-11	-6.334807609570184e-13	-1.5571102104086832e-12	8.320666056797733e-11	-9.634780659872766e-11	8.319193805269042e-11	-6.183683796966437e-13	5.423187528873865e-12	1.6263562054391796e-13	-2.302247886838322e-12	-2.1341135221097045e-10	-7.992655703638334e-11	-1.1440609533054675e-13	-9.027711477903131e-13	2.397545515587772e-10	1.6535052763980417e-10
30.0	2.7755575615628914e-16	-3.469446951953614e-15	1.1553786936193197e-6	-1.978513076583457e-6	-2.1377172808813394e-6	-5.44781609252133e-7	-2.6612939774860623e-7	-7.659772942082035e-7	-6.571542489053414e-7	-6.382454587020607e-7	-6.491689666064586e-7	-9.096053733229295e-8	-5.3853243604027235e-8	-5.363705699471326e-7	-4.424632278713808e-7	-9.147732422987842e-7	-1.1888196182999974e-6	-1.0152861392887427e-7	-3.46812532202823e-8	2.3123384104688646e-6	1.7191959047782094e-7	2.799791697466518e-5	4.007812712973024e-5	2.124243244579517e-6	1.5552983694342657e-7	5.356916379499241e-6	3.291015901324857e-8	-0.00013855003014906785	-1.0177871789966986e-7	3.971657648491521e-5	-3.5624710931597036e-5	-7.497059194468523e-7	8.829633391724735e-6	4.30072213821318e-8	7.989631468002211e-7	6.116291564240117e-6	9.78863486688676e-7	2.920360294805202e-8	1.05393889569023e-6	-8.05147660795414e-8	1.0119539583382824e-6	3.179936762340419e-7	5.5027925407436156e-8	1.5032857758948334e-8	-1.0456375687829002e-8	-1.8487346299043732e-9	-5.28573389217269e-10	3.495657006875688e-8	1.2180672844579228e-8	-2.6232056718606597e-9	-8.24856050096707e-12	-5.593014827376224e-9	-2.862895325120602e-10	1.0832143233527159e-9	7.1282642438791835e-12	-3.972008590484359e-9	-3.411609548505778e-8	6.089808320714467e-9	2.5930703903826156e-9	1.0634643258399093e-7	4.653702614333249e-8	1.4042160133298613e-8	-8.977032348839242e-11	-1.155808600141472e-8	-4.266952745210715e-9	-2.6927001254696323e-8	-1.396883732585152e-8	3.3656670770522234e-9	-1.1789950992943025e-9	-1.928965272051114e-9	-1.0769462058374234e-9	-2.2287536246950492e-8	-1.051542840036662e-8	4.041689708338979e-9	3.91133639510136e-10	-4.863775257176629e-10	-6.245523747839465e-10	7.0944159074986875e-9	4.27355223621585e-9	1.809784271803646e-8	5.12227707711622e-9	1.71246983084464e-9	-1.5545150463979528e-10	-1.6005579381212604e-8	-1.0905994502311689e-8	-4.558855422645987e-9	-5.278800673987899e-9	5.723986648640185e-10	1.7957657918961542e-10	-1.1648525775615142e-8	-2.1146448721624628e-10	-5.380913759721859e-9	-1.7070731913271018e-8	9.647857389514046e-10	-1.7774736944368875e-8
31.0	1.942890293094024e-16	2.914335439641036e-15	2.569646036311154e-5	1.622957707124998e-5	9.225781432859078e-6	2.589392299581702e-7	-1.3374422093837414e-9	3.1373856522135326e-6	1.1115891305051264e-6	3.7583026103897758e-6	3.135443414483935e-6	-3.3769772135925234e-8	2.537093168393445e-8	-5.819303622904613e-7	-1.1279957081314711e-7	1.6190802813617341e-6	1.0868084365794044e-6	-5.203542367752178e-8	1.110811254605596e-8	9.279762276311403e-8	1.9446886184644605e-8	6.897539003450777e-7	3.10191471246753e-7	-4.71451560302853e-8	2.7029223114936878e-9	-9.414207927207016e-8	6.023951734484107e-8	8.249884784920224e-7	8.136671371086358e-6	-3.7675229627236726e-7	-6.901951904901857e-6	1.7638788102618405e-6	-1.372376029034892e-8	-1.2208937976598899e-5	-0.0001624856260375433	-1.2805726925520039e-6	-1.4421232482462368e-5	1.928969019030657e-6	4.0616211207340257e-7	2.7177767858174154e-5	6.568357907379277e-6	-1.6191074675445157e-5	-3.0507275088601612e-6	-1.5714564465199911e-7	-2.464519018433053e-7	-7.957083591077784e-7	-1.8487453706930494e-6	8.977621000026282e-7	1.1097611572211202e-6	1.8473234076793972e-7	6.802686896703948e-8	-4.012926780621626e-9	-3.43372814913677e-8	3.025487168391469e-8	3.532457315490222e-8	7.964101477889063e-8	3.782591462922275e-8	-4.841528714517172e-8	-1.4147158457543977e-8	-3.93220041164423e-8	-4.109749828800592e-8	-7.92210729259895e-8	-5.8835737525426327e-8	-1.723084125425841e-9	-5.360479503131004e-9	2.4538566858983834e-7	2.4275630470693483e-7	1.305571085397713e-7	1.3562308443079197e-7	2.3151099638172647e-8	3.864426912696792e-9	-2.489062397421532e-8	-2.6023255458027176e-8	-2.3683390740260328e-8	-1.6518366925063313e-8	-1.562393433150053e-8	7.140994636806832e-9	6.308346905226803e-7	6.206512895371978e-7	5.37435005560772e-7	5.556911222562659e-7	2.9952761880184117e-7	3.094813801638491e-7	5.331973571484717e-7	4.3446954546092996e-7	4.2484420683602035e-7	5.057242337910223e-7	4.441749526609093e-7	4.545352440065401e-7	5.781158992874723e-7	1.5375354732599075e-7	1.1939192836952497e-7	1.4055713423605057e-7	1.1245207523457017e-7	1.311415566564617e-6
32.0	5.412337245047638e-15	-6.13398221105399e-15	1.2376515075705034e-8	-1.0126906853267794e-10	-4.369383623888062e-9	-1.5575004878608742e-10	-1.1258577639550526e-10	3.201951184917372e-11	8.315690996580161e-11	2.900900160227884e-12	-1.7004678006653022e-11	-7.914722680549493e-10	-8.978694672203361e-10	1.737997665791069e-11	-2.0001534640274485e-12	-5.908269757846669e-12	1.666564850774184e-11	2.0406623385948738e-13	-6.77687080058841e-11	8.373803463280962e-11	4.406171839012174e-12	-1.732472554328114e-11	1.0740648773721944e-10	-1.1008070712245944e-11	-3.9764286721441717e-10	-9.404785154988763e-9	7.3467373981560715e-9	7.055374937806737e-9	-2.0334215566381548e-8	-1.1126683761133042e-8	1.2642384756531577e-7	3.434877059740508e-7	7.683395660724631e-9	7.754616148724905e-10	4.5683025752251545e-9	-2.099461721667811e-8	-7.954729427273634e-8	-7.187170716145103e-10	-1.1822088524179755e-10	-3.8130185639478984e-11	-4.69209210265999e-10	-7.783072040745431e-8	-1.096571677441059e-9	7.336137118651867e-11	-3.0584912118975863e-10	4.5847129520261205e-10	1.1279395247425289e-10	4.504585595017283e-10	6.2251150694573576e-12	3.9653203986702226e-11	-8.280965099114762e-11	-6.594898430941038e-11	2.9412323313557935e-11	4.838169292707693e-11	3.0325612038005403e-12	-1.412860217612235e-11	9.805312214856863e-12	2.1256043364967249e-10	2.766502158024819e-11	-2.0411625884862208e-9	5.843538910409583e-11	-6.431116447079111e-12	-2.3692319002984723e-12	5.7644401276061695e-9	-1.3159537997975797e-10	-2.1760409688636434e-10	-1.4168634106455558e-9	-4.488501144418436e-11	2.2600042860308567e-12	2.8713212847234563e-12	-1.2388539434249684e-10	5.736925483905285e-10	2.7927743533492537e-10	8.736998798460927e-12	-3.317870899979765e-10	-9.653686544425667e-11	-2.3925667786647832e-12	2.1786588070328327e-9	1.4385390787323044e-11	2.978209171471434e-10	1.9101513993690472e-11	1.2669401392246937e-13	1.9450946899667373e-10	-2.2471844784497582e-10	9.687542667439018e-11	7.243206083553728e-11	1.125274048182906e-11	-5.321015466715616e-12	-1.7690117602116295e-13	1.9547838637396494e-10	1.40000686900946e-10	7.184655844089317e-12	-4.017950460172586e-11	9.243961171646972e-12	3.084178728294173e-10
33.0	6.2727600891321345e-15	3.0253577421035516e-15	2.71776562166446e-8	-2.0107145667735388e-10	-2.1667273801214334e-9	-1.3607799439644128e-10	-1.211210241376492e-10	3.9830101676773825e-11	1.0119456611060584e-10	5.720924632872015e-12	-2.5949043977986774e-11	-7.022877558599882e-10	-3.7881464549897827e-10	2.735781367956206e-11	-2.1537294824928827e-12	-1.1119133265613045e-11	2.4900355182259177e-11	7.814134074692343e-13	-1.0459618916026959e-10	4.484290946618608e-10	-3.786342474264201e-11	-2.718423056155997e-11	1.6630267622780862e-10	-1.521636635120862e-11	-8.388330536075471e-10	1.3692705428629397e-8	4.8079080802828725e-9	7.568238466749649e-9	-3.2032141460939865e-8	-1.1526265124834844e-8	4.90242779719541e-7	9.760972082715129e-8	8.921250008161418e-9	1.2246743864773324e-9	9.866395812815166e-9	-4.1859972979028596e-8	-2.1257056868525145e-7	-9.276537550289458e-10	-1.3663528054179828e-10	-9.90671299657407e-11	-7.635318736112871e-11	-1.1730860674754307e-7	-1.6342011116784801e-9	8.994249367935285e-11	-2.1918521884529273e-10	4.881025151695069e-10	1.1116541069826698e-10	6.722453891740216e-10	9.741664569714793e-12	5.2404193431474635e-11	-1.1420185840587951e-10	-1.2986429955016476e-10	4.1668977838069044e-11	6.448200508540767e-11	4.526236226479389e-12	-1.4228145401746645e-11	-1.0434830113181552e-12	2.961983736249879e-10	4.149897758473022e-11	-2.7611910260322023e-9	8.916678928365269e-11	-8.832384423748725e-12	-3.0764424169325297e-12	7.293023647260607e-9	-1.9113654304647804e-10	-2.3396370443387164e-10	-1.7317339041246319e-9	-6.131886801072774e-11	2.9520538460535176e-12	2.1850116355851184e-12	-1.7324916111551026e-10	8.840122495976899e-10	3.7103840786850067e-10	1.4969497834835828e-11	-4.748896224020963e-10	-1.28092550495681e-10	-3.5717979587596345e-12	3.343576341610136e-9	2.3111371823008283e-11	5.587474533108043e-10	2.8038763774540574e-11	1.3428017574244545e-13	1.7010420196030132e-10	-3.72354633109668e-10	1.0359415163740825e-9	2.9134758468959916e-10	2.2503143081646964e-11	-8.749148928761107e-12	-2.0658964632598596e-13	1.9465570427622262e-10	2.0873422141165464e-10	1.284528747411931e-11	-6.708500599712275e-11	1.3137058633699426e-11	4.582170301217205e-10
34.0	-4.08006961549745e-15	-1.04638520070921e-14	5.313577724632362e-8	-1.1608986881045882e-9	2.545477283720889e-9	8.497400618781638e-11	3.4196101813340984e-10	-1.0642429801616958e-10	-8.005996638567366e-11	-1.1370243273120438e-9	1.2048290764863057e-12	9.654251936731473e-11	-6.729283719025096e-10	-3.667008248890392e-11	7.042195492410688e-12	6.937718993704126e-12	2.8606930035850218e-11	-8.007845517947414e-12	1.607437615658353e-13	-4.448791498400853e-11	3.393029348601546e-9	-2.475610114232977e-9	3.335519549075032e-11	-7.678753528751751e-13	-2.2131202536105496e-12	-4.585940107936837e-11	-2.0437378257707883e-9	1.359630490434291e-7	9.26247528027219e-11	-2.840211604661604e-9	-1.5564168575900656e-10	-3.854541354177877e-8	-1.4468172356856085e-8	-1.3261920189371034e-8	-1.742987328408004e-8	-8.331134272207825e-9	-9.48883222825971e-10	3.011056127906682e-8	6.371428082454576e-9	1.4178474426251373e-8	2.4807143860558176e-7	7.08181380717065e-8	9.536436104773159e-10	4.844670969836208e-10	-1.8218509927727067e-11	1.1164999980736532e-10	1.0313496186275656e-9	8.025426585905192e-10	-3.081451197845717e-11	1.3935082642034146e-11	2.1952021148972904e-12	5.534029230564441e-11	-5.557629403313516e-11	-2.1718340027700792e-10	3.1762095666589154e-11	4.99556309207115e-11	-3.268396401610226e-11	3.030364762594949e-11	7.362566002104164e-12	3.0526539373020624e-10	3.1617698210805395e-10	-1.345932490429823e-11	-1.0719836019688353e-11	1.493649903859628e-11	-2.1590921986226928e-11	4.917823887217023e-11	-2.486653527851563e-12	-6.152068063009022e-9	6.921157836946528e-9	2.008638411894426e-10	1.0735968760171035e-11	4.342753446059172e-10	-2.5192628078567884e-10	7.677382954169456e-11	3.80585710621494e-13	8.709495135525318e-13	-9.669522815807508e-13	4.809237880607217e-11	-3.897139965696482e-10	-2.7996889872711005e-10	6.881320146017475e-10	1.5436984609517325e-12	9.824845054926027e-14	-5.761675822943667e-10	-2.927036132324176e-10	2.0698959919074876e-11	1.4542307785074436e-10	6.959998139837712e-11	1.896195193745922e-13	-2.6320305944628966e-10	-4.415272155981927e-10	-1.1240027852778527e-11	-1.11805880864167e-11	-1.7903097151963883e-9	6.352440508064283e-9
35.0	1.9984014443252818e-15	-4.3298697960381105e-15	3.788857353264087e-8	-7.538337824910227e-10	9.896050807825473e-10	5.5706432680455906e-11	2.274345796156041e-10	-3.5948843115590353e-10	-5.680837459319876e-11	-2.4508810804905284e-10	1.3715357111180576e-12	6.085662255674435e-11	-5.555006311963102e-10	1.8177886113888466e-11	5.1181379948420364e-12	2.581458635528927e-11	3.708415871282204e-11	-1.0170301188938057e-11	3.004338743218559e-12	-1.344151019882214e-11	2.28355945361272e-9	-1.6786382544082413e-9	2.563601426573176e-11	8.922058719557273e-14	-2.0665050852776115e-12	-2.5088180066185406e-11	-1.3310402679356322e-9	8.448927150084766e-8	7.614916658777246e-12	-4.884780466977318e-10	-1.5969910190048654e-10	-2.738961837771796e-8	-4.5095992656914126e-8	-4.008344283710088e-9	-1.9040776138002095e-8	-3.426141956886796e-9	7.106038802769359e-10	4.091391558872869e-8	5.217313519554201e-8	1.4942943290480925e-8	2.681064392706034e-7	2.90190011986404e-8	6.528012911500697e-10	6.249636115668267e-10	2.8688535955910047e-11	2.0368298791828578e-10	1.2183680912032926e-9	3.5530674410871833e-10	-1.559501264236134e-11	-8.498561643395856e-12	-5.130981344806628e-13	9.043857495263454e-11	-7.400758477021794e-11	-1.0922936287837394e-10	1.2783819346110887e-11	-2.142820723354195e-11	-4.075248067753988e-11	3.613191586696713e-11	1.2056898402903563e-11	1.573119689268633e-10	3.203662422203572e-10	-6.296851946064018e-12	-9.245568454295434e-12	8.904510591187273e-12	-1.31961858964686e-11	1.829784728611054e-11	-5.517844676386072e-14	-2.8418702763692857e-9	5.436457069192243e-9	1.166726119685407e-10	8.630659594913466e-12	2.4906722649031435e-10	-1.7668014790531335e-10	-3.6680476831832935e-11	-6.663750991678828e-13	1.3471002584354767e-12	3.0566307873515422e-12	1.3926973299141382e-11	-2.243966028935817e-10	-1.7687040822284076e-10	4.2236623985629915e-10	-1.2504212307211193e-12	2.002287486206981e-14	-3.8369376198048576e-10	-1.7667529032317446e-10	4.70287586784238e-13	1.2112077169260303e-10	3.800701413589022e-11	-1.389029115093351e-14	-1.5349111463703693e-10	-1.817165377879032e-10	8.997993495954817e-12	-6.866344734450476e-12	-1.6875594696807964e-9	9.314964842611156e-10
36.0	2.609024107869118e-15	2.220446049250313e-16	1.879912494806338e-5	5.020637166799721e-6	-2.494188592070881e-6	-2.7136240101363492e-6	-1.5984113940869169e-6	-1.013803561982277e-6	-3.1891341479427e-6	-5.065996044999687e-6	-4.3733924182601295e-6	-1.2174242297502417e-6	-8.327526791940518e-7	-2.980329997107321e-6	-2.097490546380221e-6	-2.901510927718973e-6	-3.2396091522180056e-6	-4.4771959887553456e-7	-2.3114990831828916e-7	-1.0383836804596392e-6	-7.141450530992502e-7	-1.7083295940603962e-6	-1.6022599075589857e-6	-1.8243522443587775e-7	-1.5136002496014407e-9	-4.707417131410084e-8	2.244553258252152e-8	5.41418021374251e-7	5.862556465621647e-6	-0.00010360015125220081	-4.880605864181276e-6	6.819619573729717e-7	-6.651847877442702e-9	-1.0548164058139433e-5	-3.5184066327002413e-7	3.2651557733831554e-6	-6.644695617590966e-6	8.71784764850088e-7	2.736208367810675e-7	6.648663359170692e-8	4.5441585677944974e-7	-1.38609534124649e-5	-4.8711022787848944e-6	-1.965209432065537e-7	3.1806504369169604e-8	-6.194434034343283e-8	-3.509646386431272e-7	-4.026776219986032e-7	-1.0198400718791425e-7	-2.172192581397626e-8	-1.2906497756218157e-8	-1.9273821140559487e-9	-2.2919926088179024e-8	-1.9423165009327948e-8	-1.1810742884552796e-8	3.7194834437937425e-8	3.4268082310400608e-9	-4.1297188570377736e-9	-1.1467879105840207e-9	4.716863170924203e-9	-2.0760701244091088e-9	-3.469890790875429e-9	4.9559674966652845e-9	1.8539462193828911e-9	1.3746358419826357e-9	-2.1647855397110417e-9	-1.967750786658246e-9	1.997912623419015e-9	4.861546999762999e-10	-2.2690034511411343e-9	-3.974435952277571e-9	1.6710750972053296e-8	5.929602557081523e-9	-8.634070748600315e-11	7.258888287817261e-10	-1.002682058502383e-9	5.84950904787735e-10	-2.647458823614806e-8	-2.2890118182529522e-8	4.423970383056053e-9	2.903790019085802e-10	2.2021681858269413e-9	-9.067542332146631e-10	-3.535398681959491e-8	-2.8559873038681346e-8	-4.351062452269026e-9	-8.702875236270745e-9	7.363351305234346e-9	5.845293063593286e-10	-5.6646633712756404e-8	2.2461463816599984e-8	5.061909296573146e-9	6.376417308361358e-9	3.4823698117782196e-9	-2.9155769992283876e-7
37.0	-4.08006961549745e-15	-1.4155343563970746e-15	-3.157382253919106e-8	4.818322970583341e-8	2.3696873794898545e-8	-6.274214027032827e-9	-2.093854783722104e-10	-5.078165822904563e-7	-1.6922076155226965e-7	-1.9287231973740248e-7	-1.9055792099719424e-7	1.3514570311587146e-9	-4.764124546153835e-10	-8.936832325126695e-8	-2.5921966206857567e-8	-1.14083389509305e-7	-1.219401164697572e-7	-4.848465647626254e-10	-1.1305905158119183e-9	-4.258691287173792e-8	-3.2012905379335e-8	-2.6227055871853375e-7	-2.594823171271936e-7	2.4658855322225884e-8	-1.279665110090921e-8	1.412313646655033e-6	2.048668706917897e-7	2.8594490163286365e-7	7.504831262374034e-8	-6.762518271856804e-8	7.137786850055196e-13	1.6313097054978117e-6	9.215929895822799e-8	-5.064137149200283e-7	4.794772606923412e-7	6.8402254786333e-9	4.200437870591832e-6	-3.2343421375169314e-5	-3.661719141474751e-6	-3.133635547427274e-5	-9.115222883109387e-6	6.565617127030496e-7	-2.3911395643466704e-5	-9.077718590061705e-7	-8.268887529246893e-7	4.583905009553859e-7	9.25871953140844e-6	7.831063382573394e-6	1.5368455764441487e-6	2.501977931769507e-7	1.2307872787094975e-7	6.489574305168355e-7	-3.24454727518725e-7	9.4162753070856e-7	1.0728308285976088e-6	3.3974359758031935e-8	1.2826992023324854e-8	-5.861017661905903e-9	3.2228621686630418e-9	-2.5150638477396213e-7	-6.157922229060746e-8	2.5099849401161757e-8	2.7148334022274177e-8	-7.956910393495243e-9	-7.522801612680237e-9	4.309427257074345e-7	4.501449659063077e-7	1.6084918880976612e-7	1.5080823809229856e-7	-5.205573908842272e-9	-1.6894034235130966e-9	1.725839848894623e-6	1.6385107490398772e-6	8.077183853570283e-7	7.620956695660226e-7	3.3985664259111385e-8	2.258069430792164e-8	1.245701152663267e-7	1.3812324784108907e-7	1.1253145319360798e-7	1.2385541442208754e-7	2.6690149169195616e-8	1.798872468160446e-8	1.000010760219857e-7	6.80088794973899e-8	4.228287042203244e-8	5.902227395201853e-8	1.3798565002573922e-7	7.496507193808449e-8	2.8241384731692373e-8	-1.2788660763278214e-6	1.1991726279390257e-7	-2.568403247387057e-7	-6.460552978902889e-9	3.85313673958749e-7
38.0	8.909539772616881e-15	3.524958103184872e-15	1.1858115244946946e-10	-4.062884102934886e-11	-4.679851050422225e-10	5.526844367546619e-11	3.4443962377426597e-10	1.799504381483706e-10	-4.666119391829296e-11	-1.826909712110946e-10	4.252128784667568e-12	2.2275925476321334e-11	5.932301164134056e-10	-1.9037387531544758e-10	-4.299381216664995e-12	-1.629391127569167e-10	-1.1726840457641953e-11	4.005458692932066e-12	-6.84349948803368e-11	4.6917954704461725e-11	-2.4949987517355686e-12	-2.1332208331289316e-11	5.428794328639679e-11	-9.740595456154309e-12	-2.2340324746861747e-11	-1.4417316926544367e-10	4.979538900085346e-11	-3.7052049766283535e-11	-5.900847500954636e-12	1.4148777555081937e-12	-5.6729062067357395e-8	2.9684261540620708e-8	6.513067978548081e-9	-1.5611332246520988e-10	2.958027293763807e-10	-2.9699909062475114e-8	-1.459841278999486e-7	-8.592987251980379e-7	4.13556083368742e-9	3.498444565651518e-8	-2.1424054567330538e-9	-1.3674149718211192e-7	1.2331636887021696e-7	-9.456069963325758e-8	-1.6854934345246934e-10	-3.4053625152442784e-10	1.5894743530322423e-10	1.4985409848543534e-8	-5.501256828657126e-10	3.610839331769054e-11	2.3348362215441065e-12	-3.2991091743731e-11	6.963814120807473e-10	1.189090286136291e-9	1.3547685781776157e-11	1.0112047532340022e-12	-7.2234572485404536e-12	6.188895370335749e-11	8.728887167433346e-10	1.2949463482498877e-9	1.4470294635451315e-11	-1.8808648739930197e-13	-1.2522512007659061e-11	1.5682436819811273e-10	5.193730952952434e-12	1.1615175205080693e-10	3.4527409819966687e-12	4.5176931243839705e-11	-1.1419113975152439e-8	2.5402083710038982e-11	-4.483683201397276e-12	5.7545320519658336e-12	8.737096150873335e-11	-2.732915564165763e-12	-1.3118726290235114e-11	3.4550073068419504e-12	-1.0273796324258408e-9	-8.946510172802266e-11	-1.5051845410217462e-11	9.55052399269142e-11	-9.394944362926016e-9	1.7234461514437644e-11	-2.500477383943095e-13	2.1901101868829902e-11	7.148663875230056e-10	5.044360681533067e-10	-1.2693579139469976e-9	-2.3058094049143208e-11	2.3983135364533834e-11	-6.200138049374156e-10	4.250774570661964e-9	2.5169304071760404e-11	-3.1295417406076455e-9	-3.455059779601625e-11	8.718693689883785e-10
39.0	1.6930901125533637e-15	1.7763568394002505e-15	5.359779420449332e-11	-5.863921477121286e-11	-1.9512573055002904e-9	5.375588443614138e-11	2.050967319319339e-10	3.020418905006831e-10	-4.2661621642237584e-11	-1.9613097875030775e-10	7.194614329181314e-12	1.658020077372857e-10	6.950465389053749e-10	-4.608355394813014e-10	7.650137282927085e-12	-2.6784878854718484e-10	-2.0045357748164065e-11	7.996510599373715e-12	-2.8224903164336735e-11	2.038232939275864e-10	4.9107031268817844e-15	-1.8646909843441407e-11	7.114508706633205e-11	-1.4324655768640019e-11	6.967268727546656e-11	5.424334887052915e-10	-3.9200814492681726e-11	-6.277718411538663e-11	-9.49382600469844e-12	1.5337847556017112e-12	-6.29493390658329e-8	-3.07672330689819e-8	4.4229187244050175e-9	-2.5535552649597625e-10	4.791646103549591e-10	-3.095779385392732e-8	-5.162878455859441e-7	-2.837004197581662e-7	7.490910583107985e-9	5.748764134082869e-8	-4.227140731596854e-9	-2.1744517309075309e-7	2.6425575373833634e-7	-1.5324946360268965e-7	5.979355981771232e-10	-7.830315017240639e-10	9.779122770090152e-10	2.1248338675055253e-8	-8.185688871912257e-10	3.9939456544030526e-11	1.0416121816416396e-11	-2.8701698161023682e-11	7.333907504609298e-10	1.7928333660736431e-9	1.3979949234641871e-11	4.055857937328412e-12	-1.3193057869312394e-11	6.531408604577271e-11	2.367872000930992e-10	1.940682595581947e-9	2.473306580635875e-11	2.5976974732380063e-13	-1.5466526216428383e-11	2.027768648863741e-10	6.114749022725014e-12	1.8257438387423305e-10	6.205044528492581e-12	5.747357945281303e-11	-1.971333204664805e-8	3.050314606255674e-11	-8.211064740134271e-12	1.1619564196878837e-11	1.3563170948045922e-10	-2.998828393380652e-12	-1.670659595214498e-11	4.734185361966483e-12	-1.3903209427091588e-9	-1.3830194727015064e-10	-5.3340458883830994e-11	1.6216139386567357e-10	-1.454168869744257e-8	1.647574544341867e-11	-3.1301203319626355e-13	2.035912216280073e-11	1.181117478035109e-9	2.750041174389666e-10	-1.3231408187337883e-9	-2.6507372916287625e-11	-9.452844825467235e-12	-2.669390952419496e-10	4.989110924413804e-9	7.856029578140125e-11	-2.3216262637641233e-9	-2.3397432516086e-11	4.2293767761627526e-10
40.0	2.3203661214665772e-14	-1.2878587085651816e-14	3.19444172702565e-10	4.82410387188147e-10	1.9027254104810127e-9	-5.617092870179178e-10	2.5916640411645127e-9	-1.1091728174297717e-9	1.2289507018050851e-9	-3.131823599801766e-10	8.206920561296088e-12	2.7530710679918337e-11	-3.4826958129253523e-12	-2.924966632821263e-10	-1.6109376899496181e-12	-5.223645056846856e-12	2.5287674755717847e-12	5.969887215241774e-11	6.304440095046633e-11	1.0920534712432021e-9	-5.314315710200707e-11	-2.1763167079912737e-11	2.9271705800589394e-11	-2.2477396802040983e-10	-7.872675444038618e-10	-9.282613596065264e-10	3.4617656048452137e-10	2.7708014662793706e-10	1.0583681197738979e-11	1.5878137241423307e-11	-4.8927873449287666e-11	-6.124938565685941e-10	4.7248141877120167e-11	2.4693057626554992e-8	1.1767344154786338e-9	5.898573157983359e-9	-1.308415304729818e-10	-1.1252726020964194e-7	1.2790497528013415e-8	-7.846443708588441e-8	-1.687610780006794e-8	1.5509209620037756e-8	-3.245573545412786e-11	7.490759397474433e-8	-4.7214717219515614e-11	3.612116992183944e-9	-6.552239039641883e-8	2.0101539903952666e-7	2.1533471804191029e-10	-3.8601122119681534e-11	-3.559104461942017e-11	2.1278589232761104e-10	-8.49354246018436e-12	3.091367207282397e-9	1.6584325457588975e-11	9.482516553492256e-11	8.572298590146531e-11	-2.0988930878065112e-11	8.215346236283519e-10	9.456296708591725e-11	6.108959823004725e-11	2.2620384884312923e-10	3.0923486200949214e-14	-9.823381004715702e-11	-7.652647858282824e-11	-9.235822313335734e-10	1.4944028621003214e-10	1.498428961619311e-11	-1.0891808566408224e-11	-1.5709675482385412e-11	-3.346783761149999e-11	-1.258291656915218e-10	1.4180774289326477e-11	7.067256279123205e-11	-5.276998505567232e-9	1.0659906725436822e-9	-2.5381123608461427e-11	-5.636005654316724e-13	1.3845193878123514e-10	-1.7422229414937863e-9	2.80290325650507e-9	1.870488250034893e-9	1.0017550622662242e-11	2.920228060921559e-12	4.058931016329577e-9	-2.7737393235538054e-10	-8.158004159544203e-11	-3.1028360762481667e-10	4.526565134714809e-9	-5.604282913004604e-10	-8.955281630923663e-10	-2.529147945340481e-10	-3.3403842404870182e-12	1.9465845570063834e-13	-3.070027089677639e-10
41.0	7.494005416219807e-15	-2.3592239273284576e-15	2.0232872590245621e-10	5.178205294806275e-10	1.5986658135755308e-9	-3.2716652260818544e-10	1.794672472279089e-9	-4.465443970788737e-10	6.079254257504691e-10	-2.8006855833804747e-10	4.737611668241913e-12	7.348727908013205e-12	-7.015113639373368e-11	-1.818635619114995e-10	1.4880963902574902e-13	-3.6735329918762165e-12	9.197195597063653e-13	3.275498263636414e-11	1.3796584915228246e-11	6.645515886051232e-10	-3.711346358330928e-11	-1.1243435410890572e-11	1.8495693467780772e-11	-8.07372444079615e-11	-2.759589807942955e-10	-4.780664996126843e-10	2.199170300838617e-10	1.5110149039479397e-10	4.868771529862493e-12	1.1448120169800898e-10	-9.35433310312992e-12	-3.906534504868738e-10	4.789738882012792e-11	1.562782194282803e-8	7.63407569330651e-10	2.064506937415486e-9	-2.47636640347451e-10	-7.87170507819667e-8	3.985632790180394e-8	-2.355220138207207e-8	-1.836090423341388e-8	7.800740545764055e-9	-3.8618268196356253e-10	1.0669609015560658e-7	-3.055711144980453e-11	3.3107665719103665e-9	-6.708989209996979e-8	1.0559200505821548e-7	1.3206780642186488e-10	-5.208032065257599e-11	1.0498375691286058e-11	2.126318690633459e-10	2.0135260308558555e-11	1.709124416457587e-9	8.073981103732632e-12	6.176880092536847e-11	5.0030602383610934e-11	3.274256591484048e-10	6.204947322574959e-10	-8.747448310784625e-12	3.04535196580842e-11	6.866740994867988e-11	2.587513657175107e-13	-2.914945824227398e-10	-4.2083433348705984e-11	-5.276174644028571e-10	1.5533742375685193e-11	2.570418778322207e-12	5.608588916787001e-12	-1.219566857430403e-11	-3.1138310159648736e-11	4.5480929010695853e-11	9.125080982340743e-12	1.0662293540150792e-11	-3.726395101471551e-9	1.0197161444710144e-9	-2.5943081681062633e-12	2.727764506449887e-13	1.034705614330644e-10	-1.0231594124627475e-9	1.8346773462785577e-9	1.0398416076960862e-9	-2.0579128486838063e-13	-2.638349645077963e-12	2.455837903298898e-9	-3.0767020740953444e-10	-5.0789107777055556e-11	-1.9103291009657305e-10	3.745328171194641e-9	-1.2295653579179184e-10	-3.368544184778341e-10	-8.989982080473463e-11	-2.5168886112831176e-10	2.7634034895439416e-11	-2.7521305348839137e-10
42.0	-4.135580766728708e-15	5.9396931817445875e-15	-3.217796436724754e-8	-5.6234569735401627e-8	-5.2115361644033335e-8	-2.4270758379604693e-8	-1.632318833087851e-8	-5.722149094191712e-7	-1.36138162230263e-7	2.541470815736229e-7	2.232621781106635e-7	1.1530257945186294e-7	9.368128922497127e-8	1.955108098004677e-7	2.3808606331179452e-7	1.5230633448218116e-7	1.1204586779391173e-7	3.3494388292469075e-8	2.9505458532092544e-8	1.9571370272003384e-7	7.759045251866815e-8	-1.1912890740832646e-7	-4.232004795862594e-7	1.4508763337170344e-9	-5.5777505111300986e-8	1.0990702225063611e-6	1.1254421997887834e-7	5.947666273885059e-7	3.1340846090274513e-7	-2.8563646085324125e-7	1.1714535422598932e-9	9.605824640082925e-7	4.52719587065013e-8	-7.495546001449492e-7	1.6694886933209652e-7	2.086299891066365e-6	3.253355691587533e-6	-1.621563888169536e-5	-2.258230881238381e-6	-2.6912026503577537e-5	-2.180214585676291e-8	3.748549491712808e-6	-1.4444650466776429e-5	-5.838314701761567e-7	-7.108698946863493e-7	1.3074890901622472e-9	8.637091975214073e-7	7.928535092344148e-6	2.1673288399546947e-6	2.588387583364118e-7	4.1678510045460346e-8	6.73635422854198e-8	-7.347410024685563e-8	-3.5395974345894495e-7	-2.0241375003834306e-7	-2.1625257882120185e-8	-1.2258563586218988e-8	-2.415461942934637e-9	2.2786532361914426e-9	-4.5590712823180975e-7	-1.8918691818074297e-7	-9.902085971642928e-9	-3.967788941384929e-9	-5.3858747767289675e-9	-3.687179822133385e-9	-8.041458229802456e-8	-3.3522486088907136e-8	1.15939994863883e-8	1.0768078134636932e-9	-6.009057951161131e-9	3.505192990772288e-10	1.8658373485218377e-7	9.048902429688164e-8	5.8074132768852895e-8	5.7622113532941005e-9	-1.6661157166801533e-8	-4.221064850068904e-9	-2.3087532040903517e-8	-1.4559314993527695e-8	5.448845427216699e-9	6.947188582163145e-9	-1.2228674881921088e-9	-4.722448280892729e-9	1.3862876621575015e-8	1.7529767596556732e-9	5.734550085160102e-9	5.335400267179563e-9	4.110741703918656e-8	3.4856345327474955e-9	4.690516507937121e-9	-1.8948063829939331e-6	-6.944251678940405e-7	-4.114819459871826e-7	-9.267199439984119e-8	-1.0965289525740306e-6
43.0	3.4139358007223564e-15	1.6375789613221059e-15	-8.372983471584854e-8	-1.3157583337279187e-7	-9.681637909534075e-8	-2.1972613853484526e-8	1.8149693937466635e-9	-4.901262378700622e-8	-8.716357277588739e-9	9.637156544374631e-9	4.229476649800391e-9	-5.214591948479659e-10	-2.3913026464793115e-9	-1.3982765194792013e-8	-6.744699497072413e-9	-9.532272788115371e-8	-8.632066457605539e-8	7.421577573107254e-9	1.3032395184875584e-10	-3.204438591886138e-7	-1.1024819371129663e-7	1.0430009019541087e-8	1.3985090742258613e-8	1.2020314882363076e-8	-1.5727611618769078e-10	-8.815725969913046e-7	-1.797931784436657e-7	3.6122310224965674e-7	1.9212618673950095e-7	-1.5050128621144e-8	2.272118461880678e-9	2.2234387226503177e-7	4.589271167776018e-8	4.175834387504414e-9	-1.0015772687806464e-7	7.097454084384413e-7	3.9178774353204704e-9	9.31749968814824e-7	1.441474471384214e-7	5.5980734772683215e-6	3.434642518614254e-6	4.740083266774657e-9	3.40335916711848e-5	-1.5408894673873413e-5	-4.562245657869745e-7	3.577094305010078e-6	-1.5223255120486463e-7	2.402186264694043e-5	-1.2088720998207908e-5	5.963308587658351e-7	3.6148835498031835e-7	-7.016668510163723e-7	-9.304367805204538e-6	-1.7633779297859085e-6	-2.6354175810956304e-7	2.1915605187479771e-7	2.953436267771724e-9	1.1036730449847549e-7	5.073811378462622e-7	-1.737385132897185e-7	-1.2275407048039916e-5	-5.680402903174884e-7	-3.120180381796304e-7	5.319286122216189e-8	2.2130649387970202e-8	-8.522068979761416e-6	-8.63657967548379e-6	-1.2678788677124748e-6	-8.063764760100966e-7	2.0217005267832946e-8	1.668300116511882e-9	8.16339861765752e-7	8.416886667092433e-7	2.578991397960389e-7	2.43222792199451e-7	4.446535598848681e-10	-3.674398121513758e-10	-1.473253831425103e-6	-1.5930703642540232e-6	-9.391981498961496e-7	-9.13346177995469e-7	-2.3632157660387417e-8	1.1201124824178182e-8	1.0516717559168478e-7	6.92272810198148e-8	2.022068006688062e-7	1.5800415195167318e-7	8.048277648121284e-8	5.4660933799676874e-8	6.981562485831541e-7	-5.622306602150216e-6	-4.969346022138447e-6	-5.003931591274381e-6	-3.150883114773585e-6	-2.9493599820758285e-6
44.0	-6.800116025829084e-15	3.913536161803677e-15	-4.640224035191258e-9	4.946200223813532e-13	-6.571900309706952e-11	-2.4128475733379837e-12	8.453363903454248e-13	-3.528117349594247e-12	6.069267324109323e-10	-1.826413956585575e-11	-1.6450869218174824e-12	3.790404485672085e-10	2.1496819897974544e-11	5.938657544740626e-11	2.4711674027384614e-11	-1.970270306964083e-11	2.7163452459493288e-11	3.351353393416967e-11	-8.269869625315963e-11	-5.2812850937182115e-12	2.795189016622014e-10	-6.052787189750429e-12	-1.0407790805494071e-10	1.6418190128450937e-10	-1.1385849563784348e-11	-1.530264533822284e-10	3.664271120507734e-11	6.344048489481452e-11	8.669233346645751e-12	4.369515739786313e-9	-5.121366175819916e-10	1.1214415515973043e-10	1.1631072401782072e-11	6.972082693344867e-10	1.915510740710731e-10	-8.764725955986886e-10	1.4670737955271337e-10	-1.1560226895040695e-9	-6.166821936088909e-9	-4.1086251754827257e-10	-2.8000947671815127e-9	4.191739869069987e-8	-7.597397382817241e-7	-1.4649841118073279e-6	-1.6379837034035388e-8	4.5253598533176025e-10	1.8754881630244885e-10	8.941448929691006e-8	5.7883113087927164e-8	2.1631309545766138e-9	3.693026075812109e-9	-2.2796115087173655e-10	7.255760203857193e-11	8.136711453007407e-10	-6.81067406999756e-10	7.928748825879425e-11	-1.4356625705553004e-10	6.261105417946896e-12	-4.5433950506395425e-11	-3.995210161938517e-9	-5.419767683570238e-11	-8.155566774286553e-10	8.208391822941953e-12	-2.244767417311069e-12	-7.246781703720177e-11	5.189615346520435e-12	-2.180824718923684e-12	2.05372069727837e-11	3.7390978460949054e-12	6.630534588934655e-13	4.864599447104241e-10	-4.55601232964774e-11	1.120114160505641e-11	-3.6416803289244237e-11	-2.8325976130315073e-12	-5.493226092879911e-13	-2.2103392691971096e-10	-7.76906314714376e-10	1.48373201163871e-10	5.694829168795966e-11	3.8043665069244344e-11	5.458103024183036e-13	-2.8880906893738647e-10	4.84809370778106e-10	-8.292809719191139e-10	1.738618899281334e-10	1.166293347177365e-10	6.367567131220726e-11	9.221345722999012e-11	2.458671407919675e-10	3.5892029063684243e-9	2.08661064923046e-10	-7.204727357501327e-12	2.1311416245276678e-10	-2.0334540000659874e-9
45.0	-6.5780714209040525e-15	1.609823385706477e-15	-1.562976037053189e-10	1.547295864743201e-11	3.816163250232877e-9	-3.3147996939006746e-10	3.1580350813537174e-13	2.6588950592130456e-11	1.0967035872535862e-10	-3.116292020748594e-11	-3.2178853160941255e-12	4.4634779386749194e-10	4.318377030656791e-11	1.9033547379984524e-10	3.609907220358108e-11	-2.798627751994735e-11	4.465706926829898e-11	3.841052090503218e-11	-1.40855508161266e-10	-5.135498984212699e-11	4.1159031769794447e-10	-3.5578100938712724e-12	-7.321544861320285e-11	-1.5337989735792982e-10	-5.196024324273406e-12	-8.456064811503476e-10	4.658489457950299e-11	1.0278230128333532e-10	2.0257682974045777e-11	4.241536455535015e-9	-5.683157145794654e-10	-7.380594465689104e-10	-2.2709875601930312e-12	1.2010116854552504e-9	3.106312266711247e-10	6.831677814757954e-10	1.670193537346266e-10	-2.0140510230136234e-9	-4.2603706785602375e-9	-6.68851521365212e-10	-4.723382220238294e-9	4.516696533404112e-8	-2.500995466225521e-6	-4.75078671555063e-7	-2.4349045553324067e-8	7.802241589843396e-10	4.0960079969742205e-10	1.466025394320602e-7	1.2764796820187275e-7	1.8202885834716305e-8	5.276240485293056e-9	-4.26877631127241e-10	8.307477619268761e-10	1.1732987034638774e-9	-1.0150379538342311e-9	1.0246667315911805e-10	-2.5756056389295334e-10	-4.345987836822132e-11	-2.2514090606306113e-11	-6.000885975391521e-9	-7.826433421092585e-11	-7.074740790615622e-10	9.9840010990999e-12	2.0874874017731523e-12	-1.249976660957174e-10	-3.73478458731116e-12	-9.905285057415892e-13	3.236240268440988e-11	6.451938490752898e-12	2.6881477255004014e-13	7.244641559362585e-10	-6.470440368866594e-11	2.017235384535473e-11	-5.1558010461907305e-11	-7.936455647126583e-12	-3.027983524327166e-12	-4.5691840234429264e-10	-1.23423447162737e-9	1.9661820366681753e-10	2.1025846215050007e-12	5.641658879378125e-11	8.164569132465648e-13	-1.9765233946161928e-10	7.77726974804709e-10	-1.7009652166175906e-9	4.445634789621601e-10	1.715531886219343e-10	1.140673711001339e-10	4.0807521916246053e-11	4.603887628524943e-10	5.578282324564301e-9	2.1952755349252533e-10	-1.2488453853952916e-11	2.154882593377645e-10	-2.9138294038086765e-9
46.0	3.3029134982598407e-15	3.3306690738754696e-16	-1.5609566706990584e-8	3.701865258128725e-11	-2.4388519111431708e-9	-1.1897660735966863e-9	-1.2562653667799898e-11	-3.1560217315861473e-10	1.4440003155330921e-11	-1.1271623281774381e-11	-3.9893240693220495e-12	-5.916431200134852e-12	-1.1065276242575946e-10	1.291343024818839e-10	1.0180515573061763e-10	-5.376925138238943e-12	-2.1405803161336488e-10	1.1936940285854681e-12	7.417355200000323e-12	-9.140028107716522e-10	-8.097439910986122e-11	-1.1101499066020773e-11	3.831397266225252e-11	1.381251272730034e-11	-1.3502304547454873e-9	-3.4228316585512194e-9	-3.709570934376245e-11	-2.5322236240026726e-10	8.448037074747098e-12	-9.572289810382313e-11	-9.721883473036189e-11	-2.6416670003383806e-10	-5.323732749860638e-12	-1.6170222208683401e-9	-4.3537496876168056e-10	-9.548264308070995e-10	-2.4396916672024016e-9	-2.2348998348554982e-10	1.6546285134337303e-10	3.954600903334888e-9	-2.5201641076307107e-9	9.301590650490771e-10	1.5436795406273193e-10	-4.904544701296718e-9	2.956842273591945e-8	1.6295096054789553e-7	9.451716068095426e-10	-6.455681384496568e-9	2.5646633320530324e-9	1.7151994896758392e-8	3.4201366603980365e-10	1.500864118163335e-8	-4.54872244313194e-8	-1.5125127733587198e-10	-2.8651208081599833e-9	-1.1258789216484536e-11	-2.5539594353357613e-12	-3.460143124856961e-9	-4.371797082989022e-9	-3.413395755309111e-9	-2.0298303981081903e-9	1.866971834423236e-11	8.791346537769378e-11	-6.233385119608271e-11	3.0774401130020743e-12	-1.0401020739279938e-9	-2.4477622386291672e-11	2.3951123784666522e-11	-3.898913836333055e-10	-2.067946010810286e-9	-4.9583739969506664e-12	-5.924286700175407e-10	2.0223242021416966e-11	-5.916792571879022e-12	1.0929308018407608e-10	-6.971662356788066e-10	-6.718546961875282e-11	-4.036285564985139e-12	-5.481633578369186e-10	1.6235504991088056e-11	1.3674810998470114e-10	-4.933450076966817e-11	-2.981711682017706e-10	5.723853616468889e-9	-1.429105426680729e-9	-2.1860876938854442e-11	5.828200794551381e-10	-1.776520148411835e-11	-3.5686510064917105e-13	-1.0904744574988534e-9	7.812151813580331e-10	4.98860707516931e-12	2.5307172833073477e-11	3.1298409373348984e-10	-4.635246258703444e-10
47.0	1.582067810090848e-15	-2.0816681711721685e-15	-1.229287796515571e-8	2.1742022416282916e-11	-1.8518813687989837e-9	-1.1518273106856123e-9	-7.334554408109853e-12	-1.9088424435053194e-10	1.7895601533319295e-13	-1.104344789371928e-11	-2.9748908958124423e-12	-2.1156584324677722e-12	-1.280935574583025e-10	9.849758287750735e-11	6.818344036618579e-11	-3.802102850112632e-12	-1.500597062941138e-10	2.1715811653716126e-12	3.194138941276725e-12	-5.641182102559479e-10	-6.394465912774729e-11	-5.976864115263472e-12	3.254021948408568e-11	1.3057298692711343e-11	-1.2658951795943061e-9	-2.0878821538376336e-9	-4.4814434187715934e-10	-3.3511196776276304e-10	5.694032089344356e-12	1.7641173432690772e-10	-2.807277042466677e-11	-1.6701906752531373e-10	-4.9627881265703905e-12	-1.257071259183805e-9	-3.0887266731900976e-10	-4.699184772917547e-10	-8.864963362720947e-10	-1.3663807037906977e-10	1.6833226561688924e-10	2.416983252996087e-9	-1.3399409438489844e-9	3.781589572815158e-10	4.854081307863005e-11	-5.417057726672448e-9	9.184271337912319e-8	5.051505392728698e-8	1.0540203608245462e-9	-3.952576274379269e-9	-7.943268073242414e-11	2.5053493732535984e-8	-3.617942977345115e-9	-6.238134369724683e-10	-4.446762769616331e-8	-8.663030724860684e-11	-1.6343608248279485e-9	1.6477164231668692e-10	-8.312594535371264e-12	-4.066010011911597e-9	-4.519224900463236e-9	-1.9997430460112653e-9	-1.2506058063479015e-9	2.636101335902406e-11	6.470450250006459e-11	-5.952200271512619e-11	-1.2001949739401516e-11	-6.004030899062537e-10	-1.4362127157706213e-11	1.3346098895069569e-12	-3.4916852823298987e-10	-1.639295570725836e-9	1.3913048615734335e-11	-3.5650868275760376e-10	1.054917742217828e-11	-1.5784852461689313e-13	4.862898097497562e-11	-6.647662818013985e-10	-1.0364918237397127e-11	-4.014940073261133e-12	-1.5606091297370225e-11	4.065749324606436e-12	4.4215477891439075e-11	-2.530000646397496e-11	-1.7021070297152518e-10	3.946572101224925e-9	-8.253147528308222e-10	-3.892626504435131e-12	4.038978907690569e-10	-1.1998271519424635e-11	-1.2688519827228035e-14	-3.532703882191204e-10	4.89281887217452e-10	9.450400660513835e-13	4.800604353877421e-12	1.7637462378721235e-10	-4.68408608483576e-10
48.0	-7.771561172376096e-16	-1.1102230246251565e-16	-4.553456821853352e-8	9.717245394831458e-8	1.2494739763361333e-7	4.513545119608788e-8	4.553307899016114e-8	-4.351345181244419e-8	-2.1857033791721975e-9	1.1752415315666647e-8	1.6767634860223822e-9	3.347789114142527e-10	-2.588844325063468e-9	2.497975102598626e-7	2.2717880936071885e-7	1.708923088357297e-7	1.5034509133740194e-7	9.611382968330115e-8	7.473846345739749e-8	-4.119949593290729e-7	-1.456856373566141e-7	-6.45230289365438e-8	-1.0067680774443063e-8	2.343582745521637e-8	2.9730447454499083e-9	-5.711990146603106e-7	-1.1670352034171764e-7	1.0230491700204667e-6	8.370948092736862e-7	-4.201537455063831e-8	1.2689954100774954e-8	9.117214716573965e-8	2.9504238104215927e-8	1.5565155682171722e-6	1.2726939352043923e-6	4.177931825480682e-6	1.0132723744696627e-6	6.495690739868399e-7	1.0972317023636956e-7	3.538361968232457e-6	1.5944641568971673e-6	1.6131578974325788e-6	2.8927161982538523e-5	-1.1232949194147122e-5	-4.458014969321058e-7	3.903385697053245e-6	-3.6241569022345003e-10	2.847136795810088e-5	-5.970318110639978e-6	6.473163579881578e-7	4.196427224461166e-7	-2.326884119841863e-9	-1.1633326355468348e-6	-1.0349131061976244e-6	-1.3390191294443303e-7	2.814696169410627e-7	-4.043650599429979e-9	1.536372350032023e-8	1.4237018813962273e-7	1.9237108232916098e-5	6.6707013376605184e-6	2.200314909950225e-7	1.2757938781829342e-7	1.6938908635432253e-8	1.7463430721011746e-8	9.847341894036613e-7	2.1880097020819305e-7	-2.0000778032872583e-7	8.452466660889479e-8	1.7431837389032635e-8	2.592784676181499e-9	-8.505193913995724e-8	-2.348971690064962e-8	-6.543584721641988e-10	-5.037214266522027e-9	-1.6137707636546446e-9	-1.6866474059467261e-10	2.3859892551514145e-7	1.4583525080527088e-7	-3.2109920517556985e-8	6.7396061895207115e-9	1.0484684798569928e-8	1.153850730843398e-8	1.0876311335889909e-8	-1.008128302896073e-8	3.6227119581767645e-8	7.1139646647271405e-9	4.934342934582917e-9	-2.0141724986663705e-9	-6.757697118422148e-8	1.758514311079856e-6	5.311799634251315e-7	3.5449637310461463e-7	-3.847051040504714e-8	2.2638328962369432e-6
49.0	6.2727600891321345e-15	5.273559366969494e-16	2.064599793097098e-5	4.239762183602558e-6	4.463097352006953e-6	5.958381488261027e-7	4.191349102798282e-7	-4.073868674704509e-7	-9.98428883369074e-8	-7.761861891842056e-7	-5.879485088835768e-7	3.0350023255705307e-9	7.417077769702131e-10	-1.4246190882518426e-8	-9.209933190390849e-8	-4.57767585458424e-7	-3.644046603401284e-7	4.4123119132568755e-8	1.59067213128568e-8	9.251555098054314e-8	5.600451278019727e-7	1.2338796744067197e-6	3.035107266097184e-6	3.536623307571697e-7	3.421478730539587e-7	-5.832666777257613e-7	-3.877789833028971e-7	-1.1178861026603512e-6	-6.505753027074512e-7	2.601152464200434e-8	2.313601351298746e-9	-1.4285617849491788e-6	-2.2525285321931966e-7	-2.1324483868263e-7	-1.0535172210248191e-7	-2.517836421795101e-7	-2.3798574509388283e-8	1.8094364551107442e-8	4.005490279823154e-9	8.341409941396153e-7	3.4079690917740797e-7	3.1808401710282854e-8	1.179077395626385e-10	-3.44211683132864e-7	8.130311715066083e-8	-3.787288154735135e-6	-7.2153959935118e-6	-6.951920324482382e-9	2.2176183185067473e-5	-3.845792992862958e-6	-3.5826008398621415e-6	-1.961367069115196e-5	-4.6256444023768944e-5	-3.7114826362794125e-6	-6.460078529555035e-5	7.156086415296171e-6	1.2978654642606407e-6	-5.283192143394698e-6	-7.342140440325389e-7	-7.398541943691119e-6	-2.5672707991828843e-5	-4.2062179266666147e-7	-4.893789768230652e-7	-9.146073626346356e-8	1.1623879794318647e-8	-2.4432796897701273e-6	-1.6983359127585501e-6	-1.0908200030335512e-7	7.763688524016487e-8	1.6826159724370016e-7	1.2688182071997411e-8	-2.4669299106651457e-6	-1.3146431045505729e-6	-1.788062944500957e-7	-4.0974650831054513e-8	-3.755592307848933e-9	2.2126235739331976e-9	-2.134987508679689e-6	-2.690842687281394e-6	-1.231337209618329e-6	-1.076637510639247e-6	-1.0693168784990814e-8	-5.6621115246212796e-9	2.9597560569870035e-7	3.469722201560566e-7	1.6228682226273074e-7	3.055225160108081e-7	1.8812716994152408e-7	7.355086925522369e-8	3.2578518859832043e-7	2.2896491974183213e-6	7.582737657672291e-7	6.764242876419781e-7	2.6023896468775963e-7	2.4924509595033336e-6
50.0	1.8568480086855743e-14	4.524158825347513e-15	-1.0398281811904681e-7	-2.0924532357867823e-10	-2.5804718042822984e-9	-1.2133428593226043e-11	-5.706945113819941e-11	-5.313691835645658e-10	-1.3840803193580486e-10	6.435485230504547e-11	9.567240141810593e-13	-1.7925570518092653e-10	-7.869336517615459e-13	9.611305609014678e-12	-9.699498219274801e-15	-9.839456682276199e-13	2.4151629002901298e-14	8.895408954133191e-12	7.404406923546398e-11	-4.05189125959555e-12	2.320764453613517e-11	1.2046480667802554e-12	3.692069890582618e-9	4.749120234896991e-10	-1.2485709020178693e-11	3.6741081360022727e-10	2.911093014807118e-12	1.0555956933420431e-9	1.4610959197648345e-12	-3.122383711852517e-11	8.810239090564666e-12	-3.9814676900633066e-12	4.767054598523909e-13	-8.668184784160215e-12	2.4149456850854455e-12	-1.5108246023560155e-10	1.6571445848629892e-11	3.158673171952017e-11	1.9022688244539253e-11	2.4196255177073395e-10	2.8488454441580026e-10	-3.550436268151973e-10	-4.46386920259347e-10	1.4638983935216628e-8	1.370869010576178e-9	-1.9498539173939966e-10	-2.8115032063855426e-11	1.2526836587859456e-8	-3.6702017375291404e-7	-2.9973686947183116e-7	2.8143492080625816e-9	-1.8857321140102005e-9	-1.7020080406660148e-9	-7.572242857960853e-9	6.901023100813613e-8	-5.470818586750805e-8	-1.483389807651463e-11	-1.21083937542983e-10	-7.6721305148641e-11	-8.946960351820112e-8	-1.0176768454937167e-9	-3.828790496863754e-11	-4.5469085691184275e-11	1.9078958046198425e-12	-6.242982538955701e-11	-1.2527302219652012e-9	9.297163330729776e-11	1.2110424122302375e-10	5.432900629404547e-12	-2.926816134948589e-11	-1.647271706476644e-11	7.835320006820172e-11	-9.598245614429462e-11	2.749779058671324e-11	-4.269058989771486e-11	-9.672847560950157e-13	-1.3578252915914828e-10	6.446370988747664e-10	-1.4573002399387117e-10	9.148009086335545e-12	-9.773044829681202e-12	-6.292080985907765e-11	-1.3570662695135463e-12	-5.722799665639432e-11	2.2040422134286146e-10	-1.823145904145434e-11	9.848601808763625e-11	2.641601766912064e-10	-1.313953842746644e-10	2.7767674867213597e-10	4.809895290012456e-9	-4.3813922566447197e-10	-2.2328575473569977e-11	3.1542767614578926e-11	-8.548455742616217e-10
51.0	8.715250743307479e-15	6.106206306647627e-15	-1.9023658173055157e-7	-3.96500386417686e-10	-8.468057817991823e-10	-3.905702832226854e-11	-4.323988596565472e-11	-1.8891626051214122e-10	3.1711745529009433e-10	1.7927243895899806e-11	2.9599620563105857e-12	-2.1235964427976557e-10	-1.3254978702900933e-11	3.567395177673505e-11	2.421437941054978e-13	-8.564619073703948e-12	3.595627245640666e-13	1.1605234676699952e-11	1.6447454598244873e-10	-1.7980002153216872e-11	-1.2736592586526943e-10	7.929271955001838e-12	5.046884393891205e-9	2.77428018142211e-10	-9.235928451101836e-12	1.9405935588049155e-9	1.9497741301665866e-11	1.3094566499872473e-9	2.4756378829997127e-12	-2.4570817978302263e-11	9.294376328773992e-12	1.8292534319824396e-10	2.469884984732828e-12	-1.4614219612156723e-11	4.234187740062195e-12	-1.6778014889174593e-10	1.6579859692082892e-11	-1.3489608847467538e-10	-1.05088523551931e-11	4.021784752093384e-10	4.838880687787347e-10	-3.7039128403007835e-10	-2.059249439939394e-9	1.6023464789713086e-8	9.47648966724842e-10	-3.429238470424667e-10	-4.0879666168043156e-11	9.104278716071917e-9	-1.2204900723202782e-6	-9.624019449881459e-8	4.904877192448801e-9	-3.5209550840924577e-9	-4.169818178235953e-9	-1.0062222043027287e-8	9.240673207194963e-8	-6.721367946458648e-8	6.079199606527827e-11	-3.300622537896736e-10	-5.296577735966992e-10	-1.3912262301945272e-7	-1.7244294674668083e-9	-1.156810554340908e-10	-1.0696962796691721e-10	-7.735569259980846e-12	1.9685550324985978e-11	-1.9795947011224316e-9	1.646037683376546e-10	1.8359525254135664e-10	6.1476027804797575e-12	6.453259475292922e-12	-4.3556050446772744e-11	1.4351342033536584e-10	-1.6001304237370199e-10	3.061250175615116e-11	-9.441935029625962e-11	-4.189688834597981e-12	-8.605243027007942e-11	9.712595947728487e-10	-1.934135266899825e-10	2.25780785602156e-11	-5.363679489516522e-12	-1.3236655773690039e-11	-1.893502930255583e-12	-9.348648556580557e-11	6.119371725123667e-10	-5.246857464861159e-12	3.18768065853311e-11	1.5355582151003126e-10	-2.1634090919240438e-10	9.031237169059945e-11	8.112038908003135e-9	1.1300987016935269e-10	-3.344257068534448e-11	9.475670165981459e-11	-1.5033028692302254e-9
52.0	7.70600922482545e-13	1.2597724512869446e-14	-9.224234760639923e-7	-7.744008066012122e-9	-1.5085822149407288e-9	-4.216647978024703e-13	-3.306874970572784e-11	-1.283760361893418e-10	-1.1916217225610165e-10	-2.6940327297380553e-11	5.352089126296483e-14	-2.8932407828319444e-11	-9.359422327689024e-12	4.688130469724936e-10	-1.8022469326990863e-12	3.5144898168159176e-12	-1.5536889326478878e-11	2.68587600940486e-11	3.5060314164219312e-12	-7.005839159436376e-11	-5.155078431691436e-11	-1.0804392973735337e-12	-1.291027439617061e-10	3.118831377366537e-11	-1.726316328858959e-11	-4.754304825979503e-11	-1.5717983586494243e-12	2.4256309199175674e-12	1.7279232430612733e-13	-1.584683225003467e-10	-5.1544898421905566e-11	-4.0217755994959693e-10	7.058514220803326e-10	-1.1201126109683559e-10	5.170058791088692e-12	-3.716733821941829e-10	-9.537478271097861e-11	-4.344882001904991e-9	8.99392657110519e-12	-4.823231419213784e-10	-9.298816887344238e-12	1.8194511720155015e-10	9.216953195970007e-10	2.839542994244693e-10	-1.0799403996835087e-10	-8.245922853524325e-9	2.0105592695329142e-10	-4.6101341734195956e-10	-4.3605231537856177e-10	1.3866614420379047e-8	-2.7977044842718298e-8	-4.440678629253749e-7	6.616332153686401e-8	-4.609525804467761e-8	1.989440116315587e-9	-6.551302721385925e-8	7.984317191722773e-10	-5.475740710922215e-8	3.4733813518521722e-9	-4.601182552138947e-9	1.218051078024961e-9	-1.0787347966677744e-11	-2.990901243118137e-10	3.645027605205996e-10	2.0344476064080098e-10	-2.6836252477299665e-8	-6.632993510919386e-10	4.4179628777942173e-10	-1.276969418440428e-10	3.283654775892336e-10	3.488106457404914e-9	-7.096875694698046e-9	3.288870648095789e-11	-6.377655699015664e-13	9.651122314920622e-13	2.3429160950893108e-9	3.532707260018107e-11	1.0251077722690703e-10	-6.002634883361665e-10	-3.6148631581119607e-11	2.220581832621032e-11	-5.66380985581511e-12	-3.302055719210913e-9	-4.6236637025890214e-10	3.412452686924377e-10	-5.631175011948503e-11	5.108623789227771e-10	2.766744326194205e-11	-5.9786210220088386e-12	-1.3512378134633398e-9	-6.2093187690094e-9	-1.5680573698522888e-9	2.147220908058809e-11	-5.809910107420143e-10	7.905985328120225e-10
53.0	6.113125418097051e-13	8.322347329141493e-15	-6.375053289253646e-7	-5.200446610068392e-9	-8.690267322171241e-10	-2.9197814282679647e-12	-2.2846637199026413e-11	5.322585954645681e-11	-6.936901534337632e-11	-1.4283262108456304e-11	-1.0082047850541987e-14	-1.0529730946433368e-10	4.859541651115557e-11	2.9142997493860023e-10	-1.0990385511357829e-12	6.916306204259813e-13	-8.596576752129881e-12	2.1678404622050218e-11	3.869194880204296e-12	-5.477304753618821e-11	-3.535658683496359e-11	-9.372281569422546e-13	-6.895635095080486e-11	1.8027728240852488e-11	-8.470194429389612e-12	-4.6792086994568535e-11	-1.3547010011855728e-12	1.4964786935921886e-12	1.0605554935654185e-13	-9.320967776341987e-11	-5.7760949376665753e-11	-2.7306779358325956e-10	6.168576923497657e-10	-7.487808442143053e-11	4.912214844884129e-12	-3.1154746558130325e-10	-9.947596838220343e-12	-2.3602898068741532e-9	2.5328877062786443e-11	-3.1960914678976476e-10	-5.5221159904524794e-12	5.118635052568074e-11	3.805436366337646e-10	1.1415954345439362e-10	-1.281118247315154e-10	-5.121355655183194e-9	1.4549258609647285e-10	-2.5334850467508327e-10	-1.7902050256085806e-10	1.1691410846141866e-8	-8.623129031459781e-8	-1.3722706340079977e-7	6.518072033442332e-8	-2.736913470120052e-8	1.3347093335300476e-9	-9.66955110591323e-8	-2.6343983988144527e-9	-5.0706783112963225e-8	3.2267985840181737e-9	-2.707259013639719e-9	7.244533938310753e-10	1.418582808769161e-10	-1.5062202342398445e-10	3.1900401747385964e-10	-7.297187474561023e-11	-1.7542407248855368e-8	-3.9704653344582664e-10	1.9442021606211962e-10	-7.109790994154811e-11	2.964918242377119e-10	3.0109427735675382e-9	-4.323101809753873e-9	1.9814256135055997e-11	3.1016751563646243e-12	2.2375123422369394e-13	2.0422899998141883e-9	4.6979030428138046e-11	5.830940466616885e-11	-3.660260304801208e-10	-2.1513138598867736e-11	9.576182035272248e-12	-1.8118263100010036e-12	-3.3712212100816986e-9	-2.6557079257930285e-10	7.273571853012071e-10	-1.851148135008297e-11	4.3345872976995905e-10	2.0871933143054647e-11	-1.4353361120998974e-12	1.2018136700682756e-10	-3.142193487856249e-9	-1.4373091230973864e-9	1.0508502696938286e-11	-1.4763328986721413e-10	-7.810124808526512e-11
54.0	1.6647084958393312e-12	8.117300222711904e-13	6.017786722147447e-5	3.957932528680317e-5	3.2071330699229745e-5	1.5306968840446873e-5	1.4703199965319051e-5	2.1414207715055082e-5	1.9174754421700786e-5	5.4907425646177196e-6	1.7423981872434651e-6	1.594432483712268e-6	1.309233093874214e-6	2.866077749749761e-6	1.7259285581128596e-6	1.4286560924066552e-6	1.0675364257367645e-6	2.132297475403365e-6	1.969014456277325e-6	5.1404830127408895e-6	1.066612624873894e-5	1.7264488840188888e-5	2.8946069685971336e-5	6.8249545291743325e-6	4.469071744650333e-6	5.682539900159622e-6	2.3921759410914554e-6	9.13917343907389e-6	9.796128330670293e-6	9.045137346637394e-8	6.545513872330027e-9	-7.325791157216306e-7	-1.0580648082376131e-7	3.5224095655028424e-8	1.4429162912942413e-7	-8.852280198788137e-7	-1.6746683980508494e-7	-3.0179314617100466e-7	7.452087775323593e-10	1.0115030464167872e-6	3.9261421972665757e-7	2.5401484284570054e-7	3.381679258329879e-8	-3.1171735669977625e-7	9.630901875833872e-8	-3.5430044122985886e-6	-1.4250214102587512e-5	-2.6406255714115673e-6	2.1634110272314514e-5	-4.3095391424872065e-6	-5.166438567788356e-6	-1.5644942557570313e-6	-1.3649442710458802e-7	-1.2162307723916494e-5	-7.459883721830081e-5	1.0140203318708391e-5	1.832102012637568e-6	-2.0555090398852704e-8	-1.2516502726571137e-7	1.2875756846747986e-5	-7.126024423911439e-6	-5.98587642337402e-7	-6.772417043960788e-7	-1.6734660124517498e-8	2.765261652137041e-9	-1.4531831366450981e-6	-6.664880022442591e-7	-1.2386651851604096e-7	6.617250563126893e-8	7.298084861236252e-8	8.689691889537465e-9	-2.7212040894329463e-6	-1.1944842893806727e-6	-2.3423587274866314e-7	-6.398188546792148e-8	-3.2039965728276077e-9	-5.1604048532525134e-9	9.676186850756885e-7	5.074564835723715e-7	2.686726631247499e-9	7.910439182593551e-8	-6.554396783783928e-9	-3.5596491002090227e-9	-7.692932215481138e-8	-4.5958731393637444e-8	-5.079460839741478e-8	-1.7693290264676522e-8	1.1656657079101839e-8	-2.0215233178007763e-9	-1.0819724313500928e-7	1.6063703528782582e-6	5.091207400748772e-7	2.211219777290128e-7	2.5800275380914264e-8	9.699787257694062e-7
55.0	-1.0724214643829676e-11	2.6372355893017602e-11	-7.337360390038409e-6	-4.138440543515231e-6	-2.787022713569882e-6	-3.5148854823782277e-7	-1.4198604866916323e-7	-8.479890507762886e-7	-4.586974045248455e-7	-7.908404987274005e-7	-7.207544478501709e-7	-6.790059446716338e-8	-2.5321602182741157e-8	-2.650642519192672e-7	-1.3066497921745706e-7	-4.304844501623451e-7	-4.0093131027587785e-7	-1.1801013158057458e-8	-5.839386065615554e-9	-1.531064173984229e-7	-1.3214165522652068e-7	-3.4469402466973454e-7	-4.846170332746909e-7	-5.816002164956756e-8	-4.0476119598130846e-8	-1.0967273196157403e-7	2.2787542607296425e-9	1.8757060022359122e-7	1.1862663228103438e-7	1.5413460469134877e-8	2.644836953654333e-9	-4.5613988718419885e-8	8.720779043820905e-9	6.4016322934502e-8	3.6595673489763566e-8	2.7840054625073857e-9	-1.3637105173224642e-9	4.3059176119831426e-7	1.2424991653125346e-7	1.003435007034889e-7	5.4471967794303954e-8	3.679374610397994e-8	3.2055129139144312e-9	-7.317115000441624e-9	-2.419563147761094e-8	-6.478998166425308e-7	-2.148061253393021e-7	-3.296101683706068e-8	7.138440144734192e-10	1.948808008444736e-7	6.006569680205744e-8	-2.365573591799306e-6	-1.2309544550693046e-5	-2.0113158341657304e-8	3.253292941258604e-5	3.4419847315666545e-6	4.140729961563175e-7	-2.2834962627809182e-5	8.073566539765746e-5	2.2701021679108776e-5	-3.164052924183957e-5	-9.979189608891465e-6	-5.1097420433417605e-6	2.1466279923738844e-6	1.4695703706137483e-7	-2.3790625506286264e-5	-3.91705104255059e-5	-1.6391031203806968e-6	5.9703963907201e-7	-4.7670388769313705e-8	2.0430798348600326e-7	-4.815811815268934e-6	-3.3254552148028277e-6	-2.9506437888834136e-7	-4.640177597876997e-8	-2.8407086021729573e-9	-3.893165451852223e-9	9.558315602187869e-7	8.304564929533273e-7	-4.0896865754948944e-8	4.1068606061523056e-8	-4.535378636616181e-9	-2.104938890131874e-10	-6.291236024240001e-7	-8.183051432859247e-7	-4.927965676095657e-7	-4.836158886694047e-7	-1.900593247483513e-7	-1.7451331525707799e-9	1.833442124019054e-7	-1.888027923295899e-6	5.335779747557254e-7	5.555533537907016e-7	3.752262444189089e-7	1.3959838985352699e-6
56.0	1.7110308079533367e-10	-3.035926416694979e-12	6.181245729672065e-8	1.0091471597108063e-10	6.7015264906453e-11	8.19535226246029e-10	-1.7967911415951506e-12	-4.692051015167055e-10	1.2096476095031893e-9	-5.778961542408222e-11	6.010614612987929e-12	2.3831501238544114e-10	3.9125311326329446e-11	-2.146219646239206e-11	1.4104693794930027e-12	1.7282151032047025e-12	5.030214324424695e-12	-2.9974461311819877e-12	-2.4398965141484177e-10	4.175319302302956e-12	9.037362416192454e-13	-9.838752127594311e-12	-1.6941716897827495e-11	-9.707417729853921e-11	-4.9046586489613124e-11	4.061329990087732e-12	-3.7785510898526775e-13	-2.5935571029652417e-9	2.453245888003552e-12	6.29096862506001e-11	-1.274088916077544e-11	-4.3225695893867766e-10	-1.235095210587487e-11	-3.645977858423744e-11	-2.878622367792835e-12	7.300350704128174e-10	-2.2561130299979072e-10	9.14969857672327e-12	-6.781856288997419e-12	-4.1415992370374614e-11	-7.975452869860269e-11	-1.8758404382815702e-12	-3.7136043822884725e-12	-4.7530016378653195e-11	1.1495975342648034e-10	-1.6379411197752504e-10	-2.9649024863116454e-11	-8.43323617472624e-11	-1.6452789885637417e-9	-3.2851380877395206e-9	5.108645662634191e-9	-8.102791366703973e-11	-3.183678252136468e-11	-3.175283310190444e-8	-3.4511841846351124e-7	2.8891260605923697e-7	6.3361968585237e-9	1.3187431505317656e-9	4.018118300722219e-9	4.8022317105194444e-9	-2.578128571689324e-7	2.180324322554371e-8	-1.1594133401496775e-9	-8.180968412419684e-11	2.9703956502372516e-10	-5.100773761956567e-9	-6.683600578440114e-11	7.086893441675849e-11	8.851958885697239e-11	2.685943146190104e-11	-1.0868655072524024e-11	-1.479991848007383e-9	-1.0850763173893042e-10	-1.2484193154038291e-11	1.0882262908306901e-11	7.062189012754272e-13	1.4856075969101032e-12	1.2058395454399746e-10	-8.92432169772238e-10	3.1160589623468145e-11	-2.9635657932756415e-11	1.0680948584118784e-11	-2.880658907184952e-13	-3.9054034783303786e-11	-3.699351836415131e-10	3.286120942579404e-11	1.1279365778216939e-9	1.5743993378742253e-9	3.4384883828666723e-12	-1.251718420206844e-9	5.568029118411132e-9	1.120912235212877e-10	-5.391794233600105e-10	-4.1413389843133885e-12	1.0547515280490251e-9
57.0	1.28107038250282e-10	-2.079388593222389e-12	1.6207330398650278e-7	9.549474975219999e-11	7.579285239863113e-10	4.859204433330454e-10	-5.504195699306222e-12	-8.248508694826072e-10	1.4658321210772731e-9	-1.0763735390177464e-10	4.301408807203846e-12	4.304945870289764e-10	7.273577206620517e-11	-8.696940859678626e-11	3.350286757401138e-12	1.842552686231659e-12	3.4274130893282965e-12	-3.545757666766327e-12	-1.9125235079965247e-10	9.002757034139227e-12	5.3942924976190445e-12	-1.7343886069400537e-11	-2.4616794575591004e-11	-1.2583356415987425e-10	-4.317798545272036e-11	2.9120397532142343e-10	1.2188539456809516e-11	-3.969355065456309e-9	6.832322877011807e-12	8.140722916321303e-11	-1.1892426610498992e-11	-2.3805387952273295e-10	-1.6963152369662475e-11	-6.875877720845043e-11	-9.377775318179248e-12	4.699417566370996e-10	-1.817162632850586e-10	-3.679047618420775e-10	-4.770241487610825e-12	-7.295408890561345e-11	-6.903439481663227e-11	-6.086622467639265e-12	-3.809972528786497e-12	2.0715365889544512e-12	1.5051795216418141e-10	-3.044659242880886e-10	-5.193478764396206e-11	-8.84491295049694e-11	-4.2089315236656596e-10	-1.6050548413793267e-8	3.650727084615593e-9	-2.563156851744668e-10	-3.0934693395937534e-11	-2.820715491613237e-8	-1.1052174408507025e-6	9.259313610348821e-8	8.331382406735543e-9	2.8347786588552025e-9	1.1461327831057771e-8	7.862571139722945e-9	-2.348518166266277e-7	3.224512523198339e-8	-1.6191078943345186e-9	-3.304550978019807e-10	-1.555138375043119e-9	-6.806075959045406e-9	1.205081633826891e-10	9.84311108794449e-11	1.3527515046035207e-10	-1.1644035883306056e-11	1.7133990521854974e-12	-2.1279401894023593e-9	-1.9963871260752771e-10	-1.874857231813497e-11	1.4288966899838073e-11	2.6033398181014954e-13	2.7875424622923626e-12	1.8078380227018558e-10	-1.1789434622757089e-9	4.909647811383678e-11	-3.712447571080659e-11	1.2656826998719078e-10	2.84315190622235e-14	-5.96184906921486e-11	-3.02091381592118e-10	6.170065764328086e-11	7.406559647344528e-10	1.2289211202505633e-9	5.7205551722604736e-12	-2.573407492315927e-9	8.658356988918589e-9	-1.0579875628258554e-10	-6.552740551682703e-10	-6.784957946988927e-12	1.4869519675639399e-9
58.0	-2.683549259843193e-10	5.949119796414694e-13	-2.7490823507724735e-8	-4.00040723498333e-10	2.6282327239311894e-10	-4.030432829570585e-10	-1.839798686392024e-11	1.0902905043583011e-10	-3.8299443477549276e-11	-9.755355993864348e-10	-1.8861255792337892e-11	3.1910402598526595e-10	-2.397350546644797e-10	1.9116848497483018e-12	-2.780280511512861e-12	6.149639151440653e-12	6.834852127869723e-12	-4.034518699250998e-11	-8.871579701565247e-12	9.512773795645595e-12	2.5484901491751644e-11	-8.632099088062515e-11	-4.328242760837702e-11	1.3795438986684777e-10	-1.302431315329344e-11	5.875661699436241e-11	-5.735983672885571e-11	-1.0156502413756798e-10	-1.3505429993721202e-12	-3.8680426151790817e-10	1.2109777102585486e-13	4.7117260575270986e-11	-5.141584480035477e-13	-2.7092982550874277e-12	-1.0752057303645107e-11	-3.794267420881177e-10	4.551901025659602e-10	2.601827840770075e-10	2.6905873717012907e-10	-1.866806285075119e-11	1.758230250022093e-11	3.7126632268126015e-10	-8.08118443751831e-12	1.204924034005116e-10	4.2735541736661875e-9	-2.331146576587107e-8	-1.7224431991361397e-11	5.362458491012182e-9	2.8343795481952164e-10	5.65630947045772e-11	-3.217110107259322e-9	3.392531608255784e-8	3.797266325871188e-9	3.9185432432361453e-11	4.617707568260928e-10	1.4306128023980441e-8	-1.6948475986402802e-8	1.0045342614198013e-6	2.4705984068371722e-9	1.5665229941836132e-9	-3.1542385782241913e-10	6.649852532100828e-8	-1.0241856535028482e-8	7.934339178845125e-9	-1.1713777632145268e-6	8.680282360494456e-9	-6.985299302391088e-11	-1.0329591143416765e-10	-4.1373428830062734e-10	-5.626282599283671e-10	-1.1538157287437793e-11	2.706010992151221e-11	1.121464297388813e-9	-1.4352778201767343e-10	8.86747108995118e-11	1.0783069648046975e-10	8.570590484634123e-11	4.2243386901436786e-10	-8.912167095949647e-11	4.050730042434022e-10	7.744707411942518e-13	-3.016783063546991e-10	-7.206483170955731e-10	4.742846019438507e-11	2.3554578413556795e-10	1.1922409575044229e-10	-9.013591483117993e-13	-5.695322700731058e-10	-1.841348566077169e-11	-2.3475878888175578e-9	-5.836392556135044e-9	-1.114108237714925e-11	-2.2710623095658485e-12	6.5925483774921e-12	-8.251743219162829e-10
59.0	-2.409747802221414e-10	4.0638167742054483e-13	-2.2223869648070717e-8	-2.7145936822559243e-10	1.4608758409584713e-10	-7.569991341421319e-11	-1.1720618084247632e-11	7.611311721062632e-11	1.212767260593729e-12	4.281931213247707e-11	1.1478622529519228e-11	1.7474575510166546e-10	-1.9138389879517483e-10	8.270383720922929e-13	-2.0022876001772365e-12	4.686349758906451e-12	3.376986191212567e-12	-2.5129477182080534e-11	-4.207203753033779e-12	9.362800821745562e-12	1.9114493615948735e-11	-2.7068149555032208e-11	-2.6844202477432142e-11	7.952775977267356e-11	-3.02347327917917e-12	3.6109585793161444e-11	-5.395119518460759e-11	-6.92501246070044e-11	-8.934217537193876e-13	-2.9482001092616845e-10	1.1984493729754471e-13	3.163230318090087e-11	-4.205960186815223e-13	-5.620551720893168e-12	-5.075304110453867e-12	-3.811079913247555e-10	3.2413733714782316e-10	1.8215247852798386e-10	2.1709119646724157e-10	-8.970027424191212e-12	1.1445609175284524e-11	4.0037897739201277e-10	1.1209684768560875e-11	6.946613983287051e-11	3.5167940835425468e-9	-1.5464176274546078e-8	-1.7648642964607252e-11	3.2787615063495435e-9	1.1533687753706296e-10	8.413123755121122e-11	-2.847076779074207e-9	2.0933165088708694e-8	2.334291935999481e-9	3.8622003902385254e-11	3.1722271945070455e-10	1.3033808574887316e-8	-5.138329735861436e-8	3.0996503486058876e-7	2.3839112522947503e-9	9.667286470791558e-10	-4.0305785984933157e-10	1.0076375250208157e-7	1.1869009302659275e-8	5.345610506475128e-9	-1.0405954199746165e-6	5.3456945702373465e-9	-5.7046713865358806e-11	2.228911281244719e-10	-1.9726511502065425e-10	-4.824083224542922e-10	-9.864407833141137e-12	1.666604950843519e-11	6.927426021209594e-10	-5.477235505220227e-11	4.884583669153454e-11	2.5022773997053576e-11	2.1130679563023864e-10	2.7691353886368196e-10	2.8143509272529977e-11	3.006576485424351e-10	1.2537984963357281e-12	-3.6815105665375383e-10	1.5274263186342315e-10	3.261645281779822e-10	-1.514897748018346e-9	4.594418503132408e-11	7.891891986954472e-13	-2.894127896474579e-10	-4.638674915800772e-12	-3.299852670258914e-9	-3.780849632872481e-9	-6.8659182356939425e-12	-9.371023438662278e-13	-2.0921429503500017e-12	-2.3940132671116697e-9
60.0	-1.6182821033640221e-9	-2.0238540271498646e-9	-7.5411347647805095e-6	-2.268494994632109e-6	-3.887383717523121e-7	1.4405830202839187e-6	3.855542122318711e-7	-8.98725354204926e-7	2.3368682838604393e-7	2.0083049825623413e-6	1.8759158678656234e-6	1.6644477698002427e-6	1.5930070971817615e-6	1.768719727607384e-6	1.9437509537427833e-6	1.2798117724774315e-6	1.0451713376201963e-6	6.350448632625181e-7	5.408249233207784e-7	3.9243068751048837e-7	-6.736202312049152e-7	-1.4121397973910728e-6	-3.246199722724008e-6	-1.1539520466691982e-6	-8.238172519703213e-7	-1.5878506179775586e-6	-1.0247512412203249e-6	-2.3218580766957975e-6	-2.4414356313615202e-6	-8.885570303696055e-8	-6.517700916258897e-9	-4.849577176247088e-7	-2.326361736282279e-7	-7.150908299498143e-7	-7.491604609975742e-7	-1.2505793715535954e-8	1.303591114742196e-9	-1.176121015907104e-6	-2.3940610101935787e-7	-1.1682579329336194e-6	-1.1926387311777247e-6	1.605347254681604e-7	2.9244649911018126e-8	3.8786244637314484e-8	-2.7591758424431215e-8	-9.380127127912259e-7	-3.6947411262706625e-7	-3.5540319762304337e-7	2.5645170535414886e-7	1.9989616466956773e-7	1.0950647281569714e-7	-3.833487929228628e-6	-2.321134726835941e-5	-8.978399263695892e-6	3.407625690503563e-5	5.809037755269764e-6	8.407693303638914e-7	-3.895772958108244e-5	2.633316067182267e-7	2.6846167549084253e-5	-3.099797026883732e-5	-2.034024496620177e-5	-8.689128697019864e-6	9.848113397662362e-9	3.556827411166852e-8	-1.7752238298001045e-6	-1.966335300981521e-5	-2.9372007951646874e-6	8.727767447102804e-7	-1.2729012006440928e-8	1.1261771519856663e-7	-3.5583697729030296e-6	-1.6557236147557342e-6	-3.843889191831285e-7	-7.407972831979179e-8	-1.8216688257739108e-9	-3.5835067448577825e-9	3.4543684653512836e-7	1.1498925054178491e-7	-2.170901391245549e-7	-8.140084429002278e-8	-3.7355985679638795e-9	-1.3422385739220932e-11	1.9051343629049302e-7	4.6735625324948075e-8	-8.027341676365197e-8	1.3730902096486095e-8	-1.8603261207882838e-8	1.086819881515568e-8	1.849373891391091e-8	-3.181411642267988e-6	-1.1251070080953912e-6	-6.015112766272618e-7	-1.2009876749184917e-8	5.65181758808551e-7
61.0	-1.8803644154744392e-11	9.966309094861797e-11	4.355410224467466e-6	1.0808958891467604e-6	8.414216951873216e-7	3.0059484212315966e-7	3.101958225668547e-7	9.632605480650535e-8	-2.4557947447319413e-8	-1.0599852978732532e-6	-8.744781321391326e-7	-1.1014163426250216e-7	-7.406619114751166e-8	-3.250251897698409e-7	-2.502231415643713e-7	-5.433370526986781e-7	-4.539327113339849e-7	1.5510301816886172e-8	2.2491366550378055e-9	-5.87751745172629e-8	3.3300173328835296e-7	7.698988741037935e-8	5.691547653324514e-7	2.945722212876287e-7	2.0294988186797313e-7	-8.965696724132754e-8	-4.596262600506652e-8	-1.21315240954251e-6	-7.995349742068531e-7	-1.9615662183053913e-7	-1.3542542552654087e-7	-1.900678477840508e-7	-5.05755528487615e-8	-2.0615871988106438e-7	-1.2177750045577404e-7	-1.2378962162410993e-8	-7.134425423151536e-9	-9.741076344672382e-8	-1.5178054446284874e-8	-2.1971338082576396e-8	-8.532585162634996e-9	1.6476321431193035e-8	1.4811472495662647e-9	-1.1815015423502628e-7	5.099762373802012e-10	2.4934559581552866e-8	1.2103106061787516e-8	-3.226601387540772e-10	-6.43365399405624e-10	-8.407862682794007e-8	3.584132209544255e-9	-6.8572649730880705e-6	-1.9900488784272325e-6	3.580115301174791e-8	2.5402863617866167e-10	1.3529178795748092e-7	-8.250605505742993e-8	6.077186077763532e-7	1.1055470340145778e-5	-6.309566504243783e-8	2.7844963249005475e-5	-5.272967603620702e-6	2.1485002993245523e-6	2.7361403889771904e-7	-2.519916166071626e-6	-8.678561816249468e-7	7.250667706822457e-5	3.898134538347075e-6	1.5388433814656817e-6	1.9835853666678254e-6	2.2042398328541456e-8	1.0859817951474179e-5	-9.819800844410893e-6	-5.865623923182095e-7	-2.446469750290496e-7	5.2750866732669177e-8	-7.436660498151257e-8	1.0964900228049395e-5	1.9020470424104257e-5	6.046542768710605e-6	1.7329615291511343e-6	-9.146949164433557e-8	-1.2660093002397218e-8	1.8127463890442234e-6	7.218759898387221e-6	5.098612984169974e-6	6.1751744590198735e-6	2.063270765981822e-6	-1.4157625808345747e-7	8.430405130156526e-7	-2.706054567369168e-6	-5.881819065391855e-7	-4.692742603413669e-7	-1.1078884445427002e-7	3.520129301894069e-6
62.0	1.7851747988938468e-9	6.672167303088237e-10	2.449841713051982e-9	2.078874752565898e-11	-2.057254930784447e-9	-5.4659183561263496e-11	9.31549174420619e-11	-9.352020968877986e-12	-2.1245022907020373e-11	-1.6874373968994476e-11	-3.934951618172714e-13	-8.85030796530446e-13	1.536847539113805e-13	1.9796908970298844e-11	7.855767720590175e-11	-1.4577342748454544e-11	-6.136200839425038e-13	-1.9404019342908498e-13	-6.811441379211147e-14	1.3652192975582176e-11	-3.811585906718005e-12	3.395051480005891e-14	-6.46002925865912e-13	3.041818046449387e-10	-2.506509506563771e-10	5.341901548393345e-9	3.95910336397305e-11	-5.472927224697741e-11	-2.903813348057441e-13	4.5125506278571033e-10	-6.297347077498864e-12	2.972327778210628e-12	-1.3976689507543126e-13	1.482472640945602e-13	8.312175888414579e-13	-8.760594595173285e-10	-1.6068320768590408e-9	-1.8899642197038866e-11	2.2109064333687303e-12	-4.711362579856718e-12	-1.5434422873087293e-11	1.639840611163583e-11	-1.703973369867964e-13	-1.8696916399548446e-10	-1.8643667428993283e-12	5.191336364004831e-11	1.2304095482119823e-9	-2.282744221508964e-9	4.727599884480055e-10	7.560807236321369e-10	1.0401406843561775e-10	-6.504396112675598e-9	5.4699780235160235e-9	1.2688054837485825e-8	4.354451105978514e-9	-4.437117413247792e-8	-2.440318008738683e-10	6.562444627702831e-10	1.2754968817933666e-9	-1.982268231021974e-8	-3.9494172105630774e-7	-4.4113997117102775e-7	-3.5434146968464065e-8	4.6212278092872464e-11	5.485285025418219e-10	6.73436726322252e-9	1.2509420795280765e-7	7.198949232239355e-8	5.060343539855536e-9	-3.251518920342618e-12	1.384343633275004e-10	1.4833307452135055e-8	-7.732858090139305e-10	6.320860366917974e-10	8.088230659730325e-11	3.0686626119330584e-12	-2.5162902975521618e-11	-5.648751722039357e-10	1.2037567271856295e-9	-8.316810086842561e-10	-3.702369028126121e-11	-8.757759866755094e-11	1.0319713308039377e-10	-7.955509363536003e-10	1.7431332560964993e-9	-1.7731765467486837e-10	7.535621705963387e-10	1.9561474220396728e-10	7.955204507988785e-11	-8.073703641161379e-10	1.6131165310745043e-10	-3.641086527584799e-12	3.8941470753014785e-12	7.74632938826148e-11	-1.1339770706673488e-10
63.0	2.3834274451630257e-9	2.716552704921596e-10	4.2611560666893084e-8	7.161484915958656e-11	-2.1801541284555597e-9	-6.968169890538173e-11	2.187230735080534e-10	-1.672994970708827e-11	-2.5607586539595122e-11	1.2038955838430725e-12	-2.4738704966721072e-11	-8.279782422902062e-13	3.121423795659895e-13	1.492127268156209e-11	9.447212191901896e-11	-2.23942096664389e-11	5.231402651817509e-13	-1.0502169216254139e-11	-4.0239961761061764e-14	-1.2396506307869472e-11	-9.184560551799068e-13	-4.578806612898109e-14	-3.545194383327601e-13	3.6483065268699936e-10	-8.905077733951576e-11	7.088485017674737e-9	2.4984592836923057e-11	-9.805536012503761e-11	-6.226941433165778e-13	8.397044782549017e-10	2.1391588341325393e-12	-2.33293903688804e-11	3.3056443831773856e-13	2.0349895083805217e-13	1.4326040679660932e-12	-9.76981151109384e-10	-1.2385870037862874e-9	6.827853674055705e-11	-4.307134307221867e-12	-7.203196639854741e-12	-2.2632496290542883e-11	-7.651835535256001e-11	2.900454383621942e-14	-1.9106297913801574e-10	1.70152335346199e-12	1.0842273875946207e-10	1.9415870852128566e-9	-1.1038342541095011e-9	4.4472208695198864e-10	8.767995552876258e-10	1.4116635339891417e-11	-8.312857068307078e-9	5.583906930285331e-9	1.1720234805336718e-8	5.524434246042768e-9	-1.5656931264184458e-8	-1.292611489833809e-10	1.661886280506018e-9	3.1192656786107923e-9	-2.011939145449225e-8	-1.2830063805560605e-6	-1.413624785756651e-7	-5.103568353119069e-8	1.3696474277230645e-10	2.82884556513242e-9	1.417466105084385e-8	2.092571059349986e-7	1.002334292416656e-7	7.95458737520175e-9	4.516016811401181e-11	-3.2337422604330724e-10	2.246069650110925e-8	-1.2554582056634287e-9	7.506036385724372e-10	1.2047997907399048e-10	-1.9422533498764004e-12	3.7449923127027184e-11	-4.382386374019945e-10	1.8258505214467162e-9	-1.32660011977911e-9	-1.1225797783560332e-10	-1.4061023474541398e-10	-4.2018649899429085e-10	-8.462182521959106e-10	3.3985959915477756e-9	9.568817736605325e-11	-6.736227563294838e-11	2.6115567050551106e-10	7.175635503471761e-11	-9.914436752831232e-10	2.5013853667168757e-10	-4.519952657058795e-12	5.824034626039339e-12	9.145363420903066e-11	-1.0754310200942684e-11
64.0	-7.413769786562339e-10	-4.496306587845661e-10	4.6733871993200945e-8	1.602388954213606e-10	1.23628478311014e-10	-5.293426559258598e-13	-2.55892552023111e-10	8.942536373803576e-10	-4.0064692377726724e-11	7.079172777803617e-12	2.875864106573184e-11	-2.1367264805825585e-11	-1.7063277287271645e-12	2.069138020789724e-11	8.779125288904987e-11	9.217754412450467e-12	1.6514642527637202e-12	3.912733352233948e-11	7.1559910344456565e-12	3.402783350364113e-10	1.3762180684975867e-11	-3.421126390033505e-11	1.5163831121826883e-11	6.065136249576686e-11	2.357295907846176e-12	-3.463437712280946e-12	-1.8291717433345045e-13	-5.7119247941969064e-11	-9.639807552448295e-11	1.7970259411359648e-10	1.0337454786555853e-10	-4.953940765144407e-10	-4.202067236991276e-12	-4.251424339665097e-11	-3.658490582575229e-12	-8.110097152622818e-11	7.59679762861842e-10	1.9856752143980445e-9	1.411623491468769e-11	-4.061864121407578e-10	-3.597372228148839e-10	-4.2230705833091077e-10	4.897998281800907e-10	1.168968449608746e-10	6.2051019224401904e-12	-9.558428667156199e-12	-1.538437158706655e-10	3.6744466792365175e-11	3.5078462413027194e-12	1.1524049372491489e-10	1.7336435902290443e-11	6.3680280389976e-11	2.7269834783229766e-10	-3.2090777302947395e-10	5.261857373755333e-10	5.839528699441726e-10	-9.251861306965016e-11	-6.866700822209754e-8	2.6450790897413642e-9	-3.7979151695966844e-10	-7.649318034808484e-11	4.82985782819933e-10	4.736134510655552e-9	4.918899094692108e-7	-2.836464950859444e-9	9.254073068007814e-8	1.7363168370119943e-9	-3.396323605717567e-8	7.391495045637038e-9	-6.110294359908418e-8	1.4440711632207139e-6	2.219059630147008e-9	7.614683213759801e-10	7.623474959169736e-11	-1.0882704836358254e-10	-1.1838191883681726e-10	2.0854272984359669e-10	-1.8187982800101517e-8	9.345840767536994e-10	-1.3025666816370315e-9	-9.156432155576944e-11	-9.990345943219437e-11	3.4095018605116824e-10	3.224841680189175e-11	-1.0431873714536302e-9	2.0812001033214806e-10	-2.706831852262163e-10	-4.568019225677931e-10	-7.336065166936258e-11	8.078129580609056e-9	-5.311198415501942e-9	-9.140492233245225e-10	-1.094435376743619e-11	-1.809905942681318e-11	4.568924220854652e-9
65.0	-5.208231582306922e-10	-4.071043434122735e-10	2.927133678503974e-8	1.0972622421408067e-10	5.5495042430354e-11	-5.206840557014665e-13	-1.8520685353194603e-10	4.814667482547585e-10	-2.9049759532938616e-12	7.870020546351647e-12	2.9407751339358814e-11	-1.7548741838303875e-11	-7.256227383356983e-12	1.0202846420537773e-11	5.049367213629551e-11	8.071382987983443e-12	1.0407663463845463e-12	-1.2703943680897723e-10	4.693374982491759e-12	2.0831662953749482e-10	6.391131747566474e-12	-2.09944677691592e-11	8.473146903825127e-12	2.971000520906437e-11	2.127884718582154e-12	-2.8807697542426876e-12	-1.4112811200117651e-13	-1.4061582778316574e-11	-8.928734573568014e-11	1.502700321770626e-10	8.142870558682717e-11	-3.495365900007497e-10	-3.0275939630314715e-12	-2.7392585560762754e-11	-2.3636935254189323e-12	-5.996642156338109e-11	5.613509113307529e-10	1.4179286992032215e-9	1.0683633281965701e-11	-2.6950562839589264e-10	-2.1296954263442374e-10	-2.4738120906843213e-10	1.243381225927169e-10	1.9956890363305653e-10	4.409017790096975e-12	-1.5098922839822766e-12	-1.2214389570844355e-10	7.549518896811884e-12	-8.041412971156949e-13	9.599480257833192e-11	1.0182470509999139e-11	5.140691867905875e-11	1.8946738903900708e-10	-3.270474798268506e-10	2.0560302921057659e-10	3.0229298426728327e-10	-4.847370596162538e-11	-4.1358233443946515e-8	1.635613550739887e-9	-1.7382708330843775e-10	-4.806113642324342e-11	1.1374121204041262e-10	1.4028826913158209e-8	1.533380692386086e-7	-2.170798202615341e-9	5.876283980553168e-8	7.753163425464788e-10	-5.155159553855541e-8	-6.1055421459017575e-9	-4.910531835238444e-8	1.233496855039846e-6	1.4043914792084038e-9	4.74263588486077e-10	-6.699593774998835e-11	-1.1174247044093784e-10	-9.840481502346968e-11	1.9081727264745975e-10	-1.3030597371742842e-8	1.4342764605191306e-9	-8.862157653205972e-10	-3.290033082260313e-11	-4.3433137315728966e-11	1.6222817867985575e-10	3.4934683382787766e-11	-9.541089432782642e-10	7.273562951574456e-11	-2.158504676190226e-10	-9.267210315771587e-13	-5.892236419008624e-11	7.978148044253175e-9	-3.5616633536587205e-9	-4.5742164653154847e-10	-5.549203040797758e-12	-1.56687498660965e-11	4.786351313402666e-9
66.0	-1.4311897822512329e-8	-7.94257989908884e-9	2.9637912743794345e-5	3.275018524079003e-5	2.6723080881361617e-5	2.260562408444166e-5	2.3910518594923596e-5	2.9462843747198906e-5	2.6718460072656886e-5	8.746977946916805e-6	4.430025563586785e-6	4.573203962714221e-6	4.1287758357819095e-6	5.4164011841198615e-6	3.967047373792912e-6	2.9262584611884176e-6	2.1475936324307673e-6	4.446874133614438e-6	4.499303546859566e-6	7.630360485938866e-6	1.60590956038404e-5	1.6305634551916902e-5	2.5468747146817855e-5	1.5200589055840821e-5	1.1625623949678159e-5	1.665378384239454e-5	1.4245881378372474e-5	2.2521832847531063e-5	2.3192790139754218e-5	3.5812561636342323e-6	1.2215357341824802e-6	2.452754679017487e-6	1.940063872398967e-6	3.845801782915802e-6	3.961994587223032e-6	3.7188355848522617e-7	1.0333347992549318e-7	4.155305407765634e-8	8.315536457130938e-8	5.2157733838274025e-8	6.356555940830649e-8	8.87914978713592e-8	2.6963398765625725e-8	-3.8026794188373345e-7	-8.372345468423412e-8	-1.8397162577529364e-7	-1.96089134221552e-7	-4.298547397783365e-9	-5.8997203520816894e-9	9.164898164418604e-8	1.4811832504570008e-8	-3.3188115342354824e-6	2.5113085607007712e-6	5.178184283104877e-7	1.1073537542026317e-7	-2.1963526876049235e-7	-2.4500022560267755e-7	2.217477036752134e-6	1.7728781891617614e-5	-2.8408917711646123e-5	3.2006669294066124e-5	-1.3573329736361337e-5	5.705467841108307e-6	-3.500336302936228e-8	-9.065505126386796e-9	2.545091788190938e-9	7.85302269932342e-5	1.0358068807045393e-5	2.984755458231475e-6	1.087421598971692e-8	7.486118253842686e-9	2.3613561738852837e-5	4.018850827488387e-7	-1.1889186401425055e-6	-3.7747014095658335e-7	2.172576952450755e-8	-6.150256733038844e-8	-6.7842564137042695e-6	-3.5661795420044426e-6	3.003757774510907e-6	-2.920547438108886e-7	-9.01374420529539e-8	-2.0697605676367383e-8	-8.145159606337452e-6	-4.35037788485081e-6	-9.302467266976191e-7	-8.988176928881684e-7	2.3376638039115019e-7	-2.1998013900834475e-7	-7.187602867635218e-7	-1.99315286721481e-6	-6.931436169521599e-7	-2.8571715735530454e-7	-1.577293887653497e-8	1.2608326174338894e-6
67.0	-1.4867656055045775e-9	-2.067319412249346e-9	-2.5382782454186957e-7	-1.2217446928345343e-7	-9.131643012914786e-8	-1.468867252464224e-8	4.411319458003939e-9	-2.2741632487575343e-8	-1.646804822035977e-8	-7.489147581074291e-8	-5.947898515895157e-8	-1.8057674195737066e-8	-1.3939717650615915e-8	-2.446884948408389e-8	-3.9172430948384555e-8	-5.324494903687029e-8	-3.7972552943337994e-8	-2.0932263854802314e-9	-3.6377098194663034e-10	-1.0493228221738345e-8	1.7844235894128336e-8	-2.7447571819807115e-9	1.6982010524482463e-8	8.093475214106248e-9	1.2750708518946702e-8	-1.1567068685874423e-8	-7.972308010317916e-10	-5.864975518557413e-8	-4.003463465215964e-8	-1.3147000468695722e-8	-2.495959564684504e-8	1.6808733251249483e-8	1.8318234679516757e-9	-4.6974940590921474e-8	-2.8365971971472766e-8	-6.375595799881438e-9	-4.101860542985479e-9	6.661750115371628e-8	2.938780656370416e-9	-4.2132465686079524e-8	-2.2318033716352773e-8	-2.3195051600529083e-10	-1.2632982395064774e-9	1.8042513411546355e-8	1.824552426436679e-9	4.012300936409129e-9	8.966849466707711e-10	7.294341203380476e-10	2.366314891295477e-10	-1.9207639781949322e-7	-2.8509840512303368e-8	1.613213885487004e-8	-1.1516439033911751e-8	3.272675519324853e-8	2.5489680649449368e-9	1.0588755116967621e-7	5.4446731144746906e-9	-1.203692694294494e-6	-4.584009166775988e-7	-1.1193502456577006e-8	-3.2121604374072765e-10	-8.135375137390574e-9	2.1281190635312636e-8	9.536386554430695e-8	-1.1408990340461313e-5	-3.2902009382345837e-9	5.299155180476718e-5	1.3186063232959357e-6	6.363854922334703e-7	2.495754657686543e-5	1.0447410983521545e-6	-3.875355247673904e-5	8.251878894381082e-5	4.003752795774419e-6	8.011128010214091e-7	-1.693929879537979e-6	-4.1467464184652646e-8	-1.208176791961507e-5	-1.4620167799900382e-5	-2.5105293545713414e-6	-5.279832847811689e-7	1.287539155533853e-10	-1.207512130817838e-9	-1.3703186906987906e-5	-2.1806423219283455e-5	-9.503304835741402e-6	-1.1660780987317296e-5	-2.7927178685245124e-6	3.8194193793903923e-7	2.4514747372483927e-6	1.1029937710870184e-5	3.188780327069488e-6	2.741987824427149e-6	6.838236332154853e-7	-1.907704446311552e-6
68.0	-8.553701610490872e-10	-8.933880405638557e-11	-8.700303155950199e-10	3.891828064335316e-11	1.2733660757794867e-10	9.112471314141856e-13	-7.456830754212544e-12	7.774439565624606e-12	-1.8063156399048684e-11	2.8626993154617457e-10	-7.139097152596603e-13	3.813538556495527e-12	-9.223463760742608e-11	5.019991521430237e-12	3.167763776598561e-11	3.110095856884925e-13	2.0915275565458788e-13	-6.565868521012553e-13	7.090385885905726e-12	-6.736130397905246e-10	9.544473117064312e-10	-1.9980453815428762e-11	-1.939660734070107e-12	1.0935510632817318e-11	-5.68921627400903e-10	1.1499627923873141e-11	-3.1696839567569317e-9	-1.2013537163669504e-11	-7.87459570963072e-13	1.0518933023161063e-12	-4.89395114486517e-13	9.898813532746952e-12	5.873597136566153e-14	3.304647920861522e-11	7.212977503583657e-12	1.3485588611853902e-11	-1.2561550777625491e-11	-3.648408553211407e-12	-4.3897464225938814e-10	-1.507601770991855e-10	2.9230241948120866e-12	1.4178707076513919e-11	2.0970370411290408e-11	-4.42371707521811e-9	-7.466172182675593e-11	-7.386284672484959e-12	-4.6264268786767206e-10	-1.5282627841590855e-10	1.4632431891831065e-12	8.228652139649017e-11	-1.0405594193694372e-11	4.0163639716811715e-10	-2.949268812552379e-9	-4.974432994544944e-10	-2.99069305751423e-11	2.6146572145131585e-11	-7.978377861434511e-10	2.102533387271126e-9	6.877629183398417e-12	-1.4834999979529123e-9	-2.169605746556275e-8	-1.0525843780031504e-7	3.255218466707356e-8	2.8804659745467816e-11	4.400469514996868e-9	1.0808874974239865e-8	-4.133036949472296e-7	-4.519074438492829e-7	-2.3090640617451826e-8	-3.690097425331972e-11	9.197932895264545e-10	-1.0468505720324906e-7	-2.4498253264414027e-8	-4.3493326000146005e-9	-3.2247507542214484e-10	5.382635824505178e-9	4.5609086878223403e-10	1.6795855385102514e-9	-9.016533230634296e-10	1.238211285985161e-10	-2.4607591003903687e-11	-2.0388969052523526e-11	-1.0224986326393193e-9	-2.2036497893760604e-10	5.399355013265798e-10	-2.6798732336255213e-10	-1.7371600976278673e-9	6.226017145650651e-10	-1.3873366860985332e-9	-7.598808262116121e-9	1.1286150670566723e-9	2.624785504483825e-10	1.981333281360487e-12	2.535985411153101e-10	-1.4495634963502285e-9
69.0	-5.440491742981063e-10	-7.01294700311231e-11	3.612149156783781e-8	8.929237588266038e-11	1.990318773399493e-11	9.250933423735889e-12	-4.094424135972366e-12	-6.452704197215699e-11	-2.0666257342435806e-11	3.045638073496886e-10	-1.6784508520921444e-12	5.523542467662161e-12	-1.8888527245957347e-10	1.4608687811207587e-11	2.139208795757334e-11	5.015646641476718e-13	4.845670443096954e-13	3.830652503359738e-12	1.1048020062529357e-11	-7.61682706733781e-10	1.4231626493332917e-9	-4.3864225737070885e-11	8.439818703235466e-13	5.950450622750114e-12	-3.4588769646391726e-10	-1.326498084428024e-10	-3.647468768918193e-9	-5.5207556463137996e-12	-1.7562628448629193e-12	2.79734910386304e-12	-4.951109366311243e-13	-2.6339877564945084e-11	1.1630854205362029e-13	2.198474672757434e-11	1.4772771652198232e-11	1.3152957991419955e-11	-8.580869827809e-12	-2.0546741342496778e-11	-5.903626527349517e-10	-1.6098445824600866e-10	4.423642332265312e-12	1.2506840064046317e-11	1.7766565377361564e-11	-4.680536281206741e-9	-6.446414412932112e-11	-2.179294751665419e-11	-5.893478353319385e-10	-1.2016970211300348e-10	1.1776128934807742e-12	-6.549908088003243e-11	-2.1437412721207284e-11	1.0421645481757301e-9	-2.3424411903085203e-9	-4.139490749821657e-10	-2.661455237670453e-11	-5.364351517075372e-11	-3.737693571843294e-10	6.042732277389881e-9	2.0677577160701354e-11	-1.2924123786002236e-9	-3.024102801344396e-8	-1.424777854205688e-7	2.4051977467808192e-8	7.378017557756432e-11	1.88845868721535e-8	1.3585610905428495e-8	-1.3488599553831007e-6	-1.4563960603525235e-7	-3.3456514353959336e-8	-3.565262226000364e-10	2.4022718359365846e-9	-1.8240944185554294e-7	1.2383820645023177e-8	-5.995401642659067e-9	2.858411127366589e-10	-1.1117543822229224e-8	-5.684135213378386e-10	2.75591644620838e-9	-1.452405443417452e-9	1.7816549091357922e-10	-3.973598953329429e-11	6.512464438838525e-12	-9.268726354492753e-10	-2.716082278653873e-10	-1.9249993277641775e-9	-4.35454304270502e-10	-1.5606958539537655e-9	9.063789408518127e-10	-1.6331733353242911e-9	-2.2528009616506874e-8	1.6870857818822853e-9	3.775460329571243e-10	3.4738535670482258e-12	6.097240323038462e-10	-8.066140428449646e-10
70.0	2.4170956411128477e-9	-3.93117361747457e-12	2.1828959950306397e-8	-8.221578902224371e-10	8.691980927673569e-11	5.278056376301415e-13	-2.1545555255391149e-13	-1.4881736094198329e-9	-1.3075454783389428e-10	2.7547823316465718e-9	-4.329350259707491e-11	-7.639841636376156e-11	-9.218916829370705e-11	-1.639677468584087e-10	-4.7487743982802345e-11	-5.498735685924408e-12	1.6233098706358397e-12	7.093806118722393e-12	-6.857720821997822e-12	-3.1990881774179443e-11	-1.3370248095483454e-12	1.4525337636598064e-9	1.3490739801154011e-9	2.1371460246446505e-10	-7.483216755613828e-10	1.398659238875716e-10	1.2571277692116154e-10	-5.376291620259553e-12	-5.7997446297938e-12	5.011658337378912e-11	6.176487049401147e-10	1.362839719686347e-8	1.4430810193044246e-11	1.512427884955116e-10	1.909802231868395e-12	-4.987625128927523e-11	-1.9261301166168184e-9	-1.95718414491361e-9	-2.547419907762772e-11	5.291423882512544e-9	2.2050542077765227e-11	1.6471651091499694e-11	-2.9061441425477227e-11	-2.6413082657771426e-10	-3.4828488353190353e-12	2.617084092468449e-11	1.7466582071527102e-11	-6.722983573457189e-10	1.728826295624567e-13	-5.006668204846084e-12	-3.3536418477265317e-12	7.907264373580869e-11	2.736861195435549e-11	-3.696572047208252e-10	-8.240051199528902e-10	1.2455641148583945e-10	4.6347499065460797e-11	6.249709563951823e-9	5.075460857598633e-10	-1.0860782539754812e-9	4.315008618532532e-11	2.1508846529699273e-10	-7.095142959336459e-9	2.3029649004500053e-8	2.653067515008101e-8	-5.189610367672094e-12	2.004451693045955e-10	2.2540782034350496e-10	1.0819450475188435e-9	-3.581735426679605e-7	-8.220172833939543e-10	-3.203851078680764e-8	3.0515311795613784e-9	2.1283420680291263e-8	1.5161474984896723e-8	3.070163910840266e-9	7.916313571942416e-9	8.374531684502917e-9	-4.356428196607367e-10	9.179437192575228e-12	4.261784328855964e-10	7.93841600049613e-11	-2.386705323871643e-9	1.8932445827039017e-10	6.309606331781259e-9	4.747343072800444e-10	-3.628154078481928e-10	9.098122697889904e-13	-6.970170640601516e-11	3.420315596906633e-10	5.319409815603538e-9	2.442421272409922e-9	-8.975278182406603e-10	1.9461144109834335e-11	-7.555617360096922e-10
71.0	3.124288639963964e-9	5.3005775874952293e-11	1.53375250932943e-8	-6.404627702704925e-10	-2.5222310445893907e-11	-2.1844540665346392e-13	7.035222256447759e-13	-8.164320680002963e-10	-1.0007782980363803e-10	1.8052239509163853e-9	-4.0521306475908e-11	-7.10516176587213e-11	-8.916754286952104e-11	-1.1085632467596462e-10	-2.484090220439942e-11	-3.717872919973335e-12	1.2042037004398454e-12	-6.99178494575746e-13	-5.413917708199437e-12	-2.0449936272802427e-11	-9.902196162779533e-13	1.3856192358012655e-9	5.595411398283292e-10	1.393388721549886e-10	-4.758899889529718e-10	7.198351888273801e-11	7.845008325980784e-11	-4.524821987631201e-12	-3.860189682866845e-12	3.4479237396978134e-11	3.6429197086520955e-10	8.685172772496607e-9	9.881044197884183e-12	9.953773765677265e-11	1.2586359833424744e-12	-3.7106033620590826e-11	-1.7600696908579378e-9	-1.380043982558081e-9	-1.8148182008481807e-11	4.918564171376553e-9	1.473812543613191e-11	1.1465685017864924e-11	-2.1363864565297117e-11	-1.897108665007721e-10	-2.4870317546734056e-12	1.6647670304645606e-11	-2.7527708038751915e-11	-4.899399177850284e-10	-1.0868633567201175e-12	-3.7141182744962205e-12	-2.1980800519214253e-12	5.3472932322629994e-11	1.8772810692229556e-11	-1.694672238158122e-10	-5.906458890630343e-10	9.28051810458808e-11	3.211762883812637e-11	4.175154119474536e-9	3.334644024389407e-10	-1.0332742405647716e-9	3.773353507274389e-11	-4.140666928075059e-10	-5.6714775075481835e-9	1.390561287639489e-8	1.4841643687589082e-8	-6.672745253949244e-12	1.3010649293494792e-10	1.6514705813944734e-10	2.9273355811081487e-9	-1.1720281153353481e-7	-5.293326799640259e-10	-2.0641408828920766e-8	1.3745041881431096e-9	3.2311509246495036e-8	-9.355027207216227e-9	2.5256297502909744e-9	6.49648607820053e-9	5.392807746848224e-9	-3.0694312398985235e-10	-6.559433928938466e-11	1.2772338206659807e-10	5.917905458804681e-11	-1.823112122252894e-9	1.3113488080759245e-10	5.285559745683326e-9	1.3353160133089806e-10	-2.8634437087821837e-10	4.006099855915753e-12	-3.9682731354000957e-11	-1.3881769730802438e-10	4.556126126328199e-9	-1.1606217224344387e-9	-7.078657948371508e-10	1.461417662501801e-11	-7.655954063992545e-10
72.0	1.568002433185094e-7	1.2905518241471685e-7	2.5772612743887773e-6	3.099355398886819e-6	2.5668668244130364e-6	2.569877835707386e-6	2.7119880897722407e-6	2.878800125938894e-6	2.6308112941650587e-6	8.681110586064436e-7	4.5941220679646234e-7	5.066407854625652e-7	5.09420185950864e-7	6.952651829137153e-7	5.658322119929459e-7	4.046582576385859e-7	2.7607254561125664e-7	5.378163848639083e-7	5.268499347876318e-7	7.325425170790328e-7	1.6121067265069251e-6	1.4066478836095028e-6	2.183511258964728e-6	1.9558423479041865e-6	1.6563757513306539e-6	1.6645234208758398e-6	1.5778535257849158e-6	1.936274982856528e-6	1.9548598178363107e-6	8.208903181245143e-7	4.3315303903853205e-7	1.1372252891095991e-6	1.0090104658917685e-6	1.387589224374293e-6	1.4026638379335448e-6	2.571069477846209e-7	1.341793723188871e-7	1.0161613385035933e-6	7.763172742703138e-7	1.1116915045859882e-6	1.1297888495325312e-6	2.2889576905422053e-7	1.1393451667202793e-7	-5.546055195105692e-8	-5.478723016693086e-8	-1.9565731101452262e-7	-1.9904199789584333e-7	-2.7642139885075685e-7	-9.522729931567908e-8	9.61071081437204e-7	8.572238133573986e-7	3.3969630208209786e-6	3.3588358207616358e-6	3.739101884262262e-7	5.913064694474973e-8	-1.419755873115153e-7	-6.090186777247244e-8	-1.9537523547610176e-6	-7.111996078966733e-6	-2.2560735021220816e-7	-1.6702473021226543e-7	1.5495899912951502e-7	1.1272566454703865e-7	-7.978900862612079e-7	-6.9184855518381015e-6	-1.5446902983875004e-6	6.564476574873035e-5	5.026502922186921e-6	2.0258578430265714e-6	4.809130495038833e-6	3.860041662153085e-9	-6.570029787651051e-5	8.243231672302365e-5	1.2884648333485152e-5	1.6661551998117958e-6	-1.0795737914017881e-8	-2.070793749321128e-8	-5.737969884985628e-6	-5.761923281383324e-6	-3.0034918280575797e-6	-6.241877298144853e-7	9.402447121799901e-11	-1.4393571493370811e-9	5.196238271365344e-6	3.5192074095787948e-6	1.409342175822209e-7	1.4164814513280013e-6	-3.732066788232238e-7	6.088668047409381e-7	-5.664105730253786e-7	5.053181982903142e-6	1.9623036057721007e-6	4.801909537793003e-7	4.751703147985834e-8	-8.114594907278393e-8
73.0	-4.7352400764782695e-11	8.398126457964527e-10	-5.777335647451109e-7	-1.0536773759788736e-7	-6.48460803045865e-8	-3.027985809780352e-8	-2.3215115357858255e-8	-1.02136538183672e-8	1.1557640834839453e-9	2.7089457643246116e-8	2.0866829275822782e-8	6.000094085146172e-9	5.577488128883915e-9	8.684077418117672e-9	-2.0581374707349986e-8	2.2305956479692207e-9	6.110399628797759e-10	-3.5682772894741957e-9	-2.127452048440613e-9	-3.4717380139561144e-9	-1.370914936364716e-8	-2.329556838106432e-10	-5.261532745695668e-9	-1.05492102857996e-8	-7.11624577433551e-9	6.101561603099873e-9	-5.740526022978113e-10	3.047408192026091e-8	2.2975807718203135e-8	-1.1378469025503711e-9	2.5179631268020572e-9	1.3258093071715643e-8	7.332582633514985e-10	2.4456140870259642e-8	1.6276198022327927e-8	-1.0575988056431343e-9	4.1874293984330495e-9	4.603089703487646e-8	2.515207207669186e-9	3.9730849082369985e-8	2.173720703422581e-8	6.0889710132621154e-9	1.340750116825181e-9	8.73621422523233e-10	8.56854539867191e-11	2.3496181035737675e-9	1.1417868150345851e-10	-4.605951078844375e-10	2.6168315849810086e-10	-1.2467641790121575e-10	7.610927033866124e-10	2.591124132475583e-9	4.441925389806174e-10	2.3093416226737058e-11	-1.7947379408833647e-9	3.4660274699823745e-8	9.342741830218544e-9	8.368023422992516e-8	2.1035718957274897e-8	6.815028938414498e-9	-2.7946925936092005e-9	-1.3836096509001769e-9	1.668839204573886e-9	1.1097675971161402e-7	1.833940637590086e-8	-1.8482582580350969e-7	-3.435672392610812e-9	-4.151850337673264e-9	1.3158679953187646e-7	-1.8842178050421837e-6	1.4088583939338662e-7	1.2100784244690066e-9	1.3522576527520857e-5	1.894983073195698e-7	1.6875249245484718e-6	-3.9038605625951303e-7	5.667833846767898e-7	-7.548752310060637e-5	0.0001625126655972979	6.107523525637604e-6	9.562385676188507e-6	8.799476040304459e-7	4.635915301547342e-7	7.517861364307051e-6	2.0246178084015523e-5	6.151918295577398e-6	5.3351580358226525e-6	6.026140688778508e-7	-1.757112628462442e-7	4.411592700049196e-6	1.6997283245652065e-5	6.61248803608317e-6	6.269034048051182e-6	1.3473868409424787e-6	-1.3219723379158365e-6
74.0	-2.8758049764306592e-11	-2.324893610022163e-10	-1.6895603996619807e-9	1.794521153753983e-10	3.9880827548961375e-11	4.396552576971798e-12	4.74639806463234e-12	5.604360251559379e-12	-1.4496175843138161e-11	6.327285821274632e-11	1.9368270898105657e-11	-8.45778827270487e-13	-1.8011446896355794e-11	1.9527690075611602e-10	1.9306837745899104e-12	-1.1810752839663511e-11	7.554971662338202e-12	5.317108017503545e-13	-3.336002112639558e-11	4.43857286473265e-10	-1.75923985768416e-11	5.363725040630233e-12	2.4651152442756496e-12	1.2224666872440867e-9	-7.925443973064824e-10	-1.2221901382762877e-12	-1.2338988170719946e-9	1.5433161659475687e-10	-1.1651125556277971e-13	7.618833995683133e-12	1.308181009175648e-12	-3.4343093410327896e-12	-1.8106899424324742e-12	-1.004668038674687e-12	-3.8813028437395203e-13	2.274563628944567e-12	-1.0519463859466323e-11	-5.991567570038846e-13	1.8289406517866544e-12	1.9621817260733098e-11	-5.601867951068955e-13	-6.320436111198547e-11	9.810672705636158e-11	2.537962816403873e-13	-4.045832760682013e-13	1.0580823638817762e-12	8.391364510041958e-14	3.4450434349053836e-11	9.477335265138326e-10	-4.790086925400635e-11	7.338062324193364e-13	1.9424740889985336e-12	-1.2943117158698052e-10	4.465330135723305e-11	-2.0187707550743277e-12	-3.118092328704843e-11	-4.541347485177777e-12	-1.195553400449816e-11	1.504816470991036e-13	-7.55440016906349e-11	-6.070873458769062e-9	1.7791353342597306e-9	-8.954913578190769e-10	3.84548522718154e-12	5.0602526860384414e-11	-8.868053250638987e-10	-2.882678701865409e-11	-2.39861189128684e-7	2.7819074477365206e-10	6.6708825761086e-10	1.2888819723450627e-9	-4.733613331713736e-9	1.0741180609232497e-7	1.1021483686484065e-7	-6.88084037291056e-9	-1.0304263818302765e-11	-6.437198959395664e-10	-5.693697505584473e-10	-1.6997196005633037e-8	-6.5848358997807e-8	-4.223818861611192e-9	-9.839780352900702e-12	-3.505626597472069e-10	1.092531868625034e-9	4.94765960212853e-10	7.892347428068865e-10	1.3488018840069248e-10	3.966324462216386e-13	4.897922339321503e-11	-2.878539128859015e-9	-2.3364190256842506e-9	-1.4561484583682098e-9	4.686836361325881e-10	-6.12809625927121e-12	2.9187258685662114e-10
75.0	-5.6173401436932074e-11	-1.857716555840014e-10	1.2267464209349435e-9	8.454056154294228e-10	-5.446596705983368e-11	7.343416601322124e-12	3.8009269679949324e-11	-8.210870603105422e-12	-1.360842018328249e-11	5.5349823797989786e-11	1.329322217650302e-11	-3.1322606701004935e-12	-1.5061871255595955e-11	1.1636430048897003e-10	-1.9754430591508782e-12	-2.4360128524989097e-11	4.308072582970212e-12	4.628753721068751e-14	-4.1264217896902774e-11	3.420955817228058e-10	4.6325637949469416e-11	2.8243499852309705e-11	6.828201801106399e-13	1.8013781071236857e-9	-1.1610214695010245e-9	4.650673576594759e-12	-4.630192907638977e-10	6.856872858008292e-11	-7.469058542099805e-13	8.404030955908845e-12	1.5325141095213344e-12	9.240779159857989e-12	-3.800025501661634e-12	1.800454569587936e-12	-8.35445325253835e-13	6.585537275400596e-12	1.2066031511933667e-11	-8.41521265948239e-12	-4.027101469655249e-12	8.359110322574539e-11	-1.0238947913284418e-12	-3.7466520026159576e-11	8.370608041915351e-11	-1.0180006909649573e-12	1.8233783950645996e-13	2.4787199205394497e-12	1.668410499131812e-13	1.9587871035824235e-11	7.525371886501269e-10	2.8571484103667536e-11	5.658569878350744e-13	4.3217231313424846e-12	-1.8071391368807173e-10	2.285895230335772e-11	7.691554130966272e-12	1.0614393345947565e-11	-4.189009517978241e-12	-5.7692964522919926e-11	2.5710482641068143e-12	-7.813802418805699e-11	-7.005947194706265e-9	1.5235145339250863e-9	-8.460852811537513e-10	1.0148240655696824e-10	7.15480867132108e-11	-7.58650409402925e-10	1.6107177458006655e-10	-3.116936759483367e-7	7.044308486616264e-9	3.9477728927576675e-10	-6.530667622509953e-9	-4.0122650415915965e-9	3.5644397475297375e-7	3.734202742027733e-8	-1.0054476187709689e-8	3.1327941053491254e-11	7.742691967946601e-10	-6.590232587030089e-10	2.227217225786917e-8	-8.805366523127711e-8	-6.5969780420783435e-9	5.43239924539108e-12	3.4701679696884795e-10	2.4900201186259332e-9	3.9275098371316847e-10	1.1471829347069805e-9	2.2984308072377975e-10	-4.8796306073897685e-12	7.394370425736802e-11	-1.1152385415689987e-8	-4.007679743736312e-9	-1.3318665653075232e-9	5.479591845573945e-10	-2.2295394151853743e-11	8.16723942171363e-10
76.0	-1.2676826132154952e-11	-1.1767793104016874e-9	7.3359763766084426e-9	-2.977358508808284e-11	2.1696047757711238e-11	3.699922597564934e-11	5.0384642044641654e-11	3.825566563793315e-10	1.0820701200726858e-11	-2.736646352691971e-10	7.173617689129511e-12	-3.6895671181436026e-13	9.953665545706926e-13	7.86372347735364e-12	-1.1830502139310003e-12	3.273651560540879e-11	-4.068845153031515e-13	-4.967222456466364e-14	-2.0313605655893586e-14	-2.8315187021420888e-11	-9.546540111028735e-11	2.46009210566116e-12	7.340939812625689e-10	5.130777315676659e-11	-3.194569053651319e-10	-5.721771778234182e-10	3.142010317237147e-12	1.1705687111056881e-12	5.555385479692566e-13	-1.620409599426932e-9	2.2985221789700534e-8	2.3593090540608745e-10	1.861784905692637e-12	-1.6528760023338714e-10	-1.2476033120899169e-12	2.1690301450139312e-8	-1.0372695578008473e-9	-1.920586355905959e-10	-8.47650796433569e-11	-3.794802745396256e-11	1.6059479435285204e-13	4.423757345473196e-11	-9.875306450656726e-11	-4.3901232870761576e-10	-2.7920482235332935e-11	1.2820091728761163e-9	2.3169818147241245e-11	-5.502987420422317e-10	-3.910541488224695e-10	2.8506754953559477e-10	3.198780777465761e-11	1.8948059224315363e-11	-2.321424790871938e-12	-1.6715779099953778e-10	3.336454779394855e-11	3.5023439817746473e-12	-3.3727415181424702e-9	3.479742731907445e-9	2.5150888447143085e-11	2.404121696075607e-9	4.6058193419225e-10	2.7791461344853515e-9	-1.0616021312216338e-9	-1.8417090234858002e-11	-4.560114850091528e-12	-1.0442870820707122e-9	4.3999059545637903e-10	-2.0244799232931472e-8	2.8129351545304695e-7	2.2498711679250318e-8	2.0064976200772188e-9	-5.446141565696387e-10	2.795144289111932e-10	4.331972831769921e-9	1.6319473675800238e-8	2.793882026862328e-7	1.9972263896188348e-10	-4.76987824897056e-8	5.232520573770297e-9	-3.1425616477492768e-9	-3.771595174845443e-9	6.241363104090512e-8	-6.255298007330983e-8	3.805265231730149e-11	7.283025980225873e-10	-8.328991364156195e-10	-5.780568419786969e-11	1.485356446489361e-10	-3.059694940146179e-10	4.661418527326014e-10	5.23265345174354e-9	1.87968367387335e-10	1.6114242409638305e-11	-6.604597726802019e-12	-3.771345010813111e-9
77.0	-1.6154328881795366e-11	-8.271688756002464e-10	4.126484959530077e-9	-1.881843721169836e-11	1.679298339080866e-11	2.3739034334217362e-11	3.759400283947176e-11	2.50114780483136e-10	6.649794940106568e-12	-5.357153895232594e-11	2.71376993453438e-12	-2.648599780828966e-13	6.204092042940922e-13	2.5309086639995886e-12	-4.2018737556030435e-13	1.0548495331371338e-11	-2.6147030233746687e-13	-2.8972154613115247e-14	-1.0431519589668147e-14	-2.1116359369251163e-11	-9.463260850067939e-11	1.76265403904517e-12	4.944004192271091e-10	4.7122881176835024e-11	-2.1402843847720652e-10	1.2676968418625286e-10	2.2418705628482466e-12	7.637249469296923e-13	3.1454753087127376e-13	-1.064012839271347e-9	1.4811899327630387e-8	1.5499241993607052e-10	1.2263386299219343e-12	-1.3919786646210304e-10	-8.979689101777953e-13	1.3925247220978487e-8	-8.379438051611606e-10	-1.400502217305052e-10	-6.064448203627516e-11	-2.3624637074474366e-11	1.2318407400398913e-13	3.2566374873944303e-11	-7.048769625684865e-11	-2.988278978637755e-10	1.0549504198023268e-11	1.2549885088987867e-9	1.536704916331685e-11	-4.028359464268762e-10	-2.861756635642021e-10	1.9985219759947566e-10	2.263947175434932e-11	1.2489955314239541e-11	-3.533218909092117e-12	-1.26451355589373e-10	2.381677563560572e-11	4.744142712296316e-12	-3.004311790073545e-9	2.337688619160225e-9	1.6712141046433607e-11	1.749331433841997e-9	3.0435990802718756e-10	2.6212769507029117e-9	-7.872733456240862e-10	-1.2276981127566231e-11	-3.024201312711955e-12	-8.364753590199976e-10	3.3794654049322536e-10	-1.4322144587576997e-8	2.171087115784338e-7	1.462209180640359e-8	1.6468296132937616e-9	-3.571256957536477e-10	2.0597714755807566e-10	4.05644173083493e-9	4.478897697826693e-8	8.68109385108763e-8	9.556308537147838e-11	-3.083464382630007e-8	3.4450466117935168e-9	-4.53907585208951e-9	1.0200967350029736e-9	4.029251406659953e-8	-4.924428917594407e-8	-1.0213776041837373e-10	4.832164401763721e-10	-1.0983761000901969e-10	-2.3191917875096495e-11	1.1016261683646894e-10	-2.1519583469749576e-10	1.663420541615899e-10	4.129329851173505e-9	-2.1217372924008569e-10	8.063900100269181e-12	1.395882743734329e-11	-5.016637035028912e-9
78.0	-1.929801637356191e-9	-3.043300707794443e-8	-1.9983436638738548e-6	-1.6828966256189146e-6	-1.4526752602782161e-6	-2.0362847420681114e-6	-2.4809299198380367e-6	-2.4864870990010683e-6	-2.248484730440777e-6	-6.070457574132175e-7	-2.8033613728573544e-7	-3.4624972013478556e-7	-2.9087998759702035e-7	-3.309164762966882e-7	-1.1278540063052919e-7	-6.519937574118773e-8	-2.594233113996916e-8	-3.235820418639167e-7	-3.743631789997992e-7	-5.606825525150796e-7	-1.451124701633151e-6	-1.116162556426228e-6	-1.7623434555536555e-6	-2.1533581387943856e-6	-1.9815287140925423e-6	-2.2635663717722953e-6	-2.225495740302628e-6	-2.308665962780231e-6	-2.3024565803143094e-6	-1.8542683335350713e-6	-1.6169572615028701e-6	-2.1890169574581844e-6	-2.1295523667347406e-6	-2.3888325004448973e-6	-2.3952505968581135e-6	-1.6316576898746586e-6	-1.3225731510941494e-6	-1.7504638985739992e-6	-1.7025206155209646e-6	-2.0064331553698778e-6	-2.0006104017100947e-6	-1.3775285392440583e-7	-1.0137187939734926e-7	-1.086250011939137e-7	-9.939635886021506e-8	-2.0331833618352917e-8	-2.616013638833468e-8	-3.96839355631744e-8	-3.064518847733182e-8	-3.1250039572020237e-8	-2.5244177094425093e-8	8.662495353356238e-8	8.772529217698227e-8	6.805095873792418e-8	2.5481941844404353e-8	-3.129274596929336e-6	-2.3310991070419995e-6	-4.999674124917686e-6	-5.042572082794336e-6	-4.7409206578307757e-7	-2.258013230035977e-7	5.538296591974515e-7	-2.673210282097979e-8	-2.859077681299175e-6	-2.8666810430837097e-6	-4.794889006034378e-6	-1.724046498557555e-6	8.025849045069193e-8	1.5130343322401993e-6	9.193873188370208e-6	6.00806589333692e-6	5.802235748166363e-7	1.3521834426189992e-5	1.0852802350396763e-6	6.101194113010182e-6	4.425609937674476e-6	2.33396170703e-9	-8.779957082140274e-5	7.937542528439874e-5	1.5526083090603347e-5	2.0566684525019038e-5	7.104161977470603e-9	3.612668801362027e-7	2.9796794720351435e-6	-5.244091631134612e-6	3.981001145761917e-7	-2.2379349381516796e-6	-3.387187752502154e-8	-2.6004803819832846e-7	-3.951338253322729e-6	-4.635273811724205e-6	8.583755997727733e-7	-1.1055173556956891e-6	7.924959817905352e-8	1.4936481188144173e-8
79.0	9.597185520086713e-11	6.670530533509806e-11	-1.7177180532363196e-7	-5.0627195085416384e-8	-2.9129765230947525e-8	-1.3274712897630117e-8	-6.539912989529433e-9	-1.9054958882726068e-9	-2.7822486097283526e-10	3.6266828722423807e-9	2.9007115813479843e-9	8.026421914349409e-10	2.465381855323804e-9	1.0709318873194477e-9	1.084765489669616e-9	1.1230265131689946e-9	6.808840883190287e-9	-4.456902699641445e-9	2.993170705805912e-13	-3.400119268724098e-10	-1.1485090805595904e-9	1.5709848994027969e-9	8.84118784984247e-10	-1.8124247930588807e-9	-1.0942648542374746e-9	3.610461017041265e-10	-6.760592923772543e-10	5.584935962945363e-9	3.30785443085826e-9	2.6083707065046167e-10	1.729247348528681e-10	-7.790294236829075e-9	-1.9878545783965013e-9	4.9847195167683626e-9	3.1685429782844708e-9	-1.6094040994363276e-9	-6.734491883638033e-11	3.137942408628699e-8	-1.035303447749002e-9	2.7023990156296244e-8	1.275198992190284e-8	-4.0139516174927154e-10	1.9627241904991442e-11	4.3132950816833675e-9	9.15205093445394e-12	4.640291850459784e-9	2.5920351613224898e-9	-5.982130070970615e-10	-1.6710102060353415e-10	-1.0313269588317343e-9	-4.1037892676280424e-11	8.816016767265364e-9	3.432149217648005e-9	2.1773975197756125e-10	-1.316966805372651e-10	-3.2347155958123536e-10	-9.706803386507551e-12	1.7029491062847963e-8	4.273273660832832e-9	-2.584244292810095e-9	1.3957760176729832e-10	-8.307328638837194e-11	2.170478618040472e-11	-6.942536459984409e-9	-1.7898254755837112e-9	2.1853644006368477e-9	2.539427794037278e-10	-6.974425780080373e-9	1.81983955742418e-9	-4.1980340553022615e-8	-2.5349323569979806e-9	-1.5116676980549244e-7	-8.459349001887294e-9	9.758390119375846e-9	-4.0668711093199635e-9	-8.984908075407301e-8	-4.177977198120213e-8	7.2888488222948185e-9	-0.00012264394637325735	-1.323715207641072e-7	6.119868712934465e-6	-1.7585344604626267e-7	-6.141284894127232e-7	0.00011413546065103528	-2.948864626854654e-5	-1.7396264511393008e-5	-1.8391931859467595e-5	-1.3234152795421527e-6	-1.4533569781250042e-8	-2.3858245502558264e-7	-4.5177252015506545e-5	-1.2017904413371084e-5	-1.1712025351429126e-5	-1.451905684825579e-6	8.899309138701875e-6
80.0	1.511258756358541e-10	1.1349243043830464e-11	1.3198446053126226e-10	4.518774790812778e-12	-9.258384297072983e-11	-3.748666289625736e-12	1.320111063051908e-12	1.5623905953647837e-13	7.197495709704369e-11	-7.628416472591924e-13	1.0016133202465921e-11	-2.1164844780322685e-12	-5.809295135850895e-13	-2.7702713792588174e-14	8.638377767495574e-12	-1.5430755870487978e-15	6.3186562369581635e-12	6.705193702610042e-13	-7.497568764738808e-14	2.0183305272666758e-13	3.3675812462513406e-10	-2.1811632626305167e-13	1.4452356151674914e-13	2.13573240292136e-11	-1.5555679815784767e-10	-2.634753265889509e-12	6.9214221100006485e-9	-9.590934506151538e-12	5.135434095401113e-13	-2.98082921580456e-11	-4.3546422549458656e-10	-6.926627148591025e-9	-1.36989466027178e-12	-3.871697606617763e-12	-8.153079964398237e-15	-7.13505958272189e-10	-1.1130770954722121e-12	-2.8700132922089216e-12	1.1107299442994261e-13	-4.286759043718953e-13	-2.751152321342904e-13	-2.3391079391380952e-12	-7.731149740450538e-12	-1.3231628649022483e-11	-5.458687902765586e-13	-9.352010879159417e-12	-1.82899888192156e-13	1.5735630759083122e-9	-4.788173899220499e-11	-9.414896765366674e-13	1.0849565374123704e-14	4.7446619958433965e-14	4.18649298899787e-12	-4.060125262803347e-11	3.0463963629312563e-10	-1.2396848050016988e-11	2.0389599458946683e-12	-2.802649346386445e-13	-3.6976795316295133e-13	-2.1788173494641356e-10	-1.3818625661008874e-9	-2.40050957029855e-12	5.347229778661488e-13	-7.127556129548129e-12	5.473487024728485e-13	-1.6461448709523718e-9	-4.68167755801583e-10	-1.771730355655839e-10	-4.126005777948505e-12	1.4002217552543345e-9	3.188703078049204e-11	-1.0434280239505327e-10	-2.0068646151137907e-8	2.3966351167059597e-8	-2.300108259132405e-8	-4.642948051691818e-11	1.0254260410805092e-9	1.1583095951726932e-8	7.46035127729953e-8	-8.585914985345082e-8	1.6139662468203893e-8	5.873840399302215e-10	1.7234565039167683e-9	5.894498450832293e-8	1.7660103887346372e-8	-4.0377646227456383e-8	-3.258907984234033e-10	5.118197513420214e-11	-1.112537089967544e-12	-4.679183717165259e-10	6.300140829303155e-11	-5.92564721557104e-11	-1.7749343177869318e-11	-9.14198315734758e-10	-4.5895738150047435e-10
81.0	1.428869964723449e-10	9.33740590147342e-12	1.1025547213466891e-9	-1.3390123997661437e-11	-1.375728374956316e-10	-3.277145363483689e-14	1.534874555063888e-12	-1.8578882528563456e-12	-8.178858672017139e-11	-2.3820572602258346e-13	1.5863108636701683e-11	-3.680099561119978e-12	-1.0081866835141875e-12	1.2679913158871197e-12	2.282683475275379e-11	-3.6411907341996986e-14	1.036558343357218e-11	-3.4863169649429005e-12	-1.8504678165546664e-15	-2.6783262831098547e-13	5.205319780470366e-10	-1.10831294839863e-12	-1.2131452361759036e-13	8.369054182218715e-12	-3.925192412504759e-10	4.667099180420775e-13	1.1418523635848226e-8	1.4946557561145456e-11	-5.684215609235669e-12	-5.115229749193207e-11	-4.1534928136006315e-10	-1.1158170840673612e-8	-4.8906375968712944e-12	7.567256520826316e-12	8.231295413508271e-15	-4.1153799801831363e-10	-6.937317722611771e-13	-3.938424004834001e-12	-3.542978500515326e-14	1.0828429948232393e-12	-2.620289452936747e-12	-6.846630885354946e-13	-4.708573902304286e-12	3.1856147137010797e-13	-7.490108417306366e-14	-3.102756041800757e-11	5.709876506991886e-13	2.3513820402254367e-9	-3.767175755874935e-11	6.092632684018715e-13	-8.130272292874608e-16	-1.0434935426877226e-13	1.927677028862334e-12	4.7650558178955366e-11	-6.709396341611331e-10	2.111863793523618e-15	4.795805495481007e-12	-5.650558718869883e-12	-4.38637690860665e-15	-1.7601282269456534e-10	-1.0801134358533338e-9	-3.4363642847600397e-13	6.222525907179427e-14	1.728236004850936e-11	-3.2666474438321295e-12	-1.2640715437371598e-9	-4.030803285348847e-10	-2.653636720329273e-10	-3.779844604649878e-11	1.46866778449916e-9	-2.476992003236648e-10	-2.7696480029968565e-10	-1.6253639323441674e-8	1.498966001973819e-8	-3.416463766176368e-8	-3.2193986178525145e-11	-3.332838526404438e-10	1.4753655651485153e-8	2.2846889000089969e-7	-2.007658125235478e-8	2.336372944114322e-8	-2.0591814841060692e-12	1.010285930260974e-9	1.1372440356164809e-7	1.7429503010490984e-8	-5.2102012387410235e-8	-4.852625964513406e-10	2.2226860855219874e-11	5.557972032996645e-12	-5.204245140550504e-10	2.8498078731228702e-11	-9.025679170991795e-11	-2.876664731206341e-11	-9.707423967509204e-10	-1.1712073530918033e-9
82.0	2.4262263756593415e-10	3.96020049253539e-10	1.1847594588579142e-8	-9.274995020484108e-10	4.2127848176029145e-11	-6.85247252241636e-10	-1.1311227358593033e-9	3.9374954551405935e-10	7.40708422558525e-12	1.0021855407249882e-11	-6.266760392578099e-13	4.0581009993944515e-15	1.8786155498890666e-15	1.4748681499640458e-16	2.245008441452255e-14	1.7015289024661457e-14	8.118756219038805e-16	-2.4587863775793114e-15	-3.786527355021273e-15	-7.053281507580652e-13	2.530865943405125e-11	-8.792284334645644e-12	-2.406325583732435e-12	2.9769801026828863e-10	2.8614784815730127e-9	-3.228686413992209e-12	-7.764799050746536e-13	7.440681258473557e-10	5.775431998300222e-10	-1.5855052983891094e-10	1.0067336315158923e-10	-2.749796572464055e-11	3.607273183060123e-13	1.3338598082424178e-12	-5.380493529947373e-12	2.100827721098013e-10	1.1588785912719232e-11	7.535838506717596e-11	-1.3227470904737569e-8	8.723483498814615e-10	1.3877333506529588e-9	-4.4897016827338877e-10	2.800244331133158e-11	-1.3495192024025814e-8	4.5378219345686636e-10	4.6221735578031596e-10	4.770723090172018e-10	6.432322430293885e-10	2.0704081240389918e-11	-1.688767440410574e-10	8.974933420850674e-12	2.193424551818744e-10	-4.826720340417361e-10	-7.125787951523385e-10	-4.891396615197095e-10	2.999337624306918e-8	-1.0751770758233909e-10	2.3218449610310256e-10	8.90175024595235e-10	-4.731734607679563e-9	6.517079856662762e-10	1.0631813765947555e-10	7.241819557029117e-12	2.473779220402265e-10	7.805498133824364e-13	1.658504653557035e-9	-4.566409391336391e-10	-4.052103490804836e-10	-1.4679042656309832e-9	2.5590224693608662e-9	1.1872455696255937e-11	-7.401407408324087e-10	-8.034603648643589e-10	-1.2469477552235588e-8	4.8870864474352236e-9	-2.688239595723172e-9	1.5652852023823666e-9	1.1922734728722937e-8	-2.7575349188121596e-11	3.2471160380065568e-9	-2.5533361640149415e-8	4.587326950316078e-7	-3.3936649051918835e-10	-5.540420069000653e-8	2.461531942936955e-10	6.895590250641379e-8	-1.1895682190738638e-8	1.1529733240561307e-9	8.66200514416523e-9	-2.901629717130516e-9	2.112206174920362e-9	2.154341249064689e-9	1.5881241568043832e-8	-2.5905124853749715e-9	5.416918123834322e-9
83.0	-7.409912643173354e-10	2.6266370455002953e-10	8.769660703291852e-9	-1.4533894700499915e-10	1.0898956443260856e-10	-9.6395559663144e-11	-7.508132500992729e-10	2.620554963067176e-10	5.004418521609499e-12	8.685318241982534e-12	-4.1601095354182876e-13	2.534427797632749e-15	1.0488509335414012e-15	-3.0328567208532485e-16	1.6078200173612447e-14	1.0480793255849275e-14	1.3826089098370545e-16	-2.47904885279143e-15	-9.899038779999432e-16	-4.847638881941341e-13	2.3005822126162006e-11	-7.614767986393311e-12	-1.6410414121454304e-12	2.159142470133163e-10	1.9316253843338263e-9	-2.388044326159703e-12	-6.385614370260325e-13	1.0958479941663188e-10	1.0663426884019336e-10	-9.55313453713429e-11	1.5460421345052745e-10	-1.7945622477868553e-11	2.461521702878285e-13	8.276658281168532e-13	-3.573812513139267e-12	1.030245885616252e-10	8.101101584382986e-12	5.057409581109791e-11	-9.674772472573539e-9	2.403866328467875e-10	7.465391235362893e-10	-3.0033932180243756e-10	1.96214041060326e-11	-9.856735143184951e-9	-6.02773453448277e-10	3.0838115765187714e-10	-2.8397312051130902e-11	4.5055274705278506e-10	1.4212681884878876e-11	-1.9049146671790528e-10	6.1951261798416984e-12	1.4733746076440695e-10	-1.2699664638999582e-10	-4.976839773231997e-10	-3.4919184499534024e-10	1.9627567987319798e-8	-7.543548460603959e-11	1.5614580878467933e-10	9.320419954969839e-10	-3.31434782877826e-9	4.6390344302939156e-10	7.405387883272992e-11	4.9574509033268665e-12	1.6431753102773863e-10	4.698269665926725e-13	1.2309670124336273e-9	-3.2201953497530777e-10	-3.745426427364284e-10	-1.0498980813923933e-9	1.7003288008487337e-9	7.803947367319256e-12	-5.825145486683222e-10	-5.520118192854515e-10	-8.786137614601785e-9	3.4971492641825164e-9	-1.6876562178492533e-9	9.489734522599422e-10	8.495274716506312e-9	-1.1284236349534552e-11	2.945208973231138e-9	-9.962612329977424e-8	1.5295870812937974e-7	-1.791899193098859e-10	-3.65094241903055e-8	3.0558528001938673e-10	6.209608507911246e-8	-2.531074703504043e-8	9.415304939698082e-10	6.427612470652746e-9	-2.103517820409875e-9	1.327232488859261e-9	1.4256269488706201e-9	7.225011817745719e-9	-6.467747967236178e-10	-4.527256805794937e-10
84.0	-5.223418518291437e-9	-4.6048962902991465e-9	4.0141281521225474e-7	-1.245096705377129e-7	-2.2790749816157784e-7	-6.483860996400802e-7	-8.694794059461061e-7	-7.90593060317135e-7	-7.205757632817103e-7	-1.5492026845076463e-7	-8.41104920080971e-8	-1.0954299041121173e-7	-7.56660477261654e-8	-9.004423422285431e-8	-4.1954053365034765e-8	-2.6409922938865203e-8	-1.2123413969674574e-8	-1.4213956871464707e-7	-1.5626108607524148e-7	-2.0295152971516777e-7	-5.348503592039707e-7	-3.6512302688518696e-7	-5.605486978372977e-7	-8.826629727305524e-7	-8.701291656884761e-7	-8.779780142193232e-7	-8.843721573399795e-7	-7.43682369494348e-7	-7.3324517999121e-7	-7.560531176928055e-7	-7.349149007783053e-7	-8.800636460523079e-7	-8.984643808210336e-7	-8.228777814428421e-7	-8.141673213361807e-7	-8.69405157362032e-7	-8.196949812185106e-7	-9.837817808856752e-7	-9.95709123022022e-7	-1.0087800290367702e-6	-9.386689311097504e-7	-8.788433872472542e-7	-8.108319728375305e-7	-9.96495938561279e-7	-9.793792598507463e-7	-9.359336834126593e-7	-9.335038742397739e-7	-7.51505393487881e-7	-6.559255037513649e-7	-8.016481702705205e-7	-7.653553458218586e-7	-8.189409601802723e-7	-8.094888117484144e-7	-6.107255368329865e-7	-5.000771111731449e-7	-6.858644077469434e-7	-6.403692673530078e-7	-7.482685803144983e-7	-7.359682757021787e-7	5.367393050287729e-7	3.919106577989789e-7	6.220963303802737e-7	5.484465411683688e-7	7.924664516042902e-7	7.981365175591055e-7	3.08189794296431e-7	-5.224192106200195e-8	1.3595738580765022e-6	6.500551168615336e-7	3.564131117746995e-6	3.5147231732830412e-6	-5.092686568000924e-6	-2.914243731313936e-6	1.9581809176158707e-6	-4.926663898769829e-8	7.077545317725795e-6	1.2776586792804128e-5	3.95846408760251e-6	-4.856038365250016e-5	-3.4425062142066066e-5	2.311176096286358e-5	0.00015421094029598076	-2.7735795392510896e-9	8.898895622642363e-5	-1.4066228908268744e-5	1.6609318005847956e-5	2.47206859594261e-5	1.8151434410035746e-6	-1.6763679313126475e-8	2.520300554852312e-7	-5.42825496169604e-5	-2.417008811075269e-5	-4.119993721186867e-6	-2.5261418837528343e-7	4.879715944236745e-7
85.0	4.908399463741232e-13	8.91381723480885e-11	2.6557151664650395e-8	2.591328413832614e-9	5.124370195069487e-10	1.6057189652365225e-11	3.938338394501915e-11	-6.04255081862315e-10	9.769498751491224e-13	8.061703587220562e-11	1.4569540244016995e-11	-2.2097263229145945e-12	-1.2745631966150638e-12	1.9133456761108425e-11	2.5876279294953477e-11	2.1702574239581393e-11	1.3265961406065907e-11	-1.781189600456887e-11	4.339473170396939e-12	5.413393568582638e-11	8.356657756654843e-11	-5.627151080588104e-11	9.089322254111206e-10	1.2982058856266283e-10	-1.3995260904627072e-11	5.289916236324097e-11	-2.03218742454181e-12	2.723611262169278e-11	5.873993410030901e-12	-8.881145530967996e-13	-1.3547279648361203e-12	2.3031680521269664e-11	-2.782071824241303e-12	3.8331810296007884e-11	1.3485858253868868e-11	-2.736000396306658e-12	-1.311694726451924e-12	-1.2113671861691488e-10	-2.6520220791617373e-10	2.4453479944756857e-9	-1.9586914313641564e-9	-2.351934115334497e-11	-2.5270202667377287e-12	1.1040939449029702e-10	-5.558399888302427e-12	1.9182354578787406e-11	-2.5946966439927393e-9	-8.659920740592281e-12	-1.660215693546259e-11	-1.2242462394767525e-11	-4.821901597518098e-12	3.8231539622925676e-10	2.7490291318335383e-11	8.156684348245863e-10	-6.040163757538088e-12	5.438293250165473e-12	-1.3930589293907639e-12	-5.472779513089839e-10	2.8863040546559335e-10	-7.006715756661616e-12	-4.0032379715119585e-12	1.297714507099812e-11	-5.17925317913746e-13	7.707470769560461e-11	1.2906582648770493e-11	4.3672522592255395e-10	-3.9995511844127094e-10	1.2975920292548143e-10	1.539622684083346e-10	-1.750691613437805e-8	-5.908303821047484e-11	-2.391533916799826e-9	-4.425582587914243e-10	1.4841968127227518e-9	6.1149493306748e-12	2.0424127194353052e-10	3.830181004427584e-14	6.983320724907143e-9	5.038609429648521e-9	1.9569086290305306e-9	1.0356580812736796e-8	7.993509653391434e-10	3.4118717799891595e-8	-1.1253092445258371e-8	2.019902128427343e-5	-2.4254461226853563e-8	1.2065087777374635e-6	2.2915228352607028e-8	-8.213751404156785e-9	0.0003469124591224357	-0.0004138177520579771	-0.00042987543307447003	-0.0003628202950714075	-3.072617176943497e-5	0.0002223422682040226
86.0	-1.5608558883509967e-11	3.3488962201437704e-10	-1.9081144726577745e-9	9.559318579855189e-11	-1.0523948190777276e-10	7.508301950732002e-12	-5.459784235654117e-14	4.122614054872943e-12	1.5142791740399338e-11	-2.9583833103071017e-13	-3.495954511022816e-15	-2.2070810028200247e-14	-1.8970486195730942e-16	-6.873737639630035e-16	-1.0849484528811915e-15	3.639744737679688e-15	-1.1249641952837999e-15	4.3764246757048545e-17	1.6892898001148367e-13	1.985749427001987e-12	5.095549136606763e-13	-6.833439056684619e-14	3.4958441426410507e-11	-4.3374137339098747e-10	-1.3552281920162516e-13	4.007460992481236e-12	-1.5646900897437736e-12	-2.36167424142527e-11	8.130099513336003e-13	2.242901256948729e-12	2.7101335523816767e-15	9.170070115273635e-13	3.374467067228284e-13	5.762834178627587e-13	-1.6973069953996896e-13	5.5003224677012684e-12	2.144525516370366e-13	-2.1134671936060798e-11	-6.30549853850081e-14	1.1821753269161613e-12	2.0744693411787995e-14	-2.1081786551455287e-13	-2.206679094546504e-12	6.179381290679662e-11	3.700721284059072e-15	-4.764957377206664e-13	-2.014307483345077e-13	3.4375665471668793e-13	-1.518373619621016e-8	7.687636290041249e-11	8.042266715029278e-13	1.0320117201848515e-12	2.6699118430123414e-14	-1.3526344943893309e-8	-8.045332882804883e-11	-2.22399029617826e-14	2.7223197272630566e-15	-5.394199704564066e-9	7.289775978285434e-12	1.4414880311008478e-11	5.909198440835332e-12	-9.536877759072301e-15	1.3585518377003228e-8	1.318935046581312e-9	1.2691632294118629e-11	1.4502073440152156e-10	1.3034200858489226e-11	1.2122472411507058e-10	1.1025412533046839e-13	3.583758341161094e-12	-9.302160457047142e-14	-1.161859396358848e-9	-6.928195099123342e-10	3.3820958507192104e-12	1.350928930734082e-14	2.421184602732714e-11	-4.041539747941598e-15	-2.5763497838416258e-11	-3.819620924260628e-9	1.8242171683064343e-9	-6.610957408123488e-10	2.1929173852641807e-11	1.0353375336527628e-10	-1.2694367862698495e-8	-3.794203786358981e-9	-7.3200417403574535e-9	1.214301713436006e-8	7.580104208557426e-10	1.1388870733346386e-10	8.305869395772141e-11	-5.2107738409269824e-8	1.4475529650927953e-7	-1.165616354196617e-10	-1.2887899892979786e-11	1.2324925018089385e-9
87.0	-1.4040227616475156e-11	1.8315356234420617e-10	-2.0281703004303744e-10	1.187515098501558e-10	-2.2636698430355045e-10	3.3581760937962382e-12	5.629736914287966e-16	1.2677469012971901e-11	2.053261385232823e-11	-7.737558264529687e-14	-7.278569169926363e-16	-8.902831568218877e-15	7.940931432054453e-16	-1.751922919966268e-15	-1.4233257604440492e-15	3.2598958856243037e-15	-4.893344634693427e-16	-2.3268846986101505e-16	1.1010633077003645e-13	7.362186255693647e-13	2.6964901381725933e-13	-1.5988776555502555e-14	5.7554980541861556e-11	-5.026735900547417e-10	2.0304585840746582e-13	1.1944750573807633e-12	-1.7415047763778556e-12	-4.071318008480194e-11	-1.3458900546518603e-12	-3.437371648853246e-13	1.8386683968392554e-14	2.3301668015914827e-12	3.0707924046210015e-13	9.99448840047044e-13	-3.778737804838981e-13	4.860925895926018e-12	1.6942668858151454e-13	-4.165521236271766e-12	3.021668594279414e-14	-1.3183574436124077e-13	5.70319516456128e-16	-2.643727764106491e-12	-2.1853039587756943e-12	6.75544711511489e-11	4.30512761602616e-15	-7.357657480623391e-13	-4.2748493583750905e-14	3.7459003808923204e-13	-1.9761244794319287e-8	2.5065453913174958e-11	2.4767902235993125e-13	1.2098011237275686e-13	-1.0791926321443914e-15	-1.8310904514237938e-8	-6.010829665067021e-11	-1.0515211858741056e-14	2.966702520144727e-15	-8.37796323429154e-9	-1.2932569094318552e-12	1.2493905908189072e-11	4.664227655422197e-12	-2.786880193214819e-15	2.0682761266613845e-8	6.254039318690126e-11	3.4969589790108056e-13	1.1243441833353388e-10	1.0287476989569816e-11	1.628407439209661e-10	-5.992745044002724e-16	-3.3172061066934235e-13	3.136792407224516e-14	-8.848798242964285e-10	-5.732527589564302e-10	1.1396107737159777e-12	-2.398053217015997e-12	-7.970629569312666e-12	4.051933766756258e-15	-1.9620819764626485e-11	-3.1422479724953407e-9	1.526929223086711e-9	-4.3679255190471316e-10	1.651570060066871e-12	3.9277120733862746e-11	-9.58763966770028e-9	-9.323751113191133e-9	1.430571352851945e-9	1.4360104728980415e-8	4.976780171503724e-10	-3.8957464786537725e-12	1.751873148103944e-10	-1.9354398217617458e-7	1.7711864513440522e-7	-2.1606683698106665e-10	-1.532830639777392e-11	1.5219098576767677e-9
88.0	9.886555841669642e-10	-8.94821699155132e-12	1.939948957246074e-9	7.363322814183511e-13	2.42013386277726e-15	4.721863041953085e-16	-7.918409806144288e-15	1.9247506310153887e-11	4.461230321617927e-14	-4.7198794347397625e-15	1.4556873991992883e-15	2.3669740960664673e-15	2.411575846154358e-15	-2.1109123953148003e-15	-4.941975250151561e-15	-4.65279630621333e-15	3.850036566448967e-16	-5.308434091612597e-15	1.0027104968157882e-15	4.589183798116362e-15	-3.805352477397387e-15	6.005644926314648e-15	4.305180652045236e-15	3.137457078511166e-13	3.959369709764787e-15	3.5344740120093416e-16	7.641084305017325e-14	-1.868981302564529e-12	2.9290459337723286e-15	-4.28818919336386e-15	3.5491334593879484e-15	4.2291859593246715e-15	-5.397518314110768e-15	3.92219301537873e-12	3.4526716894401184e-15	3.767465764706634e-15	2.093025716293753e-15	-2.756926159917722e-15	-7.83572465269003e-15	-5.1057585661098596e-11	-6.377654499509783e-14	-2.0452546742598822e-15	-3.990661451800045e-15	9.544092327573627e-13	8.592903954576555e-15	-3.975075314735659e-11	-4.2564094133474494e-14	3.447919903196565e-15	7.38914377622326e-12	2.2395611905937178e-14	-1.437065421283919e-15	-4.7690821633011665e-17	-6.858509274248618e-15	-2.778557510728383e-11	1.7586660538104717e-15	-6.970351936222332e-16	6.874749321229509e-16	-3.1042654405413725e-13	-7.81470898267662e-12	9.127338969414202e-14	-1.6406254351419018e-13	1.3752351251221112e-11	8.051108881581474e-12	-4.959195418744024e-15	-2.9750542300694155e-15	-1.307971800936096e-15	9.779825249274235e-12	-4.277548513159666e-9	-1.4369090189982425e-11	-1.0426474975025833e-10	-8.91346108306969e-14	-2.413075973567937e-11	-2.5905639793472105e-11	-2.0304011208599123e-14	-2.3860901607181125e-12	1.1008200659220173e-13	-1.2202380497717857e-15	1.6336008986094004e-10	-9.292398685441837e-11	-4.697155665212534e-15	-2.8077603651844183e-13	3.9776543756028735e-14	-7.93815638225028e-15	1.5545497087689763e-15	1.4797227188534768e-11	-4.4082839644525576e-9	1.650617779702931e-8	2.001444807507729e-9	-2.390375913483343e-10	-1.2187433186910798e-8	5.388813260600499e-10	1.6584703019577674e-9	4.673240270473722e-9	-1.1832318890856697e-9	2.0153284778047404e-10
89.0	7.06618741441767e-10	-6.168289276671627e-12	1.282151287652549e-9	5.859216246140703e-13	6.167345480615771e-16	2.215863365672783e-15	-6.4211934723790916e-15	1.2939681951232184e-11	3.0464060635035457e-14	-2.8998391930325497e-15	1.5008937220711984e-15	1.807954383144437e-15	2.0783021178159773e-15	-2.1007389926617363e-15	-4.2551251896871325e-15	-3.9475092293136976e-15	2.745217195963131e-16	-4.081829983585438e-15	1.2429195132328176e-15	3.3279287780514826e-15	-2.9466782288888203e-15	4.904563342451463e-15	2.7333682182032975e-15	2.867832232688337e-13	1.095087216701199e-15	2.00657886102621e-15	5.341340219872545e-14	-1.249539983421454e-12	2.2070030221957825e-15	-3.706639778935366e-15	3.2320094794943847e-15	3.4563326890743137e-15	-4.304963365046672e-15	2.6133648864758733e-12	1.3846713863892095e-15	3.488476574885593e-15	1.8182953331692783e-15	-2.907859274707694e-15	-5.707299549363109e-15	-3.4242200941149925e-11	-4.324440843662776e-14	-1.6954487632693431e-15	-3.090442985526578e-15	6.556750216540813e-13	6.554503963849475e-15	-2.660975247333341e-11	-2.7657295599541678e-14	3.0203829958536807e-15	5.0912479990468054e-12	1.5072537773912808e-14	-1.7744873814373786e-15	-3.127110699153648e-16	-5.018297986169164e-15	-1.843129823358807e-11	-2.030913778146582e-15	-1.407082395504009e-15	-9.626098830827865e-17	-2.7378162507440486e-13	-5.19703370835171e-12	5.669711751785723e-14	-1.102146970702665e-13	9.595401584499486e-12	5.5520825817521895e-12	-1.489350904775905e-15	-1.922102092037973e-15	-1.680728732717202e-15	1.279653584736813e-11	-2.981667672291773e-9	-9.955893356759306e-12	-6.937868221722675e-11	-5.5180540659860313e-14	-1.5900082343059718e-11	-1.6931338447056118e-11	-1.4087127072799858e-14	-1.6811330323674116e-12	7.278448306327763e-14	-1.3262437009047387e-16	1.1149660632109513e-10	-6.446931776649567e-11	-3.3974208335291134e-15	-1.3706177395338392e-13	3.8576358196333505e-14	-7.158700693694138e-15	7.856045107074879e-16	1.0289728525441794e-11	-2.7040435609012164e-9	1.649628680208331e-8	7.214058961332014e-10	1.483110008160848e-10	-7.522206924483525e-9	3.2772672123088113e-10	-2.2150273758190485e-9	1.0340610918387186e-9	2.3353583861595597e-11	1.9135054599141517e-10
90.0	-1.957746695749255e-10	-2.7998673169816947e-9	9.362184477484051e-7	-1.7965534649584733e-7	-1.1354658572736748e-7	-1.8687933737493677e-7	-2.3081038354036123e-7	-1.795901716365659e-7	-1.6568163518926733e-7	-2.377527086913136e-8	-3.612851431573434e-9	-1.1820776782916595e-8	-9.976149588315727e-9	-1.4787229226277754e-8	-4.780995422812513e-9	-2.111567801947584e-9	-9.287878270469827e-10	-3.489902170020214e-8	-4.217743029272788e-8	-4.940614563913364e-8	-1.2820505541458805e-7	-7.214377087810537e-8	-1.21926693273591e-7	-2.467639028403971e-7	-2.5715602108202347e-7	-2.3072356360677176e-7	-2.3595563094214033e-7	-1.6190791830089135e-7	-1.600357873240267e-7	-2.5789750311948146e-7	-2.6048878463179643e-7	-2.3481040081665466e-7	-2.402022288624763e-7	-1.6588716769392592e-7	-1.6498340057419017e-7	-2.5927542312764103e-7	-2.608342188953939e-7	-2.430163398100278e-7	-2.3986151071134616e-7	-1.4393806891884428e-7	-1.0671210432468196e-7	-9.494169302145951e-7	-9.499232660008952e-7	-9.152522940838245e-7	-9.357068203545436e-7	-6.76588509151143e-7	-6.552630220689182e-7	-6.402358561967146e-7	-6.338418317419555e-7	-6.164739711472044e-7	-6.280325117611745e-7	-4.6169223836484294e-7	-4.594936198355737e-7	-6.007326116664729e-7	-5.873690459011842e-7	-5.983852183220216e-7	-6.053144966047041e-7	-3.1361385971801674e-7	-2.969804337797963e-7	-3.4840037127129644e-7	-3.3191190107930825e-7	-4.21036327173412e-7	-4.2025530632195664e-7	-3.532600791341864e-7	-3.5443211648661797e-7	-2.715674000146495e-7	-2.5044879473269985e-7	2.100225448969839e-6	2.0303155983813278e-6	-1.304890709147291e-6	-1.3631526665902705e-6	-1.2910330668206603e-6	-1.2638707693615457e-6	-1.9692036732536307e-6	-1.7707231276525323e-6	-2.3407867570488677e-6	-2.3223920743878948e-6	3.7043777161669804e-6	2.1151902585099364e-6	5.1457111111807415e-6	3.761132773817037e-5	4.186371153222079e-5	1.0174798037236133e-5	9.881993874423647e-5	1.9283174740164712e-5	0.00012587908843506167	8.54075396115931e-6	7.026038018120929e-5	-5.654086142204192e-10	2.2049361741655963e-5	-0.00036652728396529064	-0.0008563620820630763	0.00018858535062379425	-1.1152937549110974e-5	2.187913101626078e-6
91.0	2.8751123084690047e-15	-2.3317179087949135e-15	5.457196109934226e-15	-1.4128780610744851e-15	-1.9244807870782665e-11	-3.767374866930906e-13	5.152254626628397e-13	9.520087626210812e-13	7.629935312031266e-12	-8.461618924526619e-13	-9.5989295545852e-14	-1.5155953748957618e-14	-4.687304147252269e-15	-3.59410784011964e-14	1.9112749577443466e-14	-2.1438189765077276e-13	-5.243861985262943e-13	4.764133423700023e-15	-1.4901274658640773e-14	-3.042813397080568e-15	1.0762224444960114e-14	3.9987103454378916e-13	-1.7077051578384683e-14	-2.8607303158290076e-13	5.4034569939802714e-14	-9.850735678551548e-15	-2.1188563056884213e-15	-1.4905719887547967e-14	-1.2155966337690227e-14	-3.2554525481592878e-15	6.583275591331983e-16	-1.7143133700797675e-15	1.0791281063182723e-14	3.710031414028148e-15	-5.201785183150953e-15	2.8570895649338013e-15	3.442680710820378e-17	3.3427037179900587e-15	1.3145951341386741e-16	5.767305036319392e-15	8.3097591307979e-15	-2.898370562651187e-15	1.5428196914468728e-16	-3.682655309172889e-15	-1.5222957443217222e-14	1.1461534846213262e-14	2.1147905475416007e-15	-4.267961851989188e-16	-4.8492568467672914e-15	-6.865981307807578e-15	5.058887336817364e-16	7.76679068281716e-15	-6.018731520118781e-15	-4.1210897270670815e-15	-1.1679466259146426e-15	-4.053886133031925e-15	-1.0428127545508703e-15	3.533848560999253e-15	3.8443640631991024e-15	-2.408921044409762e-15	3.803349033827154e-15	-9.06040650491824e-15	5.789910651615713e-15	-3.713175600328356e-15	-1.0520555780713092e-14	3.8498663892244665e-16	-6.36399570194679e-15	-6.280241084122284e-16	3.571226430895691e-15	4.955942340539865e-15	-2.474691458698164e-15	5.8695995112934e-17	7.486531197493235e-15	-6.663899575383436e-15	6.073971620806917e-16	-4.933553565678039e-15	-5.081492952113687e-15	-8.58730133442703e-15	-4.796564621184496e-15	-6.364470040397252e-15	-1.6630712649026713e-15	8.830826694894434e-16	1.9122615817213084e-15	4.446855210449294e-16	1.701476018590867e-11	-4.524556348074055e-11	1.3402431191562192e-10	3.6732149982267315e-12	1.0017557441084743e-15	-5.900524336036183e-7	-3.810708688832204e-7	-9.154087938274163e-8	3.911363854968308e-6	5.364961505563295e-10	6.217810339443178e-8
92.0	3.8809863797065886e-14	3.1836363568005195e-15	-9.64492293540134e-14	-6.635317295611287e-16	1.9944421458979733e-8	9.95057091411622e-10	1.2059778845040572e-9	6.86500932489675e-9	1.4118409219499028e-9	1.5023340594558926e-9	1.941474758737627e-12	3.0771379368188523e-12	2.7963236123884107e-11	-1.0187597293542794e-14	1.3369513829353252e-14	6.261310914190688e-14	9.172046802619072e-14	1.5670711256410286e-13	-1.3235940121703038e-15	3.4013590555215245e-15	-1.5402718163415323e-15	-4.499455387267648e-12	4.2898777412314626e-11	8.126676553921186e-9	1.1095883969882564e-8	1.0328109895096915e-15	4.7210499398708805e-15	-1.836421639755948e-15	4.544173197451595e-14	-7.869139367899791e-16	2.491496592371689e-15	2.8664137036171766e-15	-4.261998740040518e-15	-2.0546715370772795e-15	1.6193643648243494e-15	-3.8060917265103633e-16	-2.034288536234552e-15	-4.806268230628241e-15	2.2339443662977576e-15	6.917209860457518e-16	3.163701939312702e-16	2.799735270009318e-15	1.091791587692903e-16	-5.38675007377698e-15	1.008091179977022e-15	2.6530969261806536e-15	-1.9055937383605226e-15	-1.810942888702538e-15	3.375663464033618e-15	-2.360714705315625e-16	-2.903493417916181e-15	3.0075768264747893e-15	-7.152264891452376e-15	-5.486171412993901e-15	5.407458335271453e-15	-6.313648063561994e-16	-4.66423774603264e-16	2.007291902139663e-15	-1.1770098784502638e-15	-3.745918505937418e-16	1.5527943514337395e-15	1.3324844699846853e-15	1.064686533380765e-15	-1.0115606269289758e-15	-4.273491283068864e-15	-2.169949333066801e-15	-1.4689313133919857e-15	-3.81416903269538e-15	-1.7802599672211983e-15	-5.054008427041179e-15	-1.5072578601893483e-15	-3.686260281396403e-15	-8.679038390746463e-16	2.493990257368406e-15	1.7210896336578019e-15	-1.5107273071413019e-15	-1.965441698281723e-15	-3.935220205253385e-15	6.0149368125150815e-15	-1.4562461479739053e-15	-2.1521413123837263e-15	3.362869878398289e-15	3.1698818916958693e-15	3.4326111831434176e-15	-1.1962324635624716e-9	7.952604000500962e-8	2.558779505824632e-10	-2.004816872409887e-10	-3.700464790987797e-14	4.989439958177477e-6	1.2205806462238172e-9	9.268622022575584e-8	-5.7509536305465116e-8	-2.4431898732558585e-14	-5.761134346312773e-10
93.0	2.7899991345003983e-14	1.6093897048374828e-15	-1.28572933549842e-13	-2.662800535624399e-16	1.667309445565566e-8	8.359102839675303e-10	1.026041486918149e-9	6.660998858770096e-9	1.366498923799049e-9	1.3775849047118607e-9	2.2399937991109745e-12	2.1539082609899534e-12	2.671298919633498e-11	-5.529546276156899e-15	8.46013797212164e-15	6.648598772224235e-14	4.99519045918384e-14	1.5922766577469716e-13	4.755310728521422e-16	1.9375438211309548e-15	-5.084908188957017e-16	1.2551292366736697e-11	3.714111149812079e-11	7.045856703862276e-9	9.212670612844448e-9	4.961038090750547e-16	3.0799405452246187e-15	-9.12139287712055e-16	4.185497434749941e-14	-8.352185317059974e-16	2.8605048017771306e-15	2.1148989677588492e-15	-9.855939848979478e-16	-1.139279642847768e-15	-3.8781911709806494e-16	9.794682426234047e-16	8.962557258851422e-16	-9.767983947736592e-16	2.571835973352865e-15	-9.504116244007932e-16	4.92227786308419e-16	9.285785031523663e-16	-1.991970770189727e-15	-4.0078346457556036e-15	-2.68075763410619e-16	9.610910157997754e-16	-1.9277927778421633e-15	-1.709095647124681e-15	2.2889269689699288e-15	-3.951374817623421e-15	-3.14319696572557e-15	-2.448501199969061e-16	-4.078009631369728e-15	-5.874207370526463e-15	4.932686203940051e-15	2.089664162194249e-15	-5.069187257455976e-16	-1.3472431720576439e-15	1.1400385843685081e-15	-2.2683406802198602e-15	1.2295598024979204e-15	2.4477151533940093e-15	3.663600455991454e-15	-4.334098184510805e-16	-3.4696637923881113e-15	-2.1593512568307553e-15	5.38319931166209e-16	-5.6948803311973606e-15	-2.2274256007356885e-15	-2.9334173978767808e-15	-1.778064457821915e-15	-2.806193049199185e-15	4.477128167984165e-16	3.847413381809217e-15	2.6872967284589933e-16	2.8098725603220576e-15	-1.4500661955907383e-15	-3.523321635530775e-15	7.846777698092278e-15	-1.5218996717155861e-15	-3.1807239134207244e-15	1.9613759401349018e-15	1.3906790215928444e-15	5.1051963221096484e-15	-8.556770411042962e-10	6.166222442924914e-8	2.5946323458899193e-10	1.209353560490626e-11	-1.48936635382141e-14	3.399285992306808e-6	-9.217757332468097e-9	-5.401794308450107e-8	-7.073524527079884e-8	-1.049318411997211e-14	-1.6557363980400572e-11
94.0	3.0586644328423063e-13	-8.187374389567736e-13	-4.3895442836117127e-14	7.16093850883226e-14	-7.585815974594373e-8	1.4551970267673298e-8	-3.6567865263625876e-9	4.341388303713554e-8	6.091929037176785e-9	7.685520175132465e-8	-1.531178589275024e-10	-3.7205345861855655e-10	2.115551120136089e-9	6.927858894195671e-13	1.517621477705594e-14	-2.240420780212464e-14	2.252678193992181e-14	2.4669502551866174e-14	7.11757042193284e-15	-6.432354648922001e-15	1.0581813203458525e-14	-2.201343444335757e-9	7.276662432331715e-10	-4.121836122417122e-9	4.932452474237792e-9	-2.288447209508604e-14	5.447031714567174e-15	-4.017619570362286e-15	-5.586017759462436e-13	-6.196432256189155e-15	-3.0184188481996443e-15	4.010680676458378e-15	-5.252742685257772e-15	-6.813993813636898e-15	-1.1664280652468051e-14	1.8235413179468196e-14	1.85268467234323e-15	1.0935696792557792e-14	9.631184738623233e-15	3.0225821845419887e-14	1.6445178552260131e-15	6.0298988024953815e-15	4.561628852428612e-14	-1.6660284263281255e-14	5.037636974236648e-15	1.7680301667155618e-14	2.3675506000131463e-14	-3.928107839001882e-14	-3.5388358909926865e-15	-1.0901002323038256e-14	-1.0810796702287462e-14	2.5444923945627806e-14	-6.224187831804784e-15	-4.218847493575595e-15	-3.366751322175787e-14	2.796374243274613e-15	1.116468029138673e-14	1.6930901125533637e-15	-5.7731597280508156e-15	-7.898542930817598e-14	1.4627188349436437e-14	2.1878332479019497e-14	2.750577543508824e-14	7.917277944358149e-15	-1.924849168943865e-14	1.462718834943644e-14	-6.467049118441537e-15	3.776493007201509e-15	-3.181482854941464e-14	-1.952604744559494e-14	1.3510026430907374e-14	6.411537967210279e-15	-1.3766765505351941e-14	3.524958103184872e-15	-6.2103100439969694e-15	1.083855227790309e-14	2.0053403382291894e-15	8.032463583163004e-14	-3.9440672949808686e-14	6.938893903907228e-16	2.824129818890242e-14	2.623595785067323e-14	-3.497202527569243e-15	3.302913498259839e-15	3.0709322411393014e-10	6.55409515548655e-9	-6.870736308645095e-7	-6.581875301725493e-9	7.86176679312689e-15	-1.6197295846537285e-5	-4.596754392261599e-12	-1.0450454855413361e-7	-2.3956142625181087e-11	-7.73540224591001e-11	1.4484536348113863e-9
95.0	1.9562129693895258e-13	-6.431521981653532e-13	-1.61259894326804e-14	4.1466829969749597e-14	-4.055925456603049e-8	9.588750537668497e-9	-2.357437147641796e-9	2.5350609335578017e-8	-1.9708310938088003e-10	4.619327821318468e-8	-1.57488318931439e-10	-2.108751123891928e-10	1.2788553418281322e-9	3.91122346268147e-13	1.2743536651434897e-14	-1.2545385725018782e-14	1.4110416512931904e-14	1.785963874530373e-14	6.108761462700117e-15	-3.1114857675397018e-15	7.901061286824729e-15	-1.1853148097792417e-9	4.193009243443633e-10	-3.0748961810266235e-9	3.742177744783992e-9	-1.6405300189055644e-14	7.018319186618626e-16	-7.0874973641735244e-15	-3.6024659398316765e-13	-1.2467626639251132e-15	-1.0390778068593253e-15	5.396269586368885e-15	-2.815994584116017e-15	-4.338703502645026e-15	-9.603155416528174e-15	1.5285276137371047e-14	1.2254197381479875e-15	1.0993627134406496e-14	1.1933109428168779e-14	2.6772495624518416e-14	3.1566468827810127e-15	5.075296857229148e-15	3.5208425179294334e-14	-1.0914579202391558e-14	4.117267987600014e-15	1.3620723472718144e-14	1.682161900387119e-14	-2.797975761953615e-14	-3.629120246102906e-15	-3.4720665489947375e-15	-8.829944569485815e-15	2.4879364896712837e-14	-4.089857651957596e-15	1.2663481374630692e-16	-2.5936999979914287e-14	-3.1516290226885434e-16	7.429259525917827e-15	-1.389405084040174e-15	-4.6370119895255195e-15	-4.994921407742389e-14	8.010826932597394e-15	1.766890006340739e-14	2.3739112071324897e-14	6.284310758762512e-15	-1.6223315865496605e-14	1.137140420850612e-14	-5.495603971894525e-15	5.551115123125783e-16	-1.465244699868899e-14	-1.7143307938121903e-14	8.647384646483033e-15	2.6645352591003757e-15	-1.122844450813956e-14	5.433113784320774e-15	-3.914550491441746e-15	1.306278435540943e-14	1.8642072579768886e-15	5.404010572362947e-14	-2.207636200582397e-14	-2.053411354633467e-15	1.8687257546704995e-14	1.7751854762036638e-14	-2.534520114085023e-15	6.247024627215582e-15	2.1034211872272834e-10	4.0194477746169355e-9	-4.4327812268041257e-7	-3.86115869832615e-9	2.886579864025407e-15	-9.894527775000661e-6	-1.9218760904987826e-12	-6.5764051769817e-8	1.0856195730884167e-9	-2.5777630030532357e-11	-5.428856721806374e-10
96.0	-7.626213549549732e-11	-7.614672781208753e-11	-3.892344779821144e-11	-1.6715073769546507e-11	9.211817419974011e-11	5.940983816010714e-11	2.0158158475780397e-10	1.9168305831485092e-10	7.129213885903596e-11	3.0854346855235804e-11	3.370970169669363e-12	1.0972972530609582e-11	9.299255809835927e-12	1.2708056829069392e-11	3.415240312776291e-12	2.675970556254015e-12	5.7444049517130225e-12	3.285410832276625e-11	3.9620251524041805e-11	4.1774417258721996e-11	1.1293460611128128e-10	5.107014811045474e-11	8.758291314414635e-11	2.1497889579613627e-10	2.4922289232343076e-10	2.0475132700426002e-10	2.1238144576329887e-10	1.3015766242574503e-10	1.2879602939719348e-10	2.5686533455804295e-10	2.6546820297568274e-10	2.1430901497865307e-10	2.2276566702394973e-10	1.3568154932919185e-10	1.348782197041487e-10	2.676227017772703e-10	2.769162121829538e-10	2.2425442058882084e-10	2.33537050808863e-10	1.4194773134690308e-10	1.4114262536502054e-10	2.771447515925729e-10	2.8730001710997044e-10	2.340725113736397e-10	2.448304059488038e-10	1.4915380042168636e-10	1.4836898376557883e-10	2.8783014860422895e-10	2.995319270393537e-10	2.4582358371105784e-10	2.5739135822711035e-10	1.5790990737230004e-10	1.5768361616430582e-10	3.005784232623654e-10	3.126445491385965e-10	2.595270109928549e-10	2.722455039183558e-10	1.6928025647899858e-10	1.6903989319416726e-10	3.141131799111463e-10	3.2595645627075953e-10	2.7551341763576436e-10	2.893779105228588e-10	1.8342483087963051e-10	1.8343457308667155e-10	3.276773297145042e-10	3.3756475392721086e-10	2.9339103368997144e-10	3.0760760605375026e-10	2.0221718743940187e-10	2.0272486467298734e-10	3.414718230398961e-10	3.4454350483770213e-10	3.154110583825087e-10	3.248162849800451e-10	2.2805612953646914e-10	2.292200873554862e-10	3.5236849549313816e-10	3.1935593058918244e-10	3.3915187325206375e-10	3.2986238740484453e-10	2.667556175950381e-10	2.681542210503096e-10	3.464975806277691e-10	-3.7060082780371317e-10	-1.0467713362771747e-9	3.5110303581165057e-8	3.3610363214808814e-8	-6.348467224137622e-9	4.330351716458347e-6	-3.5570410064633684e-7	-1.501049400143054e-6	1.881245622054978e-9	1.2265688631080133e-5	2.1850049547467165e-11
