# i	1	3	4	5	6	7	8	9	10	11	12	13	14	15	16	17	18	19	20	21	22	23	24	25	26	27	28	29	30	31	32	33	34	35	36	37	38	39	40	41	42	43	44	45	46	47	48	49	50	51	52	53	54	55	56	57	58	59	60	61	62	63	64	65	66	67	68	69	70	71	72	73	74	75	76	77	78	79	80	81	82	83	84	85	86	87	88	89	90	91	92	93	94	95	96
1.0	-0.5000000000000001	-0.5	-0.5000000000000001	-0.5000000000000001	-0.5	-0.5000000000000001	-0.5000000000000001	-0.5000000000000001	-0.5000000000000001	-0.5	-0.5000000000000001	-0.5000000000000001	-0.5000000000000001	-0.5000000000000001	-0.5000000000000001	-0.5000000000000001	-0.5	-0.5000000000000001	-0.5000000000000001	-0.5000000000000001	-0.5000000000000001	-0.5000000000000001	-0.5000000000000001	-0.5000000000000001	-0.5000000000000001	-0.5000000000000001	-0.5000000000000001	-0.5000000000000001	-0.5000000000000001	-0.5	-0.5000000000000001	-0.5000000000000001	-0.5000000000000001	-0.5000000000000001	-0.5000000000000001	-0.5000000000000001	-0.5000000000000001	-0.5000000000000001	-0.5000000000000001	-0.5000000000000001	-0.5000000000000001	-0.5000000000000001	-0.5000000000000001	-0.5	-0.5000000000000001	-0.5000000000000001	-0.5000000000000001	-0.5	-0.5000000000000001	-0.5000000000000001	-0.5000000000000001	-0.5000000000000001	-0.5000000000000001	-0.5000000000000001	-0.5	-0.5	-0.5000000000000001	-0.5000000000000001	-0.5000000000000001	-0.5000000000000001	-0.5000000000000001	-0.5000000000000001	-0.5	-0.5000000000000001	-0.5000000000000001	-0.5000000000000001	-0.5000000000000001	-0.5	-0.5000000000000001	-0.5000000000000001	-0.5000000000000001	-0.5000000000000001	-0.5000000000000001	-0.5000000000000001	-0.5000000000000001	-0.5000000000000001	-0.5000000000000001	-0.5000000000000001	-0.5000000000000001	-0.5000000000000001	-0.5000000000000001	-0.5000000000000001	-0.5000000000000001	-0.5000000000000001	-0.5	-0.5000000000000001	-0.5000000000000001	-0.5000000000000001	-0.5000000000000001	-0.5000000000000001	-0.5000000000000001	-0.5000000000000001	-0.5	-0.5000000000000001	-0.5000000000000001
2.0	-0.43555961993175796	-0.4837538386381478	-0.44503009090801365	-0.44503009090801404	-0.4355596199317573	-0.4355596199317581	-0.4355596199317575	-0.4355596199317575	-0.4355596199317574	-0.4355596199317581	-0.4355596199317583	-0.435559619931758	-0.4355596199317584	-0.43555961993175807	-0.43555961993175796	-0.4355596199317581	-0.43555961993175796	-0.4355596199317576	-0.43555961993175807	-0.43555961993175824	-0.4355596199317577	-0.435559619931758	-0.4355596199317578	-0.4355596199317579	-0.43555961993175785	-0.43555961993175746	-0.4355596199317574	-0.4355596199317581	-0.4355596199317577	-0.4355596199317583	-0.43555961993175807	-0.4355596199317581	-0.43555961993175824	-0.435559619931758	-0.4355596199317583	-0.4355596199317582	-0.43555961993175835	-0.4355596199317581	-0.435559619931758	-0.4355596199317579	-0.435559619931758	-0.43555961993175835	-0.435559619931758	-0.435559619931758	-0.4355596199317578	-0.43555961993175807	-0.4355596199317578	-0.4355596199317578	-0.4355596199317582	-0.4355596199317584	-0.43555961993175885	-0.4355596199317578	-0.43555961993175785	-0.4355596199317583	-0.4355596199317581	-0.4355596199317577	-0.43555961993175796	-0.43555961993175774	-0.43555961993175785	-0.4355596199317583	-0.4355596199317583	-0.4355596199317575	-0.435559619931757	-0.43555961993175835	-0.4355596199317583	-0.4355596199317578	-0.4355596199317579	-0.43555961993175774	-0.43555961993175796	-0.43555961993175774	-0.43555961993175746	-0.4355596199317584	-0.4355596199317577	-0.4355596199317585	-0.4355596199317583	-0.4355596199317584	-0.4355596199317579	-0.43555961993175824	-0.4355596199317579	-0.4355596199317587	-0.4355596199317577	-0.43555961993175835	-0.4355596199317578	-0.4355596199317583	-0.43555961993175796	-0.43555961993175774	-0.435559619931758	-0.4355596199317579	-0.4355596199317579	-0.43555961993175796	-0.4355596199317581	-0.435559619931758	-0.43555961993175774	-0.4355596199317577	-0.43555961993175785
3.0	-9.250406919778952e-14	-0.48375383863814764	-0.44503009090801365	-0.4450300909080137	-0.4355596199317569	-0.4355596199317582	-0.43555961993175774	-0.4355596199317575	-0.4355596199317575	-0.435559619931758	-0.43555961993175824	-0.43555961993175785	-0.4355596199317584	-0.43555961993175774	-0.435559619931758	-0.435559619931758	-0.4355596199317579	-0.4355596199317575	-0.4355596199317583	-0.435559619931758	-0.4355596199317576	-0.43555961993175785	-0.43555961993175774	-0.43555961993175796	-0.4355596199317577	-0.43555961993175757	-0.4355596199317572	-0.4355596199317582	-0.43555961993175785	-0.4355596199317581	-0.43555961993175796	-0.43555961993175824	-0.4355596199317581	-0.43555961993175796	-0.43555961993175846	-0.43555961993175796	-0.43555961993175824	-0.43555961993175807	-0.43555961993175807	-0.435559619931758	-0.43555961993175807	-0.435559619931758	-0.43555961993175796	-0.435559619931758	-0.43555961993175785	-0.43555961993175807	-0.43555961993175796	-0.43555961993175796	-0.4355596199317582	-0.4355596199317585	-0.4355596199317589	-0.43555961993175785	-0.43555961993175796	-0.43555961993175835	-0.4355596199317582	-0.4355596199317575	-0.435559619931758	-0.43555961993175774	-0.43555961993175785	-0.43555961993175835	-0.4355596199317582	-0.43555961993175735	-0.4355596199317571	-0.43555961993175835	-0.43555961993175824	-0.43555961993175796	-0.4355596199317578	-0.4355596199317577	-0.435559619931758	-0.4355596199317578	-0.4355596199317576	-0.4355596199317583	-0.43555961993175774	-0.4355596199317585	-0.4355596199317582	-0.43555961993175835	-0.4355596199317578	-0.4355596199317584	-0.43555961993175785	-0.4355596199317587	-0.4355596199317577	-0.4355596199317585	-0.43555961993175774	-0.4355596199317582	-0.4355596199317582	-0.4355596199317579	-0.435559619931758	-0.43555961993175774	-0.4355596199317578	-0.43555961993175807	-0.43555961993175807	-0.43555961993175796	-0.43555961993175774	-0.43555961993175757	-0.43555961993175774
4.0	-9.319173371547892e-14	-0.44503009090801476	-0.4837538386381475	-0.4837538386381475	-0.4355596199317573	-0.43555961993175824	-0.4355596199317584	-0.43555961993175735	-0.4355596199317584	-0.43555961993175785	-0.435559619931758	-0.4355596199317577	-0.43555961993175857	-0.4355596199317579	-0.43555961993175824	-0.4355596199317597	-0.4355596199317571	-0.43555961993175746	-0.43555961993175824	-0.435559619931758	-0.435559619931758	-0.4355596199317566	-0.4355596199317577	-0.43555961993175807	-0.4355596199317582	-0.43555961993175774	-0.4355596199317576	-0.43555961993175774	-0.43555961993175885	-0.43555961993175746	-0.43555961993175807	-0.4355596199317568	-0.43555961993175796	-0.4355596199317586	-0.43555961993175857	-0.43555961993175835	-0.43555961993175785	-0.4355596199317588	-0.43555961993175807	-0.4355596199317582	-0.4355596199317567	-0.43555961993175735	-0.43555961993175796	-0.435559619931758	-0.4355596199317579	-0.4355596199317586	-0.435559619931757	-0.43555961993175774	-0.4355596199317589	-0.4355596199317588	-0.43555961993175946	-0.4355596199317576	-0.4355596199317576	-0.43555961993175807	-0.435559619931758	-0.4355596199317577	-0.43555961993175785	-0.43555961993175785	-0.43555961993175824	-0.43555961993175785	-0.43555961993175807	-0.43555961993175774	-0.43555961993175785	-0.43555961993175835	-0.4355596199317587	-0.43555961993175885	-0.4355596199317569	-0.43555961993175796	-0.43555961993175657	-0.43555961993175674	-0.4355596199317577	-0.4355596199317589	-0.4355596199317585	-0.4355596199317581	-0.43555961993175835	-0.4355596199317584	-0.43555961993175774	-0.43555961993175896	-0.43555961993175846	-0.43555961993175857	-0.4355596199317571	-0.43555961993175873	-0.4355596199317574	-0.4355596199317592	-0.4355596199317586	-0.4355596199317582	-0.43555961993175807	-0.4355596199317581	-0.43555961993175735	-0.43555961993175785	-0.435559619931758	-0.43555961993175935	-0.4355596199317592	-0.43555961993175774	-0.4355596199317579
5.0	-3.525775025766807e-9	-3.6031684913596547e-9	-3.9164088405754215e-9	-0.48375383863814764	-0.4355596199317572	-0.4355596199317583	-0.43555961993175835	-0.43555961993175757	-0.4355596199317585	-0.4355596199317579	-0.43555961993175807	-0.4355596199317577	-0.4355596199317586	-0.43555961993175774	-0.4355596199317585	-0.43555961993175973	-0.43555961993175707	-0.4355596199317574	-0.4355596199317584	-0.43555961993175796	-0.43555961993175796	-0.43555961993175674	-0.4355596199317576	-0.43555961993175807	-0.4355596199317582	-0.4355596199317577	-0.43555961993175774	-0.43555961993175796	-0.4355596199317586	-0.4355596199317574	-0.43555961993175807	-0.4355596199317568	-0.43555961993175796	-0.4355596199317588	-0.43555961993175873	-0.4355596199317583	-0.43555961993175796	-0.43555961993175885	-0.4355596199317582	-0.43555961993175835	-0.43555961993175685	-0.43555961993175746	-0.43555961993175807	-0.4355596199317582	-0.4355596199317579	-0.4355596199317585	-0.4355596199317571	-0.4355596199317578	-0.43555961993175885	-0.43555961993175857	-0.4355596199317595	-0.43555961993175757	-0.43555961993175757	-0.43555961993175807	-0.4355596199317582	-0.4355596199317577	-0.4355596199317579	-0.43555961993175785	-0.4355596199317583	-0.43555961993175785	-0.43555961993175796	-0.4355596199317578	-0.4355596199317578	-0.4355596199317582	-0.4355596199317587	-0.43555961993175873	-0.43555961993175685	-0.4355596199317578	-0.43555961993175657	-0.4355596199317566	-0.4355596199317577	-0.4355596199317587	-0.4355596199317584	-0.4355596199317581	-0.4355596199317583	-0.43555961993175846	-0.4355596199317578	-0.4355596199317588	-0.43555961993175846	-0.43555961993175857	-0.43555961993175685	-0.43555961993175873	-0.4355596199317574	-0.4355596199317591	-0.43555961993175873	-0.4355596199317582	-0.43555961993175807	-0.43555961993175824	-0.43555961993175724	-0.4355596199317578	-0.435559619931758	-0.43555961993175946	-0.43555961993175946	-0.43555961993175774	-0.43555961993175774
6.0	-4.047407855587953e-9	-4.048230082437216e-9	-4.047935926924782e-9	-0.4999999999999999	-0.4999999999999994	-0.5000000000000006	-0.4999999999999999	-0.4999999999999998	-0.5000000000000006	-0.4999999999999997	-0.5000000000000003	-0.4999999999999999	-0.5000000000000003	-0.4999999999999998	-0.5000000000000001	-0.5000000000000001	-0.4999999999999999	-0.4999999999999996	-0.5000000000000009	-0.4999999999999999	-0.4999999999999999	-0.4999999999999996	-0.5000000000000001	-0.5000000000000003	-0.5000000000000001	-0.4999999999999999	-0.4999999999999999	-0.4999999999999999	-0.5000000000000003	-0.4999999999999994	-0.5000000000000003	-0.5000000000000003	-0.4999999999999999	-0.5000000000000003	-0.5000000000000009	-0.5000000000000001	-0.5000000000000006	-0.5000000000000001	-0.5000000000000003	-0.5000000000000003	-0.5000000000000001	-0.4999999999999999	-0.5000000000000001	-0.5000000000000001	-0.5000000000000001	-0.5000000000000001	-0.4999999999999999	-0.5000000000000003	-0.5000000000000006	-0.4999999999999999	-0.5000000000000003	-0.4999999999999998	-0.5000000000000001	-0.5000000000000003	-0.4999999999999999	-0.4999999999999997	-0.5000000000000001	-0.5000000000000001	-0.5000000000000006	-0.5000000000000006	-0.4999999999999999	-0.4999999999999999	-0.5000000000000003	-0.5000000000000001	-0.5000000000000003	-0.5000000000000001	-0.4999999999999996	-0.4999999999999997	-0.5000000000000001	-0.5000000000000003	-0.4999999999999998	-0.4999999999999999	-0.5000000000000003	-0.5000000000000003	-0.5000000000000001	-0.5000000000000006	-0.4999999999999998	-0.5000000000000009	-0.5000000000000001	-0.5000000000000003	-0.4999999999999999	-0.5000000000000006	-0.5000000000000001	-0.4999999999999999	-0.5000000000000007	-0.5000000000000006	-0.4999999999999999	-0.4999999999999999	-0.4999999999999999	-0.5000000000000003	-0.5000000000000001	-0.5000000000000001	-0.5000000000000004	-0.4999999999999998	-0.5000000000000001
7.0	2.207640135271818e-9	2.2073339293535885e-9	2.206955828977963e-9	-0.49999996849847295	-0.4999999999999994	-0.5000000000000006	-0.4999999999999999	-0.4999999999999998	-0.5000000000000006	-0.4999999999999997	-0.5000000000000003	-0.4999999999999999	-0.5000000000000003	-0.4999999999999998	-0.5000000000000001	-0.5000000000000001	-0.4999999999999999	-0.4999999999999996	-0.5000000000000009	-0.4999999999999999	-0.4999999999999999	-0.4999999999999996	-0.5000000000000001	-0.5000000000000003	-0.5000000000000001	-0.4999999999999999	-0.4999999999999999	-0.4999999999999999	-0.5000000000000003	-0.4999999999999994	-0.5000000000000003	-0.5000000000000003	-0.4999999999999999	-0.5000000000000003	-0.5000000000000009	-0.5000000000000001	-0.5000000000000006	-0.5000000000000001	-0.5000000000000003	-0.5000000000000003	-0.5000000000000001	-0.4999999999999999	-0.5000000000000001	-0.5000000000000001	-0.5000000000000001	-0.5000000000000001	-0.4999999999999999	-0.5000000000000003	-0.5000000000000006	-0.4999999999999999	-0.5000000000000003	-0.4999999999999998	-0.5000000000000001	-0.5000000000000003	-0.4999999999999999	-0.4999999999999997	-0.5000000000000001	-0.5000000000000001	-0.5000000000000006	-0.5000000000000006	-0.4999999999999999	-0.4999999999999999	-0.5000000000000003	-0.5000000000000001	-0.5000000000000003	-0.5000000000000001	-0.4999999999999996	-0.4999999999999997	-0.5000000000000001	-0.5000000000000003	-0.4999999999999998	-0.4999999999999999	-0.5000000000000003	-0.5000000000000003	-0.5000000000000001	-0.5000000000000006	-0.4999999999999998	-0.5000000000000009	-0.5000000000000001	-0.5000000000000003	-0.4999999999999999	-0.5000000000000006	-0.5000000000000001	-0.4999999999999999	-0.5000000000000007	-0.5000000000000006	-0.4999999999999999	-0.4999999999999999	-0.4999999999999999	-0.5000000000000003	-0.5000000000000001	-0.5000000000000001	-0.5000000000000004	-0.4999999999999998	-0.5000000000000001
8.0	1.923117717178817e-9	1.9228511046342006e-9	1.922521970780336e-9	-0.4355595924901719	-0.43555961993175785	-0.43555961993175735	-0.48375383863814697	-0.4837538386381476	-0.44503009090801415	-0.4450300909080139	-0.4355596199317582	-0.43555961993175835	-0.4355596199317578	-0.4355596199317579	-0.4355596199317579	-0.4355596199317579	-0.43555961993175824	-0.43555961993175735	-0.4355596199317588	-0.4355596199317577	-0.4355596199317578	-0.4355596199317576	-0.4355596199317576	-0.4355596199317579	-0.43555961993175807	-0.4355596199317578	-0.4355596199317579	-0.4355596199317578	-0.4355596199317573	-0.4355596199317579	-0.4355596199317588	-0.4355596199317581	-0.43555961993175846	-0.43555961993175885	-0.4355596199317585	-0.43555961993175857	-0.43555961993175873	-0.4355596199317583	-0.4355596199317584	-0.4355596199317584	-0.43555961993175796	-0.4355596199317577	-0.4355596199317577	-0.43555961993175846	-0.4355596199317581	-0.43555961993175757	-0.435559619931758	-0.43555961993175735	-0.43555961993175935	-0.43555961993175785	-0.4355596199317577	-0.43555961993175824	-0.4355596199317586	-0.4355596199317588	-0.43555961993175757	-0.4355596199317576	-0.435559619931758	-0.43555961993175796	-0.435559619931758	-0.43555961993175824	-0.43555961993175757	-0.4355596199317578	-0.43555961993175785	-0.4355596199317579	-0.4355596199317584	-0.4355596199317575	-0.43555961993175724	-0.43555961993175707	-0.4355596199317587	-0.4355596199317586	-0.4355596199317577	-0.4355596199317577	-0.4355596199317586	-0.435559619931758	-0.43555961993175724	-0.4355596199317584	-0.43555961993175785	-0.43555961993175923	-0.43555961993175785	-0.43555961993175807	-0.4355596199317577	-0.4355596199317582	-0.43555961993175785	-0.43555961993175785	-0.4355596199317577	-0.4355596199317584	-0.43555961993175757	-0.43555961993175824	-0.4355596199317577	-0.4355596199317576	-0.435559619931758	-0.43555961993175796	-0.4355596199317592	-0.43555961993175735	-0.4355596199317579
9.0	7.875431501922648e-14	7.39235041356424e-14	7.089398771548564e-14	-1.4298807835466682e-12	-1.7009671579365695e-12	-1.993549957904352e-12	-3.6044052504166006e-12	-0.4837538386381475	-0.44503009090801393	-0.445030090908014	-0.43555961993175824	-0.4355596199317583	-0.43555961993175796	-0.43555961993175796	-0.43555961993175774	-0.435559619931758	-0.43555961993175824	-0.43555961993175735	-0.43555961993175885	-0.4355596199317576	-0.435559619931758	-0.43555961993175746	-0.4355596199317576	-0.43555961993175785	-0.4355596199317581	-0.4355596199317576	-0.4355596199317578	-0.4355596199317577	-0.4355596199317576	-0.4355596199317578	-0.4355596199317587	-0.43555961993175807	-0.4355596199317584	-0.435559619931759	-0.43555961993175835	-0.4355596199317585	-0.43555961993175873	-0.4355596199317584	-0.4355596199317585	-0.43555961993175857	-0.4355596199317578	-0.43555961993175774	-0.43555961993175774	-0.4355596199317583	-0.4355596199317581	-0.4355596199317573	-0.4355596199317579	-0.43555961993175724	-0.4355596199317593	-0.4355596199317578	-0.43555961993175757	-0.4355596199317583	-0.43555961993175824	-0.43555961993175857	-0.4355596199317573	-0.43555961993175746	-0.435559619931758	-0.435559619931758	-0.43555961993175796	-0.4355596199317583	-0.4355596199317575	-0.43555961993175785	-0.43555961993175774	-0.4355596199317579	-0.4355596199317584	-0.4355596199317574	-0.4355596199317573	-0.4355596199317568	-0.4355596199317587	-0.4355596199317588	-0.43555961993175757	-0.4355596199317575	-0.4355596199317588	-0.43555961993175774	-0.4355596199317574	-0.43555961993175846	-0.4355596199317577	-0.4355596199317593	-0.43555961993175774	-0.4355596199317579	-0.43555961993175774	-0.435559619931758	-0.43555961993175774	-0.43555961993175785	-0.435559619931758	-0.43555961993175846	-0.4355596199317576	-0.435559619931758	-0.4355596199317575	-0.43555961993175746	-0.43555961993175785	-0.43555961993175796	-0.4355596199317592	-0.4355596199317575	-0.43555961993175796
10.0	7.850972352075103e-14	7.39086016960034e-14	7.02601969790632e-14	-1.4303894500165731e-12	-1.7007880654525688e-12	-1.993159116066992e-12	-3.3158917983281425e-12	-0.44503009090801326	-0.48375383863814775	-0.4837538386381475	-0.43555961993175896	-0.43555961993175724	-0.43555961993175835	-0.43555961993175746	-0.43555961993175824	-0.43555961993175785	-0.43555961993175807	-0.4355596199317577	-0.43555961993175873	-0.4355596199317587	-0.4355596199317579	-0.4355596199317575	-0.43555961993175807	-0.4355596199317583	-0.43555961993175785	-0.43555961993175785	-0.4355596199317576	-0.4355596199317575	-0.43555961993175696	-0.43555961993175846	-0.4355596199317583	-0.4355596199317576	-0.43555961993175624	-0.4355596199317592	-0.43555961993175774	-0.43555961993175707	-0.4355596199317585	-0.4355596199317567	-0.43555961993175835	-0.4355596199317585	-0.43555961993175824	-0.435559619931758	-0.43555961993175685	-0.4355596199317582	-0.43555961993175835	-0.43555961993175796	-0.4355596199317587	-0.4355596199317586	-0.435559619931759	-0.4355596199317582	-0.43555961993175774	-0.43555961993175785	-0.43555961993175757	-0.43555961993175796	-0.43555961993175757	-0.4355596199317582	-0.43555961993175873	-0.43555961993175835	-0.43555961993175746	-0.4355596199317588	-0.4355596199317583	-0.4355596199317555	-0.4355596199317581	-0.43555961993175873	-0.4355596199317587	-0.4355596199317579	-0.4355596199317577	-0.4355596199317566	-0.4355596199317585	-0.43555961993175824	-0.43555961993175796	-0.43555961993175746	-0.4355596199317589	-0.4355596199317583	-0.43555961993175846	-0.4355596199317591	-0.4355596199317576	-0.4355596199317593	-0.43555961993175746	-0.43555961993175807	-0.435559619931757	-0.43555961993175824	-0.43555961993175807	-0.43555961993175824	-0.4355596199317586	-0.4355596199317581	-0.4355596199317578	-0.43555961993175824	-0.435559619931758	-0.4355596199317575	-0.43555961993175807	-0.43555961993175846	-0.4355596199317589	-0.4355596199317574	-0.4355596199317582
11.0	-2.5291831526804595e-16	-2.422641411366247e-13	-4.991285170351296e-14	2.2037238221299226e-9	2.2012681127855244e-9	2.197614967705289e-9	2.2425720549324187e-9	2.2434805197580948e-9	2.43945669650958e-9	-0.48375383863814725	-0.43555961993175896	-0.4355596199317572	-0.4355596199317584	-0.43555961993175757	-0.43555961993175824	-0.4355596199317579	-0.4355596199317582	-0.4355596199317577	-0.4355596199317589	-0.4355596199317586	-0.435559619931758	-0.4355596199317576	-0.43555961993175796	-0.4355596199317584	-0.4355596199317578	-0.4355596199317579	-0.43555961993175746	-0.43555961993175735	-0.4355596199317568	-0.43555961993175857	-0.4355596199317585	-0.4355596199317577	-0.4355596199317564	-0.43555961993175923	-0.4355596199317579	-0.4355596199317571	-0.4355596199317584	-0.43555961993175674	-0.4355596199317584	-0.4355596199317585	-0.4355596199317582	-0.4355596199317582	-0.4355596199317567	-0.4355596199317581	-0.43555961993175846	-0.4355596199317579	-0.4355596199317586	-0.43555961993175857	-0.4355596199317592	-0.43555961993175807	-0.43555961993175774	-0.4355596199317579	-0.4355596199317573	-0.4355596199317579	-0.4355596199317575	-0.4355596199317583	-0.4355596199317586	-0.4355596199317583	-0.43555961993175746	-0.43555961993175873	-0.4355596199317584	-0.4355596199317555	-0.435559619931758	-0.43555961993175885	-0.43555961993175857	-0.435559619931758	-0.4355596199317576	-0.4355596199317566	-0.4355596199317585	-0.4355596199317582	-0.4355596199317578	-0.4355596199317574	-0.435559619931759	-0.43555961993175846	-0.43555961993175846	-0.4355596199317593	-0.43555961993175757	-0.43555961993175935	-0.4355596199317574	-0.4355596199317581	-0.4355596199317572	-0.43555961993175835	-0.4355596199317581	-0.4355596199317584	-0.4355596199317586	-0.43555961993175807	-0.4355596199317578	-0.4355596199317584	-0.43555961993175796	-0.4355596199317576	-0.435559619931758	-0.43555961993175846	-0.435559619931759	-0.43555961993175735	-0.4355596199317581
12.0	-1.28119908358022e-17	-2.7793783018178705e-13	-5.753963087110684e-14	2.5297613994494883e-9	2.5269420936991773e-9	2.5227489621777495e-9	2.5195732952812337e-9	2.5205935654420428e-9	2.5213824223670926e-9	-0.4999999999999998	-0.5000000000000003	-0.4999999999999996	-0.5000000000000009	-0.4999999999999998	-0.4999999999999999	-0.5000000000000003	-0.5000000000000001	-0.4999999999999999	-0.500000000000001	-0.4999999999999998	-0.5000000000000001	-0.4999999999999993	-0.4999999999999998	-0.5000000000000003	-0.4999999999999998	-0.4999999999999998	-0.4999999999999996	-0.5000000000000001	-0.5000000000000001	-0.49999999999999906	-0.5000000000000001	-0.5000000000000001	-0.4999999999999998	-0.500000000000001	-0.5000000000000009	-0.5000000000000003	-0.5000000000000006	-0.5000000000000001	-0.500000000000001	-0.5000000000000001	-0.5000000000000006	-0.5000000000000003	-0.5000000000000009	-0.4999999999999999	-0.5000000000000003	-0.4999999999999998	-0.4999999999999993	-0.5000000000000003	-0.5000000000000006	-0.5000000000000001	-0.5000000000000003	-0.5000000000000001	-0.49999999999999944	-0.5000000000000003	-0.49999999999999956	-0.4999999999999994	-0.5000000000000003	-0.4999999999999999	-0.5000000000000006	-0.5000000000000009	-0.5000000000000001	-0.4999999999999999	-0.5000000000000007	-0.5000000000000001	-0.5000000000000003	-0.4999999999999996	-0.4999999999999993	-0.49999999999999906	-0.5000000000000003	-0.5000000000000006	-0.4999999999999993	-0.5000000000000001	-0.5000000000000003	-0.5000000000000001	-0.5000000000000009	-0.5000000000000014	-0.4999999999999991	-0.5000000000000009	-0.4999999999999991	-0.5000000000000003	-0.5000000000000001	-0.5000000000000009	-0.4999999999999999	-0.5000000000000003	-0.5000000000000007	-0.5000000000000006	-0.4999999999999998	-0.5000000000000001	-0.4999999999999999	-0.5000000000000001	-0.4999999999999998	-0.49999999999999944	-0.5000000000000007	-0.4999999999999999	-0.5000000000000001
13.0	-1.1587847908841472e-16	-4.768576733277846e-15	-3.780594914208726e-14	3.878389113717663e-11	3.508749030466014e-11	2.442698369080962e-11	2.2610834804306057e-11	2.283497975121974e-11	2.4096495988924972e-11	-0.30856614473893484	-0.30856614473893107	-0.4999999999999996	-0.5000000000000009	-0.4999999999999998	-0.4999999999999999	-0.5000000000000003	-0.5000000000000001	-0.4999999999999999	-0.500000000000001	-0.4999999999999998	-0.5000000000000001	-0.4999999999999993	-0.4999999999999998	-0.5000000000000003	-0.4999999999999998	-0.4999999999999998	-0.4999999999999996	-0.5000000000000001	-0.5000000000000001	-0.49999999999999906	-0.5000000000000001	-0.5000000000000001	-0.4999999999999998	-0.500000000000001	-0.5000000000000009	-0.5000000000000003	-0.5000000000000006	-0.5000000000000001	-0.500000000000001	-0.5000000000000001	-0.5000000000000006	-0.5000000000000003	-0.5000000000000009	-0.4999999999999999	-0.5000000000000003	-0.4999999999999998	-0.4999999999999993	-0.5000000000000003	-0.5000000000000006	-0.5000000000000001	-0.5000000000000003	-0.5000000000000001	-0.49999999999999944	-0.5000000000000003	-0.49999999999999956	-0.4999999999999994	-0.5000000000000003	-0.4999999999999999	-0.5000000000000006	-0.5000000000000009	-0.5000000000000001	-0.4999999999999999	-0.5000000000000007	-0.5000000000000001	-0.5000000000000003	-0.4999999999999996	-0.4999999999999993	-0.49999999999999906	-0.5000000000000003	-0.5000000000000006	-0.4999999999999993	-0.5000000000000001	-0.5000000000000003	-0.5000000000000001	-0.5000000000000009	-0.5000000000000014	-0.4999999999999991	-0.5000000000000009	-0.4999999999999991	-0.5000000000000003	-0.5000000000000001	-0.5000000000000009	-0.4999999999999999	-0.5000000000000003	-0.5000000000000007	-0.5000000000000006	-0.4999999999999998	-0.5000000000000001	-0.4999999999999999	-0.5000000000000001	-0.4999999999999998	-0.49999999999999944	-0.5000000000000007	-0.4999999999999999	-0.5000000000000001
14.0	5.625841591318072e-17	-4.059655379565619e-15	-3.361618394152513e-14	3.3785706421548724e-11	3.0565346158314394e-11	2.1279394984120423e-11	1.969667191273214e-11	1.9891674955745824e-11	2.0991007036432585e-11	-0.2687979054525965	-0.2687979054525937	-0.43555961993175696	-0.4837538386381488	-0.48375383863814725	-0.4450300909080136	-0.44503009090801426	-0.43555961993175796	-0.4355596199317577	-0.43555961993175873	-0.43555961993175746	-0.4355596199317575	-0.4355596199317572	-0.4355596199317575	-0.4355596199317579	-0.43555961993175774	-0.4355596199317566	-0.4355596199317574	-0.4355596199317577	-0.435559619931758	-0.43555961993175696	-0.43555961993175896	-0.43555961993175757	-0.43555961993175774	-0.4355596199317584	-0.43555961993175857	-0.4355596199317581	-0.4355596199317584	-0.43555961993175796	-0.4355596199317585	-0.43555961993175835	-0.4355596199317586	-0.43555961993175757	-0.43555961993175873	-0.4355596199317578	-0.4355596199317582	-0.43555961993175757	-0.43555961993175707	-0.4355596199317581	-0.43555961993175807	-0.43555961993175857	-0.43555961993175746	-0.4355596199317579	-0.43555961993175674	-0.4355596199317584	-0.43555961993175807	-0.4355596199317574	-0.435559619931758	-0.4355596199317583	-0.4355596199317579	-0.4355596199317584	-0.43555961993175696	-0.4355596199317577	-0.43555961993175824	-0.43555961993175724	-0.4355596199317579	-0.43555961993175757	-0.4355596199317576	-0.43555961993175696	-0.4355596199317584	-0.43555961993175835	-0.43555961993175674	-0.4355596199317579	-0.43555961993175785	-0.43555961993175774	-0.4355596199317585	-0.43555961993176	-0.4355596199317574	-0.4355596199317589	-0.4355596199317573	-0.43555961993175846	-0.4355596199317578	-0.4355596199317582	-0.43555961993175785	-0.4355596199317585	-0.4355596199317583	-0.43555961993175907	-0.4355596199317583	-0.4355596199317585	-0.4355596199317579	-0.435559619931758	-0.4355596199317582	-0.4355596199317573	-0.43555961993175885	-0.4355596199317587	-0.4355596199317579
15.0	3.1521111015877905e-14	3.415033538507576e-14	2.4331840155138653e-14	-2.417595071267977e-15	-6.583762775367735e-14	1.9809446488766902e-15	5.7468300588589824e-15	-7.307761407718974e-15	8.304356563865392e-16	3.050014031444924e-16	1.1837058852097692e-15	1.1342870198598666e-14	1.6143905883018512e-14	-0.48375383863814714	-0.4450300909080136	-0.4450300909080143	-0.435559619931758	-0.43555961993175785	-0.435559619931759	-0.4355596199317575	-0.4355596199317576	-0.4355596199317569	-0.43555961993175735	-0.43555961993175774	-0.43555961993175757	-0.4355596199317569	-0.43555961993175746	-0.43555961993175746	-0.43555961993175796	-0.4355596199317569	-0.4355596199317591	-0.43555961993175774	-0.43555961993175774	-0.43555961993175824	-0.43555961993175857	-0.43555961993175824	-0.43555961993175846	-0.43555961993175774	-0.43555961993175835	-0.43555961993175824	-0.4355596199317586	-0.4355596199317575	-0.43555961993175857	-0.4355596199317579	-0.4355596199317581	-0.43555961993175746	-0.4355596199317572	-0.43555961993175807	-0.4355596199317578	-0.4355596199317588	-0.43555961993175757	-0.4355596199317579	-0.43555961993175696	-0.4355596199317582	-0.43555961993175774	-0.43555961993175724	-0.43555961993175774	-0.4355596199317583	-0.4355596199317581	-0.4355596199317583	-0.435559619931757	-0.4355596199317573	-0.4355596199317582	-0.43555961993175685	-0.4355596199317578	-0.4355596199317574	-0.43555961993175757	-0.435559619931757	-0.43555961993175846	-0.43555961993175835	-0.43555961993175674	-0.43555961993175774	-0.43555961993175796	-0.4355596199317576	-0.43555961993175846	-0.43555961993175984	-0.4355596199317572	-0.4355596199317588	-0.4355596199317574	-0.43555961993175846	-0.4355596199317579	-0.43555961993175824	-0.4355596199317578	-0.43555961993175846	-0.4355596199317582	-0.43555961993175907	-0.4355596199317582	-0.4355596199317584	-0.43555961993175774	-0.43555961993175774	-0.4355596199317583	-0.4355596199317571	-0.4355596199317586	-0.4355596199317586	-0.43555961993175785
16.0	3.091520251079363e-14	3.3567361720828825e-14	2.4773580295048898e-14	-2.593521911004661e-15	-6.622703767476426e-14	1.685719781283224e-15	5.643841794563025e-15	-7.875967471510033e-15	8.56529171899944e-16	5.113174677606635e-16	1.741378035042159e-15	1.215639338662165e-14	1.4873753885774187e-14	-0.4450300909080126	-0.4837538386381478	-0.4837538386381481	-0.4355596199317586	-0.43555961993175857	-0.43555961993175957	-0.43555961993175746	-0.4355596199317578	-0.43555961993175724	-0.43555961993175724	-0.43555961993175835	-0.43555961993175796	-0.4355596199317577	-0.4355596199317577	-0.4355596199317571	-0.43555961993175746	-0.4355596199317566	-0.4355596199317585	-0.43555961993175757	-0.4355596199317576	-0.4355596199317585	-0.43555961993175785	-0.4355596199317589	-0.43555961993175824	-0.43555961993175807	-0.43555961993175923	-0.4355596199317575	-0.4355596199317585	-0.4355596199317582	-0.43555961993175857	-0.4355596199317583	-0.435559619931759	-0.43555961993175685	-0.4355596199317574	-0.4355596199317582	-0.43555961993175957	-0.4355596199317583	-0.43555961993175896	-0.43555961993175835	-0.4355596199317569	-0.4355596199317582	-0.43555961993175685	-0.43555961993175646	-0.43555961993175796	-0.43555961993175674	-0.4355596199317588	-0.4355596199317587	-0.43555961993175735	-0.4355596199317575	-0.4355596199317587	-0.4355596199317575	-0.4355596199317572	-0.4355596199317582	-0.4355596199317577	-0.43555961993175785	-0.43555961993175873	-0.4355596199317584	-0.43555961993175735	-0.43555961993175735	-0.4355596199317587	-0.43555961993175807	-0.4355596199317586	-0.43555961993175857	-0.4355596199317588	-0.4355596199317586	-0.4355596199317567	-0.43555961993175857	-0.43555961993175707	-0.43555961993175857	-0.4355596199317579	-0.4355596199317584	-0.43555961993175973	-0.43555961993175935	-0.435559619931757	-0.435559619931758	-0.43555961993175735	-0.4355596199317578	-0.4355596199317567	-0.4355596199317578	-0.43555961993175857	-0.43555961993175935	-0.4355596199317584
17.0	-1.2608738851461115e-17	3.295263118080645e-14	4.837245369451801e-13	4.766664847619533e-13	6.799704900760186e-13	6.876451317572597e-13	1.0795845923632448e-12	6.03007280070174e-13	1.0207089678815962e-13	1.1654951735143836e-13	1.2589288946768636e-13	3.61359747130459e-10	3.6992863823494627e-10	3.686865017886256e-10	4.012729764822598e-10	-0.483753838638148	-0.4355596199317586	-0.4355596199317584	-0.4355596199317596	-0.43555961993175757	-0.4355596199317579	-0.4355596199317572	-0.4355596199317572	-0.4355596199317584	-0.4355596199317579	-0.43555961993175774	-0.43555961993175774	-0.43555961993175696	-0.43555961993175746	-0.43555961993175657	-0.43555961993175857	-0.43555961993175757	-0.43555961993175785	-0.4355596199317585	-0.43555961993175796	-0.43555961993175896	-0.4355596199317582	-0.43555961993175807	-0.43555961993175896	-0.4355596199317576	-0.43555961993175846	-0.4355596199317581	-0.4355596199317585	-0.43555961993175824	-0.43555961993175896	-0.43555961993175685	-0.4355596199317574	-0.43555961993175824	-0.4355596199317597	-0.43555961993175846	-0.43555961993175896	-0.4355596199317582	-0.4355596199317567	-0.4355596199317582	-0.43555961993175674	-0.43555961993175646	-0.43555961993175807	-0.43555961993175674	-0.43555961993175873	-0.43555961993175873	-0.4355596199317572	-0.4355596199317574	-0.43555961993175857	-0.4355596199317576	-0.4355596199317573	-0.43555961993175824	-0.4355596199317576	-0.43555961993175774	-0.43555961993175873	-0.4355596199317583	-0.4355596199317572	-0.4355596199317573	-0.4355596199317588	-0.4355596199317581	-0.43555961993175857	-0.4355596199317586	-0.4355596199317588	-0.43555961993175857	-0.4355596199317566	-0.4355596199317587	-0.43555961993175696	-0.4355596199317585	-0.43555961993175807	-0.4355596199317586	-0.43555961993175973	-0.43555961993175935	-0.43555961993175707	-0.435559619931758	-0.43555961993175735	-0.43555961993175785	-0.43555961993175657	-0.435559619931758	-0.4355596199317585	-0.4355596199317595	-0.4355596199317584
18.0	-1.005876452996873e-17	3.7108184882192684e-14	5.562235271084867e-13	5.473688943938089e-13	7.814049772416252e-13	7.885882674734104e-13	1.2386708957413314e-12	6.927534359484821e-13	1.180982611203271e-13	1.3427766188944445e-13	1.4490530174038478e-13	4.1482299861761224e-10	4.1562197045032725e-10	4.142262680164736e-10	4.1474929266996534e-10	-0.5000000000000006	-0.4999999999999999	-0.5000000000000006	-0.5000000000000018	-0.4999999999999998	-0.5000000000000003	-0.4999999999999991	-0.4999999999999991	-0.5000000000000003	-0.4999999999999993	-0.4999999999999993	-0.4999999999999991	-0.49999999999999944	-0.4999999999999998	-0.49999999999999906	-0.5000000000000006	-0.5000000000000001	-0.4999999999999999	-0.5000000000000009	-0.5000000000000003	-0.5000000000000009	-0.500000000000001	-0.4999999999999998	-0.5000000000000003	-0.4999999999999999	-0.5000000000000001	-0.5000000000000001	-0.5000000000000001	-0.5000000000000001	-0.5000000000000009	-0.49999999999999944	-0.4999999999999993	-0.4999999999999999	-0.5000000000000003	-0.5000000000000006	-0.5000000000000009	-0.5000000000000001	-0.49999999999999944	-0.5000000000000001	-0.4999999999999994	-0.49999999999999895	-0.5000000000000003	-0.4999999999999998	-0.5000000000000006	-0.5000000000000006	-0.4999999999999996	-0.4999999999999993	-0.5000000000000008	-0.4999999999999999	-0.5000000000000006	-0.4999999999999996	-0.4999999999999993	-0.49999999999999895	-0.5000000000000003	-0.5000000000000003	-0.4999999999999991	-0.4999999999999993	-0.5000000000000009	-0.4999999999999999	-0.5000000000000006	-0.5000000000000012	-0.49999999999999883	-0.5000000000000006	-0.49999999999999867	-0.5000000000000009	-0.49999999999999944	-0.5000000000000006	-0.5000000000000003	-0.4999999999999999	-0.5000000000000003	-0.5000000000000006	-0.4999999999999993	-0.5000000000000001	-0.4999999999999998	-0.4999999999999991	-0.4999999999999996	-0.4999999999999991	-0.5	-0.4999999999999999	-0.5000000000000003
19.0	-1.9790461130324834e-5	-1.9790461106066577e-5	-1.979046129769014e-5	-1.9790461297620736e-5	-1.9790461238182463e-5	-1.979046167105633e-5	-1.9790461300909752e-5	-1.979046006751359e-5	-1.979045963563898e-5	-1.9790459649294645e-5	-1.979045944651342e-5	-1.9790464396418275e-5	-1.9790461813760968e-5	-1.9790460237043807e-5	-1.979045732985593e-5	-1.9790457228229408e-5	-1.9790457227216316e-5	-0.5000000000000003	-0.5000000000000017	-0.4999999999999998	-0.5000000000000003	-0.4999999999999991	-0.4999999999999991	-0.5000000000000003	-0.4999999999999993	-0.4999999999999993	-0.4999999999999991	-0.49999999999999944	-0.4999999999999998	-0.49999999999999906	-0.5000000000000006	-0.5000000000000001	-0.4999999999999999	-0.5000000000000009	-0.5000000000000003	-0.5000000000000009	-0.500000000000001	-0.4999999999999998	-0.5000000000000003	-0.4999999999999999	-0.5000000000000001	-0.5000000000000001	-0.5000000000000001	-0.5000000000000001	-0.5000000000000009	-0.49999999999999944	-0.4999999999999993	-0.4999999999999999	-0.5000000000000003	-0.5000000000000006	-0.5000000000000009	-0.5000000000000001	-0.49999999999999944	-0.5000000000000001	-0.4999999999999994	-0.49999999999999895	-0.5000000000000003	-0.4999999999999998	-0.5000000000000006	-0.5000000000000006	-0.4999999999999996	-0.4999999999999993	-0.5000000000000008	-0.4999999999999999	-0.5000000000000006	-0.4999999999999996	-0.4999999999999993	-0.49999999999999895	-0.5000000000000003	-0.5000000000000003	-0.4999999999999991	-0.4999999999999993	-0.5000000000000009	-0.4999999999999999	-0.5000000000000006	-0.5000000000000012	-0.49999999999999883	-0.5000000000000006	-0.49999999999999867	-0.5000000000000009	-0.49999999999999944	-0.5000000000000006	-0.5000000000000003	-0.4999999999999999	-0.5000000000000003	-0.5000000000000006	-0.4999999999999993	-0.5000000000000001	-0.4999999999999998	-0.4999999999999991	-0.4999999999999996	-0.4999999999999991	-0.5	-0.4999999999999999	-0.5000000000000003
20.0	-1.723985145735198e-5	-1.723985143544813e-5	-1.723985160186435e-5	-1.723985160294607e-5	-1.723985155109268e-5	-1.7239851927405064e-5	-1.7239851604989545e-5	-1.723985053006459e-5	-1.7239850154653665e-5	-1.723985016676204e-5	-1.7239849989290163e-5	-1.7239854301697376e-5	-1.7239852052060315e-5	-1.723985067856885e-5	-1.7239848145271705e-5	-1.7239848056786155e-5	-1.7239848056199893e-5	-0.43555961993175885	-0.48375383863814936	-0.4837538386381472	-0.44503009090801426	-0.44503009090801304	-0.4355596199317581	-0.4355596199317584	-0.43555961993175707	-0.43555961993175707	-0.43555961993175707	-0.43555961993175724	-0.4355596199317578	-0.43555961993175657	-0.4355596199317574	-0.4355596199317571	-0.4355596199317579	-0.43555961993175896	-0.4355596199317584	-0.4355596199317585	-0.43555961993175885	-0.43555961993175824	-0.43555961993175824	-0.43555961993175757	-0.4355596199317578	-0.4355596199317579	-0.43555961993175674	-0.43555961993175807	-0.43555961993175873	-0.43555961993175785	-0.43555961993175685	-0.43555961993175835	-0.43555961993175885	-0.4355596199317586	-0.43555961993175896	-0.43555961993175757	-0.4355596199317572	-0.4355596199317581	-0.435559619931758	-0.43555961993175685	-0.4355596199317583	-0.43555961993175824	-0.43555961993175796	-0.4355596199317587	-0.4355596199317574	-0.4355596199317573	-0.43555961993175907	-0.43555961993175774	-0.43555961993175885	-0.43555961993175757	-0.43555961993175735	-0.4355596199317571	-0.4355596199317576	-0.43555961993175907	-0.4355596199317573	-0.435559619931758	-0.4355596199317578	-0.4355596199317579	-0.4355596199317582	-0.4355596199317589	-0.43555961993175785	-0.43555961993175807	-0.43555961993175735	-0.4355596199317585	-0.4355596199317574	-0.4355596199317578	-0.4355596199317582	-0.4355596199317579	-0.4355596199317591	-0.4355596199317582	-0.43555961993175757	-0.4355596199317579	-0.4355596199317574	-0.435559619931757	-0.43555961993175696	-0.4355596199317568	-0.43555961993175785	-0.4355596199317581	-0.43555961993175824
21.0	-3.480418156690031e-16	9.636654662274499e-15	-1.2253087142136477e-15	6.588274989484876e-14	5.913351793761189e-14	9.68092841462763e-14	7.181966503076212e-14	4.030222302847601e-14	4.466511114057267e-14	-1.869331635830897e-14	-1.2650519523353929e-15	1.02729360070812e-14	2.0204650890391214e-14	4.5182392999572533e-14	8.026332075204127e-14	8.921551928967849e-14	1.0657440348562211e-15	6.939401469950977e-15	9.83046158699293e-16	-0.4837538386381471	-0.4450300909080143	-0.44503009090801304	-0.4355596199317579	-0.43555961993175846	-0.4355596199317569	-0.4355596199317569	-0.4355596199317569	-0.4355596199317571	-0.4355596199317577	-0.4355596199317568	-0.43555961993175757	-0.4355596199317569	-0.4355596199317581	-0.4355596199317588	-0.43555961993175846	-0.43555961993175824	-0.4355596199317589	-0.4355596199317583	-0.43555961993175807	-0.4355596199317576	-0.43555961993175774	-0.43555961993175807	-0.43555961993175685	-0.4355596199317582	-0.4355596199317588	-0.4355596199317578	-0.4355596199317569	-0.43555961993175807	-0.4355596199317588	-0.4355596199317584	-0.4355596199317589	-0.4355596199317576	-0.4355596199317574	-0.435559619931758	-0.4355596199317582	-0.43555961993175657	-0.4355596199317582	-0.4355596199317584	-0.4355596199317577	-0.43555961993175835	-0.43555961993175746	-0.4355596199317571	-0.4355596199317591	-0.43555961993175785	-0.435559619931759	-0.43555961993175757	-0.4355596199317574	-0.4355596199317571	-0.43555961993175774	-0.4355596199317591	-0.4355596199317575	-0.43555961993175785	-0.435559619931758	-0.43555961993175796	-0.43555961993175824	-0.4355596199317588	-0.43555961993175785	-0.43555961993175796	-0.43555961993175724	-0.43555961993175857	-0.43555961993175746	-0.4355596199317577	-0.43555961993175785	-0.4355596199317578	-0.43555961993175907	-0.4355596199317582	-0.43555961993175746	-0.435559619931758	-0.43555961993175746	-0.43555961993175707	-0.4355596199317567	-0.43555961993175685	-0.43555961993175774	-0.4355596199317582	-0.43555961993175824
22.0	-1.8768630038556304e-16	8.704377379495528e-15	-1.4162404858655207e-15	6.558334619086368e-14	5.927990287466549e-14	9.650662782657384e-14	7.19533519693221e-14	4.0691846697355044e-14	4.4385930746865455e-14	-1.8628538716809064e-14	-1.0903824169343094e-15	1.0735386254222958e-14	2.0453528354496158e-14	4.553879408864143e-14	8.027439081761168e-14	8.83428426370229e-14	7.797892218624495e-16	6.90075148480316e-15	1.0302957373746317e-16	-0.4450300909080134	-0.4837538386381481	-0.4837538386381468	-0.4355596199317565	-0.4355596199317588	-0.4355596199317562	-0.4355596199317564	-0.43555961993175735	-0.4355596199317568	-0.4355596199317574	-0.4355596199317556	-0.43555961993175735	-0.4355596199317572	-0.4355596199317574	-0.43555961993175996	-0.4355596199317579	-0.43555961993175774	-0.4355596199317592	-0.43555961993175696	-0.43555961993175846	-0.4355596199317579	-0.43555961993175774	-0.43555961993175785	-0.43555961993175757	-0.4355596199317575	-0.43555961993175857	-0.4355596199317582	-0.43555961993175724	-0.4355596199317567	-0.4355596199317591	-0.43555961993175835	-0.4355596199317575	-0.4355596199317569	-0.43555961993175746	-0.43555961993175807	-0.43555961993175757	-0.4355596199317572	-0.43555961993175796	-0.43555961993175785	-0.43555961993175857	-0.43555961993175835	-0.4355596199317573	-0.43555961993175746	-0.4355596199317589	-0.4355596199317578	-0.43555961993175923	-0.43555961993175785	-0.4355596199317576	-0.4355596199317574	-0.43555961993175774	-0.43555961993175873	-0.4355596199317582	-0.4355596199317574	-0.4355596199317579	-0.4355596199317583	-0.4355596199317573	-0.43555961993175973	-0.4355596199317563	-0.4355596199317593	-0.43555961993175585	-0.4355596199317587	-0.4355596199317577	-0.4355596199317585	-0.4355596199317582	-0.43555961993175735	-0.4355596199317583	-0.4355596199317576	-0.4355596199317568	-0.43555961993175857	-0.4355596199317575	-0.4355596199317572	-0.4355596199317572	-0.435559619931757	-0.4355596199317569	-0.43555961993175824	-0.43555961993175846
23.0	2.427139048447529e-16	6.6125467675285946e-15	7.344802063775746e-15	-9.124952727094679e-15	-4.321862667235756e-14	-9.765847627292155e-14	2.5208776688377255e-14	7.284490478894759e-14	8.196257440769896e-13	1.0256860529054858e-12	3.877247487364087e-13	7.635448635839574e-13	7.501947692610229e-13	8.157435989753959e-13	9.494036201090735e-13	8.987538241868412e-13	4.978335971055593e-13	4.422814464506052e-13	4.509832507792021e-13	4.516649534064299e-13	5.030802938852133e-13	-0.4837538386381468	-0.43555961993175657	-0.43555961993175873	-0.43555961993175624	-0.4355596199317564	-0.4355596199317572	-0.43555961993175696	-0.43555961993175746	-0.4355596199317557	-0.43555961993175746	-0.43555961993175735	-0.4355596199317574	-0.4355596199317599	-0.43555961993175807	-0.4355596199317578	-0.43555961993175923	-0.4355596199317572	-0.4355596199317584	-0.43555961993175785	-0.4355596199317578	-0.43555961993175785	-0.43555961993175746	-0.43555961993175746	-0.43555961993175846	-0.4355596199317581	-0.43555961993175724	-0.4355596199317567	-0.43555961993175923	-0.43555961993175824	-0.4355596199317576	-0.43555961993175674	-0.4355596199317575	-0.4355596199317581	-0.4355596199317576	-0.4355596199317571	-0.435559619931758	-0.4355596199317577	-0.4355596199317586	-0.4355596199317583	-0.43555961993175724	-0.4355596199317573	-0.43555961993175896	-0.4355596199317577	-0.4355596199317591	-0.4355596199317578	-0.4355596199317577	-0.4355596199317574	-0.4355596199317576	-0.4355596199317587	-0.43555961993175824	-0.4355596199317575	-0.43555961993175785	-0.43555961993175824	-0.43555961993175724	-0.43555961993175973	-0.43555961993175635	-0.4355596199317593	-0.435559619931756	-0.43555961993175857	-0.4355596199317577	-0.4355596199317587	-0.43555961993175807	-0.43555961993175746	-0.43555961993175824	-0.43555961993175785	-0.4355596199317569	-0.43555961993175857	-0.4355596199317577	-0.4355596199317572	-0.4355596199317572	-0.435559619931757	-0.43555961993175707	-0.43555961993175835	-0.4355596199317584
24.0	5.244363754183326e-16	7.999394041815422e-15	8.491897283147392e-15	-1.0551752629343281e-14	-4.9658684303436815e-14	-1.1404491937117477e-13	2.905846764433085e-14	8.356862548743201e-14	9.415803086466592e-13	1.1770256009960607e-12	4.44726433797081e-13	8.766334335797235e-13	8.612340819745786e-13	9.36143684415907e-13	1.0893232814472884e-12	1.0310918545016644e-12	5.70625981919663e-13	5.083942533262778e-13	5.065335105699814e-13	5.070081250072072e-13	5.198034402281549e-13	-0.4999999999999991	-0.4999999999999994	-0.500000000000001	-0.49999999999999867	-0.49999999999999895	-0.49999999999999906	-0.4999999999999992	-0.5000000000000001	-0.49999999999999917	-0.5000000000000009	-0.5000000000000003	-0.5000000000000001	-0.5000000000000009	-0.500000000000001	-0.5000000000000003	-0.5000000000000012	-0.4999999999999998	-0.5000000000000006	-0.4999999999999996	-0.4999999999999999	-0.5000000000000006	-0.5000000000000001	-0.5000000000000007	-0.5000000000000001	-0.4999999999999993	-0.49999999999999944	-0.49999999999999967	-0.5000000000000009	-0.5000000000000003	-0.5000000000000009	-0.5000000000000001	-0.49999999999999944	-0.5000000000000001	-0.49999999999999956	-0.4999999999999983	-0.4999999999999998	-0.4999999999999999	-0.5000000000000009	-0.5000000000000003	-0.49999999999999944	-0.49999999999999895	-0.5000000000000008	-0.4999999999999998	-0.5000000000000009	-0.4999999999999993	-0.4999999999999996	-0.4999999999999988	-0.5000000000000003	-0.5000000000000006	-0.4999999999999993	-0.49999999999999895	-0.5000000000000006	-0.4999999999999999	-0.5000000000000003	-0.5000000000000012	-0.49999999999999895	-0.5000000000000006	-0.49999999999999867	-0.5000000000000003	-0.49999999999999944	-0.5000000000000009	-0.4999999999999999	-0.4999999999999998	-0.5000000000000001	-0.5000000000000006	-0.49999999999999883	-0.5000000000000006	-0.4999999999999998	-0.49999999999999867	-0.4999999999999993	-0.4999999999999991	-0.5000000000000002	-0.4999999999999998	-0.5000000000000006
25.0	-4.031316069818264e-16	2.986929520526343e-14	2.3364998851142247e-14	2.7038366545833524e-14	-3.5467046827659576e-16	-6.247585505991313e-14	-7.14415935425454e-14	-5.054267094407865e-14	-1.4940172744540725e-13	5.231898656199097e-13	9.581795975321679e-13	1.0898715408083938e-12	1.3215033293872907e-12	1.3377407845456574e-12	5.776744389629516e-13	4.769285740416471e-13	7.51068758599882e-13	7.049587300846179e-13	7.088564148420526e-13	7.097411235154807e-13	7.001308953374476e-13	7.237328927926062e-13	7.069633375932719e-13	-0.5000000000000009	-0.49999999999999867	-0.49999999999999895	-0.49999999999999895	-0.4999999999999991	-0.5000000000000001	-0.49999999999999906	-0.5000000000000009	-0.5000000000000003	-0.5000000000000001	-0.5000000000000009	-0.500000000000001	-0.5000000000000003	-0.5000000000000012	-0.4999999999999998	-0.5000000000000006	-0.4999999999999996	-0.4999999999999999	-0.5000000000000006	-0.5000000000000001	-0.5000000000000007	-0.5000000000000001	-0.4999999999999993	-0.49999999999999944	-0.49999999999999967	-0.5000000000000009	-0.5000000000000003	-0.5000000000000009	-0.5000000000000001	-0.49999999999999944	-0.5000000000000001	-0.49999999999999956	-0.4999999999999983	-0.4999999999999998	-0.4999999999999999	-0.5000000000000009	-0.5000000000000003	-0.49999999999999944	-0.49999999999999895	-0.5000000000000008	-0.4999999999999998	-0.5000000000000009	-0.4999999999999993	-0.4999999999999996	-0.4999999999999988	-0.5000000000000003	-0.5000000000000006	-0.4999999999999993	-0.49999999999999895	-0.5000000000000006	-0.4999999999999999	-0.5000000000000003	-0.5000000000000012	-0.49999999999999895	-0.5000000000000006	-0.49999999999999867	-0.5000000000000003	-0.49999999999999944	-0.5000000000000009	-0.4999999999999999	-0.4999999999999998	-0.5000000000000001	-0.5000000000000006	-0.49999999999999883	-0.5000000000000006	-0.4999999999999998	-0.49999999999999867	-0.4999999999999993	-0.4999999999999991	-0.5000000000000002	-0.4999999999999998	-0.5000000000000006
26.0	-2.4896611900520315e-16	2.5953370710598935e-14	1.9661714939144542e-14	2.3161208060438565e-14	-3.4779331242634364e-16	-5.481438389165444e-14	-6.174310370678992e-14	-4.408953741375319e-14	-1.305586860182286e-13	4.567172083167224e-13	8.345616449494249e-13	9.494627869849953e-13	1.1514190656797786e-12	1.1653874419912752e-12	5.034522622665567e-13	4.155987602666892e-13	6.542744220144801e-13	6.139772607001431e-13	6.185707292282436e-13	6.176688455579228e-13	6.106915481467298e-13	6.309045698617399e-13	6.155142593233865e-13	-0.4355596199317567	-0.48375383863814636	-0.4837538386381466	-0.44503009090801243	-0.44503009090801354	-0.4355596199317583	-0.43555961993175785	-0.43555961993175807	-0.43555961993175857	-0.4355596199317579	-0.4355596199317586	-0.43555961993175885	-0.4355596199317583	-0.435559619931759	-0.4355596199317578	-0.4355596199317584	-0.4355596199317579	-0.43555961993175824	-0.43555961993175807	-0.4355596199317578	-0.4355596199317583	-0.43555961993175796	-0.4355596199317573	-0.43555961993175707	-0.435559619931757	-0.43555961993175807	-0.43555961993175896	-0.4355596199317583	-0.435559619931758	-0.4355596199317572	-0.4355596199317579	-0.43555961993175746	-0.43555961993175646	-0.43555961993175685	-0.4355596199317578	-0.43555961993175785	-0.4355596199317582	-0.4355596199317579	-0.43555961993175696	-0.43555961993175846	-0.435559619931758	-0.4355596199317582	-0.43555961993175635	-0.43555961993175785	-0.43555961993175624	-0.4355596199317587	-0.4355596199317578	-0.43555961993175724	-0.43555961993175696	-0.4355596199317578	-0.43555961993175796	-0.43555961993175824	-0.43555961993176007	-0.43555961993175774	-0.4355596199317584	-0.43555961993175635	-0.43555961993175807	-0.4355596199317578	-0.4355596199317584	-0.4355596199317578	-0.4355596199317571	-0.4355596199317584	-0.43555961993175885	-0.43555961993175596	-0.4355596199317584	-0.43555961993175685	-0.4355596199317567	-0.43555961993175657	-0.4355596199317569	-0.4355596199317579	-0.43555961993175824	-0.4355596199317585
27.0	4.278372573949794e-15	-1.333023640953623e-15	6.95024568313294e-17	3.6885180073884876e-15	7.80968299233092e-15	-9.214303496601787e-15	-1.0584711798690614e-14	1.1109347905599826e-15	2.824385261513233e-15	1.24295762544874e-13	1.6621268651121944e-13	1.703545724252071e-13	1.6980786005310522e-13	1.1816074279428115e-13	1.1071329635637226e-13	6.144841671846301e-14	2.922222808142624e-14	-1.1985301422870688e-15	1.4597667281508503e-14	9.529757621670502e-15	-2.3595868356460656e-14	-4.777492860918674e-14	1.5676747481460662e-14	-1.2716178987913808e-15	-8.174974348554941e-15	-0.4837538386381465	-0.44503009090801277	-0.44503009090801343	-0.4355596199317583	-0.4355596199317579	-0.435559619931758	-0.4355596199317586	-0.43555961993175796	-0.43555961993175846	-0.43555961993175896	-0.43555961993175824	-0.43555961993175885	-0.43555961993175785	-0.4355596199317584	-0.43555961993175796	-0.43555961993175835	-0.43555961993175807	-0.43555961993175774	-0.43555961993175835	-0.43555961993175785	-0.4355596199317573	-0.435559619931757	-0.43555961993175707	-0.43555961993175796	-0.435559619931759	-0.43555961993175835	-0.43555961993175807	-0.4355596199317571	-0.43555961993175774	-0.43555961993175735	-0.43555961993175657	-0.43555961993175685	-0.4355596199317578	-0.43555961993175774	-0.43555961993175807	-0.4355596199317577	-0.435559619931757	-0.4355596199317584	-0.4355596199317582	-0.43555961993175824	-0.43555961993175624	-0.4355596199317577	-0.43555961993175596	-0.43555961993175873	-0.43555961993175774	-0.43555961993175735	-0.435559619931757	-0.4355596199317577	-0.43555961993175807	-0.43555961993175824	-0.43555961993176	-0.43555961993175746	-0.43555961993175824	-0.43555961993175635	-0.43555961993175785	-0.43555961993175785	-0.4355596199317584	-0.4355596199317577	-0.43555961993175674	-0.4355596199317584	-0.4355596199317589	-0.43555961993175596	-0.43555961993175835	-0.43555961993175685	-0.43555961993175707	-0.43555961993175646	-0.4355596199317567	-0.43555961993175774	-0.4355596199317583	-0.43555961993175846
28.0	4.221765954794152e-15	-1.2176417255270945e-15	1.7238946986332455e-16	3.659012032390261e-15	7.775217150223493e-15	-9.319178515122189e-15	-9.776628113844503e-15	6.910622172617089e-16	2.75809953473543e-15	1.2534314188063363e-13	1.666716982051657e-13	1.6969657199368415e-13	1.7031027798834475e-13	1.1848290386311708e-13	1.1085968109868637e-13	6.16262261386805e-14	2.9108864667968695e-14	-4.400881997032829e-16	1.4379146945272103e-14	9.60769773945719e-15	-2.3567036971595975e-14	-4.7667268804949294e-14	1.4998974692812904e-14	-1.208735475633463e-15	-8.547314013361751e-15	-0.44503009090801354	-0.4837538386381471	-0.48375383863814725	-0.43555961993175735	-0.4355596199317583	-0.43555961993175824	-0.4355596199317581	-0.4355596199317582	-0.43555961993175846	-0.43555961993175824	-0.43555961993175946	-0.43555961993175873	-0.435559619931757	-0.435559619931759	-0.43555961993175724	-0.4355596199317573	-0.43555961993175835	-0.43555961993175785	-0.4355596199317602	-0.43555961993175846	-0.4355596199317577	-0.43555961993175757	-0.43555961993175707	-0.4355596199317583	-0.4355596199317578	-0.4355596199317582	-0.4355596199317597	-0.4355596199317576	-0.4355596199317571	-0.43555961993175574	-0.4355596199317562	-0.43555961993175696	-0.4355596199317575	-0.43555961993175846	-0.4355596199317575	-0.43555961993175757	-0.4355596199317566	-0.43555961993175873	-0.43555961993175746	-0.43555961993175846	-0.435559619931756	-0.4355596199317574	-0.43555961993175624	-0.43555961993175923	-0.43555961993175824	-0.4355596199317582	-0.43555961993175857	-0.435559619931758	-0.43555961993175846	-0.4355596199317593	-0.4355596199317581	-0.43555961993175557	-0.43555961993175807	-0.43555961993175685	-0.43555961993175796	-0.4355596199317572	-0.4355596199317587	-0.4355596199317576	-0.4355596199317569	-0.4355596199317583	-0.4355596199317588	-0.4355596199317544	-0.4355596199317578	-0.43555961993175774	-0.43555961993175635	-0.43555961993175607	-0.4355596199317565	-0.4355596199317571	-0.43555961993175807	-0.4355596199317587
29.0	2.37066597504404e-14	2.6996359704634177e-12	-1.3127274241365075e-9	-1.31067821248233e-9	-1.310873170727991e-9	-1.31128783463054e-9	-1.3106022377959535e-9	-1.3109666230769765e-9	-1.3122824312434096e-9	-1.3135104084378435e-9	1.437599645372292e-11	1.0396427101307297e-8	1.0396734979941729e-8	1.0398308970889647e-8	1.039782081243099e-8	1.0397911129830983e-8	1.039784573016567e-8	1.0397860544595482e-8	1.0397562158289978e-8	1.0397516222847726e-8	1.039772179095392e-8	1.0397607885340828e-8	1.0397581448236052e-8	1.0397207535246214e-8	1.0621917590088918e-8	1.060208068593636e-8	1.1524529833755345e-8	-0.48375383863814725	-0.43555961993175746	-0.43555961993175824	-0.43555961993175824	-0.43555961993175824	-0.4355596199317583	-0.4355596199317584	-0.43555961993175824	-0.4355596199317594	-0.4355596199317586	-0.43555961993175696	-0.435559619931759	-0.4355596199317573	-0.43555961993175724	-0.43555961993175835	-0.43555961993175796	-0.43555961993176023	-0.4355596199317584	-0.43555961993175774	-0.4355596199317576	-0.435559619931757	-0.43555961993175846	-0.43555961993175785	-0.4355596199317582	-0.4355596199317596	-0.43555961993175774	-0.43555961993175724	-0.4355596199317558	-0.4355596199317561	-0.43555961993175696	-0.4355596199317575	-0.4355596199317585	-0.43555961993175746	-0.4355596199317574	-0.43555961993175646	-0.43555961993175885	-0.4355596199317575	-0.4355596199317583	-0.4355596199317561	-0.4355596199317574	-0.43555961993175624	-0.43555961993175923	-0.4355596199317584	-0.4355596199317583	-0.43555961993175846	-0.4355596199317582	-0.43555961993175846	-0.43555961993175923	-0.4355596199317581	-0.4355596199317556	-0.43555961993175807	-0.435559619931757	-0.43555961993175785	-0.4355596199317572	-0.4355596199317587	-0.4355596199317576	-0.43555961993175696	-0.43555961993175835	-0.43555961993175873	-0.4355596199317544	-0.4355596199317579	-0.4355596199317578	-0.43555961993175635	-0.4355596199317562	-0.4355596199317566	-0.4355596199317571	-0.435559619931758	-0.4355596199317587
30.0	2.844878324319647e-14	3.0985537458204576e-12	-1.5069425755935165e-9	-1.5045905631334066e-9	-1.5048139278894456e-9	-1.5052907831681181e-9	-1.5045040271716175e-9	-1.5049229626298944e-9	-1.5064325791810505e-9	-1.5078425055368732e-9	1.6503266761122146e-11	1.1934562457581915e-8	1.193491578730794e-8	1.1936722770572741e-8	1.1936161608454871e-8	1.193626632189709e-8	1.1936190654687014e-8	1.1936208852518771e-8	1.1935865965240182e-8	1.193581239341168e-8	1.193604898765537e-8	1.1935918192609403e-8	1.1935888671127866e-8	1.1935458781105831e-8	1.1933931796079956e-8	1.1911644338321086e-8	1.1911563784749858e-8	-0.4999999999999996	-0.5000000000000003	-0.49999999999999917	-0.5000000000000006	-0.500000000000001	-0.4999999999999999	-0.5000000000000006	-0.5000000000000012	-0.4999999999999999	-0.500000000000001	-0.4999999999999993	-0.5000000000000006	-0.4999999999999998	-0.5000000000000009	-0.5000000000000003	-0.5000000000000003	-0.5000000000000014	-0.5000000000000001	-0.4999999999999991	-0.4999999999999993	-0.49999999999999956	-0.5000000000000012	-0.5000000000000006	-0.5000000000000006	-0.4999999999999999	-0.4999999999999998	-0.4999999999999999	-0.49999999999999956	-0.4999999999999983	-0.4999999999999993	-0.4999999999999999	-0.5000000000000006	-0.4999999999999999	-0.4999999999999993	-0.49999999999999867	-0.5000000000000008	-0.49999999999999944	-0.5000000000000009	-0.4999999999999991	-0.49999999999999944	-0.499999999999998	-0.5000000000000009	-0.5000000000000009	-0.4999999999999991	-0.4999999999999991	-0.5000000000000003	-0.4999999999999998	-0.4999999999999999	-0.5000000000000014	-0.49999999999999817	-0.5000000000000003	-0.49999999999999867	-0.4999999999999999	-0.4999999999999993	-0.5000000000000009	-0.4999999999999998	-0.4999999999999991	-0.4999999999999999	-0.5000000000000009	-0.49999999999999867	-0.5000000000000009	-0.49999999999999944	-0.49999999999999883	-0.4999999999999993	-0.49999999999999895	-0.4999999999999999	-0.4999999999999999	-0.5000000000000003
31.0	5.693930224408129e-10	5.726412627611382e-10	3.959162335753326e-9	3.960532078149569e-9	3.960340714112356e-9	3.960580373526293e-9	3.962466622900477e-9	3.96319825995483e-9	3.965188405095529e-9	3.965597018459378e-9	1.4631901465473784e-8	1.4632198277457448e-8	1.4633231746881027e-8	1.4629505060828882e-8	1.4628930896759475e-8	1.4628919126172723e-8	1.4628820475267848e-8	1.462869870296588e-8	1.4628557762005311e-8	1.4628329938466133e-8	1.4628147917921322e-8	1.462827820069181e-8	1.4628232945282608e-8	1.4628120558216994e-8	1.4628819210346797e-8	1.4616188150623836e-8	1.4616191811764535e-8	1.4616202360053852e-8	0.4939358362632474	-0.49999999999999906	-0.5000000000000003	-0.500000000000001	-0.4999999999999999	-0.5000000000000006	-0.5000000000000012	-0.4999999999999999	-0.500000000000001	-0.4999999999999993	-0.5000000000000006	-0.4999999999999998	-0.5000000000000009	-0.5000000000000003	-0.5000000000000003	-0.5000000000000014	-0.5000000000000001	-0.4999999999999991	-0.4999999999999993	-0.49999999999999956	-0.5000000000000012	-0.5000000000000006	-0.5000000000000006	-0.4999999999999999	-0.4999999999999998	-0.4999999999999999	-0.49999999999999956	-0.4999999999999983	-0.4999999999999993	-0.4999999999999999	-0.5000000000000006	-0.4999999999999999	-0.4999999999999993	-0.49999999999999867	-0.5000000000000008	-0.49999999999999944	-0.5000000000000009	-0.4999999999999991	-0.49999999999999944	-0.499999999999998	-0.5000000000000009	-0.5000000000000009	-0.4999999999999991	-0.4999999999999991	-0.5000000000000003	-0.4999999999999998	-0.4999999999999999	-0.5000000000000014	-0.49999999999999817	-0.5000000000000003	-0.49999999999999867	-0.4999999999999999	-0.4999999999999993	-0.5000000000000009	-0.4999999999999998	-0.4999999999999991	-0.4999999999999999	-0.5000000000000009	-0.49999999999999867	-0.5000000000000009	-0.49999999999999944	-0.49999999999999883	-0.4999999999999993	-0.49999999999999895	-0.4999999999999999	-0.4999999999999999	-0.5000000000000003
32.0	4.960095245860087e-10	4.988389010137393e-10	3.448902875252001e-9	3.4500954913155645e-9	3.449928659060396e-9	3.4501380047729877e-9	3.4517810828882493e-9	3.4524181494138857e-9	3.4541518736169274e-9	3.454507839288153e-9	1.2746130904875797e-8	1.274638908696921e-8	1.2747289953055571e-8	1.2744043369940199e-8	1.2743542638089088e-8	1.2743533252684511e-8	1.2743447223920901e-8	1.2743341112034047e-8	1.2743218307142596e-8	1.2743019240275493e-8	1.2742861034508685e-8	1.2742974068122701e-8	1.2742934488978853e-8	1.274283727569287e-8	1.2743445826186858e-8	1.2732442436764553e-8	1.2732445989314897e-8	1.2732455708582201e-8	0.43027701022699005	-0.43555961993175635	-0.483753838638148	-0.48375383863814864	-0.44503009090801504	-0.44503009090801415	-0.4355596199317593	-0.43555961993175785	-0.4355596199317582	-0.43555961993175707	-0.43555961993175807	-0.43555961993175785	-0.4355596199317584	-0.4355596199317583	-0.4355596199317589	-0.4355596199317593	-0.4355596199317578	-0.4355596199317575	-0.43555961993175807	-0.4355596199317576	-0.43555961993175984	-0.4355596199317584	-0.43555961993175873	-0.43555961993175774	-0.43555961993175724	-0.4355596199317578	-0.4355596199317576	-0.43555961993175635	-0.4355596199317572	-0.43555961993175774	-0.4355596199317589	-0.43555961993175785	-0.43555961993175785	-0.4355596199317575	-0.43555961993175846	-0.435559619931757	-0.4355596199317584	-0.4355596199317576	-0.4355596199317565	-0.43555961993175557	-0.4355596199317585	-0.4355596199317581	-0.4355596199317565	-0.4355596199317572	-0.4355596199317579	-0.43555961993175746	-0.43555961993175807	-0.4355596199317585	-0.4355596199317563	-0.43555961993175885	-0.4355596199317567	-0.43555961993175774	-0.43555961993175796	-0.4355596199317583	-0.43555961993175757	-0.4355596199317569	-0.4355596199317576	-0.4355596199317585	-0.4355596199317561	-0.43555961993175885	-0.43555961993175674	-0.43555961993175846	-0.43555961993175757	-0.4355596199317572	-0.4355596199317574	-0.43555961993175846	-0.43555961993175796
33.0	1.637966429736307e-15	-1.5168958849187866e-13	-4.672841768505496e-12	-4.777342753189743e-12	-4.61015206194919e-12	-4.685594747948144e-12	-4.7644481720888636e-12	-4.700228322403013e-12	-4.662376917780162e-12	-4.8040061534662766e-12	-4.7974633778631815e-12	-4.765807320107288e-12	-4.7428505223741705e-12	-4.816971264211875e-12	-4.711034776744502e-12	-4.712176547089777e-12	-4.790807998007252e-12	-4.703326599982564e-12	-4.657422660247132e-12	-4.473729545599132e-12	-4.4609486331361056e-12	-4.402789718114408e-12	-4.5914779724577975e-12	-4.543164615123754e-12	-4.541893281235151e-12	-4.587058440548665e-12	-4.4668004108390384e-12	-4.487223374292968e-12	-4.59753898551893e-12	-4.5954122147047536e-12	-6.176074897228601e-12	-0.4837538386381487	-0.4450300909080148	-0.445030090908014	-0.4355596199317589	-0.43555961993175807	-0.4355596199317583	-0.4355596199317571	-0.4355596199317581	-0.43555961993175757	-0.4355596199317581	-0.43555961993175824	-0.435559619931759	-0.43555961993175923	-0.4355596199317576	-0.43555961993175757	-0.4355596199317582	-0.4355596199317576	-0.4355596199317599	-0.43555961993175807	-0.43555961993175846	-0.43555961993175785	-0.4355596199317571	-0.4355596199317579	-0.43555961993175746	-0.4355596199317561	-0.4355596199317569	-0.43555961993175757	-0.43555961993175885	-0.43555961993175785	-0.4355596199317578	-0.4355596199317574	-0.4355596199317583	-0.435559619931757	-0.4355596199317584	-0.4355596199317575	-0.4355596199317565	-0.4355596199317554	-0.43555961993175857	-0.43555961993175824	-0.4355596199317565	-0.435559619931757	-0.43555961993175785	-0.4355596199317576	-0.43555961993175796	-0.43555961993175857	-0.4355596199317564	-0.43555961993175896	-0.43555961993175657	-0.43555961993175774	-0.4355596199317578	-0.4355596199317582	-0.43555961993175746	-0.43555961993175685	-0.43555961993175757	-0.4355596199317583	-0.43555961993175624	-0.4355596199317586	-0.43555961993175685	-0.4355596199317584	-0.43555961993175757	-0.4355596199317573	-0.43555961993175724	-0.4355596199317584	-0.43555961993175774
34.0	1.58189026412309e-15	-1.5174335406358442e-13	-4.674136285054496e-12	-4.778028283394206e-12	-4.6117376376346585e-12	-4.687455110665206e-12	-4.765053000508429e-12	-4.7009028084294275e-12	-4.6609264369380935e-12	-4.8039613761611455e-12	-4.797486202760018e-12	-4.764802155737904e-12	-4.743937075747009e-12	-4.8168279845391925e-12	-4.711771610611661e-12	-4.7123493162075926e-12	-4.791270796789933e-12	-4.703100712120685e-12	-4.657546270219029e-12	-4.473468961871016e-12	-4.4598783852978615e-12	-4.402301655116977e-12	-4.5919482819189755e-12	-4.5429175795695214e-12	-4.542150349354733e-12	-4.588294867479136e-12	-4.466205952381854e-12	-4.488177947246015e-12	-4.5970618689889795e-12	-4.596158426862239e-12	-5.682296442294378e-12	-0.44503009090801365	-0.48375383863814775	-0.4837538386381485	-0.43555961993175873	-0.43555961993175785	-0.4355596199317586	-0.43555961993175735	-0.4355596199317579	-0.4355596199317572	-0.43555961993175835	-0.4355596199317585	-0.4355596199317579	-0.4355596199317591	-0.4355596199317578	-0.4355596199317571	-0.4355596199317555	-0.4355596199317582	-0.435559619931759	-0.4355596199317581	-0.43555961993175857	-0.4355596199317587	-0.4355596199317577	-0.4355596199317583	-0.43555961993175724	-0.4355596199317559	-0.43555961993175724	-0.43555961993175735	-0.4355596199317588	-0.43555961993175857	-0.4355596199317578	-0.43555961993175757	-0.4355596199317584	-0.43555961993175735	-0.435559619931758	-0.4355596199317573	-0.43555961993175746	-0.4355596199317557	-0.4355596199317588	-0.43555961993175757	-0.43555961993175557	-0.4355596199317567	-0.4355596199317575	-0.435559619931757	-0.4355596199317573	-0.4355596199317587	-0.4355596199317561	-0.4355596199317591	-0.4355596199317565	-0.43555961993175785	-0.43555961993175757	-0.4355596199317586	-0.43555961993175746	-0.4355596199317564	-0.4355596199317571	-0.43555961993175835	-0.43555961993175263	-0.4355596199317588	-0.43555961993175735	-0.4355596199317571	-0.43555961993175735	-0.4355596199317573	-0.43555961993175724	-0.4355596199317589	-0.43555961993175846
35.0	1.4223626584097801e-16	-3.922713812674218e-10	-3.9192806716790527e-10	-3.9307302192946586e-10	-3.930749091014544e-10	-3.9300254033077855e-10	-3.9321974762684533e-10	-3.595636261033275e-10	-2.6875187678278876e-5	-2.6875190427436335e-5	-2.6875198726370784e-5	-0.2402048534275783	-0.24020485342943165	-0.24020485342265946	-0.24020485341999298	-0.2402048534220138	-0.42198515439278594	-0.4219851543931969	-0.42198515439316814	-0.4219851543931521	-0.42198515439321016	-0.42198515439316314	-0.40176037486138483	-0.4017603748613766	-0.40176037486136174	-0.40176037486140903	-0.4017603748614644	-0.4017603748614394	0.3181333720924764	0.3181333720919175	0.32505061769856514	0.3250506176992711	0.353334498669521	-0.48375383863814836	-0.43555961993175885	-0.4355596199317578	-0.43555961993175846	-0.43555961993175735	-0.43555961993175796	-0.43555961993175707	-0.43555961993175835	-0.4355596199317585	-0.43555961993175785	-0.4355596199317592	-0.4355596199317578	-0.435559619931757	-0.4355596199317554	-0.43555961993175835	-0.43555961993175896	-0.4355596199317581	-0.43555961993175873	-0.4355596199317586	-0.4355596199317577	-0.4355596199317583	-0.43555961993175735	-0.43555961993175607	-0.43555961993175735	-0.4355596199317573	-0.4355596199317586	-0.43555961993175857	-0.4355596199317579	-0.43555961993175746	-0.4355596199317586	-0.43555961993175746	-0.435559619931758	-0.4355596199317572	-0.4355596199317573	-0.4355596199317557	-0.43555961993175873	-0.4355596199317575	-0.4355596199317557	-0.43555961993175696	-0.43555961993175757	-0.4355596199317571	-0.43555961993175746	-0.4355596199317585	-0.43555961993175607	-0.43555961993175907	-0.43555961993175635	-0.43555961993175785	-0.4355596199317577	-0.4355596199317585	-0.4355596199317574	-0.43555961993175657	-0.43555961993175707	-0.43555961993175846	-0.4355596199317525	-0.43555961993175857	-0.4355596199317576	-0.4355596199317572	-0.4355596199317574	-0.4355596199317572	-0.43555961993175724	-0.4355596199317589	-0.4355596199317585
36.0	5.428259550451472e-16	-4.503075054444855e-10	-4.4991357552892446e-10	-4.5122714142395134e-10	-4.5123011255635125e-10	-4.511463083243255e-10	-4.513953626404653e-10	-4.1276013327046477e-10	-3.08513306196849e-5	-3.085133377560352e-5	-3.085134330222947e-5	-0.2757427943678682	-0.27574279436999605	-0.27574279436222	-0.2757427943591593	-0.27574279436148114	-0.48441721303147983	-0.4844172130319513	-0.484417213031919	-0.48441721303190255	-0.48441721303196744	-0.4844172130319158	-0.46120020827956065	-0.4612002082795511	-0.4612002082795327	-0.46120020827959	-0.4612002082796507	-0.4612002082796205	0.36520071826483835	0.3652007182641982	0.36520071826530937	0.3652007182661041	0.3652007182663602	-0.5000000000000007	-0.5000000000000011	-0.49999999999999944	-0.500000000000001	-0.4999999999999993	-0.5000000000000006	-0.49999999999999944	-0.5000000000000001	-0.5000000000000006	-0.5000000000000003	-0.5000000000000012	-0.5000000000000001	-0.4999999999999993	-0.4999999999999991	-0.49999999999999967	-0.5000000000000012	-0.4999999999999999	-0.5000000000000003	-0.4999999999999998	-0.4999999999999999	-0.5000000000000006	-0.4999999999999994	-0.4999999999999983	-0.4999999999999993	-0.4999999999999996	-0.5000000000000001	-0.5000000000000001	-0.4999999999999993	-0.49999999999999867	-0.5000000000000012	-0.4999999999999991	-0.5000000000000006	-0.4999999999999991	-0.49999999999999895	-0.49999999999999784	-0.5000000000000003	-0.5000000000000003	-0.4999999999999991	-0.49999999999999895	-0.5000000000000001	-0.5000000000000001	-0.5000000000000001	-0.500000000000001	-0.499999999999998	-0.5000000000000006	-0.49999999999999817	-0.4999999999999996	-0.4999999999999996	-0.5000000000000006	-0.4999999999999996	-0.49999999999999867	-0.4999999999999999	-0.5000000000000003	-0.49999999999999867	-0.5000000000000003	-0.4999999999999999	-0.49999999999999895	-0.4999999999999991	-0.49999999999999895	-0.49999999999999956	-0.4999999999999998	-0.5000000000000001
37.0	-5.0675490298290844e-5	-5.067552931081158e-5	-5.0675528788055815e-5	-5.067552945436162e-5	-5.067553062821331e-5	-5.0675529078514275e-5	-5.067552912207608e-5	-5.0675723197620847e-5	-4.6264754829392916e-5	-4.62647559485403e-5	-4.626475757645537e-5	0.27568010904738705	0.27568010904547446	0.27568010904601453	0.27568010904570367	0.2756801090339763	0.345793463569878	0.34579346358111146	0.34579346358202206	0.34579346358190166	0.34579346358227003	0.3457934635818706	0.4426424498124754	0.44264244981254885	0.4426424498125308	0.4426424498125377	0.44264244981253786	0.44264244981251216	-0.14157328763395038	-0.14157328763547897	-0.1415732876325495	-0.14157328762484944	-0.14157328762316918	-0.35690511807989367	-0.35690511807990877	-0.49999999999999944	-0.500000000000001	-0.4999999999999993	-0.5000000000000006	-0.49999999999999944	-0.5000000000000001	-0.5000000000000006	-0.5000000000000003	-0.5000000000000012	-0.5000000000000001	-0.4999999999999993	-0.4999999999999991	-0.49999999999999967	-0.5000000000000012	-0.4999999999999999	-0.5000000000000003	-0.4999999999999998	-0.4999999999999999	-0.5000000000000006	-0.4999999999999994	-0.4999999999999983	-0.4999999999999993	-0.4999999999999996	-0.5000000000000001	-0.5000000000000001	-0.4999999999999993	-0.49999999999999867	-0.5000000000000012	-0.4999999999999991	-0.5000000000000006	-0.4999999999999991	-0.49999999999999895	-0.49999999999999784	-0.5000000000000003	-0.5000000000000003	-0.4999999999999991	-0.49999999999999895	-0.5000000000000001	-0.5000000000000001	-0.5000000000000001	-0.500000000000001	-0.499999999999998	-0.5000000000000006	-0.49999999999999817	-0.4999999999999996	-0.4999999999999996	-0.5000000000000006	-0.4999999999999996	-0.49999999999999867	-0.4999999999999999	-0.5000000000000003	-0.49999999999999867	-0.5000000000000003	-0.4999999999999999	-0.49999999999999895	-0.4999999999999991	-0.49999999999999895	-0.49999999999999956	-0.4999999999999998	-0.5000000000000001
38.0	-4.4144394588753995e-5	-4.4144428572957636e-5	-4.414442811749617e-5	-4.414442869806332e-5	-4.414442971992858e-5	-4.414442837177196e-5	-4.4144428408208095e-5	-4.414459747142596e-5	-4.030211805891273e-5	-4.03021190340598e-5	-4.030212045267075e-5	0.2401502470388515	0.24015024703718563	0.24015024703765558	0.24015024703738388	0.24015024702716858	0.3012273391347659	0.301227339144549	0.3012273391453442	0.30122733914523725	0.3012273391455596	0.30122733914521244	0.38559435441196777	0.3855943544120318	0.38559435441201634	0.3855943544120224	0.3855943544120213	0.38559435441200113	-0.12332721470866742	-0.12332721470999698	-0.12332721470744491	-0.12332721470073732	-0.12332721469927357	-0.31090691516515606	-0.31090691516516794	-0.43555961993175785	-0.48375383863814864	-0.48375383863814686	-0.44503009090801404	-0.445030090908013	-0.4355596199317577	-0.4355596199317589	-0.43555961993175857	-0.4355596199317598	-0.4355596199317579	-0.43555961993175785	-0.43555961993175696	-0.4355596199317582	-0.43555961993175946	-0.4355596199317576	-0.4355596199317585	-0.43555961993175785	-0.43555961993175746	-0.43555961993175885	-0.4355596199317573	-0.4355596199317566	-0.4355596199317581	-0.4355596199317575	-0.43555961993175873	-0.435559619931758	-0.4355596199317578	-0.435559619931756	-0.43555961993175885	-0.43555961993175674	-0.435559619931759	-0.43555961993175707	-0.4355596199317571	-0.4355596199317553	-0.4355596199317591	-0.4355596199317577	-0.4355596199317572	-0.43555961993175685	-0.43555961993175846	-0.4355596199317579	-0.435559619931758	-0.43555961993175885	-0.4355596199317561	-0.4355596199317586	-0.43555961993175635	-0.4355596199317572	-0.4355596199317578	-0.4355596199317583	-0.4355596199317579	-0.4355596199317565	-0.43555961993175785	-0.4355596199317582	-0.4355596199317567	-0.4355596199317581	-0.4355596199317572	-0.43555961993175735	-0.43555961993175757	-0.43555961993175696	-0.4355596199317572	-0.4355596199317576	-0.43555961993175835
39.0	1.841983701492221e-15	-1.6589542217117665e-14	2.664481456316774e-15	6.027001857950499e-15	-5.299302050478919e-17	-6.525060382726964e-15	-5.316657776934171e-17	-2.3895885369342066e-15	-2.992694490182755e-15	-5.6058186281496095e-15	4.906121191037575e-15	3.853824138355217e-15	2.6882622857061666e-14	-9.819015986262419e-16	1.1239044385853077e-13	1.1780838291910596e-13	1.375132728802316e-13	1.9323313339256189e-13	-8.6667561116404e-12	-8.783686513141223e-12	-8.886648208371275e-12	-8.779808910016941e-12	-8.886353024185326e-12	-8.829456648664827e-12	-8.85371131835741e-12	-8.889388365002273e-12	-9.011815861422672e-12	-8.815793949428527e-12	-8.77513236426176e-12	-8.792132269098651e-12	-8.838261343316558e-12	-8.862974534822382e-12	-8.758534900981109e-12	-8.677834277120509e-12	-8.709168104092539e-12	-8.856348428394614e-12	-9.875537448143516e-12	-0.48375383863814697	-0.4450300909080141	-0.44503009090801315	-0.4355596199317577	-0.4355596199317589	-0.43555961993175857	-0.4355596199317599	-0.43555961993175774	-0.43555961993175796	-0.4355596199317569	-0.4355596199317581	-0.4355596199317594	-0.43555961993175774	-0.4355596199317584	-0.4355596199317579	-0.43555961993175724	-0.4355596199317586	-0.43555961993175735	-0.43555961993175635	-0.43555961993175785	-0.4355596199317573	-0.4355596199317587	-0.4355596199317582	-0.43555961993175796	-0.43555961993175585	-0.43555961993175873	-0.4355596199317567	-0.435559619931759	-0.43555961993175735	-0.4355596199317571	-0.43555961993175546	-0.4355596199317591	-0.4355596199317575	-0.435559619931757	-0.4355596199317569	-0.43555961993175846	-0.43555961993175774	-0.4355596199317579	-0.4355596199317586	-0.4355596199317563	-0.4355596199317588	-0.43555961993175624	-0.4355596199317575	-0.4355596199317577	-0.43555961993175835	-0.4355596199317576	-0.43555961993175657	-0.4355596199317579	-0.43555961993175796	-0.4355596199317567	-0.435559619931758	-0.43555961993175724	-0.4355596199317571	-0.43555961993175757	-0.43555961993175696	-0.43555961993175724	-0.43555961993175774	-0.43555961993175835
40.0	1.9399126520039575e-15	-1.7095319577820703e-14	2.6620099485742215e-15	6.2217608206007864e-15	3.3233855561876687e-16	-5.1078905375071074e-15	-1.0827410241090661e-16	-2.3582202584381574e-15	-2.710666888897512e-15	-5.4938070619251485e-15	5.0253168548509226e-15	3.910903179205982e-15	2.7012888323011234e-14	-5.415653934666487e-16	1.1255120242341919e-13	1.177935824815565e-13	1.3692205632588944e-13	1.9424716772384245e-13	-8.665651794505884e-12	-8.783667215507488e-12	-8.88700966149865e-12	-8.7803432076249e-12	-8.886015348150876e-12	-8.830436865425106e-12	-8.855490840529325e-12	-8.889327630290298e-12	-9.01274362513076e-12	-8.81612501751984e-12	-8.775818451724974e-12	-8.792808236796635e-12	-8.838194057053883e-12	-8.86319973232785e-12	-8.759735982461574e-12	-8.677692293010159e-12	-8.708636775566254e-12	-8.855801392881034e-12	-9.08482506359028e-12	-0.4450300909080125	-0.4837538386381478	-0.4837538386381475	-0.4355596199317577	-0.4355596199317578	-0.4355596199317576	-0.43555961993175957	-0.4355596199317571	-0.43555961993175807	-0.4355596199317572	-0.43555961993175757	-0.43555961993175957	-0.435559619931758	-0.4355596199317588	-0.4355596199317576	-0.4355596199317585	-0.4355596199317579	-0.43555961993175724	-0.4355596199317557	-0.43555961993175696	-0.4355596199317563	-0.4355596199317588	-0.4355596199317576	-0.43555961993175674	-0.4355596199317568	-0.4355596199317582	-0.4355596199317573	-0.4355596199317588	-0.43555961993175746	-0.4355596199317571	-0.435559619931755	-0.4355596199317585	-0.4355596199317582	-0.4355596199317567	-0.4355596199317575	-0.4355596199317587	-0.43555961993175774	-0.43555961993175724	-0.43555961993175857	-0.4355596199317561	-0.4355596199317586	-0.43555961993175657	-0.4355596199317581	-0.4355596199317573	-0.4355596199317588	-0.4355596199317572	-0.43555961993175585	-0.4355596199317572	-0.4355596199317582	-0.43555961993175674	-0.4355596199317571	-0.43555961993175724	-0.4355596199317561	-0.4355596199317577	-0.4355596199317564	-0.43555961993175785	-0.43555961993175785	-0.43555961993175873
41.0	-5.895125030516309e-12	-3.9743968024348565e-12	7.557430347925163e-12	5.641317310590024e-12	3.4545799830943327e-12	-2.7864822720606034e-12	1.138721142535061e-12	3.966489918110822e-9	3.966411168943836e-9	3.967512994804332e-9	3.967403811502373e-9	3.967806725121904e-9	3.9674772984825785e-9	3.967472124565712e-9	3.967247623477392e-9	3.9677786543928304e-9	3.9673454663719625e-9	3.966167764929646e-9	3.96553630991294e-9	3.963244992967562e-9	3.964097193586715e-9	3.964213576064359e-9	3.9630536834071046e-9	3.961963611006752e-9	3.962129093489956e-9	3.961612836523571e-9	3.961639585456129e-9	3.961738086447406e-9	3.963073535513423e-9	3.961823265742174e-9	3.961679079089435e-9	3.961692207366503e-9	3.9618333997427386e-9	3.960424488901331e-9	3.960123146915688e-9	3.961421583956682e-9	4.049702061517024e-9	4.04926059842348e-9	4.401615874852193e-9	-0.4837538386381476	-0.43555961993175757	-0.4355596199317578	-0.43555961993175757	-0.4355596199317597	-0.4355596199317571	-0.4355596199317579	-0.4355596199317572	-0.4355596199317577	-0.4355596199317594	-0.4355596199317581	-0.4355596199317586	-0.4355596199317576	-0.4355596199317585	-0.4355596199317577	-0.4355596199317572	-0.4355596199317557	-0.4355596199317572	-0.43555961993175635	-0.43555961993175896	-0.4355596199317577	-0.4355596199317566	-0.43555961993175674	-0.43555961993175824	-0.4355596199317572	-0.43555961993175873	-0.4355596199317575	-0.4355596199317572	-0.435559619931755	-0.4355596199317585	-0.4355596199317581	-0.4355596199317566	-0.4355596199317574	-0.43555961993175873	-0.4355596199317578	-0.4355596199317571	-0.4355596199317587	-0.4355596199317561	-0.43555961993175857	-0.4355596199317565	-0.4355596199317581	-0.4355596199317572	-0.4355596199317588	-0.4355596199317571	-0.4355596199317555	-0.4355596199317569	-0.4355596199317583	-0.4355596199317568	-0.4355596199317571	-0.43555961993175746	-0.43555961993175607	-0.43555961993175785	-0.43555961993175635	-0.4355596199317578	-0.43555961993175774	-0.4355596199317586
42.0	-6.767784457568892e-12	-4.56257179602246e-12	8.674976768291328e-12	6.475991708867797e-12	3.965631136103847e-12	-3.199414933196899e-12	1.3066506974926717e-12	4.553325818007293e-9	4.553235900568233e-9	4.554500788365064e-9	4.5543749981740304e-9	4.55483799944315e-9	4.554460529914583e-9	4.554453027669953e-9	4.554195286198978e-9	4.554804855780267e-9	4.554307721850418e-9	4.55295684715985e-9	4.552231825983991e-9	4.549601404509298e-9	4.5505792936336495e-9	4.550713078224073e-9	4.549381261388329e-9	4.548129982193623e-9	4.548320398473927e-9	4.54772726020984e-9	4.547757406682548e-9	4.547870740459427e-9	4.549404228669045e-9	4.547969063410191e-9	4.547803626561449e-9	4.547818122672215e-9	4.547979930304124e-9	4.546363297132075e-9	4.546017450831011e-9	4.547507714189535e-9	4.549919265872875e-9	4.549423390985363e-9	4.549437610940487e-9	-0.4999999999999999	-0.5000000000000001	-0.5000000000000009	-0.5	-0.5000000000000019	-0.4999999999999999	-0.4999999999999999	-0.49999999999999895	-0.4999999999999994	-0.5000000000000012	-0.5000000000000001	-0.5000000000000006	-0.5000000000000003	-0.4999999999999998	-0.4999999999999999	-0.49999999999999895	-0.49999999999999784	-0.4999999999999998	-0.49999999999999895	-0.5000000000000001	-0.5000000000000006	-0.4999999999999993	-0.49999999999999817	-0.5000000000000008	-0.49999999999999895	-0.5000000000000006	-0.4999999999999993	-0.49999999999999833	-0.4999999999999975	-0.5000000000000006	-0.5000000000000001	-0.49999999999999895	-0.49999999999999895	-0.5000000000000006	-0.4999999999999996	-0.4999999999999996	-0.5000000000000009	-0.499999999999998	-0.5000000000000006	-0.49999999999999817	-0.4999999999999999	-0.49999999999999944	-0.5000000000000006	-0.49999999999999895	-0.49999999999999817	-0.49999999999999956	-0.5000000000000003	-0.49999999999999867	-0.4999999999999999	-0.4999999999999998	-0.49999999999999895	-0.4999999999999991	-0.4999999999999985	-0.49999999999999956	-0.5000000000000001	-0.5000000000000003
43.0	2.358027833320085e-12	6.169427586414055e-12	8.221253012897653e-12	1.545865629737682e-11	1.5444371604274854e-11	1.1361666657910253e-11	1.0140465984757555e-11	4.473805617491548e-9	4.4729174305121044e-9	4.4727943148752216e-9	4.472657400615964e-9	4.473578900151717e-9	4.474617284549261e-9	4.474740178992315e-9	4.474084379758313e-9	4.4729854816424585e-9	4.476114087633376e-9	4.475217317455508e-9	4.4772719300202604e-9	4.476953295611105e-9	4.476183196997631e-9	4.4756361438052085e-9	4.4748396218712564e-9	4.475086421876112e-9	4.475165639957382e-9	4.474498702497376e-9	4.475262062035793e-9	4.475401328727994e-9	4.476315704292824e-9	4.478460034072663e-9	4.478179222151307e-9	4.4781738213613094e-9	4.4793580979613356e-9	4.479688177133449e-9	4.479754184772638e-9	4.4802251804342016e-9	4.482993354036625e-9	4.483472327704004e-9	4.4834738202700824e-9	4.4834654417948735e-9	4.48347576766438e-9	-0.500000000000001	-0.5	-0.500000000000002	-0.5000000000000001	-0.5	-0.4999999999999991	-0.49999999999999956	-0.5000000000000013	-0.5000000000000001	-0.5000000000000007	-0.5000000000000006	-0.4999999999999999	-0.5	-0.49999999999999895	-0.49999999999999784	-0.4999999999999999	-0.4999999999999991	-0.5000000000000001	-0.5000000000000007	-0.4999999999999994	-0.4999999999999983	-0.5000000000000008	-0.49999999999999906	-0.5000000000000006	-0.49999999999999944	-0.49999999999999845	-0.4999999999999976	-0.5000000000000007	-0.5000000000000001	-0.49999999999999906	-0.49999999999999895	-0.5000000000000007	-0.49999999999999967	-0.49999999999999967	-0.5000000000000009	-0.4999999999999981	-0.5000000000000006	-0.49999999999999817	-0.4999999999999999	-0.49999999999999944	-0.5000000000000007	-0.49999999999999906	-0.4999999999999983	-0.49999999999999956	-0.5000000000000004	-0.4999999999999987	-0.5	-0.49999999999999983	-0.49999999999999906	-0.4999999999999993	-0.49999999999999867	-0.4999999999999997	-0.5000000000000001	-0.5000000000000006
44.0	2.0544609440831834e-12	5.374388214921246e-12	7.161989687111877e-12	1.346648545776937e-11	1.345413445506983e-11	9.897652412736621e-12	8.833420642744328e-12	3.897218006049638e-9	3.8964441564867395e-9	3.8963374431757416e-9	3.89621773080915e-9	3.897020807485226e-9	3.897925322378497e-9	3.898032170501764e-9	3.8974613716974925e-9	3.896503807930351e-9	3.899229085977275e-9	3.898448386328881e-9	3.90023836521987e-9	3.899961225467817e-9	3.899289426820911e-9	3.898812429644627e-9	3.898118751657803e-9	3.898333704442085e-9	3.898402663748078e-9	3.897821530900937e-9	3.898486796796915e-9	3.898608176136762e-9	3.899404799011921e-9	3.901272790712824e-9	3.9010283194377886e-9	3.901023021811678e-9	3.902055227634811e-9	3.90234248662385e-9	3.90240017082494e-9	3.902809971783938e-9	3.905222372013047e-9	3.905639123781993e-9	3.905640384562333e-9	3.90563423339468e-9	3.905642017691542e-9	-0.4355596199317609	-0.4837538386381477	-0.48375383863814964	-0.44503009090801426	-0.445030090908014	-0.43555961993175685	-0.43555961993175785	-0.43555961993175873	-0.4355596199317583	-0.4355596199317585	-0.4355596199317578	-0.43555961993175757	-0.4355596199317573	-0.43555961993175707	-0.4355596199317558	-0.43555961993175724	-0.4355596199317564	-0.4355596199317579	-0.4355596199317586	-0.43555961993175674	-0.4355596199317562	-0.4355596199317587	-0.435559619931757	-0.43555961993175796	-0.43555961993175774	-0.43555961993175624	-0.43555961993175574	-0.43555961993175896	-0.4355596199317583	-0.43555961993175785	-0.43555961993175635	-0.43555961993175857	-0.43555961993175724	-0.43555961993175746	-0.43555961993175857	-0.43555961993175585	-0.4355596199317592	-0.4355596199317563	-0.43555961993175774	-0.43555961993175807	-0.4355596199317581	-0.4355596199317566	-0.43555961993175596	-0.4355596199317579	-0.4355596199317585	-0.4355596199317563	-0.4355596199317577	-0.43555961993175835	-0.43555961993175707	-0.435559619931757	-0.43555961993175607	-0.4355596199317581	-0.4355596199317588	-0.4355596199317584
45.0	1.433022620789463e-14	-4.659895848741666e-16	-3.2611697979614475e-15	1.747397076659841e-15	3.039273760558959e-14	6.006972238488242e-14	6.190172193851958e-14	9.405780230522083e-14	8.530144705141091e-14	7.959073701459406e-14	2.656794772018685e-15	1.403024082547661e-15	-2.008089183500706e-14	-2.0121582664059855e-15	-4.1452743176966304e-14	5.976160737149238e-16	-6.83464302701179e-15	4.257817962106664e-15	2.0660206374704756e-16	6.290654551942056e-15	-6.90417213560982e-15	-5.2510868967061e-16	-1.9894954069835567e-14	-4.3493051846749215e-14	-5.603750337954819e-15	-1.1645460801501211e-14	2.086137944144131e-16	7.009270883728911e-16	7.481309115661425e-15	1.4734090128434964e-14	6.950667470884909e-17	-3.5329616801607306e-14	-4.176454480258259e-15	-2.872628799025344e-16	1.151239796099978e-15	-2.8058852670340017e-15	1.3308605946745795e-16	9.739994894936195e-15	4.995628047413206e-14	6.281780411558921e-14	-6.7996721849491704e-15	-3.8974656907889115e-16	-5.3683365054588314e-17	-0.4837538386381496	-0.4450300909080141	-0.4450300909080141	-0.4355596199317569	-0.4355596199317581	-0.4355596199317588	-0.4355596199317581	-0.4355596199317584	-0.4355596199317577	-0.43555961993175746	-0.43555961993175735	-0.43555961993175696	-0.4355596199317557	-0.43555961993175724	-0.4355596199317565	-0.43555961993175796	-0.4355596199317587	-0.4355596199317567	-0.435559619931756	-0.4355596199317586	-0.4355596199317569	-0.43555961993175796	-0.43555961993175757	-0.4355596199317561	-0.4355596199317557	-0.4355596199317587	-0.4355596199317583	-0.4355596199317579	-0.4355596199317564	-0.4355596199317583	-0.43555961993175707	-0.4355596199317577	-0.4355596199317584	-0.4355596199317557	-0.43555961993175896	-0.435559619931756	-0.4355596199317576	-0.4355596199317582	-0.43555961993175796	-0.4355596199317566	-0.435559619931756	-0.4355596199317579	-0.4355596199317587	-0.43555961993175635	-0.43555961993175774	-0.43555961993175824	-0.43555961993175696	-0.435559619931757	-0.43555961993175607	-0.4355596199317582	-0.4355596199317589	-0.43555961993175846
46.0	1.3105685262524014e-14	-1.0507006351138026e-15	-3.668330746850827e-15	2.1264587316207787e-15	3.1471243684719087e-14	5.971633888076676e-14	6.190104905289821e-14	9.412035605151399e-14	8.524903095833071e-14	8.014101554658906e-14	2.2796908384453484e-15	1.920908915552471e-15	-2.180474685065368e-14	-1.7786984105299897e-15	-4.22281027208839e-14	6.219696100090701e-16	-6.211150072545788e-15	4.267595391305753e-15	3.836582112433613e-16	5.599311556997864e-15	-5.3035967699834625e-15	-2.6254293984972854e-16	-1.9921562907803322e-14	-4.338636878569803e-14	-5.405030721129882e-15	-1.1609429784384953e-14	1.9720293101377325e-16	8.804257761891448e-16	7.67315666086357e-15	1.521558756847772e-14	6.386463892471253e-17	-3.670536221504766e-14	-3.9065097338350225e-15	-3.059348675203407e-16	1.186543847033646e-15	-2.7641463928333805e-15	1.3757173391549446e-16	1.0374253240355672e-14	5.00955868778339e-14	6.279741805648934e-14	-7.224371199820665e-15	-2.250235876660627e-16	-1.8393339268891123e-16	-0.44503009090801604	-0.4837538386381484	-0.48375383863814775	-0.4355596199317564	-0.4355596199317579	-0.43555961993175896	-0.43555961993175824	-0.4355596199317581	-0.4355596199317582	-0.4355596199317577	-0.4355596199317575	-0.43555961993175696	-0.43555961993175546	-0.43555961993175757	-0.43555961993175724	-0.4355596199317574	-0.43555961993175835	-0.4355596199317564	-0.43555961993175685	-0.4355596199317573	-0.43555961993175707	-0.43555961993175873	-0.43555961993175896	-0.43555961993175557	-0.43555961993175596	-0.43555961993175774	-0.43555961993175807	-0.43555961993175896	-0.43555961993175635	-0.4355596199317588	-0.43555961993175724	-0.43555961993175846	-0.43555961993175846	-0.4355596199317557	-0.43555961993175957	-0.43555961993175707	-0.43555961993175696	-0.43555961993175774	-0.435559619931758	-0.4355596199317568	-0.4355596199317563	-0.4355596199317576	-0.4355596199317569	-0.43555961993175857	-0.4355596199317573	-0.43555961993175757	-0.4355596199317563	-0.43555961993175646	-0.4355596199317563	-0.4355596199317578	-0.4355596199317582	-0.4355596199317578
47.0	4.532375322927631e-16	1.420301030694294e-16	4.2196951291460207e-17	-3.2417713184867886e-16	-4.474652619361903e-11	-4.41029438496645e-11	-4.511184545229738e-11	-4.569428914427883e-11	-3.8237334161993294e-11	-4.050066560934497e-11	-4.111896298995389e-11	-4.126181040461869e-11	-4.1737238017700506e-11	-4.517559655407124e-11	1.2085202593552189e-10	1.2297988657416635e-10	3.8878144107481377e-7	3.887819573569325e-7	3.887813792910969e-7	-0.1642306035552224	-0.16423060358910768	-0.16423060358899133	-0.16423060358949643	-0.16423060358928881	0.43236510602443873	0.43236510602443956	0.4323651060244332	0.4323651060244342	0.43236510602443556	0.4323651060244378	0.4323651060244389	0.4323651060244795	0.43236510602447725	0.4323651060244781	0.4323651060244776	0.43236510602447115	0.43236510602447353	0.43236510602447253	0.43236510602447353	0.4323651060244695	0.43236510602447464	0.432365106024481	0.4417661179649204	0.4417661179649218	0.4802058550912111	-0.4837538386381475	-0.4355596199317564	-0.43555961993175796	-0.4355596199317589	-0.43555961993175824	-0.43555961993175796	-0.43555961993175824	-0.4355596199317578	-0.4355596199317575	-0.4355596199317569	-0.43555961993175557	-0.4355596199317574	-0.4355596199317572	-0.43555961993175735	-0.43555961993175835	-0.43555961993175646	-0.4355596199317567	-0.4355596199317574	-0.43555961993175696	-0.43555961993175885	-0.4355596199317588	-0.4355596199317556	-0.43555961993175607	-0.4355596199317577	-0.4355596199317582	-0.43555961993175896	-0.4355596199317563	-0.4355596199317587	-0.43555961993175724	-0.4355596199317584	-0.4355596199317584	-0.4355596199317556	-0.4355596199317597	-0.43555961993175707	-0.43555961993175696	-0.4355596199317578	-0.43555961993175807	-0.4355596199317568	-0.43555961993175624	-0.4355596199317576	-0.4355596199317568	-0.4355596199317585	-0.43555961993175724	-0.43555961993175774	-0.4355596199317563	-0.43555961993175646	-0.43555961993175624	-0.43555961993175774	-0.4355596199317583	-0.4355596199317577
48.0	7.913814549208003e-16	6.876077272382726e-17	1.6621527352702186e-16	-1.817718804526687e-16	-5.136657588936881e-11	-5.062810614578301e-11	-5.178515372195649e-11	-5.2454376135202655e-11	-4.3894471000380735e-11	-4.64917489099863e-11	-4.720243333891768e-11	-4.736613832518699e-11	-4.791184194165326e-11	-5.185949206047882e-11	1.3873274658902786e-10	1.4117473828420496e-10	4.463010611069361e-7	4.4630165406979756e-7	4.4630099039919896e-7	-0.1885282703444288	-0.18852827038332723	-0.1885282703831932	-0.18852827038377357	-0.18852827038353615	0.4963328626425243	0.49633286264252596	0.4963328626425192	0.4963328626425194	0.4963328626425213	0.49633286264252374	0.4963328626425262	0.4963328626425704	0.49633286264256815	0.49633286264256987	0.4963328626425697	0.4963328626425624	0.4963328626425645	0.4963328626425627	0.4963328626425645	0.4963328626425612	0.49633286264256543	0.49633286264257265	0.4963328626425762	0.49633286264257687	0.49633286264257354	-0.5	-0.49999999999999895	-0.4999999999999994	-0.500000000000001	-0.4999999999999999	-0.5000000000000003	-0.5000000000000001	-0.4999999999999996	-0.4999999999999999	-0.4999999999999986	-0.4999999999999975	-0.4999999999999993	-0.49999999999999883	-0.4999999999999999	-0.500000000000001	-0.49999999999999895	-0.49999999999999756	-0.5000000000000007	-0.4999999999999985	-0.5000000000000001	-0.49999999999999883	-0.49999999999999817	-0.49999999999999767	-0.5000000000000003	-0.4999999999999998	-0.4999999999999993	-0.4999999999999991	-0.5000000000000009	-0.49999999999999944	-0.5000000000000001	-0.5000000000000009	-0.4999999999999974	-0.5000000000000003	-0.4999999999999974	-0.4999999999999998	-0.4999999999999998	-0.5000000000000003	-0.49999999999999883	-0.4999999999999985	-0.49999999999999956	-0.5000000000000003	-0.49999999999999867	-0.4999999999999999	-0.5000000000000001	-0.49999999999999867	-0.4999999999999991	-0.49999999999999833	-0.4999999999999994	-0.5000000000000001	-0.5000000000000001
49.0	1.443330450237828e-16	1.0524999086415991e-15	-9.577480272104163e-16	-9.544128930664005e-16	-2.9889730897843523e-11	-2.7174904806407046e-11	-2.8246482888845765e-11	-2.735603610606777e-11	-3.65065998964156e-11	-6.579934113510864e-11	-6.597544530443913e-11	-5.95888070091557e-11	-5.5398526015512725e-11	-5.075803783349803e-11	-1.458317691790847e-10	-1.4299364283282078e-10	7.44725659597271e-7	7.447255418320962e-7	7.447241653938522e-7	-0.4298916755303622	-0.42989167553735236	-0.4298916755373584	-0.4298916755369587	-0.4298916755364996	-0.44846949256301744	-0.4484694925629904	-0.4484694925631741	-0.44846949256317964	-0.4484694925632262	-0.44846949256333823	-0.44846949256332985	-0.44846949256465163	-0.4484694925646445	-0.4484694925646031	-0.4484694925646502	-0.4484694925646097	-0.4484694925645978	-0.44846949256471114	-0.4484694925647124	-0.44846949256468804	-0.4484694925646618	-0.4484694925651842	-0.44846949256542834	-0.4484694925653868	-0.4484694925653573	-0.25820801142792965	-0.2582080114279246	-0.49999999999999956	-0.500000000000001	-0.4999999999999999	-0.5000000000000003	-0.5000000000000001	-0.4999999999999996	-0.4999999999999999	-0.4999999999999986	-0.4999999999999975	-0.4999999999999993	-0.49999999999999883	-0.4999999999999999	-0.500000000000001	-0.49999999999999895	-0.49999999999999756	-0.5000000000000007	-0.4999999999999985	-0.5000000000000001	-0.49999999999999883	-0.49999999999999817	-0.49999999999999767	-0.5000000000000003	-0.4999999999999998	-0.4999999999999993	-0.4999999999999991	-0.5000000000000009	-0.49999999999999944	-0.5000000000000001	-0.5000000000000009	-0.4999999999999974	-0.5000000000000003	-0.4999999999999974	-0.4999999999999998	-0.4999999999999998	-0.5000000000000003	-0.49999999999999883	-0.4999999999999985	-0.49999999999999956	-0.5000000000000003	-0.49999999999999867	-0.4999999999999999	-0.5000000000000001	-0.49999999999999867	-0.4999999999999991	-0.49999999999999833	-0.4999999999999994	-0.5000000000000001	-0.5000000000000001
50.0	-8.677335600356813e-18	6.001011124721294e-16	-7.264331952519255e-16	-6.082233747592454e-16	-2.6037207264530455e-11	-2.367278172557944e-11	-2.4606271390202817e-11	-2.3830517465652616e-11	-3.1801658702549345e-11	-5.731922898251992e-11	-5.7472734809221763e-11	-5.190796413672782e-11	-4.825848672749637e-11	-4.4216349377992294e-11	-1.2703661452924795e-10	-1.245647062928176e-10	6.487448504963524e-7	6.487447478140615e-7	6.487435488885716e-7	-0.37448690961166226	-0.374486909617751	-0.37448690961775566	-0.37448690961740716	-0.37448690961700914	-0.39067040346347237	-0.39067040346344867	-0.3906704034636093	-0.3906704034636128	-0.39067040346365395	-0.3906704034637508	-0.39067040346374515	-0.3906704034648965	-0.39067040346489046	-0.39067040346485293	-0.3906704034648953	-0.39067040346485943	-0.3906704034648495	-0.3906704034649489	-0.3906704034649484	-0.3906704034649269	-0.39067040346490495	-0.3906704034653597	-0.39067040346557286	-0.3906704034655369	-0.3906704034655117	-0.2249299666417672	-0.22492996664176412	-0.43555961993175657	-0.4837538386381489	-0.48375383863814764	-0.44503009090801415	-0.4450300909080137	-0.4355596199317579	-0.4355596199317577	-0.43555961993175635	-0.43555961993175557	-0.4355596199317573	-0.43555961993175624	-0.4355596199317585	-0.4355596199317585	-0.43555961993175707	-0.43555961993175574	-0.43555961993175824	-0.4355596199317559	-0.4355596199317583	-0.4355596199317568	-0.43555961993175574	-0.4355596199317559	-0.4355596199317583	-0.4355596199317566	-0.43555961993175774	-0.4355596199317571	-0.4355596199317586	-0.43555961993175707	-0.43555961993175796	-0.4355596199317585	-0.4355596199317558	-0.4355596199317578	-0.43555961993175596	-0.4355596199317578	-0.43555961993175774	-0.4355596199317581	-0.43555961993175735	-0.43555961993175696	-0.43555961993175757	-0.4355596199317583	-0.4355596199317567	-0.43555961993175846	-0.4355596199317574	-0.43555961993175685	-0.4355596199317566	-0.4355596199317563	-0.4355596199317573	-0.43555961993175746	-0.4355596199317573
51.0	-3.1033943814428895e-14	-3.915076892574438e-14	-1.758526726308605e-13	-1.7228748322061814e-13	-1.5531780342961618e-13	-1.252084308304341e-13	-1.9942874724054693e-13	-1.0924654894745524e-13	-2.377353418666737e-12	-2.4584599206533407e-12	-2.4208686728745602e-12	-2.2994959321918795e-12	-2.2962945126889008e-12	-2.3448058248157625e-12	-2.4064963852756433e-12	-2.432802118150567e-12	-2.4147791934136223e-12	-2.333467621054588e-12	-2.3416646660106016e-12	-2.2374962217497004e-12	-2.2664861091845706e-12	-2.4778506485011588e-12	-2.6257846928768893e-12	-2.6622677633864465e-12	-2.8482288616111347e-12	-2.815773550388622e-12	-2.868502689226622e-12	-2.9004985340590336e-12	-2.954540743613374e-12	-3.098903229358088e-12	-3.1069247765730586e-12	-3.2088192875515038e-12	-3.1508583741978497e-12	-3.0832970734136755e-12	-3.1562891994247286e-12	-3.137296352889332e-12	-3.068691560268091e-12	-3.3370513846619096e-12	-3.2067218939405605e-12	-3.0952366240005394e-12	-3.1269241846387045e-12	-3.048198149837701e-12	-3.0561536915220346e-12	-3.087941689579605e-12	-3.1825796866479323e-12	-3.3192040731493176e-12	-3.2299873572010706e-12	-3.302352248441223e-12	-4.648847772504138e-12	-0.48375383863814764	-0.44503009090801393	-0.4450300909080138	-0.43555961993175785	-0.4355596199317576	-0.4355596199317565	-0.43555961993175557	-0.4355596199317571	-0.43555961993175624	-0.43555961993175857	-0.4355596199317584	-0.43555961993175707	-0.4355596199317557	-0.43555961993175846	-0.43555961993175574	-0.43555961993175846	-0.4355596199317567	-0.43555961993175585	-0.4355596199317558	-0.43555961993175796	-0.43555961993175635	-0.4355596199317578	-0.4355596199317572	-0.4355596199317585	-0.43555961993175707	-0.4355596199317583	-0.4355596199317584	-0.43555961993175585	-0.4355596199317579	-0.4355596199317559	-0.4355596199317576	-0.43555961993175774	-0.43555961993175796	-0.4355596199317574	-0.4355596199317572	-0.43555961993175746	-0.43555961993175835	-0.43555961993175674	-0.4355596199317585	-0.43555961993175746	-0.43555961993175674	-0.4355596199317568	-0.4355596199317562	-0.4355596199317573	-0.43555961993175735	-0.4355596199317575
52.0	-3.1108754248938756e-14	-3.859820428905462e-14	-1.7560075008277267e-13	-1.7286281605980414e-13	-1.5510423821296253e-13	-1.2604457211084104e-13	-1.9893289733112485e-13	-1.077845561569448e-13	-2.3774411807152727e-12	-2.458753412720237e-12	-2.420996605814922e-12	-2.2975938519650333e-12	-2.2957498105292758e-12	-2.3447854493152313e-12	-2.4055024995401777e-12	-2.4337860804700663e-12	-2.4153739575385916e-12	-2.332095734317191e-12	-2.3401384024660545e-12	-2.2373695161436655e-12	-2.2668928353102634e-12	-2.4769341321546296e-12	-2.625536385579956e-12	-2.6627202566660736e-12	-2.846831810853833e-12	-2.8157637370350165e-12	-2.8692483438571467e-12	-2.9004025728597876e-12	-2.954380174582988e-12	-3.0993010988068244e-12	-3.1076868377783918e-12	-3.2095579968894014e-12	-3.1504703226771106e-12	-3.083033346249764e-12	-3.156499646918506e-12	-3.139455928642166e-12	-3.068680664436787e-12	-3.3377264575551334e-12	-3.20584541907859e-12	-3.0953681893381885e-12	-3.127583209737163e-12	-3.048485073125363e-12	-3.055681968219818e-12	-3.087228117631388e-12	-3.1798546101081857e-12	-3.319022042914571e-12	-3.2305558435857503e-12	-3.3050865221363116e-12	-4.2783753699473655e-12	-0.4450300909080139	-0.4837538386381482	-0.48375383863814764	-0.4355596199317576	-0.4355596199317581	-0.43555961993175757	-0.4355596199317558	-0.43555961993175746	-0.4355596199317575	-0.43555961993175923	-0.43555961993175824	-0.4355596199317563	-0.43555961993175574	-0.4355596199317589	-0.4355596199317556	-0.4355596199317592	-0.4355596199317564	-0.4355596199317562	-0.43555961993175624	-0.43555961993175785	-0.43555961993175807	-0.43555961993175724	-0.43555961993175746	-0.4355596199317595	-0.4355596199317571	-0.43555961993175824	-0.43555961993175857	-0.43555961993175474	-0.4355596199317586	-0.4355596199317544	-0.43555961993175923	-0.43555961993175796	-0.43555961993175846	-0.4355596199317577	-0.43555961993175735	-0.43555961993175774	-0.4355596199317585	-0.4355596199317565	-0.43555961993175846	-0.4355596199317574	-0.4355596199317568	-0.43555961993175646	-0.43555961993175685	-0.43555961993175757	-0.43555961993175707	-0.4355596199317575
53.0	8.913735352526451e-14	5.6042371911860334e-14	5.3068087939053405e-20	-1.0084964103124472e-7	-1.0084951199841759e-7	-1.008498704157949e-7	-1.0085013631438868e-7	-1.0085064009926292e-7	-1.0085106193499378e-7	-1.0085120109823512e-7	-1.0085106371217274e-7	-1.0085225679997718e-7	-1.0085214503434273e-7	0.00016689794183438793	0.00016689793803810132	0.00016689793781297902	0.0001668979359926547	0.00016689793584926933	0.00016689793706877224	0.00016689793690267583	0.0001668979370132894	0.00016689793723311008	0.00016689793706989236	0.00016689794257290712	0.00016689794329684317	0.00016689794328046022	0.00016689794329022363	0.00016689794316181866	0.00016689794317176587	0.00016689794305153224	0.00016689794283667679	0.00016689794279078278	0.00016689794201840024	0.00016689794220897038	-0.28931096459155625	-0.34549557744777243	-0.34549557744761744	-0.3454955774476574	-0.3454955774477772	-0.3454955774478796	-0.3454955774478181	-0.34549557744778114	-0.3454955774477634	-0.3454955774478303	-0.34549557744790543	-0.34549557744803727	-0.3454955774481865	-0.3454955774482111	-0.3530077656513268	-0.35300776565137737	-0.3837243035735404	-0.4837538386381475	-0.4355596199317578	-0.4355596199317579	-0.4355596199317576	-0.43555961993175574	-0.4355596199317575	-0.4355596199317577	-0.4355596199317595	-0.43555961993175824	-0.4355596199317564	-0.4355596199317557	-0.43555961993175896	-0.43555961993175557	-0.4355596199317592	-0.4355596199317564	-0.43555961993175624	-0.4355596199317562	-0.4355596199317578	-0.435559619931758	-0.4355596199317572	-0.43555961993175746	-0.4355596199317594	-0.43555961993175707	-0.43555961993175835	-0.4355596199317587	-0.4355596199317547	-0.4355596199317586	-0.43555961993175446	-0.4355596199317593	-0.43555961993175774	-0.4355596199317586	-0.4355596199317576	-0.4355596199317574	-0.43555961993175774	-0.43555961993175846	-0.4355596199317565	-0.4355596199317584	-0.4355596199317575	-0.43555961993175685	-0.4355596199317564	-0.43555961993175685	-0.4355596199317576	-0.435559619931757	-0.43555961993175746
54.0	1.0213893813280407e-13	6.456030113593267e-14	-7.850462281291933e-17	-1.1577019094434079e-7	-1.1577004332915528e-7	-1.1577045448895857e-7	-1.1577075998058336e-7	-1.1577133790209786e-7	-1.157718227519794e-7	-1.157719816636104e-7	-1.1577182440904625e-7	-1.1577319387138831e-7	-1.1577306535581068e-7	0.00019159023724540052	0.00019159023288734558	0.00019159023262914793	0.00019159023054059912	0.00019159023037474012	0.0001915902317749417	0.00019159023158422822	0.00019159023171117618	0.00019159023196353218	0.00019159023177656512	0.00019159023809340388	0.0001915902389240052	0.00019159023890509054	0.00019159023891667803	0.0001915902387689007	0.00019159023878039078	0.0001915902386426742	0.00019159023839605022	0.00019159023834337292	0.00019159023745634666	0.00019159023767513443	-0.33211407962575035	-0.39661112008259836	-0.3966111200824221	-0.39661112008246635	-0.3966111200826086	-0.3966111200827249	-0.3966111200826526	-0.3966111200826103	-0.39661112008259	-0.396611120082663	-0.3966111200827508	-0.3966111200829052	-0.39661112008307564	-0.3966111200831038	-0.3966111200829918	-0.3966111200830502	-0.3966111200830904	-0.49999999999999983	-0.4999999999999999	-0.4999999999999998	-0.49999999999999895	-0.49999999999999717	-0.4999999999999993	-0.4999999999999985	-0.5000000000000003	-0.5000000000000014	-0.4999999999999991	-0.49999999999999706	-0.5000000000000014	-0.49999999999999817	-0.5000000000000006	-0.49999999999999867	-0.4999999999999985	-0.499999999999998	-0.5000000000000001	-0.4999999999999993	-0.4999999999999991	-0.4999999999999993	-0.500000000000001	-0.49999999999999944	-0.5000000000000003	-0.500000000000001	-0.4999999999999972	-0.5000000000000009	-0.49999999999999706	-0.4999999999999993	-0.4999999999999996	-0.5000000000000009	-0.49999999999999883	-0.49999999999999895	-0.49999999999999906	-0.5000000000000006	-0.4999999999999985	-0.4999999999999999	-0.5000000000000003	-0.49999999999999895	-0.4999999999999991	-0.49999999999999867	-0.4999999999999994	-0.49999999999999944	-0.4999999999999998
55.0	-1.8315216491228596e-10	-1.8170964243126046e-10	6.897387259717846e-7	6.788888973752452e-7	6.788893719528198e-7	6.788903437085434e-7	6.788907794910804e-7	6.788899002927305e-7	6.788904296558659e-7	6.788904669492566e-7	6.78890841197997e-7	6.788893493576312e-7	6.788894655360382e-7	-0.00030899478109351906	-0.00030899478265167984	-0.0003089947830192187	-0.00030899479308344504	-0.0003089947943421049	-0.00030899479298518434	-0.0003089947935064907	-0.0003089947932819378	-0.00030899479248781484	-0.0003089947927018077	-0.00030899479065872517	-0.0003089947938175233	-0.0003089947937178747	-0.00030899479249031284	-0.0003089947922481502	-0.0003089947918715085	-0.0003089947914641852	-0.0003089947902071213	-0.0003089947911466582	-0.0003089947914155056	-0.0003089947912483052	-0.3737357079922885	-0.49804435590519763	-0.4980443559051928	-0.4980443559051897	-0.49804435590518803	-0.49804435590518586	-0.4980443559051851	-0.4980443559051868	-0.49804435590518426	-0.49804435590517915	-0.4980443559051812	-0.49804435590518814	-0.49804435590518953	-0.4980443559051921	-0.4980443559051928	-0.498044355905192	-0.498044355905193	-0.499916339412942	-0.4999163394129429	-0.4999999999999998	-0.49999999999999895	-0.49999999999999717	-0.4999999999999993	-0.4999999999999985	-0.5000000000000003	-0.5000000000000014	-0.4999999999999991	-0.49999999999999706	-0.5000000000000014	-0.49999999999999817	-0.5000000000000006	-0.49999999999999867	-0.4999999999999985	-0.499999999999998	-0.5000000000000001	-0.4999999999999993	-0.4999999999999991	-0.4999999999999993	-0.500000000000001	-0.49999999999999944	-0.5000000000000003	-0.500000000000001	-0.4999999999999972	-0.5000000000000009	-0.49999999999999706	-0.4999999999999993	-0.4999999999999996	-0.5000000000000009	-0.49999999999999883	-0.49999999999999895	-0.49999999999999906	-0.5000000000000006	-0.4999999999999985	-0.4999999999999999	-0.5000000000000003	-0.49999999999999895	-0.4999999999999991	-0.49999999999999867	-0.4999999999999994	-0.49999999999999944	-0.4999999999999998
56.0	-1.5954780820514132e-10	-1.5829071791910866e-10	6.008446745150617e-7	5.913931798896459e-7	5.913935932499392e-7	5.913944400168224e-7	5.913948196261101e-7	5.913940531415751e-7	5.913945155810518e-7	5.913945474720198e-7	5.913948735663143e-7	5.913935738752807e-7	5.913936751638132e-7	-0.00026917129882873787	-0.00026917130018525525	-0.00026917130050562246	-0.0002691713092725692	-0.00026917131036823335	-0.0002691713091865255	-0.00026917130964133375	-0.0002691713094452216	-0.0002691713087541803	-0.0002691713089405075	-0.00026917130716015177	-0.0002691713099123026	-0.0002691713098249191	-0.00026917130875589814	-0.00026917130854524715	-0.0002691713082168224	-0.00026917130786109086	-0.00026917130676750605	-0.00026917130758554396	-0.0002691713078198657	-0.00026917130767430304	-0.3255683658560958	-0.43385602073445156	-0.4338560207344468	-0.4338560207344434	-0.4338560207344426	-0.4338560207344406	-0.4338560207344412	-0.4338560207344407	-0.43385602073443796	-0.43385602073443424	-0.4338560207344359	-0.4338560207344416	-0.43385602073444546	-0.4338560207344453	-0.4338560207344454	-0.4338560207344446	-0.43385602073444546	-0.4354867415847527	-0.43548674158475303	-0.43555961993175707	-0.48375383863814675	-0.4837538386381449	-0.44503009090801304	-0.4450300909080122	-0.4355596199317579	-0.43555961993176	-0.43555961993175685	-0.4355596199317554	-0.4355596199317598	-0.4355596199317569	-0.4355596199317585	-0.4355596199317572	-0.435559619931756	-0.43555961993175585	-0.4355596199317586	-0.43555961993175774	-0.4355596199317574	-0.4355596199317573	-0.43555961993175885	-0.43555961993175746	-0.4355596199317583	-0.43555961993175885	-0.43555961993175557	-0.4355596199317591	-0.435559619931756	-0.435559619931757	-0.4355596199317577	-0.4355596199317588	-0.4355596199317575	-0.4355596199317576	-0.4355596199317576	-0.43555961993175846	-0.4355596199317564	-0.4355596199317578	-0.43555961993175807	-0.43555961993175685	-0.4355596199317567	-0.43555961993175674	-0.4355596199317573	-0.43555961993175807	-0.4355596199317589
57.0	-1.5612409838676526e-15	-1.9006543111087901e-16	1.8721568010044906e-14	-2.5377982792670554e-15	5.418269570991822e-16	6.743456817318832e-16	1.996501753672965e-15	-5.88319854819895e-15	5.789396271097983e-17	7.429979156892415e-15	4.955909175273292e-16	-1.85197420998298e-15	-6.1011614245942514e-15	1.1219861108290276e-14	-5.971390991601139e-14	-6.46189808951284e-14	8.554995534924414e-17	-4.5543049734643916e-14	-3.461369613333358e-16	1.1373409486313831e-14	7.399404575375655e-15	8.523525801751226e-14	3.508603232960394e-14	5.919587096108286e-14	-1.6573220838229443e-14	-1.892930405435008e-14	-1.840354473881055e-14	-2.849343631059334e-14	-1.552618368018143e-14	-2.224863866618088e-15	2.6289918902491907e-14	-1.7651330921357569e-15	-2.143579362830913e-15	-1.5282621114388875e-15	-2.346026611395825e-15	-6.202754009975295e-14	3.4841796032637533e-15	1.184120052916095e-14	5.0583610591050875e-14	7.290138158585422e-14	5.706100519688729e-14	1.2949340626055533e-14	-1.547729662061211e-16	3.271860414360628e-14	1.4316911792142042e-13	1.6193535641230116e-13	9.024400569563684e-14	7.943461267925103e-14	5.496080904361046e-14	1.7363191848017093e-18	-6.454757523576891e-15	-7.926595823606229e-15	-1.6986916675848506e-13	-1.6145867208764392e-13	-1.7326935420874452e-13	-0.483753838638145	-0.4450300909080133	-0.44503009090801227	-0.435559619931758	-0.43555961993176	-0.4355596199317568	-0.43555961993175535	-0.43555961993175973	-0.4355596199317568	-0.43555961993175857	-0.4355596199317571	-0.4355596199317559	-0.4355596199317557	-0.43555961993175857	-0.43555961993175785	-0.4355596199317573	-0.4355596199317573	-0.43555961993175896	-0.4355596199317573	-0.4355596199317584	-0.43555961993175907	-0.4355596199317557	-0.435559619931759	-0.43555961993175574	-0.4355596199317571	-0.43555961993175757	-0.4355596199317587	-0.43555961993175746	-0.43555961993175746	-0.4355596199317575	-0.4355596199317583	-0.4355596199317565	-0.43555961993175774	-0.435559619931758	-0.4355596199317568	-0.4355596199317567	-0.43555961993175674	-0.4355596199317571	-0.4355596199317582	-0.4355596199317588
58.0	-2.1332707172318846e-15	-6.685124401186617e-16	1.8775507774385062e-14	-2.027998372494636e-15	1.1222914888360374e-15	5.065321066615633e-17	1.9643624935817927e-15	-5.864058293718427e-15	-4.3610441508994944e-17	7.184953498806395e-15	2.175466950029084e-16	-1.595133898583127e-15	-6.159672664711644e-15	1.1337331933499398e-14	-5.97805649653346e-14	-6.477122265184045e-14	-1.2381809713760384e-16	-4.568418697806761e-14	-7.218647620742519e-16	1.2584683853883232e-14	7.428666033665395e-15	8.54540060296711e-14	3.5143804171482803e-14	5.922627167116657e-14	-1.6693871935696574e-14	-1.9569739913154775e-14	-1.900125999561543e-14	-2.8084461990479702e-14	-1.6285369883275596e-14	-2.2614796324166153e-15	2.6673291635411873e-14	-1.2581058124668436e-15	-2.4177470668498615e-15	-1.5428310827971273e-15	-2.010121277365869e-15	-6.188610412612627e-14	3.021470175780916e-15	1.1718894254334423e-14	5.041648479487182e-14	7.508956937319902e-14	5.71718812742465e-14	1.3562334517877428e-14	5.38802726651686e-17	3.1465749702924865e-14	1.4330898201353589e-13	1.6189214022617513e-13	8.886175934678893e-14	7.997421296380372e-14	5.4857227733303104e-14	-2.250344830197217e-17	-6.443154994849399e-15	-7.158217234337304e-15	-1.6949044956129764e-13	-1.6181881092111136e-13	-1.5937907040972608e-13	-0.44503009090801077	-0.4837538386381473	-0.4837538386381467	-0.4355596199317569	-0.4355596199317593	-0.43555961993175696	-0.43555961993175535	-0.4355596199317604	-0.4355596199317557	-0.4355596199317584	-0.4355596199317563	-0.4355596199317575	-0.4355596199317555	-0.43555961993175774	-0.4355596199317594	-0.4355596199317571	-0.43555961993175757	-0.43555961993175907	-0.435559619931757	-0.4355596199317581	-0.4355596199317591	-0.43555961993175546	-0.43555961993175973	-0.43555961993175635	-0.4355596199317568	-0.435559619931758	-0.4355596199317573	-0.4355596199317567	-0.43555961993175524	-0.4355596199317571	-0.43555961993175896	-0.4355596199317566	-0.43555961993175757	-0.43555961993175824	-0.43555961993175724	-0.4355596199317564	-0.43555961993175735	-0.435559619931757	-0.4355596199317588	-0.4355596199317592
59.0	1.9777066225783808e-16	-5.784263022507283e-13	-6.403871005833922e-13	-5.276708082093911e-13	-1.015653578517207e-12	7.171527644431127e-6	7.171527248133844e-6	7.171526978345886e-6	7.171526807337094e-6	7.171526126655959e-6	7.171526103563267e-6	7.17152582893968e-6	-0.3563687747654687	-0.3563687747652943	-0.35636877476528905	-0.3563687747654523	-0.35636877476663814	-0.3563687747666302	-0.3563687747664572	-0.35636877476687423	-0.3563687747670032	-0.3563687747657934	-0.35636877476534046	-0.3563687747654439	-0.35636877477854306	-0.356368774778579	-0.3563687747270992	-0.356368774728224	-0.3563687747261752	-0.35636877495466324	-0.3563687749549056	-0.35636877495502967	-0.35636877495438435	-0.35636877495433356	-0.35636877495406066	-0.35636877495413016	-0.35636877495407326	-0.35636877495175356	-0.4318763152588799	-0.4318763152588835	-0.43187631525888526	-0.4318763152588723	-0.4318763152588676	-0.4318763152588693	-0.4318763152588665	-0.4318763152588677	-0.4318763152588747	-0.4318763152588605	-0.43187631525914766	-0.43187631525915904	-0.43187631525914744	-0.43187631525913617	-0.431876315259117	-0.4318763152591175	-0.44126669931176854	-0.4412666993117618	-0.47966298013626435	-0.48375383863814647	-0.43555961993175707	-0.43555961993175923	-0.43555961993175685	-0.4355596199317553	-0.43555961993176023	-0.43555961993175557	-0.43555961993175835	-0.43555961993175635	-0.4355596199317575	-0.4355596199317558	-0.43555961993175774	-0.4355596199317594	-0.435559619931757	-0.43555961993175746	-0.43555961993175907	-0.4355596199317569	-0.43555961993175807	-0.43555961993175907	-0.4355596199317553	-0.4355596199317597	-0.43555961993175646	-0.4355596199317568	-0.4355596199317581	-0.43555961993175735	-0.4355596199317566	-0.43555961993175524	-0.43555961993175724	-0.43555961993175896	-0.43555961993175685	-0.43555961993175746	-0.4355596199317583	-0.43555961993175707	-0.4355596199317565	-0.4355596199317575	-0.435559619931757	-0.43555961993175873	-0.4355596199317594
60.0	-1.7301475755027123e-16	-6.641919043308906e-13	-7.352217119263674e-13	-6.052707120787286e-13	-1.1654855804712807e-12	8.232544197975152e-6	8.23254374242386e-6	8.232543434185e-6	8.232543237731417e-6	8.232542455344896e-6	8.232542429032709e-6	8.232542114632031e-6	-0.4090929903250694	-0.40909299032487045	-0.4090929903248667	-0.40909299032505214	-0.40909299032641344	-0.4090929903264045	-0.40909299032620533	-0.40909299032668617	-0.4090929903268335	-0.4090929903254447	-0.4090929903249247	-0.4090929903250428	-0.40909299034008023	-0.40909299034012137	-0.409092990281026	-0.40909299028231644	-0.40909299027996376	-0.4090929905422563	-0.4090929905425348	-0.4090929905426774	-0.40909299054193604	-0.409092990541877	-0.4090929905415639	-0.4090929905416443	-0.4090929905415793	-0.4090929905389166	-0.49577175603026064	-0.49577175603026435	-0.49577175603026485	-0.49577175603025087	-0.4957717560302464	-0.49577175603024537	-0.4957717560302444	-0.4957717560302466	-0.49577175603025225	-0.4957717560302384	-0.49577175603056617	-0.4957717560305816	-0.49577175603056894	-0.49577175603055623	-0.49577175603053153	-0.4957717560305354	-0.4957717560305123	-0.495771756030505	-0.49577175603050555	-0.49999999999999906	-0.5000000000000007	-0.5000000000000017	-0.49999999999999906	-0.49999999999999684	-0.5000000000000014	-0.4999999999999983	-0.5000000000000004	-0.4999999999999985	-0.49999999999999867	-0.4999999999999979	-0.5000000000000006	-0.49999999999999906	-0.4999999999999991	-0.4999999999999994	-0.5000000000000012	-0.49999999999999895	-0.5000000000000003	-0.5000000000000012	-0.4999999999999976	-0.5000000000000009	-0.4999999999999974	-0.4999999999999995	-0.4999999999999996	-0.5000000000000004	-0.49999999999999883	-0.4999999999999985	-0.499999999999999	-0.5000000000000009	-0.4999999999999991	-0.4999999999999998	-0.5000000000000007	-0.49999999999999883	-0.4999999999999991	-0.49999999999999906	-0.4999999999999995	-0.4999999999999991	-0.49999999999999967
61.0	-3.610886230078022e-15	2.3665747242009653e-9	2.3666137865953532e-9	2.3662700708805644e-9	2.3679389095439773e-9	2.3342520687880193e-9	2.3340030360879708e-9	2.3350420348697334e-9	2.335185262615701e-9	2.3352990667670384e-9	2.3351516237656545e-9	2.334648795559747e-9	0.2727347632990443	0.27273476329968366	0.27273476329965135	0.2727347632992196	0.27273476329303176	0.27273476329300594	0.2727347632939153	0.27273476329219304	0.2727347632916368	0.2727347633005313	0.2727347633054641	0.2727347633054471	0.27273476323777734	0.272734763243941	0.27273476331424523	0.27273476331116875	0.2727347633053942	0.27273476205098685	0.2727347620519217	0.27273476205135533	0.2727347620536014	0.2727347620534683	0.2727347620540906	0.2727347620571642	0.2727347620581157	0.2727347620570743	-0.46184358562784	-0.4618435856277907	-0.4618435856276354	-0.4618435856274076	-0.46184358562737515	-0.4618435856274377	-0.4618435856275465	-0.4618435856276043	-0.4618435856276607	-0.4618435856274764	-0.4618435856340929	-0.4618435856342681	-0.46184358563423406	-0.4618435856341151	-0.4618435856336886	-0.46184358563358063	-0.4618435856334215	-0.46184358563347405	-0.46184358563346595	-0.4650874149268112	-0.4650874149268053	-0.5000000000000017	-0.49999999999999895	-0.4999999999999968	-0.5000000000000014	-0.49999999999999817	-0.5000000000000003	-0.49999999999999833	-0.4999999999999985	-0.49999999999999784	-0.5000000000000006	-0.49999999999999895	-0.49999999999999895	-0.4999999999999993	-0.5000000000000012	-0.49999999999999883	-0.5000000000000003	-0.5000000000000012	-0.49999999999999756	-0.5000000000000009	-0.4999999999999974	-0.49999999999999944	-0.4999999999999996	-0.5000000000000003	-0.49999999999999883	-0.4999999999999985	-0.4999999999999989	-0.5000000000000009	-0.49999999999999895	-0.4999999999999998	-0.5000000000000006	-0.49999999999999883	-0.4999999999999991	-0.49999999999999895	-0.4999999999999994	-0.4999999999999991	-0.4999999999999996
62.0	-3.327403311669486e-15	2.061568867343535e-9	2.0616028672174684e-9	2.0613032040191743e-9	2.062757186883997e-9	2.0334121470192945e-9	2.033194647190528e-9	2.0341001033972253e-9	2.0342253846576055e-9	2.0343236062336504e-9	2.034195432790024e-9	2.03375777757725e-9	0.23758449968941947	0.23758449968997666	0.2375844996899485	0.2375844996895723	0.2375844996841822	0.23758449968416	0.237584499684952	0.2375844996834506	0.23758449968296683	0.23758449969071474	0.23758449969501175	0.2375844996949983	0.23758449963604866	0.2375844996414181	0.2375844997026608	0.2375844996999809	0.2375844996949504	0.23758449860221262	0.23758449860302705	0.23758449860253328	0.23758449860448985	0.2375844986043743	0.23758449860491773	0.23758449860759356	0.2375844986084221	0.2375844986075167	-0.40232083324796386	-0.4023208332479201	-0.40232083324778617	-0.40232083324758783	-0.402320833247559	-0.4023208332476147	-0.4023208332477077	-0.4023208332477584	-0.40232083324780854	-0.40232083324764795	-0.402320833253411	-0.4023208332535644	-0.4023208332535339	-0.4023208332534306	-0.4023208332530601	-0.40232083325296647	-0.4023208332528269	-0.40232083325287255	-0.40232083325286533	-0.40514659536113007	-0.4051465953611264	-0.43555961993175935	-0.48375383863814675	-0.4837538386381447	-0.4450300909080143	-0.4450300909080122	-0.435559619931758	-0.4355596199317562	-0.4355596199317566	-0.43555961993175574	-0.43555961993175857	-0.4355596199317574	-0.4355596199317565	-0.43555961993175785	-0.4355596199317595	-0.43555961993175685	-0.4355596199317578	-0.435559619931759	-0.4355596199317558	-0.43555961993175857	-0.4355596199317551	-0.4355596199317579	-0.43555961993175846	-0.4355596199317578	-0.4355596199317564	-0.4355596199317567	-0.43555961993175646	-0.4355596199317587	-0.4355596199317573	-0.4355596199317579	-0.4355596199317583	-0.43555961993175674	-0.4355596199317569	-0.4355596199317561	-0.43555961993175585	-0.4355596199317578	-0.4355596199317579
63.0	3.5237157907470706e-15	-5.73298988785982e-16	-4.787828856451771e-15	1.878382093903544e-15	-7.3604804139526e-14	-1.7955688279651768e-14	-1.9509479394036328e-16	4.094707327256782e-15	-5.963124733680566e-16	7.557020689977027e-15	-5.475426708371918e-14	-3.4169603360030384e-14	1.1240865306337002e-15	-1.0363079287996387e-15	4.29868822504394e-17	1.1315396133368593e-13	7.604891864179437e-14	6.436818755941505e-15	3.929390550914995e-14	3.136261327351594e-14	-1.036763863937999e-13	-1.623469001634049e-11	-1.612347674311843e-11	-1.6121426846271948e-11	-1.5886307679352613e-11	-1.594090978091804e-11	-1.5894683959558367e-11	-1.574791805784649e-11	-1.5899648450464236e-11	-1.6049429211422523e-11	-1.6038799359855596e-11	-1.6043847845684357e-11	-1.5950686093985327e-11	-1.5805012832920837e-11	-1.5786280660211094e-11	-1.5678099343787047e-11	-1.57198767918735e-11	-1.5746373709822583e-11	-1.5662888731922458e-11	-1.547057952323724e-11	-1.5387606024347918e-11	-1.5517014650569933e-11	-1.542481828033441e-11	-1.5404824882306745e-11	-1.551360722307394e-11	-1.5605633636039834e-11	-1.5886278734349567e-11	-1.5764080915743276e-11	-1.5716524445948437e-11	-1.5667148404860896e-11	-1.544573648888814e-11	-1.5326395109295904e-11	-1.5137171310119373e-11	-1.5065193512309065e-11	-1.5025891286580803e-11	-1.4955747132240376e-11	-1.484778577293707e-11	-1.5026746724156732e-11	-1.493480502810285e-11	-1.4991468773820725e-11	-1.6617974878400693e-11	-0.48375383863814464	-0.4450300909080144	-0.44503009090801243	-0.43555961993175774	-0.43555961993175607	-0.43555961993175674	-0.43555961993175574	-0.4355596199317584	-0.43555961993175746	-0.4355596199317563	-0.43555961993175774	-0.4355596199317594	-0.43555961993175685	-0.43555961993175774	-0.43555961993175885	-0.4355596199317558	-0.43555961993175857	-0.4355596199317552	-0.4355596199317579	-0.43555961993175835	-0.4355596199317576	-0.4355596199317563	-0.4355596199317565	-0.43555961993175635	-0.4355596199317585	-0.43555961993175696	-0.43555961993175796	-0.4355596199317583	-0.4355596199317566	-0.4355596199317568	-0.43555961993175596	-0.4355596199317558	-0.4355596199317578	-0.43555961993175796
64.0	3.645082338213684e-15	-2.1700194195058017e-16	-5.3632220158165366e-15	1.2046465519356643e-15	-7.459186256571516e-14	-1.9060550094255797e-14	-4.97792085445289e-16	4.917605597856323e-15	-6.157158477460497e-16	7.46456478346907e-15	-5.4747969000149486e-14	-3.410760070518155e-14	1.1411633443183236e-15	-1.0402303544153287e-15	-2.4033762812883846e-16	1.1370189887856546e-13	7.693114040313817e-14	6.329444400729454e-15	3.944707146045426e-14	3.121492929756011e-14	-1.0332274358418454e-13	-1.6235037248175695e-11	-1.6122698440922003e-11	-1.6121469989736078e-11	-1.5887259714320565e-11	-1.5939975904568784e-11	-1.5891026442326904e-11	-1.5749654514547853e-11	-1.5899653170870303e-11	-1.6049836000005623e-11	-1.6039177698041915e-11	-1.6044008040781132e-11	-1.595114367660085e-11	-1.580422733127597e-11	-1.578652697266711e-11	-1.567796696698502e-11	-1.572012367474901e-11	-1.5745706809210935e-11	-1.5664384170450238e-11	-1.54703800881761e-11	-1.5387185338209814e-11	-1.5518441126067004e-11	-1.5426050352808383e-11	-1.5404402971483887e-11	-1.5513657950352602e-11	-1.5606184305626117e-11	-1.588498338631279e-11	-1.576429123834096e-11	-1.571595463041855e-11	-1.566617435096001e-11	-1.544590789455071e-11	-1.5325956868528304e-11	-1.5136436415928196e-11	-1.5064535976808543e-11	-1.5025957203157472e-11	-1.495560761523195e-11	-1.4848365266401044e-11	-1.5027365638673172e-11	-1.4934794285140058e-11	-1.499054104725485e-11	-1.5287140585358283e-11	-0.44503009090801066	-0.48375383863814886	-0.4837538386381465	-0.4355596199317583	-0.43555961993175646	-0.4355596199317571	-0.43555961993175607	-0.4355596199317582	-0.4355596199317571	-0.43555961993175824	-0.43555961993175724	-0.43555961993175846	-0.43555961993175674	-0.4355596199317576	-0.4355596199317586	-0.4355596199317565	-0.4355596199317579	-0.4355596199317551	-0.43555961993175746	-0.4355596199317576	-0.43555961993175807	-0.43555961993175724	-0.4355596199317558	-0.4355596199317572	-0.43555961993175873	-0.4355596199317565	-0.4355596199317584	-0.43555961993175857	-0.43555961993175685	-0.435559619931757	-0.43555961993175724	-0.4355596199317573	-0.4355596199317571	-0.4355596199317571
65.0	-1.0267065864361596e-15	1.2698236365981808e-15	5.794429908084814e-16	5.871174884204109e-16	4.0323969694812504e-13	-2.936671524992145e-13	4.798009075721624e-10	4.803548396712202e-10	4.790200832326561e-10	4.782933279578512e-10	4.787886685302946e-10	4.8002907924158e-10	4.759906191325316e-10	4.752593913604719e-10	4.752371345392052e-10	4.744228579494835e-10	4.742920081973253e-10	4.731683143172776e-10	7.985388744310691e-8	7.985391207963347e-8	7.985748104099762e-8	7.985759489108853e-8	7.985632950321678e-8	7.985633570017196e-8	7.985629379655002e-8	7.985661290269678e-8	7.985664529253374e-8	7.985675542639845e-8	7.985656191912137e-8	7.985751039300835e-8	7.985761378200539e-8	7.985772252202229e-8	7.985747867153287e-8	7.985732798666676e-8	7.985716710537752e-8	7.985663341364197e-8	7.985642517099864e-8	7.985654032412881e-8	7.985644004709273e-8	7.985622320682594e-8	7.985622823097873e-8	7.985953453730429e-8	7.985956030542851e-8	7.98574085537742e-8	7.98579911738887e-8	7.985785140780465e-8	7.98585564202379e-8	7.985901196179343e-8	7.985847782285246e-8	7.985904162954296e-8	7.985908203499075e-8	7.985865545874915e-8	7.985876011125478e-8	7.985900334470186e-8	7.985278223293963e-8	7.985143372923398e-8	7.985162350044954e-8	7.985154354838427e-8	7.985183400291134e-8	7.985104956394519e-8	8.158724024878043e-8	8.15872095562883e-8	8.868569755935502e-8	-0.4837538386381464	-0.4355596199317583	-0.43555961993175657	-0.43555961993175685	-0.43555961993175607	-0.4355596199317583	-0.4355596199317572	-0.4355596199317582	-0.43555961993175735	-0.4355596199317584	-0.4355596199317567	-0.4355596199317577	-0.43555961993175873	-0.43555961993175657	-0.4355596199317579	-0.43555961993175524	-0.43555961993175746	-0.43555961993175746	-0.4355596199317581	-0.4355596199317573	-0.4355596199317558	-0.435559619931757	-0.43555961993175873	-0.43555961993175657	-0.4355596199317585	-0.43555961993175857	-0.4355596199317568	-0.43555961993175707	-0.4355596199317572	-0.43555961993175746	-0.4355596199317571	-0.4355596199317573
66.0	-1.0001629277326394e-15	1.3731212177796598e-15	1.02531048050595e-15	6.106234846011363e-16	4.621850344338637e-13	-3.374218247431531e-13	5.507867970451147e-10	5.514232349958408e-10	5.498894571774142e-10	5.490558542838364e-10	5.496250024344347e-10	5.510484859182444e-10	5.46412246003019e-10	5.455737609910647e-10	5.455480406733516e-10	5.44612862611198e-10	5.444625952565604e-10	5.431731189941285e-10	9.16681469069333e-8	9.166817611753399e-8	9.167227278388996e-8	9.167240455253852e-8	9.1670951985515e-8	9.16709582567716e-8	9.167091057124761e-8	9.167127646469934e-8	9.167131436340308e-8	9.167144005033879e-8	9.167121785121517e-8	9.167230653619535e-8	9.167242566306002e-8	9.167255094132255e-8	9.167227059599416e-8	9.167209796876664e-8	9.167191271793529e-8	9.16713001505094e-8	9.167106045514228e-8	9.167119247273921e-8	9.167107834169891e-8	9.167082844091772e-8	9.167083508783888e-8	9.167463062003882e-8	9.167466030223038e-8	9.167218983195392e-8	9.167285941453501e-8	9.167269777376619e-8	9.16735069416179e-8	9.167403085461479e-8	9.167341736514949e-8	9.16740645665672e-8	9.167411036970325e-8	9.167362098057957e-8	9.167374203029014e-8	9.167402110033051e-8	9.166687976242204e-8	9.166533137894685e-8	9.16655479990328e-8	9.166545754938214e-8	9.166579079235211e-8	9.166489050413299e-8	9.16648586398041e-8	9.16648226820864e-8	9.166407606004545e-8	-0.49999999999999867	-0.5	-0.4999999999999987	-0.49999999999999883	-0.4999999999999975	-0.5000000000000001	-0.49999999999999906	-0.4999999999999989	-0.4999999999999993	-0.5000000000000012	-0.4999999999999985	-0.5000000000000001	-0.5000000000000012	-0.49999999999999817	-0.500000000000001	-0.4999999999999977	-0.49999999999999895	-0.4999999999999993	-0.5000000000000001	-0.49999999999999883	-0.49999999999999833	-0.4999999999999986	-0.5000000000000006	-0.4999999999999985	-0.4999999999999999	-0.5000000000000003	-0.49999999999999833	-0.49999999999999867	-0.49999999999999895	-0.4999999999999994	-0.4999999999999991	-0.5000000000000003
67.0	2.37008070900322e-13	3.210262685375183e-13	3.068685473350742e-13	2.977108130448929e-13	-2.4510252992092336e-11	-2.4388245278179112e-11	-1.565065337140434e-11	-1.56162884697129e-11	-1.7618015473196994e-11	-2.0845660364065833e-11	-1.9412992336842346e-11	-1.821005702686098e-11	-1.8810619178067244e-11	-2.0158902412174946e-11	-2.0663381271006176e-11	-2.1605222869745758e-11	-2.180508039376763e-11	-1.9829918373168267e-11	-5.800354324002194e-8	-5.8003491072892884e-8	-5.800783629967068e-8	-5.8006520593764336e-8	-5.800764924457272e-8	-5.8007370683391155e-8	-5.800718665932041e-8	-5.8007568145051415e-8	-5.800797718692622e-8	-5.800779272536833e-8	-5.8007419197988415e-8	-5.8008084714297577e-8	-5.800788610002266e-8	-5.800780050351969e-8	-5.8007580467365984e-8	-5.8007270313879736e-8	-5.8006223831834686e-8	-5.800596803148588e-8	-5.800571773526746e-8	-5.80047112005446e-8	-5.800469227723694e-8	-5.800464785373083e-8	-5.800487806183852e-8	-5.800584123491732e-8	-5.80056679324687e-8	-5.80016872875289e-8	-5.800148289244828e-8	-5.800095788027106e-8	-5.7999430526422943e-8	-5.799849218758656e-8	-5.799792245357684e-8	-5.7997941228656245e-8	-5.799771590179602e-8	-5.799734798921219e-8	-5.7998071683309724e-8	-5.7997470500410135e-8	-5.799394915662359e-8	-5.799223683644408e-8	-5.799239111583838e-8	-5.7992201757034276e-8	-5.799220875922922e-8	-5.799171832436825e-8	-5.7991778271213725e-8	-5.7991144892165416e-8	-5.799225023656063e-8	-5.7992250068569614e-8	-5.7992227406944324e-8	-0.4999999999999987	-0.49999999999999883	-0.4999999999999976	-0.5000000000000001	-0.49999999999999895	-0.49999999999999883	-0.4999999999999993	-0.5000000000000012	-0.49999999999999856	-0.5000000000000001	-0.5000000000000012	-0.49999999999999817	-0.5000000000000012	-0.4999999999999977	-0.4999999999999991	-0.4999999999999993	-0.5000000000000001	-0.49999999999999883	-0.49999999999999845	-0.4999999999999987	-0.5000000000000007	-0.49999999999999856	-0.5	-0.5000000000000004	-0.4999999999999985	-0.49999999999999883	-0.4999999999999991	-0.49999999999999956	-0.4999999999999992	-0.5000000000000006
68.0	2.063791858741052e-13	2.789365572083599e-13	2.6716846394664603e-13	2.593900169835547e-13	-2.135137286977581e-11	-2.1244246806517325e-11	-1.3633149349237263e-11	-1.3603894925386144e-11	-1.5347212465667717e-11	-1.8159387099223966e-11	-1.6911243141997397e-11	-1.5863178593988953e-11	-1.6386246732080183e-11	-1.756017938002725e-11	-1.800049328032705e-11	-1.8821970960850902e-11	-1.8994947857924004e-11	-1.7274178818820744e-11	-5.0528002615866924e-8	-5.0527957152110915e-8	-5.053174255807691e-8	-5.053059605781418e-8	-5.053157902897998e-8	-5.053133687531842e-8	-5.053117617020948e-8	-5.0531508765927724e-8	-5.053186523090358e-8	-5.053170434508841e-8	-5.0531378918862287e-8	-5.053195932843116e-8	-5.053178590904742e-8	-5.0531710603264924e-8	-5.053151971220655e-8	-5.053124967075917e-8	-5.053033730971148e-8	-5.053011482761573e-8	-5.052989582328482e-8	-5.0529020315059935e-8	-5.0529003439789425e-8	-5.0528964471438e-8	-5.052916534878766e-8	-5.053000401497481e-8	-5.0529853312568445e-8	-5.052638595724991e-8	-5.052620784588545e-8	-5.052575021944516e-8	-5.05244199699476e-8	-5.052360246884855e-8	-5.0523106806314276e-8	-5.052312284934505e-8	-5.05229262625631e-8	-5.0522605453007856e-8	-5.052323594267558e-8	-5.052271350662348e-8	-5.051964511951441e-8	-5.051815303167129e-8	-5.051828772752144e-8	-5.0518122921611375e-8	-5.051812885017344e-8	-5.0517702116041324e-8	-5.05177540072347e-8	-5.051720207479772e-8	-5.0518164853021036e-8	-5.051816538005879e-8	-5.0518145378723154e-8	-0.43555961993175607	-0.4837538386381466	-0.4837538386381452	-0.44503009090801365	-0.44503009090801265	-0.43555961993175674	-0.4355596199317574	-0.4355596199317591	-0.43555961993175657	-0.4355596199317577	-0.43555961993175957	-0.43555961993175557	-0.43555961993175885	-0.4355596199317553	-0.43555961993175735	-0.4355596199317576	-0.4355596199317586	-0.4355596199317565	-0.435559619931756	-0.4355596199317568	-0.4355596199317586	-0.43555961993175657	-0.43555961993175807	-0.43555961993175757	-0.4355596199317571	-0.43555961993175757	-0.4355596199317572	-0.4355596199317573	-0.4355596199317572	-0.4355596199317579
69.0	-2.692724248825037e-15	7.734686729566806e-16	3.2982104335171967e-16	3.2006091595501755e-14	3.9932728293908427e-14	9.104859057098642e-14	1.1020593952788731e-13	1.7377945409406002e-13	6.253134943528566e-14	1.3682642583197337e-14	-1.4134805563103967e-16	-2.2504115749280747e-15	1.6620862425928737e-14	1.2414419747531662e-15	-9.106183325936141e-15	5.224190625571453e-15	5.389168636464565e-14	1.1638128805640366e-13	1.7411512789206657e-13	1.8519045196774307e-13	-4.817040106594696e-12	-4.818591756495301e-12	-4.8603415714832925e-12	-4.960277860110396e-12	-5.0646318681470815e-12	-5.0322168310552524e-12	-5.042055426588161e-12	-5.1367293171165924e-12	-5.305183595602233e-12	-5.280969662413296e-12	-5.321041512194514e-12	-5.344818343088852e-12	-5.339021224013215e-12	-5.1413796307543016e-12	-5.079015390145774e-12	-5.0868508558155724e-12	-5.168215994044901e-12	-5.3331329622155965e-12	-5.211303072184979e-12	-5.202484560408253e-12	-5.340683688823376e-12	-5.2917332594073506e-12	-5.361392110112465e-12	-5.3306760077919995e-12	-5.505699189671779e-12	-5.5483918913953016e-12	-5.6164235022445595e-12	-5.654291171378997e-12	-5.533687596422891e-12	-5.577244400779094e-12	-5.4314356824234234e-12	-5.443418979434831e-12	-5.085289839564778e-12	-5.128071806904292e-12	-5.08309870257929e-12	-5.2096226188350876e-12	-5.441303020324608e-12	-5.411826048132269e-12	-5.396036543947664e-12	-5.7515430637182905e-12	-5.68217466223461e-12	-5.57888896162447e-12	-5.552248264994399e-12	-5.626385520946587e-12	-5.5392610627732214e-12	-5.626774318092864e-12	-6.261492260933995e-12	-0.4837538386381452	-0.4450300909080132	-0.44503009090801254	-0.43555961993175657	-0.4355596199317571	-0.4355596199317592	-0.43555961993175635	-0.43555961993175796	-0.4355596199317596	-0.43555961993175546	-0.43555961993175885	-0.43555961993175546	-0.43555961993175746	-0.43555961993175746	-0.4355596199317587	-0.4355596199317564	-0.43555961993175585	-0.4355596199317567	-0.43555961993175846	-0.4355596199317568	-0.4355596199317581	-0.4355596199317574	-0.4355596199317572	-0.43555961993175735	-0.4355596199317571	-0.43555961993175724	-0.4355596199317572	-0.4355596199317579
70.0	-2.50990152788946e-15	5.274481616345386e-16	9.044212803416953e-16	3.158943061228083e-14	4.009736848034213e-14	9.034706658806362e-14	1.1045395029646382e-13	1.743540818697228e-13	6.300228685041561e-14	1.3301399258413269e-14	-4.780314327527713e-16	-2.8394904365543e-15	1.575089945049445e-14	1.189936436022311e-15	-7.728271480684027e-15	5.111579587867386e-15	5.315031228959474e-14	1.1575924884813398e-13	1.7395063581275857e-13	1.8516530363381026e-13	-4.817438883122114e-12	-4.816492841605181e-12	-4.8598997547386085e-12	-4.959739373411844e-12	-5.0646848849280606e-12	-5.032886813116641e-12	-5.042053538155429e-12	-5.136576871425087e-12	-5.304522612093434e-12	-5.28091329158671e-12	-5.32088338292068e-12	-5.346234415523135e-12	-5.339417263015081e-12	-5.141236461103762e-12	-5.0790733947868146e-12	-5.086682374346125e-12	-5.169831191439981e-12	-5.3321070888755944e-12	-5.21205642202424e-12	-5.202073036618441e-12	-5.340797350254786e-12	-5.292176209831981e-12	-5.361043793604892e-12	-5.330541460790862e-12	-5.5042084835853584e-12	-5.549841826077602e-12	-5.6157643746816154e-12	-5.654568986203258e-12	-5.532868663464198e-12	-5.5778714927165455e-12	-5.431065212557395e-12	-5.441955305092888e-12	-5.084914413571944e-12	-5.12837232321428e-12	-5.082790250492779e-12	-5.20763927492924e-12	-5.44121086118793e-12	-5.41263880891703e-12	-5.397550672050402e-12	-5.752540156894586e-12	-5.682841446365367e-12	-5.57973870652308e-12	-5.552481541216223e-12	-5.627137908610291e-12	-5.537784521150953e-12	-5.627238253795998e-12	-5.761479725786786e-12	-0.44503009090801143	-0.4837538386381474	-0.4837538386381463	-0.43555961993175707	-0.4355596199317569	-0.4355596199317593	-0.4355596199317557	-0.4355596199317583	-0.43555961993175857	-0.43555961993175535	-0.4355596199317591	-0.435559619931756	-0.43555961993175757	-0.43555961993175746	-0.4355596199317583	-0.43555961993175696	-0.43555961993175707	-0.43555961993175596	-0.43555961993175835	-0.4355596199317563	-0.435559619931757	-0.43555961993175724	-0.4355596199317563	-0.435559619931757	-0.43555961993175724	-0.4355596199317571	-0.43555961993175757	-0.43555961993175873
71.0	-6.337741294484893e-13	-6.473152659615524e-13	-6.405192551908145e-13	-8.402348120910253e-14	1.9905271883396464e-13	-7.144308171712232e-16	-8.693353870285137e-14	1.4860371365723337e-13	1.3942589641050635e-13	2.6708206192999434e-13	6.338882775165782e-13	1.7218222950725574e-13	-1.873032972591381e-11	-1.8557850098976598e-11	-2.0128527632093104e-11	-2.0569510588647778e-11	-2.0235413589543388e-11	-1.94413311479261e-11	-5.1232600394385725e-8	-5.123249694249209e-8	-5.1233323671088924e-8	-5.1233744643472135e-8	-5.1233196462474274e-8	-5.1233366764180867e-8	-5.1233492239566346e-8	-5.123351793538342e-8	-5.123271582009465e-8	-5.123169041463828e-8	-5.123193488933754e-8	-5.123188947055039e-8	-5.1231846895928615e-8	-5.1229330988508137e-8	-5.122976380967511e-8	-5.123126610401872e-8	-5.122879225270347e-8	-5.122918971050314e-8	-5.1229107108879083e-8	-5.122943984915592e-8	-5.122953903858075e-8	-5.123054173912314e-8	-5.123006333781768e-8	-5.123182920594363e-8	-5.123114110042519e-8	-5.123159499394105e-8	-5.1232119297051655e-8	-5.12322233208539e-8	-5.123233831227052e-8	-5.123189529222797e-8	-5.123189167974094e-8	-5.123171719141811e-8	-5.1230578716456984e-8	-5.12306180019995e-8	-5.1231013775639596e-8	-5.1231379680427134e-8	-5.123224582371012e-8	-5.1232907222112275e-8	-5.1232730176364065e-8	-5.1231820986632024e-8	-5.123221823552646e-8	-5.123231503323649e-8	-5.123231835033683e-8	-1.0670998711544675e-5	-1.0670998836937973e-5	-1.0670998261463792e-5	-1.0670998183988419e-5	-1.0670998948871813e-5	-1.0903021241343711e-5	-1.0903021904135847e-5	-1.1851734862538055e-5	-0.48375383863814614	-0.43555961993175724	-0.435559619931757	-0.4355596199317592	-0.43555961993175574	-0.4355596199317582	-0.4355596199317586	-0.4355596199317553	-0.4355596199317593	-0.4355596199317561	-0.4355596199317574	-0.43555961993175746	-0.4355596199317584	-0.4355596199317568	-0.435559619931757	-0.43555961993175607	-0.4355596199317583	-0.43555961993175635	-0.43555961993175707	-0.4355596199317574	-0.43555961993175624	-0.43555961993175696	-0.4355596199317572	-0.43555961993175707	-0.4355596199317576	-0.4355596199317587
72.0	-7.275272160161307e-13	-7.427069318701228e-13	-7.340489350200978e-13	-9.814733775754792e-14	2.2862252475863687e-13	-8.668288920666434e-16	-9.952899489366191e-14	1.7055777847498018e-13	1.5989373909581803e-13	3.0644740108192794e-13	7.271407465302772e-13	1.980915390759037e-13	-2.1501390230219488e-11	-2.1302709092045263e-11	-2.3106071578484372e-11	-2.361249660269603e-11	-2.322958863633214e-11	-2.2316681567606134e-11	-5.8812385410175696e-8	-5.8812266222851486e-8	-5.881321513603064e-8	-5.8813698533562196e-8	-5.881306952666062e-8	-5.881326503329632e-8	-5.881340952787701e-8	-5.881343851550002e-8	-5.881251769476179e-8	-5.881134185315305e-8	-5.88116214041324e-8	-5.8811569492111474e-8	-5.8811520372834724e-8	-5.880863208802356e-8	-5.8809129295586975e-8	-5.881085351473463e-8	-5.880801327903089e-8	-5.880846969888576e-8	-5.880837512778091e-8	-5.880875642394405e-8	-5.8808871149642554e-8	-5.881002185362271e-8	-5.880947256350138e-8	-5.8811499903892396e-8	-5.8810709901016e-8	-5.8811231207494723e-8	-5.8811833244497384e-8	-5.8811952131958226e-8	-5.88120841514874e-8	-5.881157611901568e-8	-5.881157227105218e-8	-5.881137121476843e-8	-5.881006475483765e-8	-5.881010950096798e-8	-5.881056375873445e-8	-5.881098453796764e-8	-5.8811978336203686e-8	-5.881273817455843e-8	-5.881253568089137e-8	-5.881149061352521e-8	-5.881194659441813e-8	-5.8812057328295835e-8	-5.88120615440055e-8	-1.2249756661473333e-5	-1.224975680545818e-5	-1.2249756145232734e-5	-1.2249756056668382e-5	-1.2249756933705626e-5	-1.22497573357801e-5	-1.2249758079466025e-5	-1.2249757951429946e-5	-0.49999999999999867	-0.49999999999999895	-0.4999999999999991	-0.5000000000000012	-0.4999999999999977	-0.5000000000000003	-0.5000000000000009	-0.49999999999999756	-0.500000000000001	-0.49999999999999817	-0.49999999999999895	-0.4999999999999993	-0.5000000000000003	-0.49999999999999833	-0.4999999999999979	-0.4999999999999987	-0.5000000000000003	-0.4999999999999985	-0.4999999999999998	-0.500000000000001	-0.4999999999999985	-0.49999999999999867	-0.49999999999999883	-0.4999999999999994	-0.49999999999999944	-0.5000000000000003
73.0	-1.9129807831803336e-7	-1.9129823368904896e-7	-1.912983689788056e-7	-1.9129932822080298e-7	-1.9129999118649746e-7	-1.913021189332241e-7	-1.9130328331408085e-7	-1.9130370992756946e-7	-1.913037276857493e-7	-1.9130402722551347e-7	-1.9130513735441248e-7	-1.9131180933161208e-7	-1.9131273842270654e-7	-1.913156346205906e-7	-1.9132036631709666e-7	-1.9131939844640892e-7	-1.9132092233152936e-7	-1.9132237244778886e-7	-3.0731194632479164e-7	-3.073125665016772e-7	-3.073134152785534e-7	-3.073132121031857e-7	-3.07313892879747e-7	-3.0731413981445447e-7	-3.07313889727025e-7	-3.0731427453598054e-7	-3.073151913620365e-7	-3.0732172485325073e-7	-3.0732213367677094e-7	-3.073221653289092e-7	-3.0732224425032737e-7	-3.0732672168594444e-7	-3.073269868632539e-7	-3.0733107847218697e-7	-3.0733418572053337e-7	-3.0733543542862875e-7	-3.073372272925049e-7	-3.073376660280257e-7	-3.0733939592539686e-7	-3.073409983845899e-7	-3.0734192508453256e-7	-3.073414958726552e-7	-3.0734545934915736e-7	-3.073469901811309e-7	-3.07348415151736e-7	-3.0734898930305155e-7	-3.07349502743382e-7	-3.0735415989819417e-7	-3.0735467255480114e-7	-3.0735522015573044e-7	-3.0735514056347217e-7	-3.0735529566428e-7	-3.073578547677884e-7	-3.073583532262698e-7	-3.073630174697647e-7	-3.0736449440221885e-7	-3.0736495915392464e-7	-3.073664794346684e-7	-3.073668564805291e-7	-3.073675288778906e-7	-3.073675567288119e-7	0.0001581180743810996	0.00015811807448178286	0.00015811807662363298	0.00015811807724808107	0.00015811807826358957	0.00015811807815114238	0.00015811808192067232	0.00015811808288264257	0.0001581180828754125	0.00015811808286569874	-0.4999999999999991	-0.5000000000000012	-0.4999999999999977	-0.5000000000000003	-0.5000000000000009	-0.49999999999999756	-0.500000000000001	-0.49999999999999817	-0.49999999999999895	-0.4999999999999993	-0.5000000000000003	-0.49999999999999833	-0.4999999999999979	-0.4999999999999987	-0.5000000000000003	-0.4999999999999985	-0.4999999999999998	-0.500000000000001	-0.4999999999999985	-0.49999999999999867	-0.49999999999999883	-0.4999999999999994	-0.49999999999999944	-0.5000000000000003
74.0	-1.6664343573063615e-7	-1.6664357165357652e-7	-1.6664368951372999e-7	-1.6664452504038951e-7	-1.6664510237050107e-7	-1.666469565775082e-7	-1.666479707594109e-7	-1.6664834234080185e-7	-1.6664835757936632e-7	-1.6664861879739538e-7	-1.6664958566157686e-7	-1.666553982806956e-7	-1.6665620723423433e-7	-1.666587306179419e-7	-1.6666285270669704e-7	-1.6666200883666258e-7	-1.666633360939178e-7	-1.666645996067748e-7	-2.6770534957545975e-7	-2.6770588903606833e-7	-2.6770662867362964e-7	-2.6770645162824163e-7	-2.677070432657548e-7	-2.677072600297104e-7	-2.67707041839375e-7	-2.6770737708239367e-7	-2.6770817609970516e-7	-2.6771386713045065e-7	-2.677142239589755e-7	-2.6771425075365875e-7	-2.6771431979860077e-7	-2.677182204113642e-7	-2.6771845129238133e-7	-2.677220150222356e-7	-2.677247225786299e-7	-2.677258108055666e-7	-2.677273712896134e-7	-2.677277540662973e-7	-2.677292610695679e-7	-2.677306568014226e-7	-2.677314641098958e-7	-2.677310902741945e-7	-2.6773454292747804e-7	-2.6773587683717455e-7	-2.677371173792496e-7	-2.6773761781181244e-7	-2.677380651843116e-7	-2.677421222993279e-7	-2.6774256899006885e-7	-2.677430461026359e-7	-2.677429763134538e-7	-2.677431116818757e-7	-2.6774534124821436e-7	-2.6774577507525525e-7	-2.6774983765115837e-7	-2.677511248548771e-7	-2.677515288370289e-7	-2.6775285311414126e-7	-2.6775318196289826e-7	-2.6775376784872363e-7	-2.677537924649123e-7	0.0001377396967643632	0.0001377396968512655	0.00013773969871652643	0.00013773969926145297	0.0001377397001462127	0.0001377397000482257	0.00013773970333109237	0.00013773970417082018	0.0001377397041629314	0.00013773970415434394	-0.43555961993175674	-0.48375383863814925	-0.4837538386381456	-0.44503009090801404	-0.44503009090801415	-0.4355596199317555	-0.4355596199317586	-0.43555961993175624	-0.4355596199317577	-0.4355596199317585	-0.4355596199317583	-0.43555961993175635	-0.43555961993175607	-0.43555961993175657	-0.43555961993175873	-0.4355596199317567	-0.43555961993175807	-0.4355596199317594	-0.43555961993175707	-0.4355596199317566	-0.43555961993175724	-0.4355596199317573	-0.43555961993175707	-0.43555961993175857
75.0	2.6690492950084885e-15	-1.824379390496875e-15	-7.313322225987412e-15	-2.1544265643729846e-15	7.802481731777783e-16	-5.846492536748075e-17	7.135026716575736e-15	1.5630955819171453e-14	-3.1444626987017623e-15	5.023979499363532e-15	9.870640714848425e-16	-2.2473484394758718e-14	4.8246521331434415e-15	-1.8112600376085874e-14	1.7500979893833043e-14	2.4959548405919373e-14	1.4293683477029703e-14	1.1541279237827278e-13	-2.7276304251047706e-15	6.809147509517695e-15	-1.0431836693273955e-13	-1.5004891258939203e-13	-1.8517272406952808e-13	-1.4043796012887364e-13	-1.692231464980501e-13	-1.3151145320482635e-13	-1.6160510857734266e-13	-1.4841140229357584e-13	-1.1945945378144253e-13	-7.118866937460557e-14	-9.793808910193015e-14	-3.088111996570757e-14	-7.482561828629193e-15	2.9418738244104616e-14	1.7455948728095665e-13	1.4161670823922006e-13	5.854322761418716e-14	1.3179051806269165e-15	-9.360035550087012e-15	-1.2720282328856184e-13	-6.902086051607692e-14	3.484746180982604e-14	4.09133395181703e-14	2.0867260871965525e-14	-3.604864501125484e-15	-4.095865262041109e-15	1.415050637072166e-14	2.2939561717042533e-14	-5.695231719600089e-14	-3.4278091545144925e-14	-1.2735531801479939e-14	1.219489338832289e-13	5.457495146162708e-14	-2.223039704517723e-16	9.880601072369729e-15	7.9078958265363e-15	-8.774886391034185e-14	-1.2889212993455562e-13	-8.33036852314235e-14	-5.3034299898381675e-14	8.674039690230982e-14	1.1580219797771816e-12	1.1929797702500582e-12	1.5908710787012365e-13	1.3909836723198494e-13	1.508732327455814e-13	1.672825767156438e-13	8.794051525469806e-14	1.5012189207616568e-13	1.7855096916816e-13	-2.2336346060908987e-12	-2.3717224532701714e-12	-2.0496687171875123e-12	-0.48375383863814575	-0.4450300909080141	-0.4450300909080142	-0.4355596199317558	-0.43555961993175846	-0.43555961993175624	-0.4355596199317579	-0.43555961993175835	-0.43555961993175807	-0.4355596199317565	-0.43555961993175585	-0.4355596199317568	-0.4355596199317589	-0.43555961993175685	-0.43555961993175785	-0.43555961993175935	-0.4355596199317572	-0.43555961993175646	-0.4355596199317569	-0.43555961993175724	-0.435559619931757	-0.4355596199317586
76.0	3.3029269315390483e-15	-2.249604957570409e-15	-7.340373312086356e-15	-1.9446190695045486e-15	8.891081392881346e-16	2.556050509164276e-16	6.902189636385554e-15	1.5715332833512076e-14	-1.6750366221209317e-15	4.6437400311585685e-15	6.518259668821487e-16	-2.1695616357595503e-14	3.442102062541573e-15	-1.802692747448319e-14	1.789621301253172e-14	2.466655469838747e-14	1.3438145449705337e-14	1.1555779145757094e-13	-2.3698030717138175e-15	7.683790693128497e-15	-1.0441917453461777e-13	-1.4969958213742436e-13	-1.849967753312891e-13	-1.4252281235629788e-13	-1.6906864324102983e-13	-1.3324981524222107e-13	-1.6071230612388022e-13	-1.485946127789053e-13	-1.1864500166684577e-13	-7.087191415974596e-14	-9.853268339629355e-14	-3.1592302936691795e-14	-7.477738145747267e-15	2.9085359398491605e-14	1.7368517457225337e-13	1.4177505120592492e-13	5.961589581981465e-14	5.074042079325039e-16	-9.21832161975154e-15	-1.2743247263034705e-13	-6.923233808913543e-14	3.4758428371590696e-14	4.096415029449235e-14	2.0057409848988238e-14	-3.9353728709517246e-15	-4.0252409706007165e-15	1.3999798724950831e-14	2.191001222961984e-14	-5.709132361643144e-14	-3.3776271055744696e-14	-1.3133869555021766e-14	1.234208684850831e-13	5.5512073530026385e-14	1.0849290961732918e-16	9.862014615793947e-15	9.248459743619494e-15	-8.716410409152557e-14	-1.2887326729702548e-13	-8.298239519694382e-14	-5.442308870910519e-14	8.660079831303389e-14	1.1577326051786226e-12	1.1921203534854131e-12	1.5935002444074693e-13	1.3890923510940693e-13	1.509802524984571e-13	1.6652938385946957e-13	8.80650379945068e-14	1.5132567304033496e-13	1.7988871332437822e-13	-2.2344937745602427e-12	-2.3713359382142005e-12	-1.8870749547173282e-12	-0.4450300909080115	-0.48375383863814825	-0.4837538386381484	-0.4355596199317558	-0.43555961993175923	-0.435559619931756	-0.435559619931757	-0.43555961993175646	-0.4355596199317566	-0.4355596199317565	-0.4355596199317562	-0.43555961993175624	-0.4355596199317579	-0.43555961993175685	-0.43555961993175807	-0.4355596199317594	-0.4355596199317562	-0.43555961993175607	-0.4355596199317565	-0.4355596199317577	-0.43555961993175757	-0.4355596199317582
77.0	-3.1291470167687324e-17	1.3753432192876316e-16	4.701514100360369e-16	-6.394255299093648e-14	-6.163752442404818e-11	-6.279038822605363e-11	-6.201384492451332e-11	-6.264701561752383e-11	-2.689214226547939e-10	-0.0006824035442991906	-0.0006824035442860604	-0.0006824035511431744	-0.0006824035517225598	-0.0006824035514933148	-0.0006824035514483312	-0.0006824035513943522	-0.0006824035525462758	-0.0006824035522930114	-0.0006824035520816315	-0.0006824035513254645	-0.0006824035514900097	-0.0006824035514810149	-0.0006824035514015904	-0.0006824035511671692	-0.0006824035505880005	-0.0006824035491163909	-0.0006824035492525309	-0.0006824035490793514	-0.0006824035491241803	-0.0006824035493037621	-0.0006824035456434745	-0.0006824035468765523	-0.0006824035488507476	-0.0006824035495476901	-0.0006824035491318928	-0.0006824035471954793	-0.0006824035461059447	-0.0006824035452200151	-0.0006824035476916367	-0.0006824035468815276	-0.0006824035469349453	-0.0006824035468703489	-0.0006824035475704173	-0.0006824035471678508	-0.0006824035474280679	-0.0006824035471497849	-0.0006824035460909725	-0.0006824035470378813	-0.0006824035460637651	-0.000682403546320957	-0.0006824035464058077	-0.0006824035467568327	-0.0006824035456649231	0.43251128286939944	0.43251128286939755	0.4325112828693949	0.4325112828693839	0.4325112828693644	0.392957870295804	0.39295787029578894	0.3929578702957775	0.3929578702957392	0.39295787029571344	0.39295787029570145	0.3929578702957046	0.3929578702956959	0.39295787029570123	0.39295787029570867	0.39295787029571916	0.3929578702954555	0.3929578702954009	0.39295787029535983	0.401502041828362	0.40150204182836086	0.43643824973551093	-0.48375383863814825	-0.43555961993175585	-0.43555961993175935	-0.43555961993175596	-0.435559619931757	-0.43555961993175657	-0.4355596199317566	-0.43555961993175657	-0.4355596199317562	-0.43555961993175624	-0.43555961993175796	-0.4355596199317568	-0.43555961993175807	-0.43555961993175957	-0.4355596199317562	-0.4355596199317561	-0.4355596199317565	-0.4355596199317576	-0.43555961993175757	-0.4355596199317582
78.0	3.1294831553705186e-16	-1.8632961336736034e-16	5.07439870727843e-16	-7.366719023040311e-14	-7.075673467873586e-11	-7.20800358130456e-11	-7.118866497271116e-11	-7.191575739839505e-11	-3.0870768140291364e-10	-0.0007833641057050604	-0.0007833641056915878	-0.0007833641135629553	-0.0007833641142277511	-0.0007833641139650683	-0.0007833641139138829	-0.0007833641138510433	-0.0007833641151737113	-0.0007833641148829459	-0.0007833641146389808	-0.0007833641137720103	-0.0007833641139603373	-0.0007833641139505132	-0.0007833641138592568	-0.0007833641135902615	-0.0007833641129255621	-0.0007833641112368692	-0.0007833641113925617	-0.0007833641111936069	-0.0007833641112452363	-0.0007833641114515861	-0.000783364107250063	-0.0007833641086650981	-0.0007833641109312152	-0.0007833641117315298	-0.0007833641112541298	-0.0007833641090308032	-0.0007833641077797996	-0.0007833641067637695	-0.0007833641096009573	-0.0007833641086700932	-0.0007833641087330998	-0.0007833641086571895	-0.000783364109461735	-0.0007833641089998759	-0.0007833641092973155	-0.0007833641089791186	-0.0007833641077627466	-0.000783364108849872	-0.0007833641077320969	-0.000783364108027816	-0.0007833641081230271	-0.0007833641085273181	-0.0007833641072739698	0.49650066612828214	0.4965006661282791	0.49650066612827637	0.4965006661282645	0.4965006661282414	0.4510953866170739	0.45109538661705667	0.45109538661704346	0.45109538661699683	0.4510953866169667	0.4510953866169561	0.4510953866169578	0.4510953866169498	0.45109538661695364	0.4510953866169649	0.45109538661697723	0.4510953866166746	0.4510953866166126	0.4510953866165648	0.45109538661662335	0.4510953866166223	0.4510953866166332	-0.5000000000000007	-0.4999999999999979	-0.5000000000000012	-0.4999999999999979	-0.4999999999999993	-0.4999999999999993	-0.5000000000000001	-0.49999999999999867	-0.4999999999999979	-0.4999999999999987	-0.500000000000001	-0.49999999999999867	-0.4999999999999993	-0.5000000000000014	-0.49999999999999883	-0.49999999999999867	-0.4999999999999985	-0.49999999999999956	-0.4999999999999991	-0.5000000000000001
79.0	5.064890824643554e-16	-1.2101818324820587e-15	2.7080458028138244e-16	-3.354584497131039e-13	-4.841271530875157e-11	-5.0772491810363106e-11	-5.223346102924968e-11	-5.307864695866005e-11	4.270022768978493e-10	-0.0003916782691735154	-0.000391678269150661	-0.00039167826786091646	-0.00039167826690727266	-0.0003916782668509899	-0.00039167826699017033	-0.000391678267007974	-0.00039167826591641233	-0.0003916782672329525	-0.00039167826798724753	-0.00039167826978942047	-0.0003916782695045933	-0.0003916782693493158	-0.0003916782691764016	-0.000391678270197374	-0.00039167827121833193	-0.0003916782712612471	-0.00039167827124021525	-0.0003916782710607235	-0.00039167827017855744	-0.00039167827059448943	-0.0003916782711239723	-0.0003916782717616776	-0.0003916782723730311	-0.00039167827238513166	-0.00039167827195845897	-0.0003916782759571462	-0.0003916782786035477	-0.0003916782794540892	-0.00039167827820397577	-0.00039167827934683853	-0.0003916782791493769	-0.00039167827884977103	-0.0003916782786893455	-0.00039167827884123706	-0.0003916782797975726	-0.000391678279129603	-0.0003916782802223993	-0.00039167827949220777	-0.00039167828037483203	-0.0003916782822226865	-0.00039167828193180897	-0.0003916782829749969	-0.0003916782836870383	0.31378884855290945	0.31378884855252154	0.3137888485524081	0.31378884855122047	0.31378884855371847	-0.4884805791656722	-0.4884805791656822	-0.4884805791656765	-0.48848057916566456	-0.48848057916565973	-0.48848057916565063	-0.48848057916564225	-0.488480579165633	-0.4884805791656206	-0.48848057916563475	-0.4884805791656358	-0.48848057916558557	-0.48848057916556725	-0.4884805791655672	-0.488480579165573	-0.48848057916556803	-0.4884805791655808	-0.31601526973437505	-0.3160152697343677	-0.5000000000000013	-0.49999999999999795	-0.4999999999999993	-0.4999999999999993	-0.5000000000000001	-0.49999999999999867	-0.4999999999999979	-0.4999999999999987	-0.500000000000001	-0.49999999999999867	-0.4999999999999993	-0.5000000000000014	-0.49999999999999883	-0.49999999999999867	-0.4999999999999985	-0.49999999999999956	-0.4999999999999991	-0.5000000000000001
80.0	6.543987792257373e-17	-7.347423702921925e-16	4.034318548720058e-17	-2.918747550574825e-13	-4.217417066968577e-11	-4.4229351997465357e-11	-4.550231385862625e-11	-4.62383776333609e-11	3.719698715954286e-10	-0.0003411984761133498	-0.00034119847609337194	-0.0003411984749696389	-0.0003411984741391124	-0.00034119847409028674	-0.0003411984742115201	-0.00034119847422747377	-0.0003411984732767209	-0.0003411984744229291	-0.0003411984750802489	-0.0003411984766499093	-0.00034119847640226553	-0.0003411984762671795	-0.00034119847611605334	-0.0003411984770053317	-0.0003411984778943653	-0.00034119847793242174	-0.0003411984779140133	-0.0003411984777576229	-0.0003411984769890235	-0.00034119847735139585	-0.0003411984778119609	-0.00034119847836771227	-0.00034119847890062843	-0.0003411984789114527	-0.00034119847853905996	-0.0003411984820227867	-0.00034119848432811973	-0.00034119848506910177	-0.00034119848398016386	-0.0003411984849749273	-0.00034119848480336707	-0.0003411984845427695	-0.0003411984844023611	-0.0003411984845350589	-0.00034119848536814777	-0.00034119848478642	-0.00034119848573881443	-0.0003411984851025715	-0.0003411984858706536	-0.0003411984874804563	-0.0003411984872270423	-0.0003411984881361592	-0.00034119848875706165	0.27334750322905854	0.2733475032287197	0.2733475032286199	0.27334750322758766	0.2733475032297621	-0.42552483081089015	-0.4255248308108989	-0.4255248308108942	-0.4255248308108843	-0.4255248308108788	-0.4255248308108727	-0.42552483081086506	-0.4255248308108572	-0.4255248308108457	-0.42552483081085773	-0.425524830810858	-0.42552483081081455	-0.42552483081079895	-0.4255248308107981	-0.42552483081080467	-0.42552483081079817	-0.4255248308108114	-0.2752869815562731	-0.2752869815562668	-0.4355596199317606	-0.48375383863814575	-0.4837538386381469	-0.44503009090801326	-0.44503009090801404	-0.43555961993175674	-0.43555961993175574	-0.4355596199317561	-0.4355596199317591	-0.43555961993175685	-0.4355596199317565	-0.43555961993175907	-0.43555961993175635	-0.4355596199317567	-0.4355596199317559	-0.4355596199317566	-0.43555961993175707	-0.43555961993175807
81.0	-3.188410159093593e-15	4.213010578791191e-16	9.520951188729711e-16	1.995435275521984e-14	7.402146024451137e-14	-3.953074836210873e-15	1.1184144690899238e-14	-1.3466415077931897e-13	-1.7600850405601815e-13	-7.235054973727962e-14	-3.610222609164444e-14	-6.599369331690622e-14	6.290314136886604e-14	8.61063410347013e-16	1.0817179749560416e-15	2.9969801396173567e-16	-6.580592368139629e-16	1.4806102102471712e-15	-2.4815294484939497e-14	-7.252726867157894e-14	3.692345063435935e-14	-1.7109507300617377e-16	-1.0662608030697756e-16	-3.403266613789548e-14	-1.9313759670992865e-13	1.3674541577329545e-12	1.5889201916467717e-10	1.5885752995392505e-10	1.588655047813373e-10	1.5872164158164966e-10	1.5870808010600947e-10	1.5861339379191464e-10	1.5854555347168252e-10	1.5847325166444763e-10	1.5846162201694434e-10	1.5846865675226803e-10	1.5853767408608106e-10	1.5859964669898896e-10	1.586507602248206e-10	1.5859239931560788e-10	1.5850227509648439e-10	1.5843056597009553e-10	1.5851561382173552e-10	1.585660549737589e-10	1.5857622610276139e-10	1.586649187256419e-10	1.587376976713254e-10	1.5885517613863693e-10	1.5877722682387945e-10	1.586477811069106e-10	1.586059943282606e-10	1.586146406929725e-10	1.5848022508602627e-10	1.5858059489501408e-10	1.585783241892282e-10	1.5852296082148763e-10	1.5866047092805955e-10	1.588836226775345e-10	1.5878153457800247e-10	1.5893524707620634e-10	1.5898277193305216e-10	1.5897136791440558e-10	1.5908545115055877e-10	1.5912616651635157e-10	1.591667243910552e-10	1.5912058808260295e-10	1.5909719148082025e-10	1.5935861228765033e-10	1.5938799324728508e-10	1.5929768430735135e-10	1.593801691552083e-10	1.5925898126436504e-10	1.5927962030865808e-10	1.5926242626009753e-10	1.5926874364441975e-10	1.591927391833589e-10	1.591765168448698e-10	1.592413048836503e-10	1.7689374347596822e-10	-0.4837538386381468	-0.4450300909080131	-0.4450300909080138	-0.4355596199317566	-0.4355596199317556	-0.435559619931756	-0.4355596199317592	-0.435559619931757	-0.4355596199317566	-0.43555961993175896	-0.4355596199317563	-0.43555961993175685	-0.4355596199317559	-0.43555961993175646	-0.4355596199317573	-0.43555961993175796
82.0	-3.111020742723452e-15	3.0327989534881027e-16	9.038936095447053e-16	2.022878188728958e-14	7.424113368109956e-14	-4.657990951759472e-15	1.0512748886384991e-14	-1.3457262620654996e-13	-1.7571810408136677e-13	-7.247548907707889e-14	-3.642935994027977e-14	-6.686311754961765e-14	6.280820804637626e-14	1.0796903185303128e-15	8.406946428667792e-16	3.8588142823990795e-16	-8.002928970515543e-16	1.071242491344814e-16	-2.4911575354139368e-14	-7.230279208386753e-14	3.78932152213216e-14	-5.861389829307326e-17	-6.994050986791829e-17	-3.3220330051961933e-14	-1.924079894474431e-13	1.3777611869295976e-12	1.5889101037833926e-10	1.5885707664867106e-10	1.58866137812309e-10	1.5872183357574362e-10	1.5870597550489e-10	1.5861489780482144e-10	1.5854546326662387e-10	1.584741159894634e-10	1.5846165833869257e-10	1.5846918234140965e-10	1.58537940268614e-10	1.58599624576672e-10	1.5865087665673824e-10	1.5859107234724488e-10	1.5850186230471343e-10	1.5843046557729353e-10	1.5851547636212813e-10	1.5857024720623585e-10	1.585755301554322e-10	1.5866539488541932e-10	1.587372966985362e-10	1.588568706463859e-10	1.5877561923354437e-10	1.586490887201517e-10	1.5860788723322697e-10	1.5861498903134664e-10	1.5848021544686743e-10	1.585801419017142e-10	1.5857869661371314e-10	1.585227307405663e-10	1.5865949058935585e-10	1.5888349116952367e-10	1.5878073123245655e-10	1.5893400109830767e-10	1.5898268057828067e-10	1.5897142104950674e-10	1.590856255390247e-10	1.5912644926892863e-10	1.591669601141861e-10	1.5912103920995211e-10	1.5909767697624766e-10	1.593575323774415e-10	1.5938818598043178e-10	1.5929632335650209e-10	1.593799869663423e-10	1.5925820725161343e-10	1.5927954301554378e-10	1.592620681524471e-10	1.5926900174483124e-10	1.5919269716750743e-10	1.5917583387387876e-10	1.5923995200293454e-10	1.627339378970751e-10	-0.44503009090801315	-0.48375383863814686	-0.4837538386381476	-0.4355596199317561	-0.4355596199317559	-0.4355596199317564	-0.43555961993175873	-0.43555961993175624	-0.4355596199317569	-0.43555961993175857	-0.4355596199317566	-0.43555961993175624	-0.43555961993175596	-0.43555961993175685	-0.43555961993175807	-0.4355596199317576
83.0	1.976207866459563e-16	9.063919548837832e-16	-4.449549420816024e-15	2.791463583617419e-14	-8.267998205764454e-14	-7.127232077305787e-14	-2.1240770126493415e-16	-1.8732306528856512e-16	1.960368836502137e-16	4.508209663092708e-14	1.3817782177760135e-13	-1.094649966877277e-13	-4.3773288493042497e-13	-4.876896417290119e-13	3.3166602228131454e-14	2.1196600159567741e-13	1.8233953032558875e-13	3.264091980527914e-13	2.938624147855409e-13	1.7651439391730118e-13	2.472184085968566e-13	-6.192551704600725e-13	-7.904988880929631e-13	-9.741574401296077e-13	-1.1342147767619232e-12	1.747234354622887e-7	1.747234170718637e-7	1.7472324035095025e-7	1.7472324455390376e-7	1.7472327912580737e-7	1.7471955806370072e-7	1.7471925256174884e-7	1.747190337405769e-7	1.7471930069049072e-7	1.7472061676922779e-7	1.7471878395720567e-7	1.74719384748084e-7	1.747204294959267e-7	1.7472212381823035e-7	1.7472214681641019e-7	1.7472204206010235e-7	1.7472206957698964e-7	1.7472220914210154e-7	1.747171488561234e-7	1.7471719021520062e-7	1.7471897556136312e-7	1.7471949545828528e-7	1.7471969505845088e-7	1.747203719350574e-7	1.7472059231653573e-7	1.7472101598525085e-7	1.7471791444599251e-7	1.7471758757770696e-7	1.7471782846813248e-7	1.7471782086751645e-7	1.747186886008975e-7	1.747178796573589e-7	1.747174751883888e-7	1.7471683913568834e-7	1.7471594862847392e-7	1.7471579599376945e-7	1.7471677824308975e-7	1.7471687652210498e-7	1.7471678788503837e-7	1.7471693513131244e-7	1.7471707733773862e-7	1.7471706785152632e-7	1.747167664647736e-7	1.7471632635774157e-7	1.747164141596487e-7	1.7471674245482642e-7	1.7471658101200582e-7	1.7471651863793732e-7	1.7471639910880295e-7	1.7471689793145155e-7	1.747163444623698e-7	1.7471628175049507e-7	1.7471605287521153e-7	1.7851466847834393e-7	1.7851469409316236e-7	1.9404784626108863e-7	-0.48375383863814725	-0.43555961993175607	-0.43555961993175596	-0.43555961993175624	-0.43555961993175873	-0.4355596199317563	-0.4355596199317569	-0.4355596199317586	-0.4355596199317566	-0.4355596199317561	-0.4355596199317561	-0.43555961993175696	-0.4355596199317579	-0.4355596199317575
84.0	2.9844125826581295e-16	7.923430464250961e-16	-4.668457722213885e-15	3.305916886909928e-14	-9.412203087113504e-14	-8.165871237404078e-14	-6.192278606945633e-16	4.478687189158478e-16	3.091552047397882e-16	5.090815109524193e-14	1.5626992884925676e-13	-1.2623545421966916e-13	-5.026040741582727e-13	-5.598297169023352e-13	3.902910621289349e-14	2.4358927808990986e-13	2.1027487902930428e-13	3.7586887430039185e-13	3.374292903689042e-13	2.0274766858065657e-13	2.83332260123067e-13	-7.116807106895277e-13	-9.07465916069212e-13	-1.1159422709802939e-12	-1.302296789859278e-12	2.0057350058187814e-7	2.0057347887816947e-7	2.0057327687628854e-7	2.0057328053356126e-7	2.0057332122790812e-7	2.0056904897360015e-7	2.005686988245213e-7	2.0056844619061365e-7	2.0056875343626332e-7	2.005702653373816e-7	2.0056816118382285e-7	2.0056885052060504e-7	2.0057004873983962e-7	2.0057199439534983e-7	2.0057202249709508e-7	2.0057190163886652e-7	2.0057193212128056e-7	2.005720924280199e-7	2.005662839657075e-7	2.0056633080944743e-7	2.0056838130503002e-7	2.0056897688015002e-7	2.0056920673541275e-7	2.005699832779045e-7	2.0057023570059025e-7	2.00570724243643e-7	2.005671631129908e-7	2.0056678828983204e-7	2.0056706367625164e-7	2.0056705503216453e-7	2.0056805172178843e-7	2.0056712241785633e-7	2.0056665817662217e-7	2.0056592826650145e-7	2.0056490595020055e-7	2.0056473137348083e-7	2.00565858373084e-7	2.0056597110631574e-7	2.0056586947099569e-7	2.0056603837760946e-7	2.0056620209764854e-7	2.0056619083386328e-7	2.0056584491866887e-7	2.0056534000933765e-7	2.0056544076465505e-7	2.0056581639997623e-7	2.005656320437716e-7	2.0056556000298205e-7	2.0056542327094802e-7	2.0056599547703274e-7	2.005653611391186e-7	2.005652886111479e-7	2.0056502620673839e-7	2.005647171149523e-7	2.0056474609586076e-7	2.0056465816385701e-7	-0.4999999999999998	-0.4999999999999981	-0.49999999999999756	-0.4999999999999989	-0.500000000000001	-0.49999999999999883	-0.49999999999999895	-0.5000000000000012	-0.49999999999999883	-0.49999999999999833	-0.49999999999999817	-0.4999999999999994	-0.4999999999999993	-0.4999999999999999
85.0	-1.638287011890722e-16	5.625717768225536e-9	5.625692091601005e-9	5.6256305591055015e-9	5.625810984944104e-9	5.62571262671698e-9	5.625897247156861e-9	5.625823246386467e-9	5.625812984755193e-9	5.62538211645558e-9	5.625465765478987e-9	5.6254496655768475e-9	5.6195140739067925e-9	5.619133280724605e-9	5.6198111724279355e-9	5.619540776000115e-9	5.6193568764642906e-9	5.6188235691009715e-9	5.6188746916662954e-9	5.619078534377272e-9	5.618750128495353e-9	5.625207297201805e-9	5.62548940769769e-9	5.625848840909329e-9	5.625918521928591e-9	4.45711069186626e-9	4.4572448020974555e-9	4.456939763680699e-9	4.4567549145025534e-9	4.456933220855746e-9	4.454834672159095e-9	4.454663872627409e-9	4.455148538259647e-9	4.454336687541327e-9	4.454781031452599e-9	4.460702295854454e-9	4.46259655742616e-9	4.463808447427204e-9	4.461318827875282e-9	4.461005022728398e-9	4.460771527428882e-9	4.46068888222412e-9	4.4612431979660985e-9	4.458077634871493e-9	4.4580143528485575e-9	4.458059744024829e-9	4.459146063603526e-9	4.459130022243899e-9	4.460149148692931e-9	4.460308514932009e-9	4.461289625336688e-9	4.462052062865377e-9	4.460618934572195e-9	4.4600280169139995e-9	4.460021342959783e-9	4.4590488847179344e-9	4.4589575826874e-9	4.4570924170323464e-9	4.457531886020608e-9	4.4587383849718345e-9	4.458621063849953e-9	4.451686193639455e-9	4.451701009940872e-9	4.451999608833813e-9	4.451984658406801e-9	4.450601817988611e-9	4.450578308342646e-9	4.450666337269313e-9	4.451412398574091e-9	4.451368830522008e-9	4.451857768885808e-9	4.4519077008688625e-9	4.45201659648691e-9	4.452239086591022e-9	4.452354973979267e-9	4.455449393194958e-9	4.455574653282419e-9	4.456105659936113e-9	4.455914702513482e-9	4.457057621943506e-9	4.457215716313902e-9	4.4571710232009485e-9	0.4999999276363996	-0.49999999999999756	-0.4999999999999989	-0.500000000000001	-0.49999999999999883	-0.49999999999999895	-0.5000000000000012	-0.49999999999999883	-0.49999999999999833	-0.49999999999999817	-0.4999999999999994	-0.4999999999999993	-0.4999999999999999
86.0	-2.6932725992591105e-16	4.900671201877829e-9	4.900649782070264e-9	4.900595682393925e-9	4.900751950710061e-9	4.900666816121214e-9	4.9008273646792504e-9	4.900762691325072e-9	4.900754434889887e-9	4.900379532801453e-9	4.900450858038474e-9	4.900437517806376e-9	4.895267461702056e-9	4.8949355466498725e-9	4.895526140021831e-9	4.895289079865988e-9	4.895130100664905e-9	4.894665557616155e-9	4.894709806810488e-9	4.894886869977599e-9	4.894601092106874e-9	4.900226870265344e-9	4.900472114617936e-9	4.900785652012158e-9	4.900845999258631e-9	3.882674979513753e-9	3.882790960973391e-9	3.882525940162421e-9	3.882364790041787e-9	3.882520822696477e-9	3.8806923884444495e-9	3.880542928365707e-9	3.880965333714593e-9	3.88025859706412e-9	3.8806459297964616e-9	3.885804810208665e-9	3.887453817876715e-9	3.888509351802285e-9	3.886340468603275e-9	3.886067144949873e-9	3.8858638036360085e-9	3.885791445459482e-9	3.886275130914969e-9	3.883517403304724e-9	3.883462939709758e-9	3.883501158941449e-9	3.884448562035939e-9	3.8844336887112465e-9	3.885322122500349e-9	3.885460730269764e-9	3.886315571399047e-9	3.886979262299808e-9	3.885731257741841e-9	3.885216385112654e-9	3.8852104282331944e-9	3.884362915345613e-9	3.8842842166730295e-9	3.882658524675304e-9	3.883041235777547e-9	3.884092835630178e-9	3.883990560387392e-9	3.877949461230895e-9	3.8779624034256135e-9	3.8782227500472e-9	3.87820957705823e-9	3.8770043281209135e-9	3.876984618148897e-9	3.87706116888853e-9	3.877711203600465e-9	3.877673134089789e-9	3.878098730463284e-9	3.878142287199193e-9	3.878238202527314e-9	3.878431089367938e-9	3.878532109348283e-9	3.881227453373748e-9	3.88133674477188e-9	3.881799805066983e-9	3.88163323360903e-9	3.882628412705812e-9	3.882766393830641e-9	3.88272772270791e-9	0.43555955689443443	-0.43555961993175635	-0.48375383863814736	-0.48375383863814847	-0.4450300909080129	-0.4450300909080127	-0.4355596199317586	-0.43555961993175685	-0.4355596199317569	-0.4355596199317564	-0.43555961993175707	-0.4355596199317576	-0.43555961993175824
87.0	1.9766639501163114e-15	1.5323021113266839e-15	5.383564842165249e-16	-3.429526173759227e-14	-1.9512685344119465e-15	-5.580488385523627e-16	1.080093939962895e-15	-2.092023399278286e-15	-1.4989050416407393e-14	-2.478799832183001e-15	-4.9516615323911654e-15	-1.3770986439804596e-14	-2.056888778560243e-15	5.840864797724449e-16	-3.939828818421645e-14	-7.468569218307615e-14	-1.140988941315292e-13	-1.0142553355775414e-13	-1.2259387739283404e-13	-7.496395539085558e-14	-6.601782026156173e-14	-6.575137312531504e-14	1.7459506940263883e-14	-7.871165327285276e-15	1.4899621195027034e-14	-8.515641432396582e-15	-2.875189608459418e-14	3.038401853825265e-16	-2.4457687172658256e-15	-3.839193232295405e-15	2.3321975893564176e-15	2.0085692331464947e-15	-4.636611435379336e-15	-1.1521025144276393e-13	-7.678586251325529e-14	-8.458609112580369e-14	-3.3187210797515106e-14	-9.451809392821824e-14	-6.154413641389729e-14	-1.5635923821635027e-16	-1.4949922075764104e-14	3.806694647362821e-15	8.356694637906087e-14	1.6968369928563157e-14	5.325725770797157e-14	9.626700640744061e-14	7.307550435530716e-14	7.849760096569439e-14	1.2574315856439847e-14	9.302278889823353e-17	-6.210767769101285e-16	2.639370589460296e-14	1.1752318134401796e-13	3.556583475241603e-12	3.337496392674812e-12	3.351388510593725e-12	3.226108404107885e-12	3.4262947858672063e-12	3.4966722892808334e-12	3.5647106377974304e-12	3.39147938125552e-12	3.2736532058262787e-12	3.478878685335849e-12	3.5472871367113e-12	3.6112737766945417e-12	3.4351504481720837e-12	3.3856509804941546e-12	3.2701334686586366e-12	3.168765494566218e-12	3.3381525132406293e-12	3.56168616594679e-12	3.698343865079166e-12	3.807832573385301e-12	3.746172700993433e-12	3.747725607510545e-12	3.749852849471747e-12	3.645719840069881e-12	3.5108488468354076e-12	3.676998639677533e-12	3.733433695230627e-12	3.640464026866513e-12	3.6531075512833786e-12	3.699046825450551e-12	3.946864035793455e-12	4.428468240039451e-12	-0.48375383863814847	-0.4450300909080128	-0.4450300909080127	-0.43555961993175835	-0.4355596199317568	-0.4355596199317566	-0.4355596199317563	-0.4355596199317571	-0.4355596199317577	-0.435559619931758
88.0	2.2800342313512585e-15	1.8575725881541036e-15	2.85960303195406e-16	-3.5141325510511603e-14	-2.3763506164708528e-15	-3.818970590065212e-16	1.1641722779070058e-15	-2.2393117163035644e-15	-1.477072551297366e-14	-1.006908344336608e-15	-5.3608961379153955e-15	-1.3494946054898117e-14	-2.011085128494658e-15	4.3409002184124254e-16	-3.9481548606954905e-14	-7.280108883482544e-14	-1.1413526230396375e-13	-1.0094089899727799e-13	-1.2269075733465026e-13	-7.549347178657788e-14	-6.613422778936111e-14	-6.457117746713863e-14	1.7939803125703566e-14	-8.092539683367075e-15	1.5665906362543726e-14	-9.114507481119819e-15	-2.8781135285729985e-14	8.93255761438028e-17	-2.5306378055797836e-15	-4.1882741026187206e-15	2.447871942787919e-15	1.798231406638832e-15	-4.789927218018938e-15	-1.1553111290063577e-13	-7.521337032656969e-14	-8.531993732360776e-14	-3.323974905385957e-14	-9.47459902377545e-14	-6.186105148459484e-14	-7.452935585737544e-17	-1.5187264293823815e-14	3.778412317861668e-15	8.405119217264411e-14	1.6893813322530018e-14	5.3455183428323763e-14	9.619046765509181e-14	7.331135982674759e-14	7.844537831343586e-14	1.3568031558053983e-14	1.745558724945807e-18	-3.9775352468299576e-16	2.647095466998366e-14	1.1782958072880147e-13	3.5569766451812054e-12	3.337681030797509e-12	3.3521768232472388e-12	3.2256644624428336e-12	3.4265734771128596e-12	3.4933804499527635e-12	3.5623386195218194e-12	3.390914763133402e-12	3.273142325846021e-12	3.4792548044936378e-12	3.5475354132765786e-12	3.6113544833982962e-12	3.4337401750131262e-12	3.385764659651008e-12	3.2694081807077115e-12	3.1701625361025395e-12	3.3382242406100762e-12	3.563190275045599e-12	3.698641611252393e-12	3.8089598233384186e-12	3.746198500759846e-12	3.747882864321607e-12	3.750355490940399e-12	3.64364646322622e-12	3.510585473753885e-12	3.678125781601572e-12	3.734514437641846e-12	3.640790743125405e-12	3.653190392785788e-12	3.6990512716210714e-12	3.945973654670126e-12	4.074434082123331e-12	-0.44503009090801454	-0.4837538386381462	-0.4837538386381469	-0.4355596199317587	-0.4355596199317567	-0.4355596199317566	-0.43555961993175635	-0.4355596199317575	-0.4355596199317571	-0.4355596199317582
89.0	-9.33322313626318e-16	3.872543904491188e-14	-4.023275238675145e-13	-5.351420459372608e-13	-4.3144365397523814e-13	-4.4221859925782745e-13	4.584297701280583e-12	6.994000444696501e-11	7.180896165429383e-11	7.163738748468052e-11	6.679447860452186e-10	6.677190497588223e-10	6.779252747325645e-10	5.3453536819690116e-8	5.3453631646072185e-8	5.345306351685473e-8	5.3453197645886236e-8	5.345315072220554e-8	5.3451352412960074e-8	5.345253532093582e-8	5.345203098572197e-8	5.3451911143915056e-8	5.345111621083521e-8	5.3451271050951993e-8	5.344984086891416e-8	5.3448869884839766e-8	5.344877864321558e-8	5.344862950085699e-8	5.3448516745281773e-8	5.345078661199587e-8	5.345104767117209e-8	5.345223617541664e-8	5.345224314541437e-8	7.231316568191622e-8	7.231365409565598e-8	7.23133775946984e-8	7.231316923050146e-8	7.23127914906678e-8	7.231276153868376e-8	0.0325247406708016	0.032524740670160764	0.032524740683733316	0.032524740683337425	0.032524740682772904	0.032524740682502024	-0.3849019867723596	-0.38490198677211207	-0.385274481303866	-0.38527448135439823	-0.3852744813544492	-0.3852744813544646	-0.3852744813980013	-0.3852744813951186	-0.3852744813966651	-0.3852744813934344	-0.3852744813934184	-0.385274481399948	-0.3852744814000637	-0.38527448153091715	-0.3852744815307371	-0.3852744817010013	-0.3852744817012912	-0.38527448169115286	0.43480596913914027	0.43480596913914255	0.43480596913913927	0.43480596913914094	0.43480596913914504	0.4348059691391226	0.4348059691391154	0.43480596913911496	-0.2887794970991757	-0.28877949709771283	-0.2887794977985862	-0.2887794978008539	-0.28877949778358564	0.2338540550419178	0.23385405504168322	0.23385405504186146	0.23385405504189793	0.23385405505020784	0.23385405505017526	0.23385405505035373	0.4282344233461856	0.4375456209222254	0.43754562092223565	0.4756181166729085	-0.48375383863814686	-0.4355596199317587	-0.4355596199317566	-0.4355596199317566	-0.4355596199317564	-0.4355596199317575	-0.4355596199317572	-0.4355596199317583
90.0	-7.781071571337388e-16	4.452208278208233e-14	-4.612361364416553e-13	-6.14643500272385e-13	-4.957910772155764e-13	-5.076783728265808e-13	5.262729863027779e-12	8.028724631234173e-11	8.243255879229069e-11	8.223569608331999e-11	7.667659789663108e-10	7.665065943030268e-10	7.782233233704675e-10	6.136190688994004e-8	6.136201496403615e-8	6.13613626697514e-8	6.136151708356517e-8	6.136146214326466e-8	6.135939751460977e-8	6.136075596883116e-8	6.136017700254596e-8	6.136003945184149e-8	6.135912745324082e-8	6.135930424156102e-8	6.135766257280367e-8	6.135654813371414e-8	6.135644403031056e-8	6.135627240280308e-8	6.135614298679788e-8	6.135874840900754e-8	6.135904856386954e-8	6.136041230796183e-8	6.136042073833508e-8	8.301178756260623e-8	8.301234838190326e-8	8.301203123970132e-8	8.301179311546463e-8	8.301135800503839e-8	8.301132354122177e-8	0.037336726342879024	0.03733672634214441	0.03733672635772465	0.03733672635727022	0.03733672635662244	0.03733672635631104	-0.4418476474387864	-0.4418476474385043	-0.4422752519669157	-0.4422752520249264	-0.44227525202498386	-0.44227525202500023	-0.4422752520749798	-0.44227525207167373	-0.4422752520734473	-0.4422752520697371	-0.4422752520697234	-0.44227525207721335	-0.44227525207734647	-0.4422752522275578	-0.4422752522273567	-0.4422752524228095	-0.44227525242314397	-0.44227525241150334	0.4991348477244793	0.4991348477244816	0.4991348477244796	0.499134847724483	0.49913484772448496	0.49913484772445565	0.4991348477244527	0.49913484772444827	-0.3315039823301567	-0.3315039823284776	-0.33150398313304563	-0.3315039831356487	-0.33150398311582707	0.26845240506748136	0.2684524050672126	0.26845240506741835	0.26845240506745816	0.268452405076999	0.2684524050769612	0.2684524050771657	0.49159105177527557	0.49159105177526613	0.4915910517752771	0.4915910517752763	-0.49999999999999944	-0.5000000000000009	-0.4999999999999985	-0.499999999999998	-0.4999999999999987	-0.49999999999999906	-0.4999999999999994	-0.49999999999999967
91.0	-1.5408253294787055e-16	-1.2881471318803822e-13	1.0641880559412521e-13	2.345412845139707e-13	2.7233655306479197e-13	2.9980904928816844e-13	-2.276343597560496e-11	-2.1757490867009013e-11	-2.2880498639574162e-11	-2.4346108020564234e-11	7.415176297083106e-10	7.419267455582849e-10	7.448329867785888e-10	1.8249083228407062e-7	1.8249144966398524e-7	1.8249322303503302e-7	1.8249391979565827e-7	1.8249544701905425e-7	1.8250359130824988e-7	1.8250983512896312e-7	1.825100751622131e-7	1.8251007936915076e-7	1.8251561899840703e-7	1.8251592993457489e-7	1.8251632710256604e-7	1.8252151829508724e-7	1.8252531964893306e-7	1.825270926097838e-7	1.8252765188078518e-7	1.825312477768483e-7	1.8253449741735776e-7	1.8253583144045926e-7	1.825358778566097e-7	0.0004890443062120917	0.000489044304634699	0.0004890443043687362	0.000489044302618101	0.0004890443031305174	0.0004890443022914715	-0.49051229106086913	-0.4905122910608593	-0.4905122910606039	-0.4905122910605755	-0.4905122910605544	-0.4905122910605557	-0.48378046058148944	-0.48378046058156576	-0.4996250847831774	-0.4996250847833342	-0.4996250847833249	-0.4996250847833262	-0.4996250847831721	-0.49962508478313855	-0.499625084783126	-0.49962508478308204	-0.49962508478308004	-0.4996250847832285	-0.49962508478320306	-0.4996250847839825	-0.4996250847839904	-0.49962508478491696	-0.4996250847849105	-0.4996250847851009	-0.49826332372525556	-0.4982633237252584	-0.4982633237252492	-0.4982633237252259	-0.4982633237252277	-0.498263323725585	-0.4982633237255808	-0.4982633237255885	-0.3203599619386389	-0.3203599619368836	-0.32035996275752565	-0.32035996276017487	-0.320359962741202	0.49158741709174075	0.4915874170917378	0.4915874170917618	0.4915874170917437	0.4915874170922939	0.49158741709227677	0.4915874170922644	0.49681722950786117	0.49681722950785334	0.4968172295078613	0.49681722950786134	0.1473765528817571	0.14737655288173301	-0.4999999999999985	-0.4999999999999979	-0.49999999999999867	-0.49999999999999895	-0.4999999999999993	-0.4999999999999996
92.0	2.900297655749932e-16	-1.121222210987017e-13	9.270095192978919e-14	2.0470170334773002e-13	2.376400875570866e-13	2.614948886613606e-13	-1.982962322882137e-11	-1.8953116264021523e-11	-1.993097347177558e-11	-2.1208510951436782e-11	6.459501297470261e-10	6.463073992408398e-10	6.488381741741512e-10	1.5897127497641894e-7	1.5897181227994223e-7	1.5897335774183942e-7	1.5897396449215333e-7	1.5897529440050787e-7	1.5898238975978675e-7	1.5898782880912323e-7	1.5898803705865136e-7	1.589880415938856e-7	1.5899286724277629e-7	1.5899313911225887e-7	1.589934845064482e-7	1.5899800599733166e-7	1.5900131761991471e-7	1.5900286238682453e-7	1.5900334974001852e-7	1.5900648172750634e-7	1.5900931472957274e-7	1.5901047341979222e-7	1.5901051543220034e-7	0.0004260159042869249	0.0004260159029126023	0.0004260159026818216	0.0004260159011563491	0.0004260159016024973	0.00042601590087200733	-0.42729469413265636	-0.42729469413264815	-0.4272946941324259	-0.4272946941323993	-0.4272946941323828	-0.42729469413238436	-0.4214304670825687	-0.4214304670826339	-0.43523302407306486	-0.43523302407320363	-0.4352330240731925	-0.43523302407319575	-0.43523302407306247	-0.43523302407303155	-0.4352330240730203	-0.4352330240729832	-0.43523302407298087	-0.4352330240731105	-0.4352330240730885	-0.4352330240737689	-0.43523302407377434	-0.43523302407457976	-0.4352330240745734	-0.43523302407474274	-0.43404676781541296	-0.4340467678154162	-0.4340467678154071	-0.4340467678153879	-0.43404676781538826	-0.4340467678156989	-0.4340467678156969	-0.4340467678157036	-0.27907172652669177	-0.2790717265251636	-0.2790717272400401	-0.2790717272423471	-0.27907172722582146	0.42823125710342635	0.4282312571034248	0.42823125710344506	0.4282312571034286	0.42823125710390864	0.42823125710389304	0.4282312571038818	0.4327870473199868	0.43278704731997913	0.4327870473199872	0.43278704731998513	0.12838255072006233	0.12838255072004137	-0.43555961993175735	-0.48375383863814747	-0.4837538386381463	-0.44503009090801293	-0.4450300909080129	-0.4355596199317567
93.0	4.3861643202974603e-16	8.831564745037204e-15	-3.0563451945687995e-14	-1.006586788464805e-14	7.701499531835611e-16	-1.2905305916259226e-15	4.592585820517352e-15	-1.327849997012823e-15	-6.13376695607797e-16	4.439726754704676e-15	-4.951600586310687e-14	-9.162039344368808e-14	-1.6877503768162302e-13	-1.631790525200095e-13	-1.2789076092846746e-13	-1.591239742596798e-13	-9.211213229692417e-14	-3.0925068501904596e-14	5.2681106155635e-15	-7.762675748109202e-15	-5.860650855275555e-16	4.584007228939789e-15	-1.0313679351524389e-15	2.3988641499187017e-15	1.3786448048683417e-14	-1.0772909068529249e-13	-1.1999148043797523e-13	-9.956580596639657e-14	-1.181177517807774e-13	-1.7006718348711776e-13	-2.116981251050174e-13	1.2138776793781466e-12	1.142345482743818e-12	1.5285859122786707e-12	1.4421537995531765e-12	1.4044873732427421e-12	1.3500212230099212e-12	9.705285151224114e-13	3.0424357763805e-12	2.959297530279362e-12	2.8229832232919585e-12	2.760661502816683e-12	2.9302680072089055e-12	2.893724212557223e-12	2.911016432172862e-12	2.907542520513079e-12	2.7876456490376804e-12	2.79901954441774e-12	3.04653211491171e-12	2.9068089022264067e-12	3.0775545916582476e-12	2.8134877659297044e-12	3.035614032503451e-12	3.133241322724828e-12	3.173587049686445e-12	3.3400949164106237e-12	3.445412948052518e-12	3.632971843738902e-12	3.703673161942483e-12	3.6404038532581226e-12	3.438635990880699e-12	3.448864955535595e-12	3.4045797203959687e-12	3.4510114601593756e-12	3.528399156836448e-12	3.4161869370007e-12	3.454548487959185e-12	3.4628193941726265e-12	3.5193579734772692e-12	3.4220058854577415e-12	3.3013211892491968e-12	3.2391954285917644e-12	3.1498524948605707e-12	3.3226305864783935e-12	3.359685154359667e-12	3.475738740408827e-12	3.3846914608178356e-12	3.461697064001066e-12	3.700366794549684e-12	3.424550044769514e-12	3.3229210507413747e-12	3.3770041315587213e-12	3.4802260241576334e-12	3.378319261506184e-12	3.3628948282497466e-12	3.2993648382043444e-12	3.262016419241383e-12	3.2378580499584263e-12	3.347543918039844e-12	3.3771511456114472e-12	5.059615086360576e-12	-0.48375383863814597	-0.4450300909080128	-0.4450300909080131	-0.4355596199317565
94.0	2.2811351397913715e-16	8.512808529479078e-15	-3.080467382150157e-14	-1.0454061787381053e-14	7.333077712285424e-16	-1.5277523508420546e-15	4.001476857471074e-15	-9.40408887803785e-16	-6.058290821975612e-16	4.784796773764355e-15	-4.9841599272369924e-14	-9.118975878282994e-14	-1.678602009047881e-13	-1.6319254140084365e-13	-1.2821449333403608e-13	-1.5900040549999178e-13	-9.22486804646223e-14	-3.097815716511062e-14	5.448031919036757e-15	-7.674654165846411e-15	-3.975765797374338e-16	5.497152809788795e-15	-1.9526262607968014e-15	2.8504282777529143e-15	1.3588946763282572e-14	-1.075469558725358e-13	-1.1921571454498583e-13	-9.977191247809995e-14	-1.1683828195106644e-13	-1.6992370125872318e-13	-2.1181478049040552e-13	1.2140297322777461e-12	1.1420347023380141e-12	1.5290802007271329e-12	1.4421664900916739e-12	1.4052258711783806e-12	1.3478025631283859e-12	9.725703381158743e-13	3.040938107173861e-12	2.960499572534307e-12	2.823083183629383e-12	2.761252282829188e-12	2.9290052237765396e-12	2.8950279045667733e-12	2.911326029860213e-12	2.907205946391021e-12	2.788004098439135e-12	2.7975675806817776e-12	3.046658415418237e-12	2.906605353691325e-12	3.0775758903439988e-12	2.813543244224523e-12	3.034848028687117e-12	3.1337227844849643e-12	3.172922318449583e-12	3.3395838064740207e-12	3.4462470787686814e-12	3.633641551563116e-12	3.703675127014491e-12	3.641016735667189e-12	3.434620318701551e-12	3.447486492793885e-12	3.4042031386673984e-12	3.4507930421214244e-12	3.528612467286092e-12	3.4146765326076255e-12	3.4533484576590135e-12	3.461934186386708e-12	3.518492676618706e-12	3.4236144254756797e-12	3.3022703451914565e-12	3.240284871883454e-12	3.149045974703303e-12	3.321849618568192e-12	3.3597260102422816e-12	3.4763398627109444e-12	3.384056642425825e-12	3.461091394524255e-12	3.700640862425802e-12	3.424389614506184e-12	3.3222428223115695e-12	3.3772087349195103e-12	3.4814864306446263e-12	3.379172478863138e-12	3.3626690832599426e-12	3.2995396163003905e-12	3.262080600139159e-12	3.2378982299883276e-12	3.347447534833002e-12	3.375578667844582e-12	4.654345486807298e-12	-0.44503009090801215	-0.48375383863814664	-0.4837538386381472	-0.43555961993175735
95.0	-1.860493938221202e-15	-1.90197269818551e-15	7.159123634667947e-16	1.932413892714233e-15	3.818349794009724e-15	2.4375987348111943e-15	-2.600765818950119e-15	-1.4833778409240869e-15	-6.888499790219246e-16	-2.027831959236143e-15	-1.4520882637949552e-15	1.1189963127371202e-16	2.9527909010548086e-15	-1.1485304601583582e-17	-7.462550598080194e-16	6.180867875180449e-16	-1.5125549983066505e-16	4.02559725127065e-16	-1.3327960070708038e-16	2.715546492327708e-16	3.152224532224951e-18	-1.0468319899867649e-16	-4.874667359200954e-16	-1.2913090682448177e-15	-2.342669586277857e-15	-1.7131066685847914e-15	-3.051641183071533e-15	2.051583705196276e-16	-6.540106711004021e-16	-7.625327253644691e-16	-2.355421239229823e-15	-3.418721126677412e-15	-2.8937562908447878e-15	-3.395830103109692e-15	-4.783921393229917e-15	-6.474876151643665e-15	-5.6225624637318556e-15	-4.786972934282183e-15	-1.5104075029962914e-14	-8.158582779110761e-15	-9.729969831653022e-15	-9.458745402243467e-15	-8.775692879427864e-15	-1.0875844724275112e-14	-1.0173556542861334e-14	-6.998516425538238e-15	-5.202713132953617e-15	-5.974118697882446e-15	-2.0675580121772636e-15	-2.2562519820615266e-15	-1.9040519586647984e-15	-2.822525182110202e-15	-2.6009857149538375e-15	-2.3211631241011706e-15	-2.6762881710025683e-15	-3.4797732572892636e-15	-3.761103822209544e-15	-4.326068784076374e-15	-2.973131375976278e-15	-6.406933502427123e-15	-3.1760381257736447e-15	-3.2879974954188586e-15	-1.6310607344490909e-15	-2.8746564656934075e-15	-3.102999571086604e-15	-3.581611875393065e-15	-3.939281185403349e-15	-2.770845751923045e-15	-2.942795620943478e-15	-2.8192388051833883e-15	-3.1116622790669138e-15	-6.063549369518137e-15	-5.1083244965360196e-15	-4.264765800458879e-15	-2.7023713000445035e-15	-2.851124606907166e-15	-2.010529329949918e-15	2.4300607964996346e-15	2.3520140652832135e-15	3.733228787052245e-15	1.889498407149807e-15	3.575037421516594e-15	2.433982043302114e-15	4.0892168422503405e-15	5.382173493155674e-15	9.250170079811283e-15	1.1613522608689056e-14	6.313134409957705e-15	3.9967409379713016e-15	-3.3409895362479307e-16	6.290960977892976e-17	2.996946487131372e-16	1.3423458966222786e-16	-0.48375383863814725	-0.4355596199317574
96.0	-2.153762889741301e-15	-2.5983199620252513e-15	7.736534384079599e-16	2.2207974809678402e-15	3.5277391666238798e-15	3.2807757354742336e-15	-3.0808857963800785e-15	-9.360100510069999e-16	-8.49138283615705e-16	-2.3029391415654093e-15	-2.1782382247500885e-15	3.211149551825972e-17	3.2802768451959368e-15	-3.6112820182794937e-16	-1.2267467348748948e-15	5.102538045008569e-17	-3.164253649303404e-16	2.565669373269304e-16	-2.5663464188390973e-16	3.7505049677110437e-16	-6.3856801990555935e-16	-2.3076967331629153e-17	-3.8785654359330283e-16	-1.5113001993334373e-15	-3.4821444259536644e-15	-2.039560897589839e-15	-2.837626205588877e-15	-1.5961495613943135e-16	-8.033484723097577e-16	-7.35119615481334e-16	-2.1938526008482577e-15	-4.086565445569808e-15	-3.310792512245734e-15	-4.0362601177642804e-15	-5.40736567821353e-15	-7.46756938024563e-15	-6.3586024017832705e-15	-5.509807308915689e-15	-1.7300045811704617e-14	-9.610477088795989e-15	-1.1081645287358317e-14	-1.0911121979897949e-14	-1.0046631789511447e-14	-1.2262777882175897e-14	-1.1672176165084051e-14	-8.022887021017073e-15	-5.964093041177914e-15	-6.861297819484759e-15	-2.4288459197217163e-15	-2.5058173974142988e-15	-2.1510242142272342e-15	-3.3054773004953478e-15	-2.8668084967278898e-15	-2.747064902581215e-15	-3.2097560609423833e-15	-4.010304228524945e-15	-4.283840697487675e-15	-4.933555080739192e-15	-3.4325829637680203e-15	-7.352668699733621e-15	-3.682279204222539e-15	-3.7488264067425634e-15	-1.8884554367818525e-15	-3.2419374031667094e-15	-3.746646081318742e-15	-4.195808337656025e-15	-4.542333927025206e-15	-2.977571047813812e-15	-3.312839357918075e-15	-3.160704687807585e-15	-3.716485019946207e-15	-7.0788487624942485e-15	-5.986565037396473e-15	-5.006359441817827e-15	-3.0571504280401405e-15	-3.2721524058418693e-15	-2.201131471789302e-15	2.8252196767060374e-15	2.6931429793590664e-15	4.259271428012635e-15	2.349543546044068e-15	4.142368418363897e-15	2.7132067824374725e-15	4.559338408466998e-15	6.1436094438332256e-15	1.0117437311607548e-14	1.3329012565657095e-14	7.322708459585192e-15	4.5677069349599684e-15	-3.444241111679532e-16	1.3506415520351294e-16	1.3346638084480092e-16	1.8211225221024703e-16	-0.4999999999999998	-0.4999999999999998
