# i	1	3	4	5	6	7	8	9	10	11	12	13	14	15	16	17	18	19	20	21	22	23	24	25	26	27	28	29	30	31	32	33	34	35	36	37	38	39	40	41	42	43	44	45	46	47	48	49	50	51	52	53	54	55	56	57	58	59	60	61	62	63	64	65	66	67	68	69	70	71	72	73	74	75	76	77	78	79	80	81	82	83	84	85	86	87	88	89	90	91	92	93	94	95	96
1.0	2.1085903333965262e-16	-1.6613637599827257e-18	2.133210794294821e-17	2.133210794294821e-17	-1.1185571585378694e-17	2.133210794294821e-17	2.133210794294821e-17	2.133210794294821e-17	2.133210794294821e-17	-1.1185571585378694e-17	2.133210794294821e-17	2.133210794294821e-17	2.133210794294821e-17	2.133210794294821e-17	2.133210794294821e-17	2.133210794294821e-17	-1.6613637599827257e-18	2.133210794294821e-17	2.133210794294821e-17	2.133210794294821e-17	2.133210794294821e-17	2.133210794294821e-17	2.133210794294821e-17	2.133210794294821e-17	2.133210794294821e-17	2.133210794294821e-17	2.133210794294821e-17	2.133210794294821e-17	2.133210794294821e-17	-1.1185571585378694e-17	2.133210794294821e-17	2.133210794294821e-17	2.133210794294821e-17	2.133210794294821e-17	2.133210794294821e-17	2.133210794294821e-17	2.133210794294821e-17	2.133210794294821e-17	2.133210794294821e-17	2.133210794294821e-17	2.133210794294821e-17	2.133210794294821e-17	2.133210794294821e-17	-1.6613637599827257e-18	2.133210794294821e-17	2.133210794294821e-17	2.133210794294821e-17	-1.6613637599827257e-18	2.133210794294821e-17	2.133210794294821e-17	2.133210794294821e-17	2.133210794294821e-17	2.133210794294821e-17	2.133210794294821e-17	-1.1185571585378694e-17	-1.1185571585378694e-17	2.133210794294821e-17	2.133210794294821e-17	2.133210794294821e-17	2.133210794294821e-17	2.133210794294821e-17	2.133210794294821e-17	-1.6613637599827257e-18	2.133210794294821e-17	2.133210794294821e-17	2.133210794294821e-17	2.133210794294821e-17	-1.1185571585378694e-17	2.133210794294821e-17	2.133210794294821e-17	2.133210794294821e-17	2.133210794294821e-17	2.133210794294821e-17	2.133210794294821e-17	2.133210794294821e-17	2.133210794294821e-17	2.133210794294821e-17	2.133210794294821e-17	2.133210794294821e-17	2.133210794294821e-17	2.133210794294821e-17	2.133210794294821e-17	2.133210794294821e-17	2.133210794294821e-17	-1.6613637599827257e-18	2.133210794294821e-17	2.133210794294821e-17	2.133210794294821e-17	2.133210794294821e-17	2.133210794294821e-17	2.133210794294821e-17	2.133210794294821e-17	-1.1185571585378694e-17	2.133210794294821e-17	2.133210794294821e-17
2.0	2.1974250496370873e-15	-8.327017453206548e-16	-3.58664127384082e-17	-6.00547594988331e-16	-1.8777457855792473e-15	-1.9784293911147865e-15	-3.124512498894681e-15	-2.156009359911704e-15	-1.9202673459671064e-15	-3.7626133213833615e-15	-1.1057384713398855e-15	-1.2744090765389884e-15	-1.2783226219731501e-15	-2.673831455740382e-15	-2.0448711989065108e-16	-1.2672898038468326e-15	-9.022900557155352e-16	-8.848594800500567e-16	-1.1245983803345264e-15	-7.362840414096813e-16	-1.1819829633771542e-15	-1.1801095315657842e-15	-1.698750180429994e-15	-1.2301111222222967e-15	-3.0956883475263873e-15	-3.2051146348483195e-15	-4.248529970421941e-15	-2.5243815171124168e-15	-3.1988835591205796e-15	-3.4219830428214505e-15	-4.1812644859113714e-15	-2.5277676231586595e-15	-2.000495027367421e-15	-3.6973183065666985e-15	-2.081804981497227e-15	-1.7142239833783924e-15	-2.2153370186945854e-15	-4.297268909560714e-15	-3.621170852411967e-15	-1.6254476959567601e-15	-2.8846765607276737e-15	-2.2680032002443465e-15	-3.0608134992186028e-15	-2.33916853321225e-15	-2.5418257897547223e-15	-2.619930016626534e-15	-3.3006494373856102e-15	-2.700351773791923e-15	-2.6071208045713846e-15	-3.581313882917356e-15	1.4808729396769266e-15	-7.724078442583791e-16	-7.567536625217324e-16	-2.0633058300790833e-15	-2.0608079209972575e-15	-2.6433279483257937e-15	-2.9152771060247994e-15	-2.246034601874249e-15	-3.4127403156007904e-15	-1.776854407301806e-15	-1.4711823179533909e-15	-1.846784482705624e-15	-2.0092377091538137e-15	-1.7135161652022247e-15	-1.4377368029747678e-15	-1.4345447726936004e-15	-1.0282587217385304e-15	-3.0709581203805047e-15	-3.833251214963346e-15	-4.959669557689895e-15	-3.13945886245516e-15	-2.981987757193797e-15	-2.8369925003647392e-15	-6.67699958429314e-16	-9.175001389699743e-16	-8.726610482885369e-16	-2.839837470046236e-15	-1.6580050139709668e-15	-2.766534985573002e-15	-1.0745967896780143e-15	-1.1143704182669141e-15	-4.886210123743504e-16	-2.6715276224236303e-15	-4.528916999282901e-15	-2.595019410692401e-15	-3.814044245369034e-15	-2.864748075980368e-15	-2.0923103602356255e-15	-4.583720332337991e-15	-4.10973839536697e-15	-2.8158150610765204e-15	-3.662984594623659e-15	-3.111703286839532e-15	-3.265066770901658e-15	-1.0303958732438598e-15
3.0	-1.3635869152743373e-15	-7.495775444518631e-17	-9.117240372310973e-17	-1.29743008582135e-16	-1.8725045389693184e-15	-2.883836920676169e-15	-2.2950692547066342e-15	-1.3841426905470109e-15	-4.150238094193325e-15	-4.039085015385877e-15	-1.8239483017765253e-15	-2.0019830757449344e-15	-8.780030760832018e-16	-3.646670791912222e-15	9.224435938836271e-16	1.9267885801081936e-15	-4.0002910705057473e-16	-8.898436203891146e-17	-3.3702674236894414e-16	-1.9980506283402975e-15	-2.171886413939841e-16	-9.324443047723758e-17	-3.890464508591557e-15	-1.858825037064192e-15	-4.720482550610794e-15	-2.9480701099944675e-15	-7.0010168372549385e-15	-3.745909505057528e-15	-4.051432794757617e-15	-5.700503752516412e-15	-4.607760273353976e-15	-6.001617294870818e-15	-1.1182549537465009e-15	-7.064472263361293e-15	-2.2753898112214846e-15	-2.2687483927436542e-15	-5.498655453607222e-15	-4.101397146704797e-15	-4.283305263190025e-15	-1.2699167365929856e-15	-2.8460521023886998e-15	-2.564495401503654e-15	-4.023470062848922e-15	-3.1095018377879143e-15	-1.827438291065879e-15	-2.0457969689079428e-15	-2.7679801535334425e-15	-1.9070384591126603e-15	-2.1104755110422588e-15	-3.8397106283413254e-15	1.3339301845956817e-15	1.3716383070352373e-16	-9.659052733735128e-16	-2.662267627886591e-15	-2.3992442495968794e-15	-6.662806852132872e-15	-2.8073311578797257e-15	-3.148688689723174e-15	-4.994961549153412e-15	-2.160656877439242e-15	-2.0245131248441787e-15	-1.5909905379883147e-15	-3.0735232526910957e-15	-1.3423654253448101e-15	-2.0078954997485934e-15	-4.206347010106252e-15	-4.769681904125288e-16	-4.693438042400408e-15	-5.964454957774644e-15	-9.371732785565823e-15	-4.094276521351549e-15	-1.600401020193518e-15	-1.9706255561862226e-15	-1.894928155656905e-15	-5.405550203266951e-16	-1.580871709063296e-15	-1.8520297655067787e-15	-8.308088810467131e-16	-4.505276022564173e-15	-2.1313881272731517e-15	-2.4745562159490514e-15	3.666594712992688e-16	-1.1584201097613792e-15	-2.045401558884237e-15	-3.3791521487789195e-15	-4.522640184353642e-15	-3.384489083357376e-15	-2.1089647777449596e-15	-5.730873364725291e-15	-4.743812532761491e-15	-4.308087792918212e-15	-6.378399266201468e-15	-6.7222386048064376e-15	-4.417628867955294e-15	-2.9604900142708942e-15
4.0	1.4988551801285344e-15	-2.426462568974265e-15	-6.37336473793468e-16	4.05404014650609e-16	-2.2498069072671444e-15	-3.86383295262459e-15	-2.6376450323445896e-15	3.91934491142653e-15	-1.5699096892459628e-17	5.90186117400788e-16	8.317707862350507e-16	2.196151354701081e-15	-1.1015721794751025e-15	2.8728438661448224e-16	2.686468754917914e-15	4.872525437812252e-15	1.3725800728375517e-15	1.6526228908380364e-15	1.7560821907032379e-15	5.516983692186087e-16	-6.084757047098994e-17	-1.4582220011058082e-14	-2.5499794040751184e-15	3.0964830817390013e-15	6.39560052971521e-16	1.1213354013587228e-15	2.0736542622638408e-15	-5.759285169823577e-16	-2.281440080443037e-15	-9.01232427496577e-16	-1.8622646326063824e-16	-1.6644913763706445e-15	-4.702627522271755e-15	5.629984402914792e-16	-2.1775642221048942e-16	-1.3563909580336548e-16	-9.101064240016979e-16	5.2321463997180573e-17	3.888001914814037e-16	-6.324498262741786e-16	-2.3155475503327865e-15	-4.5856086018317865e-15	-3.657345952813495e-15	-2.5178961764751276e-16	1.6301922052774867e-15	2.399749142295048e-15	1.2848230445246226e-15	-1.1116818585774805e-15	-5.054910313476159e-16	-5.996554894115585e-17	-1.5824492190385196e-15	-3.2840640029442423e-15	-3.2187235224459407e-15	-2.278892391625873e-15	-2.9585263249658268e-15	-3.5421996942114818e-15	-4.149305117559084e-15	-2.2925441891765483e-15	-4.306365182563964e-15	-6.794104646803789e-16	-1.4084362483871328e-15	-9.018532811857665e-16	-1.1769173601509289e-15	-1.6612376889427364e-15	-1.866544066834858e-15	-1.5047782024490444e-15	-1.7608134914205464e-17	-5.5880619156928e-16	-3.6365771329444006e-15	-6.689076597249007e-15	-4.218981127275836e-15	-1.7428618375098084e-15	-9.708178165950047e-17	1.1835176509549826e-15	-6.842258282371232e-16	-2.2910990191378085e-16	1.910954252739491e-15	-6.174097356995486e-16	-4.3888338684746903e-16	-7.56481125865452e-16	1.400321069532554e-15	2.4722075960595227e-15	1.3821519112870574e-16	-2.2199750234112392e-15	1.2548075836493416e-15	6.1056051501253225e-16	-1.4422330094538141e-16	-1.1225541067811676e-15	8.294895571598142e-16	-9.356454294517274e-16	1.2915746038658982e-15	1.1846148976900745e-15	-4.833011698513593e-16	1.813824142990099e-15	-1.9300235451693537e-15
5.0	5.16412744381855e-15	-8.436796000841128e-18	-3.3727757818576175e-15	3.0471107404316603e-16	-1.985021224419023e-15	-1.7963387935669034e-15	-2.4253635706463463e-15	2.678345880512016e-15	8.258878015708275e-17	1.9563538539059943e-15	-6.845197538011631e-16	-2.0021047394848315e-15	-1.3380110383325293e-15	1.6159039541323317e-15	4.29006035964525e-16	2.2335082490595907e-16	3.263156044180474e-15	2.3684046118362543e-16	2.2158408601495203e-15	1.7928919632957587e-16	1.1763527669868874e-15	-1.430332060080636e-14	2.843005902394419e-15	4.828417755876302e-15	1.092461562869544e-15	8.548461171135768e-16	2.1063312319218776e-15	1.2707356528658025e-15	-7.380604353385137e-16	-3.2591776320902763e-16	-9.078966541728186e-16	-1.211361948087022e-15	-3.265954967866074e-15	1.304194864821252e-15	-4.13098035490076e-16	3.583681423845396e-16	2.5773711613288635e-15	-1.636994256494171e-15	-1.253143172661746e-16	-1.3605207730673722e-15	-8.930610254717055e-16	-3.228776286241538e-15	-3.8839606237960255e-15	-1.0699754260676843e-15	2.3443958998433657e-16	2.538332744869785e-15	2.7693426603446873e-15	-5.415646105948974e-16	2.655018953790576e-17	1.7571797412923026e-15	-1.8453277554228113e-15	-2.828540932225959e-15	-3.819914563520277e-15	-1.0436491837812176e-15	-3.67392037486744e-15	-1.5983999385172992e-15	-3.028700279686604e-15	-2.1040509965381105e-15	-1.529191378266475e-15	9.300083364213534e-16	-2.407932994980867e-15	7.780741856883893e-16	8.816164578822512e-16	-2.911446901496349e-15	-1.3933418107755386e-15	-2.0426558301787838e-15	9.864076846170274e-16	-1.2691033240675836e-16	1.1312225626578345e-15	-1.2575333342150837e-15	-3.414960808011831e-15	-1.0859766684040028e-15	2.4340689575229278e-15	1.2064121759192673e-15	8.036828774604235e-17	-5.299906561038342e-16	1.4387817807944488e-15	-1.322620576289842e-15	7.825288674872967e-16	-4.0837963399720915e-16	3.195279779376276e-15	3.499165742457596e-16	2.210497981386196e-15	-1.8470208084459322e-15	-9.112690632422344e-16	2.0052731718330147e-15	4.0827269515851443e-16	-1.1367831151192197e-15	4.11121377469203e-15	-1.048187206485836e-15	6.3645133792874775e-16	6.382551258112318e-16	1.3619402054403766e-15	-3.5696240698836153e-16	-2.0977365799046597e-15
6.0	-5.2070943061821065e-15	-2.04852051503407e-18	3.3825854085009517e-15	-1.1185571585378691e-17	-2.4784116205418544e-18	7.862844065413189e-18	-1.1185571585378691e-17	1.1807900117552222e-17	7.862844065413189e-18	7.04579620485421e-18	-2.4654835462913676e-17	-1.1185571585378691e-17	-2.4654835462913676e-17	1.1807900117552222e-17	2.133210794294821e-17	2.133210794294821e-17	2.1332107942948202e-17	7.045796204854209e-18	1.7387051890809054e-17	-1.1185571585378691e-17	-1.1185571585378691e-17	7.045796204854209e-18	2.133210794294821e-17	-2.4654835462913676e-17	2.133210794294821e-17	-1.1185571585378691e-17	-1.1185571585378691e-17	-1.1185571585378691e-17	-2.4654835462913676e-17	-2.4784116205418544e-18	-2.4654835462913676e-17	-2.4654835462913676e-17	-1.1185571585378691e-17	-2.4654835462913676e-17	1.7387051890809054e-17	2.133210794294821e-17	7.862844065413189e-18	2.133210794294821e-17	-2.4654835462913676e-17	-2.4654835462913676e-17	2.133210794294821e-17	-1.1185571585378691e-17	2.133210794294821e-17	-2.4654835462913664e-17	2.133210794294821e-17	2.133210794294821e-17	-1.1185571585378691e-17	7.862844065413186e-18	7.862844065413189e-18	-1.1185571585378691e-17	-2.4654835462913676e-17	1.1807900117552222e-17	2.133210794294821e-17	-2.4654835462913676e-17	1.1807900117552225e-17	7.04579620485421e-18	2.133210794294821e-17	2.133210794294821e-17	7.862844065413189e-18	7.862844065413189e-18	-1.1185571585378691e-17	-1.1185571585378691e-17	7.862844065413186e-18	2.133210794294821e-17	-2.4654835462913676e-17	2.133210794294821e-17	7.045796204854209e-18	7.04579620485421e-18	2.133210794294821e-17	-2.4654835462913676e-17	1.1807900117552222e-17	-1.1185571585378691e-17	-2.4654835462913676e-17	-2.4654835462913676e-17	2.133210794294821e-17	7.862844065413189e-18	1.1807900117552222e-17	1.7387051890809054e-17	2.133210794294821e-17	-2.4654835462913676e-17	-1.1185571585378691e-17	7.862844065413189e-18	2.133210794294821e-17	-1.1185571585378691e-17	1.7387051890809045e-17	7.862844065413189e-18	-1.1185571585378691e-17	-1.1185571585378691e-17	-1.1185571585378691e-17	-2.4654835462913676e-17	2.133210794294821e-17	2.133210794294821e-17	-2.4654835462913682e-17	1.1807900117552222e-17	2.133210794294821e-17
7.0	-2.0884797494933616e-14	-4.027380150227339e-15	7.688934196239001e-15	-2.9352422921646826e-13	-2.4784116205418544e-18	7.862844065413189e-18	-1.1185571585378691e-17	1.1807900117552222e-17	7.862844065413189e-18	7.04579620485421e-18	-2.4654835462913676e-17	-1.1185571585378691e-17	-2.4654835462913676e-17	1.1807900117552222e-17	2.133210794294821e-17	2.133210794294821e-17	2.1332107942948202e-17	7.045796204854209e-18	1.7387051890809054e-17	-1.1185571585378691e-17	-1.1185571585378691e-17	7.045796204854209e-18	2.133210794294821e-17	-2.4654835462913676e-17	2.133210794294821e-17	-1.1185571585378691e-17	-1.1185571585378691e-17	-1.1185571585378691e-17	-2.4654835462913676e-17	-2.4784116205418544e-18	-2.4654835462913676e-17	-2.4654835462913676e-17	-1.1185571585378691e-17	-2.4654835462913676e-17	1.7387051890809054e-17	2.133210794294821e-17	7.862844065413189e-18	2.133210794294821e-17	-2.4654835462913676e-17	-2.4654835462913676e-17	2.133210794294821e-17	-1.1185571585378691e-17	2.133210794294821e-17	-2.4654835462913664e-17	2.133210794294821e-17	2.133210794294821e-17	-1.1185571585378691e-17	7.862844065413186e-18	7.862844065413189e-18	-1.1185571585378691e-17	-2.4654835462913676e-17	1.1807900117552222e-17	2.133210794294821e-17	-2.4654835462913676e-17	1.1807900117552225e-17	7.04579620485421e-18	2.133210794294821e-17	2.133210794294821e-17	7.862844065413189e-18	7.862844065413189e-18	-1.1185571585378691e-17	-1.1185571585378691e-17	7.862844065413186e-18	2.133210794294821e-17	-2.4654835462913676e-17	2.133210794294821e-17	7.045796204854209e-18	7.04579620485421e-18	2.133210794294821e-17	-2.4654835462913676e-17	1.1807900117552222e-17	-1.1185571585378691e-17	-2.4654835462913676e-17	-2.4654835462913676e-17	2.133210794294821e-17	7.862844065413189e-18	1.1807900117552222e-17	1.7387051890809054e-17	2.133210794294821e-17	-2.4654835462913676e-17	-1.1185571585378691e-17	7.862844065413189e-18	2.133210794294821e-17	-1.1185571585378691e-17	1.7387051890809045e-17	7.862844065413189e-18	-1.1185571585378691e-17	-1.1185571585378691e-17	-1.1185571585378691e-17	-2.4654835462913676e-17	2.133210794294821e-17	2.133210794294821e-17	-2.4654835462913682e-17	1.1807900117552222e-17	2.133210794294821e-17
8.0	2.07668100768796e-14	3.96725415420101e-15	-7.446517965498021e-15	2.0382607569176284e-14	-8.494682567755464e-13	-4.0692465619848727e-13	-2.3743100654869213e-13	3.6508035915528133e-16	1.046894400639244e-15	2.1214166268733097e-16	-6.697537690289326e-16	-2.2514471245664575e-15	-2.4302760479042877e-15	-3.3876493308784103e-15	-3.2475391573536415e-15	6.783484210461505e-16	-3.3142732378377294e-16	-1.0869756002277824e-15	-2.9153604469305107e-15	-1.257242220567469e-15	-1.0439129034751771e-15	-2.7667987052669617e-15	-2.1654408487616388e-14	-3.795628434856602e-15	-2.1374965115167334e-15	-2.603590286984061e-16	7.379534964998187e-16	-1.348336038282679e-15	-2.5501106760820807e-15	-2.5852218501301726e-15	-2.5370103503793184e-15	5.933053002704316e-16	7.611847463876557e-16	-1.0646325473043615e-15	-1.429729333318196e-15	-5.715269816447402e-16	-2.7863664324377705e-15	-4.340942386606949e-15	-1.7981151874957356e-15	-1.835210528214561e-15	4.812144220552512e-16	-1.3153346217862643e-15	2.3514740816050398e-16	-2.091084835009803e-16	-1.4630915073911078e-15	-1.0162543657420859e-15	-2.606135569724431e-15	-3.2913233692592393e-15	-1.6979316273944633e-15	-2.4441401387352756e-15	-3.193998475816291e-15	-2.158660253828126e-15	-5.730396558796129e-16	-1.8515725281273753e-15	-1.118200622795365e-15	-3.0328775448147263e-15	7.440041934393098e-16	-5.701113452924048e-16	-7.456375034897041e-16	-5.557061180966713e-16	-9.625196084396603e-16	-2.0433773453317777e-15	-3.697151624755274e-15	-3.8961676288510597e-16	-2.9754096208663866e-15	-3.9584783861284574e-16	5.256927551601915e-16	8.941619502434422e-16	-1.2026055693238013e-15	-2.1586699861663914e-16	-2.1539555493120853e-15	-8.56035328681763e-16	-1.0284254035499526e-15	-3.1468418548412754e-15	-5.727062922567695e-16	-1.1091245773861283e-15	-1.4830199921384134e-15	-4.919100805380555e-16	-9.711464316833763e-17	-1.2320678949393775e-15	-9.258683662030433e-16	-9.21774441980633e-16	-1.1898100542454775e-15	-1.2880231446528434e-15	5.518386186584093e-16	-4.02923329729587e-15	-2.6075649030535926e-15	-3.9534329037408095e-15	-4.802739588793277e-15	-3.34229649778588e-15	-3.891787714664349e-15	-2.0095710727766577e-15	-2.8569072881352194e-15	-1.8553193917501148e-15	-2.2612446851286877e-15
9.0	3.2583791611318283e-14	6.2440076624367975e-15	-1.1806797495305061e-14	2.5171608085575387e-14	-1.1420289322160936e-12	-5.446162988444211e-13	-7.470658201679802e-13	3.8117333335958715e-16	1.0147235124939082e-15	3.768018664178721e-16	-1.3999039738430162e-15	-5.069687329626851e-15	-4.150830150344745e-15	-4.899497628737283e-15	-3.702216157506362e-15	4.835553803284978e-16	-9.003919440891146e-16	-1.6108819394016357e-15	-4.671289557284082e-15	-2.5944380168672822e-15	-4.235099667089005e-16	-5.066700065122268e-15	-3.326167730327174e-14	-2.2829157856263985e-15	-3.7211111414829576e-15	-8.057860738458944e-16	1.6759334927840846e-16	-1.3860411252593096e-15	-4.59572952397935e-15	-6.48289698734621e-15	-4.452916753968963e-15	4.417918802958684e-16	-1.9535607767572034e-15	-4.198195939241571e-15	-2.1749591154221904e-15	-2.191110205628613e-15	-3.855952317113018e-15	-7.221533700981751e-15	-1.6049144792654307e-15	-8.459572582940014e-15	1.0621144448316616e-15	-7.410260829689444e-16	1.0765819284089528e-15	-1.5283545305550157e-16	-1.5802709688096745e-15	-2.453344950237544e-15	-4.322908241501698e-15	-3.328131473029012e-15	-5.398476440068187e-15	-1.895338399487766e-15	-4.984912776456269e-15	-4.5665744368403174e-15	-2.2258036751089185e-15	-3.852363778036023e-15	-1.3360182272888402e-15	-5.935382679720959e-15	8.235312345733836e-16	-7.0380310662693e-16	-1.164820263000216e-15	-2.4765866942049084e-15	-4.908585570976167e-15	-3.971921504629914e-15	-4.5255778418236595e-15	4.869241965431302e-16	-4.430464352016477e-15	1.3115153328815183e-15	-3.8937144431639754e-16	8.784345766780596e-16	-2.5626233794014423e-15	1.7239994786173159e-16	-1.5371691308182697e-15	-6.491394954032269e-16	-4.3237058264440755e-15	-3.3689729600403272e-15	-4.4061465675818235e-16	-1.1266527698651427e-17	-2.136346404842291e-15	5.81013216528526e-16	-5.633417273366113e-16	-9.78694057373736e-16	-7.980058827834711e-16	-2.9426582486035985e-16	-1.8396511321933276e-15	-6.563301647114807e-16	-2.736060772171313e-16	-6.2632494854358435e-15	-4.599272642466878e-15	-4.251642944445747e-15	-7.458129784896827e-15	-2.6865831692780434e-15	-5.946353291424109e-15	-3.2615518686410597e-15	-4.152395721213548e-15	-1.7102666230025106e-15	-3.9762551391868585e-15
10.0	-3.2650333851732465e-14	-6.3926090129181114e-15	1.1772694701053734e-14	-2.5230902698942256e-14	1.1530650251983927e-12	5.497757758562537e-13	7.567095686572661e-13	7.545551506113826e-16	-1.7496812004097516e-15	-1.2262899980873253e-15	1.9133230239368312e-15	1.6100388222724661e-15	1.4771158908122697e-15	4.2061789766328543e-16	-1.950556958726976e-17	2.120065264990401e-15	-6.212374709876424e-17	2.739686085958899e-15	2.724216719028293e-15	2.503383769018113e-15	-1.93648608249488e-16	-8.60701193314549e-16	4.570356858711706e-16	4.820660837362492e-15	1.898891531694102e-15	1.827911770957811e-15	-3.4441405780491157e-16	1.0122592459815656e-15	2.1990146323014293e-15	-1.0775046433207946e-16	-5.44914315077267e-15	-1.209041319005175e-15	-2.6658086408787095e-15	-3.4307867956332333e-15	-4.171641937277274e-15	-7.000264859190204e-15	-2.355307543584173e-15	-2.8247822097826804e-15	1.063330131683177e-15	7.089794733759547e-16	2.7357377924350134e-15	3.183848303063053e-15	5.7249232788859866e-15	9.144029310417874e-16	7.163773628878388e-17	7.591947747035576e-16	-5.578206323285228e-16	-1.7499472776944656e-16	-3.631499216658561e-15	-3.833901661177367e-15	-6.050086374790729e-15	-6.61250644038712e-17	-3.1405322951774674e-15	-1.955355418872053e-15	-1.785774409458478e-15	-2.106799187229504e-15	-2.541349126335021e-15	-5.004985897046061e-15	-3.4299550649263235e-15	-2.204907427043201e-15	-2.1619108596817813e-15	-2.260582848375306e-15	2.7546691648682563e-15	4.78041714496849e-16	-1.2982083444611265e-15	6.234681607970038e-16	-2.0022606485693583e-15	-2.2163584196763133e-15	-2.52077680312407e-15	-2.4381678061430263e-16	1.4693493840481977e-15	2.988520609860459e-15	1.7119317497906812e-15	2.1734825780345376e-15	1.8635519822419286e-15	-6.367866349641206e-16	1.1079341928849873e-15	2.8584162805638386e-15	1.2304141723554347e-16	-3.856716711926396e-16	2.182539840347016e-15	2.2674411942513503e-15	3.658594661520117e-15	7.336751375363889e-16	-2.28468338766829e-15	-2.0093564765417602e-15	-9.953416417887593e-16	-1.5453422906512401e-15	-1.1564999463842753e-15	-2.0650955812900096e-15	-2.066476177978122e-15	-2.4430824058219436e-15	5.298610315538495e-16	7.863177560846253e-16	2.394108727367349e-16
11.0	-4.2125690469311123e-14	-5.5755911698354524e-15	5.059864626796897e-15	-1.6859755038281757e-14	7.548773539122725e-13	3.747373656499205e-13	4.900159718025055e-13	5.143929968251237e-15	-4.162103702295405e-15	-2.385028835309729e-16	2.1845461936530538e-15	2.0134113560538392e-16	1.9325951646302376e-15	-8.409085863330353e-16	-9.030812147974145e-16	1.8506607332299747e-15	-3.2618148290298697e-16	3.2637942184277605e-15	4.2359471831509395e-15	1.7506016049648923e-15	2.7651705188998796e-16	-9.691810856727815e-16	1.567331696804981e-15	6.852881722794091e-15	9.9380437397997e-16	-1.0641051079164422e-15	-2.343798470116094e-16	1.285224220967246e-15	4.028113729656563e-15	-1.6128748096419195e-15	-8.590469801746821e-16	-6.49825284281627e-16	-1.12293272126506e-15	-2.886355916773969e-15	-3.0493439968588447e-16	-2.6517446807381147e-16	-1.0480068276975874e-15	9.9244468457969e-16	9.751111467967504e-16	3.2422697185398715e-15	3.982497176870077e-15	2.549976343289732e-15	6.3682836722253004e-15	4.32822543516149e-16	1.3508936903372328e-15	1.8320782409061203e-15	-4.3967430049367755e-16	2.6417916761579354e-15	-1.985451625924405e-15	-1.9407877903479024e-16	2.6814882465691867e-16	1.0862304871418043e-15	-4.040085736633938e-15	-1.5369351282290875e-15	-9.747043432243536e-16	-6.097714334281383e-17	-2.73370025088801e-15	-2.735837402393339e-15	-1.6154971505599345e-15	-2.6735677360464222e-15	-2.6831712208435782e-15	1.1403682519959516e-15	3.778063526398772e-15	1.182944600291124e-15	-3.256254445186381e-15	8.850996018110324e-16	-1.8730136871095535e-15	-2.251460821543284e-15	-2.265061192680312e-15	1.0789308356613995e-15	2.2444983297063923e-15	1.5237278636876295e-15	2.207583367775816e-15	2.0660067346299672e-16	3.851018950272337e-15	1.21415592588188e-15	2.0948680122901788e-15	1.0503007600581816e-15	1.3300770086255111e-15	-2.835018139972203e-17	3.90375477575098e-15	2.2767782310498124e-15	2.446614449884118e-15	-9.763003583649371e-16	-2.0739778906289026e-15	8.811723594000436e-16	2.911996957565077e-16	1.6849666858212618e-17	-8.42504601473619e-16	-1.2979040461207855e-15	-1.016948486941427e-15	-1.4971478026633617e-15	3.4733532425822225e-16	2.0059809900091817e-15	-2.006101625824704e-15
12.0	4.2087647806760716e-14	5.5595414066118126e-15	-5.0929609942027145e-15	1.68868804137121e-14	-7.548899736624352e-13	-3.748138146908659e-13	-4.90072262939488e-13	-5.2145126931311474e-15	4.168629542336563e-15	9.031252305174097e-17	-2.4654835462913676e-17	7.045796204854209e-18	1.7387051890809054e-17	1.1807900117552222e-17	-1.1185571585378691e-17	-2.4654835462913676e-17	-2.4654835462913664e-17	-1.1185571585378691e-17	-5.606419812121945e-18	1.1807900117552222e-17	2.133210794294821e-17	-2.478411620541854e-18	1.1807900117552222e-17	-2.4654835462913676e-17	1.1807900117552222e-17	1.1807900117552222e-17	7.045796204854209e-18	2.133210794294821e-17	2.133210794294821e-17	-1.200261944593797e-17	2.133210794294821e-17	2.133210794294821e-17	1.1807900117552222e-17	-5.606419812121945e-18	1.7387051890809054e-17	-2.4654835462913676e-17	7.862844065413189e-18	2.133210794294821e-17	-5.606419812121945e-18	2.133210794294821e-17	7.862844065413189e-18	-2.4654835462913676e-17	1.7387051890809054e-17	2.1332107942948202e-17	-2.4654835462913676e-17	1.1807900117552222e-17	-2.478411620541854e-18	7.862844065413186e-18	7.862844065413189e-18	2.133210794294821e-17	-2.4654835462913676e-17	2.133210794294821e-17	2.2836922921561836e-18	-2.4654835462913676e-17	2.283692292156184e-18	-2.4784116205418544e-18	-2.4654835462913676e-17	-1.1185571585378691e-17	7.862844065413189e-18	1.7387051890809054e-17	2.133210794294821e-17	-1.1185571585378691e-17	1.7387051890809045e-17	2.133210794294821e-17	-2.4654835462913676e-17	7.045796204854209e-18	-2.478411620541854e-18	-1.200261944593797e-17	-2.4654835462913676e-17	7.862844065413189e-18	-2.478411620541854e-18	2.133210794294821e-17	-2.4654835462913676e-17	2.133210794294821e-17	1.7387051890809054e-17	-1.907568368965719e-17	-7.240515533239904e-18	1.7387051890809054e-17	-7.240515533239904e-18	-2.4654835462913676e-17	2.133210794294821e-17	1.7387051890809054e-17	-1.1185571585378691e-17	-2.4654835462913676e-17	1.7387051890809045e-17	7.862844065413189e-18	1.1807900117552222e-17	2.133210794294821e-17	-1.1185571585378691e-17	2.133210794294821e-17	1.1807900117552222e-17	2.2836922921561836e-18	7.86284406541319e-18	-1.1185571585378691e-17	2.133210794294821e-17
13.0	-3.0369310507728264e-14	-4.815790431906701e-15	-8.610446781668273e-15	-4.6349017799362505e-14	-3.926790539134718e-13	1.1844297624657825e-13	-6.06180690104016e-13	3.9455575235049016e-13	-5.061967066621786e-13	-7.163777663087328e-15	1.3440134957750241e-14	7.045796204854209e-18	1.7387051890809054e-17	1.1807900117552222e-17	-1.1185571585378691e-17	-2.4654835462913676e-17	-2.4654835462913664e-17	-1.1185571585378691e-17	-5.606419812121945e-18	1.1807900117552222e-17	2.133210794294821e-17	-2.478411620541854e-18	1.1807900117552222e-17	-2.4654835462913676e-17	1.1807900117552222e-17	1.1807900117552222e-17	7.045796204854209e-18	2.133210794294821e-17	2.133210794294821e-17	-1.200261944593797e-17	2.133210794294821e-17	2.133210794294821e-17	1.1807900117552222e-17	-5.606419812121945e-18	1.7387051890809054e-17	-2.4654835462913676e-17	7.862844065413189e-18	2.133210794294821e-17	-5.606419812121945e-18	2.133210794294821e-17	7.862844065413189e-18	-2.4654835462913676e-17	1.7387051890809054e-17	2.1332107942948202e-17	-2.4654835462913676e-17	1.1807900117552222e-17	-2.478411620541854e-18	7.862844065413186e-18	7.862844065413189e-18	2.133210794294821e-17	-2.4654835462913676e-17	2.133210794294821e-17	2.2836922921561836e-18	-2.4654835462913676e-17	2.283692292156184e-18	-2.4784116205418544e-18	-2.4654835462913676e-17	-1.1185571585378691e-17	7.862844065413189e-18	1.7387051890809054e-17	2.133210794294821e-17	-1.1185571585378691e-17	1.7387051890809045e-17	2.133210794294821e-17	-2.4654835462913676e-17	7.045796204854209e-18	-2.478411620541854e-18	-1.200261944593797e-17	-2.4654835462913676e-17	7.862844065413189e-18	-2.478411620541854e-18	2.133210794294821e-17	-2.4654835462913676e-17	2.133210794294821e-17	1.7387051890809054e-17	-1.907568368965719e-17	-7.240515533239904e-18	1.7387051890809054e-17	-7.240515533239904e-18	-2.4654835462913676e-17	2.133210794294821e-17	1.7387051890809054e-17	-1.1185571585378691e-17	-2.4654835462913676e-17	1.7387051890809045e-17	7.862844065413189e-18	1.1807900117552222e-17	2.133210794294821e-17	-1.1185571585378691e-17	2.133210794294821e-17	1.1807900117552222e-17	2.2836922921561836e-18	7.86284406541319e-18	-1.1185571585378691e-17	2.133210794294821e-17
14.0	3.0203329444239294e-14	4.824794228300398e-15	8.728328622998603e-15	4.679685104951838e-14	3.986574543700349e-13	-1.2020070244994952e-13	6.15271588368343e-13	-4.0073243200582673e-13	5.139377523105461e-13	8.204966149343028e-15	-1.5863588431339515e-14	-2.5629061911604037e-15	-3.631607852859678e-15	2.569359575042478e-16	3.151504175982428e-16	-1.3917695740045683e-17	-2.770817861877174e-16	-6.593454281730718e-16	-1.1661484028522589e-15	-1.6839841956577635e-15	-2.551526312434416e-15	-1.773648680043812e-15	-3.761641783513233e-15	-3.443437898780454e-15	-9.513064115250943e-16	-2.612824440911205e-15	-2.297715548577056e-15	-2.0923103602356255e-15	-1.235176584314834e-15	-1.6489289685617306e-15	-1.9197958535312464e-15	-2.734158046347044e-15	-2.7752588466992556e-16	3.052441653757436e-16	5.100385734235449e-16	-1.9055847021005867e-15	-1.175932266437663e-15	-1.9832448304901905e-15	1.456739795847846e-15	-2.885287341021304e-15	-2.9717597951261846e-15	-2.940284749841469e-15	-3.4214556034335303e-15	-4.0216699261215036e-15	-3.17762277892665e-15	-2.915984924200967e-15	-3.4489474593551995e-15	-1.666456582109746e-15	-1.862174944748311e-15	-7.547831928278253e-16	-2.4766278128205984e-15	-9.187490935108875e-16	-7.830936017850265e-16	-3.6062244888514876e-15	-2.14522656450252e-15	-2.917941696918049e-15	2.414223813681333e-15	6.256959364732163e-16	-2.4897007445697072e-15	-5.383588833369033e-16	-2.6113117666763325e-15	-8.627938437974216e-16	-1.348072318588719e-15	-2.5937841531283156e-15	-4.106138233850763e-16	-2.9777271511599644e-15	-1.4061510228306885e-15	-1.1560037816903577e-15	-6.156582541500098e-16	-2.7832577430623137e-15	-3.6381710265720644e-15	-3.2525212785404677e-15	1.8670227331427883e-15	-2.2180986474703717e-15	-1.3472674625300143e-15	-1.4642434240494836e-15	-7.40197586843843e-16	-1.1285952666743994e-15	-9.197206313810148e-16	1.0951261537627924e-15	-2.77345505881677e-16	7.317224207720788e-16	-5.096180728743206e-16	3.4053337252816914e-15	1.7320750595930943e-15	-2.515388812608892e-15	-2.0029615778570348e-16	-1.0275372065855365e-15	1.0841903735190126e-15	-3.126108514035265e-15	-1.298417788531878e-15	-6.950114355627349e-16	-1.1253061985106943e-15	-1.7560240286132584e-15	-1.4870305754551127e-15
15.0	3.266075423479341e-14	1.1232895933204603e-14	1.3610763122406168e-14	3.7289925519993455e-14	1.877496486749357e-13	-5.4281593098266226e-14	3.089602052421985e-13	-1.8959135098843027e-13	2.5097728472816114e-13	6.6070385504041575e-15	-1.9625048253050917e-14	-6.321562565584278e-15	-9.222669626091131e-15	6.02015460069661e-16	-7.523103168274664e-16	-6.061514477764008e-16	6.560032581043893e-16	6.985801891986467e-16	-2.0057374192807997e-15	-2.9521824750581605e-15	-2.531597735919866e-15	-5.6147047172511694e-15	-5.541308845520831e-15	-4.305842462033449e-15	-2.154428144045435e-15	-3.3076232303562935e-15	-5.48973322268312e-15	-3.81831358697094e-15	-2.4137243242892037e-15	-4.827390779636291e-15	-3.821536675343663e-15	-3.2574608596658213e-15	-4.54223474972555e-16	-7.155872425357979e-16	-3.0508868643242838e-15	-1.4036699084546846e-15	-4.295110014722421e-16	-2.7941102273685288e-15	5.1257816434966705e-17	-8.628685312272497e-15	-4.47700359669072e-15	-4.2137260017434984e-15	-5.64334802292688e-15	-6.695139874214553e-15	-5.693616813756141e-15	-5.1165967212235155e-15	-2.8977882868754703e-15	-2.29571788134862e-15	-9.926600833648819e-16	-2.721663085247593e-15	-3.839289631731449e-15	-2.522728727338027e-15	-9.768201406100204e-16	-5.211032625108507e-15	-3.9829252497855e-15	-6.061584986652808e-15	3.8949333181771646e-16	-3.185752849608062e-15	-4.1600169095306655e-15	-1.3665206769343753e-16	-4.9350512293401764e-15	-2.2887587122667094e-15	-1.3715988802375675e-15	-3.0464743031490878e-15	-7.898676701932201e-16	-3.936466186655266e-15	-3.748154289350632e-15	-3.941523026284916e-15	-2.0691236960544224e-15	-4.369244305494058e-15	-3.87580208725988e-15	-5.411414728960458e-15	1.8662996776079785e-15	-2.7878031262209964e-15	-1.3200924876038092e-15	-2.142491422255609e-15	-4.171395777259087e-15	-1.969441804186866e-15	-2.5242710474568707e-15	2.415511798206635e-15	-5.744204112263972e-16	-5.62013352951531e-16	-1.668276958697436e-15	2.9177047221029245e-15	5.214496065995793e-16	-3.9759709632099125e-15	-3.4161223619502274e-15	-2.0725488841985788e-15	2.4404836503030463e-15	-5.522862941967853e-16	-4.0420800570975184e-15	-1.62687744360941e-15	-3.408586330827532e-15	-3.649654521980324e-15	-2.9377129914024093e-15
16.0	-3.280383741182244e-14	-1.1345893734906957e-14	-1.3717031835660557e-14	-3.754561280132854e-14	-1.8793244698607973e-13	5.423074419570529e-14	-3.087348714132091e-13	1.8957520555687846e-13	-2.5092436681884665e-13	-6.7229234493810165e-15	1.965054203480529e-14	6.506247112558566e-15	9.36769532056968e-15	-9.420087008678963e-15	4.940703637386509e-15	-7.400529074154901e-16	-5.936257632377826e-15	2.576918415563061e-16	8.29254591095344e-16	1.6763556876431476e-15	1.6375302176568916e-15	-1.2329450136094033e-15	-5.676109210518433e-16	2.2517299346188757e-15	1.8187877319674086e-15	-1.4021660700150438e-15	-2.2321567311647146e-15	-7.002683119381203e-16	-1.3793120029169394e-15	-2.9097499923343203e-15	1.4643622403429383e-15	2.1561446793855818e-15	-1.1143191704664309e-15	-4.2847145519989484e-15	-2.7561618718600467e-15	-1.818082112113388e-15	8.427604990616665e-16	1.4894934309423971e-15	3.2088114024589133e-15	-5.384051019151892e-16	-4.696428377465164e-16	1.390241697780226e-15	1.0660140259432581e-15	-1.7592220595420188e-15	-1.1500635223786098e-15	-1.2894085883137884e-17	2.3827271681870258e-15	2.1461528006638863e-15	6.522366841080565e-17	5.022634831900329e-16	2.009479060104303e-15	1.7523755718132983e-15	2.733120233678149e-15	7.634699563812996e-16	3.755195972178588e-16	-1.4956554061115277e-15	-2.5066149447562686e-15	-5.135141647167519e-15	-4.722876665780639e-15	-5.402727625843267e-15	-2.802203379672796e-15	4.329988913586792e-16	-2.5122982166426563e-15	-5.4949260128691655e-15	-2.102605907741966e-15	2.335511269031463e-15	-1.0727352718419928e-15	-2.3498011206407994e-15	7.63510308176263e-16	-1.2928399057764872e-16	4.144932240263187e-16	-1.909631860224425e-15	-5.050508404701876e-16	4.1979035340147174e-16	-2.1345745546399163e-16	1.3105977489189565e-15	9.616308183952325e-16	3.905654085956079e-16	1.069106989979664e-15	1.020587222114741e-15	1.6074112190706866e-15	3.4434867641323568e-15	2.5976924309946528e-15	3.788193172770173e-15	1.735683101127603e-15	1.6150262208642484e-15	2.2252779360074796e-15	-1.1941940285586843e-16	7.813865431341873e-16	3.085491716864538e-15	1.872219437643993e-15	1.4049142126482844e-15	1.5557664469002445e-15	-2.3650532131962233e-15	-3.2226801394174637e-16
17.0	-2.5410421901585174e-14	-8.930207318379808e-15	-1.0348033014104251e-14	-2.5221589336003138e-14	-1.2052619051157002e-13	3.271786182349521e-14	-1.9882603592659825e-13	1.1746146231446476e-13	-1.5261834871666393e-13	-1.7949159937403145e-15	1.7529601623269842e-14	3.7016049581730265e-15	5.077147645263408e-15	-9.195430131282848e-15	1.0987715714952837e-15	-1.0043388424886843e-15	-3.811268919616421e-15	-1.0805042341211749e-16	3.0411251362322724e-15	4.321980662456926e-16	-1.3216987026437106e-16	-2.557239681112501e-16	1.4253480914688424e-15	1.1958234562751577e-15	1.2515286832714913e-15	-7.326342156694792e-16	-1.7067439531097399e-15	-5.598000423190817e-16	-1.2101826374749911e-15	1.6305729010220246e-15	3.831714942795489e-15	1.4382406444297026e-15	-8.2507402580814e-16	-2.6733040163524625e-15	-1.3567042655157481e-15	6.231980273913899e-16	5.271083915125262e-16	2.695790153154322e-15	1.0741604518550354e-16	-6.095242163048078e-16	2.893992727897886e-15	2.9696960835704085e-15	-4.355107323423815e-16	-1.83956817213093e-15	4.559567555214489e-16	1.5484580908335129e-15	1.6400097040077584e-15	3.7904423369485406e-15	9.210567228483074e-16	2.7215940797361826e-16	2.0094641339379626e-15	3.470184641616145e-15	3.481467482459594e-15	1.9082256950608514e-15	2.34945623825259e-15	-1.698042362253827e-15	-3.095424627832428e-15	-2.7682417355729503e-15	-4.361939447106919e-15	-4.171383584443431e-15	-4.03092635031899e-15	-7.815672305733268e-16	-1.976569656280242e-15	-2.307679790950709e-15	8.672808746154009e-16	6.427794515390248e-16	-6.081782238813573e-16	-1.926026929258986e-15	-3.303587480311084e-16	2.9404466543800465e-16	7.192739662934264e-16	-2.3512699270912332e-15	-1.1979008648077604e-15	-3.0296392999197647e-16	4.393173389378484e-16	1.915594990470139e-15	1.5345380530504652e-15	2.812354533828549e-16	-8.409085863330353e-16	7.830563068752157e-16	2.330860048951908e-15	2.9076901369174516e-15	3.907418298468011e-15	2.3801675184090804e-15	-6.977577208126533e-17	7.093234208965999e-16	2.7558256301133704e-15	2.1033384010890985e-16	1.0726164190279491e-15	1.1135556612520517e-15	3.4518384750325945e-15	1.902188695098187e-15	6.11818148665402e-16	-3.1202108019303723e-15	2.896870215216349e-16
18.0	2.5433369085767713e-14	8.90621310766871e-15	1.0365488071091134e-14	2.514760454827552e-14	1.2045191176579936e-13	-3.2699051972750494e-14	1.9875734241680072e-13	-1.1751339423585606e-13	1.5255479005620209e-13	1.8520378890006955e-15	-1.7564268172683733e-14	-3.642589163889453e-15	-5.100572648638125e-15	9.2134579841424e-15	-9.911525660052453e-16	4.102895635910857e-15	1.583534454522444e-15	-3.156798554967379e-16	-3.3309417542641274e-16	1.1807900117552222e-17	-2.4654835462913676e-17	-7.240515533239904e-18	-7.240515533239904e-18	-2.4654835462913676e-17	-2.478411620541854e-18	-2.478411620541854e-18	-7.240515533239904e-18	2.2836922921561836e-18	1.1807900117552222e-17	-1.200261944593797e-17	7.862844065413189e-18	2.133210794294821e-17	-1.1185571585378691e-17	1.7387051890809054e-17	-2.4654835462913676e-17	1.7387051890809054e-17	-5.606419812121945e-18	1.1807900117552222e-17	-2.4654835462913676e-17	-1.1185571585378691e-17	2.133210794294821e-17	2.133210794294821e-17	2.133210794294821e-17	-2.4654835462913664e-17	1.7387051890809054e-17	2.2836922921561836e-18	-2.478411620541854e-18	2.1332107942948202e-17	-2.4654835462913676e-17	7.862844065413189e-18	1.7387051890809054e-17	2.133210794294821e-17	2.2836922921561836e-18	2.133210794294821e-17	-2.4784116205418544e-18	1.0990852256992876e-17	-2.4654835462913676e-17	1.1807900117552222e-17	7.862844065413189e-18	7.862844065413189e-18	7.045796204854209e-18	-2.478411620541854e-18	-5.6064198121219424e-18	-1.1185571585378691e-17	7.862844065413189e-18	7.045796204854209e-18	-2.478411620541854e-18	1.0990852256992876e-17	-2.4654835462913676e-17	-2.4654835462913676e-17	-7.240515533239904e-18	-2.478411620541854e-18	1.7387051890809054e-17	-1.1185571585378691e-17	7.862844065413189e-18	2.691125971620487e-17	1.0990852256992873e-17	7.862844065413189e-18	6.2287483442947856e-18	1.7387051890809054e-17	2.2836922921561836e-18	7.862844065413189e-18	-2.4654835462913676e-17	-1.1185571585378691e-17	7.862844065413186e-18	7.862844065413189e-18	-2.478411620541854e-18	2.133210794294821e-17	1.1807900117552222e-17	-7.240515533239904e-18	7.045796204854209e-18	-7.240515533239904e-18	-1.1185571585378694e-17	-1.1185571585378691e-17	-2.4654835462913676e-17
19.0	-2.858604899978207e-14	-1.0346777122784055e-14	-1.5285237921933914e-14	-6.0759739594843036e-15	-5.892522254206521e-17	2.482397011922438e-14	-2.874682771775578e-15	-4.215675293824431e-15	-1.1339897655211761e-14	5.3695229380529895e-15	-8.462142666901657e-15	3.042855620574983e-17	-3.5565733005381387e-14	8.700017565575666e-15	-5.380032622575283e-16	-1.2155785881130588e-14	6.5122357446572205e-15	-2.4654835462913676e-17	1.344199583866959e-17	1.1807900117552222e-17	-2.4654835462913676e-17	-7.240515533239904e-18	-7.240515533239904e-18	-2.4654835462913676e-17	-2.478411620541854e-18	-2.478411620541854e-18	-7.240515533239904e-18	2.2836922921561836e-18	1.1807900117552222e-17	-1.200261944593797e-17	7.862844065413189e-18	2.133210794294821e-17	-1.1185571585378691e-17	1.7387051890809054e-17	-2.4654835462913676e-17	1.7387051890809054e-17	-5.606419812121945e-18	1.1807900117552222e-17	-2.4654835462913676e-17	-1.1185571585378691e-17	2.133210794294821e-17	2.133210794294821e-17	2.133210794294821e-17	-2.4654835462913664e-17	1.7387051890809054e-17	2.2836922921561836e-18	-2.478411620541854e-18	2.1332107942948202e-17	-2.4654835462913676e-17	7.862844065413189e-18	1.7387051890809054e-17	2.133210794294821e-17	2.2836922921561836e-18	2.133210794294821e-17	-2.4784116205418544e-18	1.0990852256992876e-17	-2.4654835462913676e-17	1.1807900117552222e-17	7.862844065413189e-18	7.862844065413189e-18	7.045796204854209e-18	-2.478411620541854e-18	-5.6064198121219424e-18	-1.1185571585378691e-17	7.862844065413189e-18	7.045796204854209e-18	-2.478411620541854e-18	1.0990852256992876e-17	-2.4654835462913676e-17	-2.4654835462913676e-17	-7.240515533239904e-18	-2.478411620541854e-18	1.7387051890809054e-17	-1.1185571585378691e-17	7.862844065413189e-18	2.691125971620487e-17	1.0990852256992873e-17	7.862844065413189e-18	6.2287483442947856e-18	1.7387051890809054e-17	2.2836922921561836e-18	7.862844065413189e-18	-2.4654835462913676e-17	-1.1185571585378691e-17	7.862844065413186e-18	7.862844065413189e-18	-2.478411620541854e-18	2.133210794294821e-17	1.1807900117552222e-17	-7.240515533239904e-18	7.045796204854209e-18	-7.240515533239904e-18	-1.1185571585378694e-17	-1.1185571585378691e-17	-2.4654835462913676e-17
20.0	2.885715477776526e-14	1.022092606380307e-14	1.5266733781277512e-14	5.919247797330005e-15	3.142591889338742e-17	-2.4926399928174248e-14	3.0505951851887263e-15	4.202966094400844e-15	1.1606584765011626e-14	-5.650484403963957e-15	8.366138138834727e-15	-8.319653474297486e-17	3.555560061483568e-14	-8.62020276220479e-15	6.560548329041021e-16	1.1953144238774291e-14	-6.45403932738131e-15	-1.8900001642928248e-15	6.749678157700774e-15	7.158147725861624e-16	6.857785532679435e-16	1.11673934568359e-15	-1.7107408394496132e-15	-4.3777740076318145e-15	-4.955922694067155e-15	-4.564680044555102e-15	-1.4995623708394764e-15	-3.397169474769855e-15	-1.6821107638463936e-15	-1.4737772649177555e-15	-2.614337115146078e-15	-2.5689705850767218e-15	-2.1878451627729162e-15	-5.0524427314514e-15	-3.120057817095774e-15	-3.1317151124925477e-15	-1.145415062046248e-15	-2.248421776096712e-15	-1.0642854867046908e-15	-4.531234529576479e-15	-5.533363562326328e-15	-3.671880261244647e-15	-4.09597134241852e-15	-8.386133263097982e-17	-1.5689513098785487e-15	-2.56627860022982e-15	-1.7362062787253163e-15	-9.47739926690603e-16	-1.2341913494678806e-15	8.196430288662612e-17	-2.1952281551590315e-15	-1.76384483675352e-16	-1.0095791915321382e-15	-7.485658140769119e-16	-1.6133326051009526e-15	-7.674205993882401e-17	-1.120060357629908e-15	-2.1187199434278036e-15	-2.131459511554069e-15	-1.008857676379144e-15	-3.2760995890279753e-15	-2.9294186135265735e-15	-3.1124944459214087e-15	-2.251724541237243e-15	-4.206882910021671e-15	-3.92541360843122e-15	-1.7241882257520452e-15	-1.3235087732542584e-15	-1.6951973925723296e-15	-2.1121281101235678e-15	-2.3501043134560313e-15	-5.651155271287525e-16	-1.0662559563985987e-15	-2.9352889316778162e-15	-3.485334981897857e-15	-2.983153370828999e-15	-3.161941203236352e-15	-2.3962893965609193e-15	-3.187656665229188e-15	-3.4424526639335004e-15	-2.2001269354401468e-15	-3.642625708370972e-15	-2.4648124089059166e-16	-1.1862435694109864e-15	-9.519171918187243e-16	-1.1643720089234266e-15	-3.635405433157718e-16	-2.3906827981036363e-15	-3.5350591558835834e-15	-2.5480431685056356e-15	-1.1303020166743473e-15	-1.0611767973292343e-15	-4.763529366839464e-16	-2.1878451627729162e-15	4.237464981069126e-16
21.0	1.2633641105047646e-14	1.2399214272302053e-14	2.2551005960592603e-14	8.459262382114926e-15	-2.514809237043149e-15	-3.5697405852574205e-14	-1.347247668776034e-15	8.221321693929459e-15	6.07003821610372e-15	-4.999235308045731e-15	8.321309959626011e-15	-4.16510825320772e-16	4.847875108423034e-14	-1.221738143876805e-14	-1.1173011588887668e-15	2.0880841320158373e-14	-4.984046024510531e-15	1.1349593093026855e-16	1.8221411211557483e-14	1.0074444545952722e-15	1.0365360272956595e-16	1.139671070005513e-15	-3.688810613117959e-15	-4.893400031991892e-15	-7.059397962383153e-15	-6.497911932509378e-15	-2.556899917462524e-15	-5.451634467660311e-15	-1.609988419940087e-15	-2.8067191991266526e-15	-5.705175878575881e-15	-2.7935745554195e-15	-5.2096804533818094e-15	-3.518919642580228e-15	-4.4833149528816984e-15	-3.1329831386209454e-15	-6.931821800289372e-17	-5.07784056231243e-15	-2.995093897498024e-15	-5.397346258441706e-15	-5.753100416156386e-15	-6.583282796874826e-15	-3.843609699679866e-15	-1.424459351532396e-15	-3.5471152473308426e-15	-4.0706033514801765e-15	-2.6581891977535175e-15	-2.9700109044989362e-15	-1.7037727216111375e-15	-4.91211963243406e-16	-3.704167628272748e-15	1.230278991146401e-15	-1.4148984575400024e-15	-1.9738921018885573e-15	-4.507868783940191e-15	-6.164553221056316e-16	-2.6511260497859793e-15	-3.6058703209773556e-15	-2.4975796782679864e-15	-1.542563623653654e-15	-4.227383240665028e-15	-2.4696204685229037e-15	-6.0233525483114605e-15	-2.8030753567577145e-15	-6.882496438757265e-15	-5.716079341024761e-15	-7.838717042243801e-16	-2.324689423248031e-15	-9.567354412172923e-16	-6.027871448754228e-15	-4.830363092643895e-15	-1.859152111506222e-15	-7.65559545705344e-16	-5.009065582104891e-15	-5.836129747958508e-15	-2.4024720587334883e-15	-5.16274102159449e-15	-3.365360878508242e-15	-7.0118439320285535e-15	-4.380436838699077e-15	-4.006943396622095e-15	-4.477196360351336e-15	-4.995363363417516e-16	-3.0599680979936895e-15	-2.994120196492465e-15	1.4531218088277705e-16	-2.7250270066830318e-15	-1.0712984086413052e-15	-5.7341449792221276e-15	-3.488733494739749e-15	6.041850905561922e-16	-1.8624246328982008e-15	-6.808587449415546e-16	-6.218337357771383e-15	-4.591447366221655e-16
22.0	-1.270298787616883e-14	-1.2544113503924604e-14	-2.2594192148800905e-14	-8.52936695339458e-15	2.599472273641598e-15	3.5844074319229043e-14	1.2090801935628586e-15	-8.281599420458285e-15	-6.145370354695925e-15	5.081331139108018e-15	-8.548690692193978e-15	3.8872790696820534e-16	-4.856512632293369e-14	1.2304700545426459e-14	7.705964205700803e-16	-2.0986405806733942e-14	4.9742182170802965e-15	-2.269266506963232e-16	-1.834761660366862e-14	3.4944622038532924e-15	1.2308185097706496e-16	2.2861285616424106e-15	-3.4821569828240754e-15	-4.091814778583044e-16	-1.2617833133649727e-15	-2.3706780567491366e-15	-2.3379827580961766e-15	8.365848948660365e-16	1.0923931913158719e-15	1.5331454266593714e-15	1.104473709467499e-15	2.798422673671957e-15	3.393622986597015e-15	1.99774664899827e-15	1.1348027713203703e-15	2.5937989064439127e-15	1.2181152104618556e-15	1.4874061175827762e-16	-2.7867214584457616e-15	-1.1776211723950332e-15	-7.868335438852385e-16	-2.38157455539093e-16	2.3735173568121828e-15	1.1245330648877165e-15	-7.844857562000011e-16	-1.5569078532065447e-15	6.535929487846789e-16	-2.028921119412835e-16	2.0886805143827707e-16	-1.6194750026611603e-15	-1.0556824437922565e-15	3.354658938513031e-15	1.941718436675291e-15	1.0197250345882123e-15	1.7473475737740316e-15	1.949518182308752e-15	2.213666568013487e-15	-1.6006993902418696e-15	1.0711159652237086e-16	3.7127925736587577e-16	7.93527501970607e-16	8.879652319187536e-16	-1.6133567018359304e-15	1.0644752088322254e-16	-1.6358372615904474e-15	-1.4981803784975266e-15	-7.912171335073594e-16	-1.1201503197427592e-15	5.06373394727694e-16	-7.702750236774703e-16	8.467165134671359e-16	-6.137775898233685e-16	-1.3745515033215511e-16	1.7188602266733245e-15	1.8786039310517566e-15	3.0901188512363758e-15	-4.00227999891058e-18	2.848927660945706e-15	-1.4059616476952801e-15	-1.1846539326697569e-17	-4.986258898505043e-16	2.190684099771465e-16	-3.6448310963943356e-16	-3.20540339063463e-18	3.6122378837212585e-16	1.1102649603964364e-15	8.212643159321259e-15	2.2179827412219413e-15	1.4331965530039625e-15	-1.1326818183694324e-15	-3.695271113897503e-15	-1.8871776322087905e-15	-2.625040222485823e-15	-2.2018123943299815e-15	6.901292947988152e-16
23.0	-9.428001108865822e-15	-5.452984527663773e-15	-1.7525037974659114e-14	-1.0860791715386464e-14	7.825532375587425e-16	2.0598374504289006e-14	3.472997656559801e-15	-9.4411510000051e-15	-1.1025519107826547e-15	1.4256203673642854e-15	-4.793514220757741e-15	-1.0904413161097644e-15	-2.8020772031904744e-14	8.442223847335316e-15	1.563052746953498e-15	-1.2026995935910465e-14	2.5192183567592054e-15	-1.4563876793312858e-15	-8.916723739179341e-15	4.256025941150554e-15	5.578941517352208e-16	8.243986628969784e-16	5.91071110882564e-16	-3.8124853565203683e-16	7.102812617899005e-16	1.2979500921166853e-15	-1.553380469047613e-15	2.7215940797361826e-16	1.140756403526108e-15	2.194205625402265e-15	4.5480866739673976e-15	4.168945418334328e-15	5.419639374060751e-15	1.1474589716897086e-15	3.9123867226780095e-15	2.913907515668364e-15	1.2472543802608324e-15	-2.925692861129428e-16	-1.1965685693611362e-15	-1.6461673397859443e-15	-8.9081313910701e-16	1.6720258856572188e-15	3.417865520666054e-15	1.6932729688743192e-15	-1.6678722184620824e-15	-6.954418370681171e-16	4.285482405054903e-16	-7.736704957761196e-16	-1.432723323195729e-16	-1.1826907815533217e-15	2.3218673444483812e-15	3.340455414993581e-15	8.49600276232791e-16	4.17432081473462e-16	1.1460159413837212e-15	1.745844918135353e-16	2.046559474656788e-15	-1.7104160491202825e-16	-1.1855357512348187e-15	3.4641000100188773e-17	5.506033610943235e-16	1.4347848944545762e-15	1.9349126949238146e-15	4.3869286166739174e-16	-1.1485237514217047e-15	-2.8676861189058417e-16	-1.416476022780838e-15	-1.2179960313664885e-15	4.108549183798782e-15	-1.286867263355907e-16	8.40274208106421e-16	1.06738427512399e-15	8.5198745045525235e-16	1.858945619557333e-15	4.4044237125849655e-15	-1.0564446988595412e-15	1.2244672288552026e-15	-7.578918822032821e-16	2.2090886277619212e-16	-1.403440217323647e-16	-1.4989378935690198e-15	2.08026870932937e-15	-1.7389542105242758e-15	8.928296547968178e-16	8.342098141901034e-16	3.5253213382940773e-15	9.773975677550785e-15	8.461308292808374e-16	1.7013911733902587e-15	-3.856895204741178e-16	-3.1033350596064623e-15	-1.320136364184842e-15	-1.7431588696060515e-15	1.4017834779581612e-15	5.512278383647802e-16
24.0	9.38439821535774e-15	5.454160781593761e-15	1.742075305793456e-14	1.1119358373741832e-14	-7.971983693029553e-16	-2.0625212327935944e-14	-3.3882943075207412e-15	9.448104866552961e-15	1.0080592606792357e-15	-1.4468681620565282e-15	4.726173320543869e-15	1.1202628218075646e-15	2.8014279220730578e-14	-8.51235756678501e-15	-1.5315158781997218e-15	1.204008926182347e-14	-2.582932596715491e-15	1.4348080120719557e-15	9.012278787590897e-15	-4.1914236362018634e-15	-6.369554239496765e-16	-6.265703390419128e-16	-1.0238555576255546e-15	-3.291491193742731e-16	-7.748724249454534e-16	-7.931037927356863e-16	-5.48065716107724e-16	-5.433036121950261e-16	-7.875246409624294e-16	-9.050724238012666e-17	1.7387051890809054e-17	-2.4654835462913676e-17	2.133210794294821e-17	1.7387051890809054e-17	-5.606419812121945e-18	-2.4654835462913676e-17	2.691125971620487e-17	1.1807900117552222e-17	7.862844065413189e-18	7.045796204854209e-18	-1.1185571585378691e-17	7.862844065413189e-18	2.133210794294821e-17	1.7387051890809045e-17	2.133210794294821e-17	-2.478411620541854e-18	2.2836922921561836e-18	-1.1185571585378686e-17	1.7387051890809054e-17	-2.4654835462913676e-17	1.7387051890809054e-17	2.133210794294821e-17	2.2836922921561836e-18	2.133210794294821e-17	2.283692292156184e-18	-8.057563393799551e-18	1.1807900117552222e-17	-1.1185571585378691e-17	1.7387051890809054e-17	-2.4654835462913676e-17	2.2836922921561836e-18	-1.2002619445937966e-17	-5.6064198121219424e-18	1.1807900117552222e-17	1.7387051890809054e-17	-2.478411620541854e-18	7.045796204854209e-18	6.228748344294787e-18	-2.4654835462913676e-17	7.862844065413189e-18	-2.478411620541854e-18	-1.2002619445937966e-17	7.862844065413189e-18	-1.1185571585378691e-17	-2.4654835462913676e-17	2.691125971620487e-17	-1.2002619445937966e-17	7.862844065413189e-18	6.2287483442947856e-18	-2.4654835462913676e-17	2.2836922921561836e-18	1.7387051890809054e-17	-1.1185571585378691e-17	1.1807900117552222e-17	-2.4654835462913664e-17	7.862844065413189e-18	1.0990852256992873e-17	7.862844065413189e-18	1.1807900117552222e-17	6.2287483442947856e-18	-2.478411620541854e-18	-7.240515533239904e-18	2.1332107942948217e-17	1.1807900117552222e-17	7.862844065413189e-18
25.0	1.993712034736406e-15	8.080065279746228e-15	-6.909314143403787e-15	3.5446568337213993e-15	4.146437322093552e-15	1.2822587921940721e-15	-8.367943247532258e-15	-1.3837441908711917e-14	4.304446350638086e-15	1.087296859894089e-14	-4.793061785106993e-15	-2.6447904484203918e-14	3.3446162427798805e-15	4.5596217575412635e-15	-8.54091735299842e-15	-1.25284407986658e-14	1.0562454002248658e-15	1.6179644829011176e-15	4.7084705152166185e-15	-1.829142440958826e-15	-2.966421787108556e-15	1.7192608017888473e-14	1.7001157173305104e-15	-7.6371412139894e-16	4.63787222071892e-16	-4.695610931735353e-16	-7.931037927356863e-16	-4.647989892608373e-16	-5.424865643344671e-16	-1.200261944593797e-17	1.7387051890809054e-17	-2.4654835462913676e-17	2.133210794294821e-17	1.7387051890809054e-17	-5.606419812121945e-18	-2.4654835462913676e-17	2.691125971620487e-17	1.1807900117552222e-17	7.862844065413189e-18	7.045796204854209e-18	-1.1185571585378691e-17	7.862844065413189e-18	2.133210794294821e-17	1.7387051890809045e-17	2.133210794294821e-17	-2.478411620541854e-18	2.2836922921561836e-18	-1.1185571585378686e-17	1.7387051890809054e-17	-2.4654835462913676e-17	1.7387051890809054e-17	2.133210794294821e-17	2.2836922921561836e-18	2.133210794294821e-17	2.283692292156184e-18	-8.057563393799551e-18	1.1807900117552222e-17	-1.1185571585378691e-17	1.7387051890809054e-17	-2.4654835462913676e-17	2.2836922921561836e-18	-1.2002619445937966e-17	-5.6064198121219424e-18	1.1807900117552222e-17	1.7387051890809054e-17	-2.478411620541854e-18	7.045796204854209e-18	6.228748344294787e-18	-2.4654835462913676e-17	7.862844065413189e-18	-2.478411620541854e-18	-1.2002619445937966e-17	7.862844065413189e-18	-1.1185571585378691e-17	-2.4654835462913676e-17	2.691125971620487e-17	-1.2002619445937966e-17	7.862844065413189e-18	6.2287483442947856e-18	-2.4654835462913676e-17	2.2836922921561836e-18	1.7387051890809054e-17	-1.1185571585378691e-17	1.1807900117552222e-17	-2.4654835462913664e-17	7.862844065413189e-18	1.0990852256992873e-17	7.862844065413189e-18	1.1807900117552222e-17	6.2287483442947856e-18	-2.478411620541854e-18	-7.240515533239904e-18	2.1332107942948217e-17	1.1807900117552222e-17	7.862844065413189e-18
26.0	-2.2358240541457234e-15	-8.162488945646523e-15	6.9270935117980314e-15	-3.6754021632263166e-15	-4.0874586514614e-15	-1.312809229006495e-15	8.31952995872657e-15	1.3820350852952024e-14	-4.395009946828695e-15	-1.1001163416912241e-14	4.890220182552709e-15	2.651662099623578e-14	-3.3888453737486263e-15	-4.459673900221434e-15	8.559700182473441e-15	1.241841653894731e-14	-1.1551624757722e-15	-1.7282517695684427e-15	-4.80846477495261e-15	1.8489565383233296e-15	3.0845534384665212e-15	-1.7313369833008547e-14	-1.7716325301382797e-15	1.397729458027066e-14	-3.63943987376508e-15	8.542515255340044e-17	-7.434807841412213e-18	1.6523078774392598e-16	1.1485971913712585e-15	-2.4957623328922195e-16	2.3553265564038322e-15	2.2480511175640568e-15	-2.4440567978295647e-15	3.428024252369165e-17	-1.1993301981369222e-15	-1.8256070434174052e-15	-4.805302018120674e-16	-2.7545325341016757e-17	-1.1870484254696914e-15	-2.0449733604723616e-15	-3.583895132904893e-15	-3.321022020615124e-15	4.688493084823096e-16	-1.3061752354713161e-15	-1.0053048885214793e-15	-1.3156816823859349e-15	-2.6484904483008682e-15	-2.420755904012842e-15	8.049278673627745e-16	-3.9743015677660297e-16	-2.4962788808971173e-15	-3.816972555956242e-15	-2.4930731536391234e-15	-2.993117613202652e-15	-5.93509276991664e-16	-1.2638203568948792e-15	-1.6821244608232205e-15	-1.2119590314038234e-15	5.197253991264109e-16	9.069711622985916e-16	-9.952436082652893e-16	-1.5500914008839079e-15	-1.7015951501114903e-15	-3.1608863244605125e-15	-3.0908032642220986e-15	-2.5746605244397153e-15	-2.9101979469554357e-15	-1.888681565823027e-15	-4.129750221019987e-15	-3.2653441875724442e-15	-2.122550147956254e-15	-3.2775152253803108e-15	-3.3900638990545255e-15	-3.3518862856062096e-15	-3.913228873646527e-15	-2.4224215630823124e-15	-3.7675817455933615e-15	-2.819201167122763e-15	-3.66494136734074e-15	2.895899836390971e-16	-1.114717478866585e-15	-7.957224350519275e-16	-1.283124364371728e-15	-7.516882004291952e-16	-2.3910298587033057e-15	-1.2604342508486367e-15	-1.7329172105616113e-15	-1.3937248386223768e-16	-9.502515327492567e-16	-2.2792997380646235e-15	-2.431608343350912e-15	-4.885562217157955e-15	-3.4658505956327603e-15	-1.0655207442687777e-15	-1.8159065207377117e-15
27.0	2.569673618944752e-15	-8.163921155990858e-15	8.510233199778782e-15	-8.634454287062146e-15	-7.477865681885743e-15	-8.295163711845264e-15	1.0968652998419712e-14	1.5440890022385205e-14	-8.31820708062097e-15	-1.310354470892953e-14	3.8200161656462364e-15	3.756068026293788e-14	-1.883155621331681e-15	-1.0875767297673731e-14	1.0087015738668588e-14	6.469085708410178e-15	-9.977669137340335e-16	3.0232988263337822e-15	-7.308549305579656e-15	3.589285845553038e-15	5.501025224430557e-15	-1.507746172771176e-14	-2.1029416015882984e-15	1.6280395662422654e-14	-4.703277919479827e-15	-1.6789676519076946e-16	3.5535376915213674e-16	-4.377844638445954e-17	-2.703930210164546e-16	-2.862125998895933e-15	1.5559166723992596e-15	-3.2908886872294337e-15	-4.018425348613868e-15	-1.023320381559142e-15	-1.3736232087884746e-15	-3.315513829441557e-15	-1.8044141081399777e-15	-1.4176637196714996e-15	-1.5960413087842326e-15	-4.136240934828205e-15	-6.19835473032991e-15	-4.8534171417451445e-15	-4.3324624388464004e-16	-1.1314117228482463e-15	-2.2656453842623347e-15	-3.709735435614666e-15	-2.2784777996074765e-15	-3.435371833018169e-15	-4.383154883411478e-16	-2.269360817217167e-15	-3.752675096727769e-15	-4.6829710501043e-15	-2.7899870041088668e-15	-4.744415726541143e-15	4.991725192320862e-16	-1.4083087147735465e-15	-3.1783291334425755e-15	-1.3328042641930206e-15	4.446911737765149e-16	-9.720896548154346e-16	-1.6881631050280803e-15	-2.2037899296758404e-15	-3.5255735590289994e-15	-6.54193867822283e-15	-4.139072532462921e-15	-4.004109624893612e-15	-3.92812027118029e-15	-3.3337395512946782e-15	-7.564767938872694e-15	-2.3600899845223953e-15	-1.9685655720585e-15	-4.0782634503783285e-15	-5.175105088260183e-15	-4.357449311389222e-15	-4.26956604120707e-15	-7.47151833365718e-15	-1.049868727232893e-14	-3.559089345343681e-15	-5.5766467797437655e-15	-1.2155923252059064e-15	-2.6207396968355745e-15	1.1030570968990873e-15	-2.6884048637387266e-15	-1.7635967910466323e-15	-4.459786045092565e-15	-2.6490178312392762e-15	-4.243856057086715e-15	-4.036336785349953e-16	-8.58006521729717e-16	-2.2294582825297366e-15	-3.4763483514178655e-15	-6.259826191953192e-15	-4.105883541158007e-15	-2.4552796802624055e-15	-3.5295028445735084e-15
28.0	-2.547806175125639e-15	7.923470041259058e-15	-8.311361166591842e-15	8.708689365330004e-15	7.325950466843293e-15	8.181290793085114e-15	-1.0872964431934516e-14	-1.5465530967612113e-14	8.562319247631845e-15	1.3028869091836258e-14	-3.712145143595483e-15	-3.7644596927914885e-14	1.9817745511060148e-15	1.0973828844881013e-14	-1.000525866782457e-14	-6.429338889341043e-15	8.334634234820022e-16	-2.963924121841255e-15	7.170093206947094e-15	-3.5496901081531448e-15	-5.643997949215937e-15	1.5104975567919744e-14	1.8423657572937925e-15	-1.6181861426353466e-14	4.6193325226287295e-15	1.079255395035153e-15	-5.509651013392677e-16	6.309042370446971e-16	1.114446928240433e-15	2.9582703937546136e-15	2.7596069686983508e-15	1.0419972271765075e-15	-1.6103818984836938e-15	4.054482293439914e-16	1.683953632795399e-16	7.867292501534599e-17	-5.685303310775549e-16	-1.771146481921944e-15	7.749836006115705e-16	1.862294546434126e-15	3.613327220740388e-15	2.8509489330534432e-15	1.871697065144096e-15	2.150860023435644e-15	-2.000687834812289e-15	-3.687738430923114e-15	1.4310784152872642e-16	-3.92810039170768e-17	-5.158135875461765e-16	-1.1113344158133612e-15	-1.2998855219530428e-15	-3.282493351008071e-15	-2.1941529351675768e-15	4.877672143478425e-16	-7.244092152989377e-16	4.474746178634692e-16	2.205756054053702e-15	2.736902443310904e-15	1.898266913227644e-15	1.964157284292106e-15	9.585599187813842e-16	1.7519958609854927e-16	-4.1523207016081256e-15	-1.8783946191181605e-15	1.9743041287835956e-15	1.5295321833456193e-15	-2.727862685345888e-15	-3.793849969628505e-15	-2.3046495169818905e-15	-2.632276324656412e-15	2.5642356564237015e-15	2.8249638296346944e-15	-8.714428269157458e-16	4.57127922445141e-15	5.761901188393128e-15	1.5241053097955947e-16	-4.4104762929308145e-16	3.1235796263153273e-16	-8.489972389496899e-16	1.6862467247936126e-15	1.2964975319713168e-14	6.184659189836988e-15	2.0055560296817046e-15	3.0198636313697633e-15	-1.1296559913144306e-15	-6.503276078629895e-16	-2.7252023526966973e-16	-6.014322390808408e-17	2.860358228931241e-15	6.29004170483468e-16	6.922249908288218e-16	2.6055140670353602e-15	1.9287905525314162e-15	-1.787859842975657e-15	-1.301111718969913e-15
29.0	-6.381234464574872e-15	6.543844024745426e-15	-6.018008281245272e-15	7.852413829915564e-15	7.554055849820815e-15	9.240790029446422e-15	-7.742916243861407e-15	-1.7301443762993883e-14	1.2108667556986222e-14	1.5174458790557504e-14	-3.107493298461559e-15	-2.3880302922298814e-14	-3.0707571282371404e-15	1.3928976550878551e-14	-7.148966240942302e-15	-3.102794967208251e-15	3.0887877510442695e-15	-9.384332264129757e-15	7.342004278875525e-15	-6.482319715338384e-16	-1.1845287654511796e-14	9.969158175559784e-15	2.374219616682416e-15	-1.2297213192660909e-14	-1.3201261590802936e-15	6.391880727593924e-16	-3.623867834001184e-15	3.7054872959915197e-16	3.0660220451895764e-15	3.605243050025204e-15	2.4944651920584743e-15	3.8303689503720364e-15	-6.446028727159328e-17	5.011429068025568e-16	2.0429792928454683e-15	-1.582274264344793e-15	1.4438472428869859e-15	2.538269383668962e-16	5.973198482256915e-17	2.850125175086575e-15	4.181393872812979e-15	1.6369843555380128e-15	3.0403202801735668e-15	-2.5437797568779986e-16	-1.962150732107683e-15	7.441462868908856e-17	-5.65392943799538e-16	-7.056971930893819e-16	-2.310358078820784e-15	1.412969280919073e-15	-1.8264118994761105e-15	-7.392819959257768e-16	-3.584750812232343e-16	9.042095335228053e-16	1.5643622952872896e-15	7.037031254624908e-16	4.079641691524778e-15	1.6266593555878627e-15	2.604599297556574e-15	2.2616514887010846e-15	2.2074863298932783e-15	2.875498700163055e-16	-2.2533205563778256e-15	9.7690123770241e-16	1.4877010987214694e-15	1.0558799645618098e-15	-1.3655028942541985e-15	-9.867086992207982e-16	-2.2668375866091445e-15	3.765265159310732e-17	1.9146508465536654e-15	-6.852001780236796e-16	7.076166708966522e-16	2.541899229704276e-15	2.4513904448780893e-16	4.766661831940475e-15	3.675756511768996e-15	-3.6186118726947705e-16	-1.36069718721706e-16	1.5515804771857965e-15	1.3147332993625534e-14	5.974223446985411e-15	1.503452318340654e-15	3.5301367776694832e-15	1.1603825977426638e-17	-1.259726432672469e-15	2.1109252015785476e-15	9.252899349284863e-16	1.224457496516938e-16	6.6476802961401e-17	2.2576409053843843e-15	4.103483721706246e-15	4.247771160359136e-15	-7.765851093865004e-16	-8.462377681195322e-16
30.0	6.464608181770201e-15	-6.546090763823444e-15	5.959411408242506e-15	-7.878203683725956e-15	-7.571252659756545e-15	-9.331359927843413e-15	7.652735702835736e-15	1.7358922040840332e-14	-1.2116466278900053e-14	-1.5141750405405675e-14	3.041763746060226e-15	2.3839894041931753e-14	3.0289008211604e-15	-1.3938322821569553e-14	7.069074564357791e-15	3.094490959141913e-15	-3.1103082587720585e-15	9.327084158190092e-15	-7.338297626780353e-15	6.623351308813689e-16	1.1876821696183859e-14	-9.949169728402893e-15	-2.5314816429555833e-15	1.2346784383381669e-14	1.2843360138747826e-15	-6.329749986963586e-16	3.5303102494196405e-15	-4.782682531383723e-16	-2.4654835462913676e-17	-5.480657161077241e-16	-3.156798554967379e-16	-5.606419812121945e-18	-1.1185571585378691e-17	7.862844065413189e-18	2.691125971620487e-17	-1.1185571585378691e-17	-5.606419812121945e-18	-2.478411620541854e-18	7.862844065413189e-18	1.1807900117552222e-17	1.7387051890809054e-17	-2.4654835462913676e-17	-2.4654835462913676e-17	1.3441995838669583e-17	2.133210794294821e-17	-7.240515533239904e-18	-2.478411620541854e-18	1.1807900117552217e-17	2.691125971620487e-17	7.862844065413189e-18	7.862844065413189e-18	-1.1185571585378691e-17	1.1807900117552222e-17	-1.1185571585378691e-17	2.283692292156184e-18	-8.057563393799551e-18	-2.478411620541854e-18	-1.1185571585378691e-17	7.862844065413189e-18	-1.1185571585378691e-17	-2.478411620541854e-18	6.2287483442947856e-18	-5.6064198121219424e-18	2.2836922921561836e-18	1.7387051890809054e-17	-7.240515533239904e-18	2.2836922921561836e-18	1.0173804396433081e-17	1.7387051890809054e-17	1.7387051890809054e-17	-7.240515533239904e-18	-7.240515533239904e-18	-2.4654835462913676e-17	1.1807900117552222e-17	-1.1185571585378691e-17	-1.907568368965719e-17	-8.05756339379955e-18	-2.4654835462913676e-17	6.2287483442947856e-18	-1.1185571585378691e-17	-2.478411620541854e-18	1.7387051890809054e-17	1.1807900117552222e-17	-7.240515533239904e-18	2.1332107942948202e-17	1.7387051890809054e-17	6.2287483442947856e-18	1.7387051890809054e-17	2.2836922921561836e-18	1.0990852256992873e-17	-2.478411620541854e-18	-1.2002619445937966e-17	1.1807900117552225e-17	-1.1185571585378691e-17	-2.4654835462913676e-17
31.0	-1.6028111729867553e-16	-9.263884250374058e-15	5.758499670922309e-14	-5.1736926311364043e-14	-1.4454645371725412e-13	3.6846483364730405e-13	3.178932326896517e-13	-1.4902156290138333e-13	2.2384502148374976e-13	-7.125515012378905e-13	5.291290203343392e-13	2.5219184607963438e-14	-2.6523472361539964e-13	2.6572588463531245e-13	-2.7089118855033777e-13	3.7986621224196505e-13	-4.633764809518462e-13	-3.219355866556681e-13	-8.911429593813256e-13	2.9532363910434915e-14	-2.602428811184999e-13	-3.6434634508321655e-13	-1.654731577613816e-13	-1.9486725917524485e-14	2.2092093422332168e-13	1.2150915520360736e-13	-3.72503639957386e-13	-2.0116756567864158e-13	-6.9387626581005976e-15	-1.200261944593797e-17	-2.4654835462913676e-17	-5.606419812121945e-18	-1.1185571585378691e-17	7.862844065413189e-18	2.691125971620487e-17	-1.1185571585378691e-17	-5.606419812121945e-18	-2.478411620541854e-18	7.862844065413189e-18	1.1807900117552222e-17	1.7387051890809054e-17	-2.4654835462913676e-17	-2.4654835462913676e-17	1.3441995838669583e-17	2.133210794294821e-17	-7.240515533239904e-18	-2.478411620541854e-18	1.1807900117552217e-17	2.691125971620487e-17	7.862844065413189e-18	7.862844065413189e-18	-1.1185571585378691e-17	1.1807900117552222e-17	-1.1185571585378691e-17	2.283692292156184e-18	-8.057563393799551e-18	-2.478411620541854e-18	-1.1185571585378691e-17	7.862844065413189e-18	-1.1185571585378691e-17	-2.478411620541854e-18	6.2287483442947856e-18	-5.6064198121219424e-18	2.2836922921561836e-18	1.7387051890809054e-17	-7.240515533239904e-18	2.2836922921561836e-18	1.0173804396433081e-17	1.7387051890809054e-17	1.7387051890809054e-17	-7.240515533239904e-18	-7.240515533239904e-18	-2.4654835462913676e-17	1.1807900117552222e-17	-1.1185571585378691e-17	-1.907568368965719e-17	-8.05756339379955e-18	-2.4654835462913676e-17	6.2287483442947856e-18	-1.1185571585378691e-17	-2.478411620541854e-18	1.7387051890809054e-17	1.1807900117552222e-17	-7.240515533239904e-18	2.1332107942948202e-17	1.7387051890809054e-17	6.2287483442947856e-18	1.7387051890809054e-17	2.2836922921561836e-18	1.0990852256992873e-17	-2.478411620541854e-18	-1.2002619445937966e-17	1.1807900117552225e-17	-1.1185571585378691e-17	-2.4654835462913676e-17
32.0	5.0066878820755376e-17	9.21002990275989e-15	-5.757294974072018e-14	5.185702785183251e-14	1.4456543768311956e-13	-3.686074394739495e-13	-3.180448359929538e-13	1.4914118106281387e-13	-2.239062203468666e-13	7.126348842610519e-13	-5.290078620702688e-13	-2.536012587486799e-14	2.6515500825557194e-13	-2.6578197134803055e-13	2.708359398504916e-13	-3.800185624621663e-13	4.632485797186405e-13	3.216549815439703e-13	8.913345552899676e-13	-2.961125032542676e-14	2.600529571043486e-13	3.644673199789795e-13	1.6513217353342894e-13	1.9435853991226332e-14	-2.2081866643480992e-13	-1.2161575505246488e-13	3.72394555486922e-13	2.0118383388921958e-13	4.959419562010836e-14	-4.604977646061612e-13	2.4554726523714275e-13	1.2023883944915317e-16	7.753560230966297e-16	1.2194547362263768e-15	-1.935747689619629e-17	-6.595121099844936e-16	-7.969713895928409e-16	-1.2366892585497068e-15	2.178828860336406e-15	-9.704300402136946e-16	-2.6591625088506888e-15	-3.116060930755901e-15	-1.1978038269252233e-15	-2.18233560219817e-15	-3.86812606327113e-15	-3.05359718864391e-15	-4.28862326565686e-15	-5.457660206653802e-15	-1.5322030297593946e-15	-1.8545145356914096e-15	3.2758721829916513e-16	-9.51578704512568e-17	9.67464434716676e-16	-6.676166175236031e-16	-1.327783076264917e-15	-2.9556615149073306e-15	-1.790468475415661e-15	-9.328906010126615e-16	-1.192113887562229e-15	-1.864659156853311e-15	-1.5332716055120592e-15	-1.5825516810155777e-15	-1.0277312823506112e-15	-1.424400151531699e-15	1.7180916606092286e-16	-7.673286851890153e-16	-3.284204096567085e-15	-4.299406061066044e-15	-9.24175313179922e-16	-1.3109769778698945e-15	-2.397802070795792e-15	2.7101120394443443e-15	-5.313007276960134e-18	6.128730274412399e-16	-1.2241437661885165e-15	-1.127637425781099e-15	-2.0939897162819203e-15	-3.639489625041863e-15	-1.8556664523497854e-15	-1.525985651008481e-15	-2.2551802912123708e-15	-1.1005896683416375e-15	-1.3341945307809051e-15	4.480326267705879e-16	-1.2411439403486136e-15	-1.506237545049424e-15	-3.500725443940544e-15	2.121194254576646e-15	-2.529196956487821e-15	-4.302043258005642e-15	-2.427764441845635e-15	-1.4709185982594314e-15	-1.90709737633546e-15	7.893844204854928e-16	1.0431677903891987e-15
33.0	4.382822395809607e-15	8.485153112903695e-15	-8.151779095968488e-14	7.006126617761157e-14	1.9671917975761216e-13	-4.952583790037124e-13	-4.180173797574169e-13	1.9247665218178581e-13	-3.0190148104367165e-13	9.573569616217627e-13	-7.099762872124921e-13	-4.0811568608480185e-14	3.6146961673889023e-13	-3.634830476223857e-13	3.703752068578723e-13	-5.15707722324219e-13	6.232322902273702e-13	4.3300839707938735e-13	1.2022251922367935e-12	-5.1545947899383823e-14	3.504333765779971e-13	4.859679061957744e-13	2.2678897851542723e-13	2.68078258269409e-14	-3.118499021295663e-13	-1.6443904311868381e-13	4.986328794563168e-13	2.7146119154145444e-13	8.111735237898541e-14	-6.25682791170485e-13	7.762086579970481e-13	-4.605907724417184e-16	2.406350316059178e-16	1.2222683891932084e-15	8.977698446761716e-16	-1.720535143107754e-15	-7.104575573944965e-16	-1.834346411899296e-15	-2.7180975297611607e-15	-2.7483643248660845e-15	-3.1443460916317645e-15	-5.114917742214184e-15	-1.6972025334157192e-15	-2.530267734032676e-15	-6.057832537778444e-15	-2.844804014964582e-15	-5.740676523995908e-15	-6.794663937391342e-15	-2.8230202353998253e-15	-6.5231450578633896e-15	-4.3473073858715937e-16	-8.448392670083556e-16	1.9081949540247713e-15	-7.425233305289362e-16	-3.3165986590769216e-15	-3.969724128731869e-15	-1.351181944464221e-15	-2.1388245031520206e-15	-3.940743182123292e-15	-8.516118098617321e-16	-4.2143043049982155e-15	-5.466667141331364e-15	-1.2877156601618969e-15	-1.3046586267804484e-15	4.727638602604791e-16	-2.5440548424039975e-15	-2.2204827483921536e-15	-4.0334174842017805e-15	-2.411579089822971e-15	-2.81200771299795e-15	-3.760963907393387e-15	2.8404906371324046e-15	-1.0522833325004374e-15	8.706041511181951e-16	-1.792360549190097e-15	-5.433499623453646e-16	-2.6504430347658014e-15	-4.994420342689443e-15	-2.9702681090012686e-15	-3.579306728015714e-15	-3.989088542298362e-15	-1.5747502218321996e-15	-1.8991933737609525e-15	-1.1230602851311987e-15	-1.7938643190313904e-15	-9.070754472809753e-16	-3.174480576033735e-15	2.2806693553779493e-15	-4.9709452038342325e-15	-7.143909707938115e-15	-4.380903280444153e-15	-2.528189288517234e-15	-2.4965480464291484e-15	1.2684599526884935e-16	4.4121450730507325e-18
34.0	-4.436691800872569e-15	-8.599589268065163e-15	8.222380910430671e-14	-7.087526839056014e-14	-1.9861696116969724e-13	4.998794463372183e-13	4.217605784476153e-13	-1.942971146309445e-13	3.0523755320959307e-13	-9.665695466082416e-13	7.1668371966441e-13	4.118404629570326e-14	-3.6512932398731514e-13	3.6682672783795565e-13	-3.736415398401693e-13	5.210885516491191e-13	-6.292258371641599e-13	-4.372316763693186e-13	-1.2143040158775348e-12	5.226530435244866e-14	-3.540055288163871e-13	-4.905324735243315e-13	-2.291360733400968e-13	-2.6990698090391246e-14	3.148410147111056e-13	1.6606234035753217e-13	-5.036495905130958e-13	-2.7399989762516324e-13	-8.195297043895303e-14	6.316600752309356e-13	-7.863411495560453e-13	-1.156406348130637e-15	-2.628166814750573e-15	-8.321439399956885e-16	2.5897653625815173e-15	1.6493457540991278e-15	4.1807653256637773e-16	1.0435550331111211e-15	1.5711475388289135e-15	5.426379818646111e-16	1.9377176414161054e-15	3.029816307805299e-15	1.2745548161245105e-15	2.8054816720130035e-15	-1.0534662584758742e-15	-1.3564963488996847e-15	-3.90895367779605e-15	-3.0479033450901028e-15	-3.7840911623097714e-15	-1.1719759041945323e-15	-1.1436232036329822e-15	-2.7353773481072627e-15	1.0934311346020998e-15	2.197906899946722e-15	8.30350756919986e-16	1.1939995824752007e-15	6.741430090120339e-16	1.3343454849481775e-15	3.958371027697419e-15	6.196339592020078e-16	-1.4297360071684962e-15	-1.7704139530112925e-15	1.212417359654838e-15	5.432325724132821e-16	4.3443612713570943e-16	6.076540963334415e-16	-1.2787943361329388e-15	-2.7902941636763757e-15	-7.375761660422978e-16	-3.522113621852089e-16	-2.12733684263e-15	1.0933366658425975e-15	-3.600362456450423e-17	2.8366264198924904e-15	2.0285263873482e-15	2.0243830629258427e-15	1.3753571000601604e-15	7.127599746353805e-16	1.5134180159146363e-15	1.2387504278836323e-15	-1.6200503032519765e-16	-3.07618179070581e-15	-3.3399564509990274e-15	-1.9481692594937745e-15	-7.261346835353095e-16	-7.460998687841013e-17	1.5229089226285926e-16	1.9270259506072237e-15	5.832425980770329e-15	-5.3133185091244e-15	1.9767207694086497e-16	2.3467716598248577e-15	2.7346914199331117e-15	9.08261832914162e-16	-1.5991111960859872e-15
35.0	-4.651316380207052e-15	-6.236300169140608e-15	6.015548642239158e-14	-4.463624957461169e-14	-1.1466286505308556e-13	3.2062449285112223e-13	3.0082098402143066e-13	-1.263535052007282e-13	1.9293886461080075e-13	-6.995092951606916e-13	5.075712820975549e-13	2.8011803288074442e-14	-2.182849970480189e-13	2.62600627641859e-13	-2.4976883390033857e-13	3.289056306651706e-13	-4.3631260148799965e-13	-2.6995190805466133e-13	-7.66952920638202e-13	3.4922949228719867e-14	-2.356281949533016e-13	-3.571277162176183e-13	-1.426205286324398e-13	-1.3133065450140014e-14	2.2131527486537068e-13	1.0243717465054402e-13	-3.3844998339674405e-13	-1.8030393119190813e-13	-5.047305488072858e-14	4.613982078390906e-13	-5.135832886267432e-13	-6.124868057698858e-16	-7.200177918691237e-15	-2.231474974221569e-16	2.915336848997526e-15	5.704485049359182e-16	1.7711271730290008e-15	1.8592093392512927e-15	1.816937801580565e-15	2.2043639435409945e-15	1.208021888036678e-15	2.216201617726018e-15	2.2150360040908147e-15	2.674432335077853e-15	9.55723798414191e-16	-7.457208443954149e-16	-1.2978344021919033e-15	6.34952360670701e-16	-2.248435473073538e-15	-1.9473847473354523e-15	-1.2133746677561589e-15	-2.2082040490256045e-15	2.547131373608235e-15	2.567503956837749e-15	2.560565062933842e-15	1.3633421448158858e-15	4.450072783008423e-16	2.3463475488771334e-15	2.106525307686953e-15	6.231146864856789e-16	-5.264241712693432e-16	2.1835500674230785e-16	2.472663275499797e-15	2.9440542301450176e-16	2.219774385288569e-16	1.117816267285884e-15	-6.009756102834903e-16	-8.10127662247661e-16	-1.8066500965402267e-15	1.5422270151057728e-15	1.252472827187962e-15	1.973340331089265e-15	3.881342078898676e-15	3.1272231357838278e-15	2.9820475001665227e-15	3.536714913996893e-15	-6.996327991730643e-16	7.163456557062184e-16	1.2223437743267005e-15	7.6126808729336695e-16	-3.463736873442522e-16	-2.3406812074471236e-15	-2.8997062651938636e-15	6.462352015141519e-16	1.2668084104548127e-15	-3.652433286771586e-17	1.428568674748396e-15	-2.8107867252759013e-16	6.32810703608468e-15	-3.7988204651377694e-15	-8.162714324311284e-17	1.117372168803676e-15	5.955257926814719e-16	-3.4662371006138637e-16	-1.720982498494051e-15
36.0	4.6625784371261186e-15	6.29586567574121e-15	-6.012472458022254e-14	4.4663210551472034e-14	1.1469652186795649e-13	-3.206413776456237e-13	-3.009168824924894e-13	1.2625317210161488e-13	-1.9301007498217005e-13	6.99611245872702e-13	-5.075183595796848e-13	-2.4351173884572268e-14	1.757469635510765e-13	-2.1487723473523345e-13	2.0739940997592015e-13	-2.6431565092806665e-13	7.970298239243425e-15	4.141904150997595e-15	1.559325713054386e-14	-2.1225100506794785e-15	4.929618276944092e-15	7.332630211010159e-15	1.718844225592516e-14	1.2950907349455676e-15	-2.2121752222509617e-14	-1.1964823173186294e-14	3.7382221194244394e-14	1.815349754383407e-14	2.97081315097277e-14	-3.0291250722977423e-13	3.3478909865690457e-13	-1.2974978544186372e-15	7.523118301737478e-15	-1.7946154752293495e-15	-1.969856088887961e-15	2.2836922921561836e-18	-5.606419812121945e-18	-2.478411620541854e-18	7.862844065413189e-18	2.2836922921561836e-18	2.133210794294821e-17	7.862844065413189e-18	-2.4654835462913676e-17	-1.907568368965718e-17	2.133210794294821e-17	-2.478411620541854e-18	-7.240515533239904e-18	-1.1185571585378686e-17	2.691125971620487e-17	-1.1185571585378691e-17	-2.4654835462913676e-17	1.1807900117552222e-17	-1.1185571585378691e-17	7.862844065413189e-18	-2.4784116205418544e-18	-8.057563393799551e-18	-2.478411620541854e-18	7.045796204854209e-18	2.133210794294821e-17	2.133210794294821e-17	-2.478411620541854e-18	6.2287483442947856e-18	-1.907568368965718e-17	-7.240515533239904e-18	7.862844065413189e-18	-7.240515533239904e-18	-1.2002619445937966e-17	5.41170048373492e-18	-2.4654835462913676e-17	-2.4654835462913676e-17	-7.240515533239904e-18	-1.2002619445937966e-17	2.133210794294821e-17	2.133210794294821e-17	2.133210794294821e-17	-5.606419812121945e-18	-1.2819667306497686e-17	7.862844065413189e-18	-8.05756339379955e-18	7.045796204854209e-18	7.045796204854209e-18	7.862844065413189e-18	7.045796204854209e-18	6.2287483442947856e-18	2.1332107942948202e-17	-2.4654835462913676e-17	6.2287483442947856e-18	-2.4654835462913676e-17	-1.1185571585378691e-17	-1.2002619445937966e-17	-7.240515533239904e-18	-1.2002619445937966e-17	2.283692292156184e-18	1.1807900117552222e-17	2.133210794294821e-17
37.0	4.590527140657829e-16	7.455766103714128e-15	-7.34672104318912e-15	2.4258093234305464e-14	1.4301078349381596e-14	1.1504591649376308e-14	-8.911816796856252e-15	-6.49005085553253e-15	3.0308421044340718e-15	1.4572362042632895e-14	-8.92030283920425e-15	-6.130001320146854e-15	-9.671625834423155e-15	6.424184245432232e-15	-6.395813959332206e-15	1.0253337038366014e-14	-3.0326772259142795e-16	-2.3475160785805437e-15	3.460934402252989e-14	2.947907053912332e-13	-2.888575584668533e-13	1.1860396224273219e-14	9.962529230120027e-15	4.0661822454653294e-14	3.600228535746036e-14	4.0032078035319248e-16	9.81466098571046e-14	5.1173313886388455e-14	-4.366693287658687e-14	-6.15584486533301e-14	-5.0270670184854365e-14	-4.703856929217657e-13	-1.5245868182308195e-14	6.191172181785685e-14	1.0029103435277806e-13	2.2836922921561836e-18	-5.606419812121945e-18	-2.478411620541854e-18	7.862844065413189e-18	2.2836922921561836e-18	2.133210794294821e-17	7.862844065413189e-18	-2.4654835462913676e-17	-1.907568368965718e-17	2.133210794294821e-17	-2.478411620541854e-18	-7.240515533239904e-18	-1.1185571585378686e-17	2.691125971620487e-17	-1.1185571585378691e-17	-2.4654835462913676e-17	1.1807900117552222e-17	-1.1185571585378691e-17	7.862844065413189e-18	-2.4784116205418544e-18	-8.057563393799551e-18	-2.478411620541854e-18	7.045796204854209e-18	2.133210794294821e-17	2.133210794294821e-17	-2.478411620541854e-18	6.2287483442947856e-18	-1.907568368965718e-17	-7.240515533239904e-18	7.862844065413189e-18	-7.240515533239904e-18	-1.2002619445937966e-17	5.41170048373492e-18	-2.4654835462913676e-17	-2.4654835462913676e-17	-7.240515533239904e-18	-1.2002619445937966e-17	2.133210794294821e-17	2.133210794294821e-17	2.133210794294821e-17	-5.606419812121945e-18	-1.2819667306497686e-17	7.862844065413189e-18	-8.05756339379955e-18	7.045796204854209e-18	7.045796204854209e-18	7.862844065413189e-18	7.045796204854209e-18	6.2287483442947856e-18	2.1332107942948202e-17	-2.4654835462913676e-17	6.2287483442947856e-18	-2.4654835462913676e-17	-1.1185571585378691e-17	-1.2002619445937966e-17	-7.240515533239904e-18	-1.2002619445937966e-17	2.283692292156184e-18	1.1807900117552222e-17	2.133210794294821e-17
38.0	-4.556633356200978e-16	-7.479224372979024e-15	7.023460815681731e-15	-2.4435217775333475e-14	-1.432815128859626e-14	-1.1519724350585392e-14	8.684501468206581e-15	6.552600660618315e-15	-3.181105359014517e-15	-1.4622769580893516e-14	9.05376727798048e-15	7.908273186208513e-15	1.072152137316267e-14	-7.362147672714566e-15	9.01342771699917e-15	-1.1000042949245734e-14	-1.95243056784205e-15	-1.4670169424208718e-16	-4.4666132967028166e-14	-4.4013441618390766e-13	4.313340925610931e-13	-2.309867706943389e-14	-1.804641506540482e-14	-1.2983801702652065e-13	-1.3347079815809303e-13	-1.434825661306106e-14	-3.555821877808615e-13	-1.8606707925315146e-13	-4.5541123544572374e-14	-6.554323544906216e-14	-5.289520895917195e-14	-5.004474985645369e-13	-1.6082875030819567e-14	9.055584099709685e-14	1.4233064207861216e-13	2.862103900538499e-14	1.2395370394958458e-13	4.286128128337777e-17	2.9621514154656013e-16	-4.1388944831728993e-16	6.425853757739497e-16	-1.5544490448002776e-15	-2.0486231862125636e-15	-1.2495818115105672e-15	-1.919101732331904e-15	-2.3553501543368175e-15	-2.1407022387747273e-15	-9.306564116247946e-16	-2.5671893529646926e-17	-7.03379662795804e-16	-2.9402710528646424e-15	-2.23766637464118e-15	-2.633010362624411e-16	2.2305971125834864e-16	-3.8578143467334255e-17	-3.5099505095458174e-16	-2.948594224528673e-16	-5.913721254863345e-16	-1.5115667268359213e-15	-1.2373970767258745e-15	-2.3045260460062137e-16	-3.639503322018689e-15	-3.4133647928712457e-15	4.686689296940609e-16	-1.165510228604976e-15	-3.8338568715736624e-16	-4.336373005310119e-16	-1.60223014304575e-15	-2.1228972085559254e-15	-1.9320079822695915e-15	-7.641366549078477e-16	-3.112411105015699e-15	-3.178858036490737e-15	-3.986087259637553e-15	-2.2656856699507687e-15	-3.2214766347611336e-15	-2.8878685910088415e-15	-3.027895423627899e-15	-2.0107229894350335e-15	-2.1721076401305586e-15	-3.79232566971607e-15	-8.487356772013586e-16	-9.0610656326716e-16	3.0729797597536247e-16	-9.511260327368453e-16	1.0736849947806139e-15	4.063159224414336e-16	-2.505882365694273e-15	-2.8668018865799866e-15	-3.3421857629265165e-15	-1.825593346440579e-15	-2.1919390869953263e-15	-1.3670789296898946e-16	6.958760345941673e-16	8.484483595744154e-16
39.0	-6.6670310790455355e-15	-1.4365053612385464e-14	9.920974580890963e-15	-1.2935655237355431e-14	-1.8604973574791162e-14	-1.4715636276663733e-14	8.526925028871983e-15	1.3550955559895291e-14	-3.9038512925764184e-15	-1.491097184974957e-14	6.905348602019558e-15	7.249064371733995e-15	1.3049553635006993e-14	-2.0163073360142376e-15	1.714742992033487e-14	-1.6577886410380386e-14	-1.8516815777902088e-15	-4.347370883256489e-15	-7.741495833109578e-14	-5.994505855342985e-13	5.887457534141015e-13	-4.24485114544685e-14	-2.834943507020715e-14	-1.7333989667776656e-13	-1.7945160983427452e-13	-2.350444739326206e-14	-4.770383193339361e-13	-2.503785238685119e-13	-5.782164455741851e-14	-8.964127677575084e-14	-6.432501111957062e-14	-6.82894684707413e-13	-2.632612644446532e-14	1.2347763305030785e-13	1.8595965514203895e-13	5.392630167792064e-14	3.9231968332506547e-13	9.06933253773238e-16	9.47983490501421e-16	-4.415167597992467e-16	2.065480835271478e-15	-4.929060785613409e-15	-1.3587551532488865e-15	-3.407123751077991e-15	-1.6866371653472781e-15	-3.8858137631662755e-15	-2.3801720686466533e-15	-3.0833372824305513e-15	-3.44073365812156e-15	-3.4319184867209133e-16	-3.754948747156991e-15	-3.917257986550299e-15	-9.400287764601897e-16	-9.533663578432642e-16	-2.336172735582517e-15	-2.283794098704444e-15	-5.216423595780279e-15	-1.8521709466001094e-15	-1.414523962430046e-15	-3.1858942855879177e-15	-2.5570939605946347e-15	-5.820945314430418e-15	-7.726921697684306e-15	-8.999030530722672e-16	-2.587342014879574e-15	-2.5409278622146704e-16	-9.217599575809397e-16	-4.0424935801272505e-16	-5.3323760302827814e-15	-2.7992111395177995e-15	-2.2344027140580856e-15	-4.309673371805623e-15	-5.7453223869148624e-15	-6.14262747154399e-15	-4.2455841774101695e-15	-2.8720603879590527e-15	-4.2895054907511965e-15	-4.921956726986378e-15	-3.1063403641545248e-15	-2.0445295009280966e-15	-3.67961914544102e-15	-9.956371171363746e-16	3.655439617375022e-16	-1.7382762412603416e-15	-1.0272268575283942e-15	1.195978478163772e-15	-6.449261270258616e-16	-5.006528751483694e-15	-4.67160186651731e-15	-4.594310923605346e-15	-2.224179359655782e-15	-3.2634757404699527e-15	-9.712176087810822e-17	1.1107030825970533e-15	2.323668922857056e-15
40.0	6.648986526776948e-15	1.4518564088410416e-14	-1.0154346783875665e-14	1.2743419251215765e-14	1.8608090142665172e-14	1.4998368865473757e-14	-8.655470592779464e-15	-1.3471652283002438e-14	4.023855425384795e-15	1.481264276915831e-14	-7.012745657918397e-15	-7.268554239310258e-15	-1.3220904881633717e-14	2.081627058942792e-15	-1.7040555600689253e-14	1.670991603047403e-14	1.7151200349941101e-15	4.391581492290488e-15	7.830862992735666e-14	6.049919913451011e-13	-5.943330177609103e-13	4.289607096545438e-14	2.8719392402905834e-14	1.7512442258326733e-13	1.8118416813804495e-13	2.3730387049354025e-14	4.817833329243294e-13	2.528777275487955e-13	5.84295293489882e-14	9.057628161944474e-14	6.472985491911809e-14	6.892457213229783e-13	2.6643021826230568e-14	-1.246806006223227e-13	-1.878281590725516e-13	-5.462383978496196e-14	-3.9765019621158417e-13	-6.593384160207489e-16	1.885501017938094e-15	6.78048987656346e-16	5.001818758144598e-16	1.63525892760961e-15	8.559054344739573e-16	1.0771476405486338e-15	-1.470248525076277e-15	-1.0780729761188866e-15	1.9585408576819992e-15	-3.5010523686105496e-16	-1.4143914654389173e-15	-1.0912174945511181e-16	2.536413546743812e-15	-5.476868887251408e-16	-3.1430501178192832e-15	-1.2847928242261645e-15	9.705436200644337e-16	8.901329033838879e-16	-5.471550746974618e-16	-4.2267454670602085e-17	2.2785575215235446e-15	6.721755058382194e-16	-2.202810833844716e-16	-3.7616916148109765e-16	-1.0612884411082397e-15	2.423786203966934e-15	1.2306715873405951e-15	9.862807457153393e-16	1.9936872145717167e-15	-7.769798952306589e-16	-7.997758206615615e-16	1.0903400775000671e-15	-7.529768370877369e-16	-9.317235730836624e-16	-2.9806652436305497e-15	-4.788111900194697e-15	-3.4839461958409443e-15	-4.079220038066011e-15	-4.083154032101537e-15	-3.4404542837797207e-15	1.7400734801904238e-15	-4.013131540295068e-16	2.5698583067270397e-16	7.900701926861185e-16	-2.015090411827429e-15	-2.255990381813922e-15	-2.5395715166668277e-15	-3.5910843853448223e-16	-1.4495020219700457e-16	-7.674710127073806e-16	3.74283218239896e-15	1.4397070211215551e-15	5.945834366309098e-15	2.467852071095333e-15	2.6414009925144143e-16	2.060524731796106e-15	8.980346523702543e-16
41.0	5.9171523726204964e-15	1.5283677233006148e-14	-6.1211509548723595e-15	6.759046472484556e-15	1.522267347960755e-14	4.667665123199126e-15	-9.133096803671489e-15	-1.03096080803748e-14	2.0602332595334998e-15	1.7156152440250644e-14	-7.143258090099588e-15	-7.161448042065128e-15	-1.6948068353676665e-14	1.7898851326723816e-15	-1.2307513654276878e-14	1.0222006299289148e-14	9.259886254102013e-16	1.4834756970798783e-15	4.3892658331545905e-14	4.4617222686321295e-13	-4.36979251159923e-13	2.3695036111290543e-14	1.7846654425524665e-14	1.2301708568717308e-13	1.1327839995944302e-13	1.5370464422768744e-14	3.0801154859856414e-13	1.6423177977495266e-13	3.763025361608856e-14	6.237784151988122e-14	3.140368907738925e-14	4.820228158115071e-13	1.0416938764262561e-14	-8.920150826559774e-14	-1.2052435826835168e-13	-2.8820275478953855e-14	-2.5644229890417585e-13	-1.7242537313180092e-15	1.4403835977924054e-15	-6.438291852519508e-17	-2.642725741325678e-16	1.0584612145493475e-15	1.8366025666339114e-15	5.996197169038819e-16	3.4304732427073587e-16	8.018790895779384e-17	1.5543421059615827e-15	1.040600237378488e-15	-2.0382148453567027e-15	1.6935640825219354e-15	6.667881635319141e-16	-5.469908302639319e-16	-9.239812374148474e-16	-2.1178677137105554e-16	5.0150366437905405e-16	1.5539813483850858e-15	2.5767466840584067e-15	1.610283658698221e-15	7.219413627804794e-17	3.150981825059585e-15	9.098161319800886e-16	-1.3365817050033679e-15	8.512796322790847e-16	1.1377447520331895e-15	5.871712624252296e-16	-8.31398174779856e-17	-3.675374296556448e-16	9.96108207296721e-16	2.0926526435624514e-16	2.871927091645251e-15	2.759919554335781e-15	-2.7511131649381024e-16	-1.6138737414656973e-15	-2.2507393063902893e-15	-2.1246039585558725e-15	-1.4966340602522683e-15	-2.134471163046988e-15	-1.3896086441296255e-15	1.2952991982002638e-15	-7.898384199238583e-16	9.36419790937342e-16	6.281801485782163e-16	-1.4822151360797083e-15	-1.2861708240670688e-16	-1.7869156875579957e-15	1.773786382262878e-17	6.467763378788977e-16	3.32194884932667e-16	3.934188639236686e-15	2.634922426182912e-15	5.808328167538922e-15	2.7971952738428545e-15	1.9272288565518231e-16	7.104616405781492e-16	2.1903194739217586e-15
42.0	-5.940509562142628e-15	-1.5281435225740092e-14	6.072428315739484e-15	-6.661096883377432e-15	-1.5151772221955072e-14	-4.7965353893636595e-15	9.208175038241634e-15	1.029833213540308e-14	-2.042887959721056e-15	-1.7229790843883028e-14	7.128539334930183e-15	7.149249374021565e-15	1.688051818581186e-14	-1.8520790905062484e-15	1.2299853657942026e-14	-1.0271029724386593e-14	-9.168860425294475e-16	-1.4993936369144769e-15	-4.383454380657316e-14	-4.463011033749897e-13	4.3689495202141575e-13	-2.3686042281015533e-14	-1.7923311925982347e-14	-1.2299917848730472e-13	-1.1324664457938086e-13	-1.536844529501675e-14	-3.080673190986021e-13	-1.6423368804054466e-13	-3.755696726129339e-14	-6.229515047548943e-14	-3.1327480407670943e-14	-4.820763122490963e-13	-1.0465883524334273e-14	8.933220526804176e-14	1.2046203116858045e-13	2.872904690045936e-14	2.5647056776857014e-13	1.811924344442465e-15	-1.5486632617705478e-15	-6.305153950940518e-16	-3.022105916192028e-16	2.6242512851877136e-16	8.809379041668853e-16	-2.7268038865802506e-20	-1.1185571585378691e-17	-1.1185571585378691e-17	-1.2002619445937966e-17	7.045796204854206e-18	2.691125971620487e-17	2.133210794294821e-17	7.862844065413189e-18	-2.4654835462913676e-17	1.1807900117552222e-17	-1.1185571585378691e-17	1.0990852256992876e-17	5.41170048373492e-18	1.1807900117552222e-17	-1.2002619445937966e-17	2.133210794294821e-17	7.862844065413189e-18	-2.478411620541854e-18	-8.05756339379955e-18	-5.6064198121219424e-18	-1.2002619445937966e-17	7.862844065413189e-18	-2.478411620541854e-18	-3.2954594811014253e-18	-4.112507341661441e-18	7.862844065413189e-18	2.133210794294821e-17	-1.2002619445937966e-17	-1.2002619445937966e-17	7.862844065413189e-18	7.045796204854209e-18	7.045796204854209e-18	1.7387051890809054e-17	-1.2819667306497686e-17	7.862844065413189e-18	-8.05756339379955e-18	-1.1185571585378691e-17	2.2836922921561836e-18	7.862844065413189e-18	-1.2002619445937966e-17	-8.05756339379955e-18	1.1807900117552217e-17	-2.4654835462913676e-17	6.2287483442947856e-18	-1.1185571585378691e-17	1.1807900117552222e-17	-1.2002619445937966e-17	-7.240515533239904e-18	1.4666444315966863e-18	2.283692292156184e-18	2.133210794294821e-17	-2.4654835462913676e-17
43.0	-2.1047518401700713e-12	-8.175765899010162e-14	-7.533035192483697e-13	-5.122740706329899e-13	-5.743066115045639e-13	-2.644714847231965e-13	4.0013243532795634e-14	-7.49026758595036e-15	-4.214801653377793e-15	-3.354348583918525e-14	2.7956604678869162e-15	-1.0404852030922514e-14	-1.4951747894877008e-15	1.4137938175482907e-14	-3.3248158651767767e-14	-1.0415379967942976e-14	1.1940382375147727e-15	-9.668746350680803e-15	1.3520410961153153e-14	-8.843411159875584e-15	-1.31500428511235e-14	-1.0231169859818966e-14	1.2734590812517342e-14	6.049062347102904e-15	9.386113737901983e-15	-6.82905381103119e-16	-3.830745490648713e-15	4.132746116274772e-15	-3.931265557584693e-16	2.974974905648167e-14	-1.042983967933446e-14	-1.5258330559590124e-14	-5.775055412956515e-15	-6.769849114611393e-15	1.5306474080804196e-16	-2.011641256545695e-14	-5.599841664093118e-14	-8.41180090173413e-15	5.94436888127901e-15	1.875309234298047e-14	6.7024494328717945e-15	1.4225801526019288e-15	5.573952046047345e-16	5.5483883192392e-17	-1.4068544644711028e-15	1.3384963778944827e-15	3.1630218402891093e-16	3.35350599679703e-16	3.27460487575425e-16	-1.3235877376242161e-15	-2.737487998300175e-15	-2.9825260749281374e-15	-2.9738189149632995e-15	-2.9183077637320417e-15	-2.6558553671744045e-15	-2.661434518947661e-15	-2.9738189149632995e-15	-2.9698738589111597e-15	1.3155029061915518e-15	1.357544793545275e-15	1.3194479622436902e-15	1.3416243860860606e-15	1.4225801526019282e-15	8.523652806906968e-16	7.889640173551618e-16	-1.4259028801218944e-15	-1.967545128556938e-15	-1.6448194768553463e-15	-2.737487998300175e-15	-2.913545659819344e-15	-2.595582112030448e-15	-2.678848838877335e-15	-2.737487998300175e-15	-2.7383050461607325e-15	-2.7383050461607325e-15	-2.6772147431562194e-15	-2.596399159891007e-15	-2.658983375365986e-15	-2.6749037828251955e-15	-2.678031791016777e-15	-2.6645625271392417e-15	-2.737487998300175e-15	-2.8913692359769707e-15	-2.7534084057593845e-15	-2.6827938949294735e-15	-2.7422501022128727e-15	-2.739122094021291e-15	-2.5947650641698902e-15	-2.599527168082588e-15	-3.2149119355391218e-15	-2.9928673306140905e-15	-2.984160170649253e-15	-2.9833431227886958e-15	-2.751774310038268e-15	-2.9825260749281374e-15
44.0	2.1366788222017375e-12	8.322257408025684e-14	7.648777306789817e-13	5.202156155847546e-13	5.829728479025673e-13	2.6851023054719927e-13	-4.0778804874057585e-14	7.290474474677787e-15	4.161685241878747e-15	3.3520910165978214e-14	-2.790513750480778e-15	1.0438283364883667e-14	1.379024694296363e-15	-1.4215962411119818e-14	3.340397189517887e-14	1.0383898126592974e-14	-1.3840564436059145e-15	9.652570191334532e-15	-1.3833938390143127e-14	8.639247926870696e-15	1.3202664595684399e-14	1.0369175293736723e-14	-1.2741549647177982e-14	-5.952481322153495e-15	-9.495481201775223e-15	5.831403342204308e-16	3.6890948529163526e-15	-4.396426208280021e-15	3.328118618788934e-16	-2.9819337346150845e-14	1.0612942014766722e-14	1.517901566943643e-14	5.7962428415130825e-15	6.651688694138636e-15	-2.793130337298811e-16	2.0073638927040354e-14	5.640218015365016e-14	8.333125651000137e-15	-5.890639601923202e-15	-1.9224716245590353e-14	-6.684195358098702e-15	-7.591065271480846e-15	-2.732581603643909e-15	-2.544427409392952e-16	1.025946996196547e-15	4.88932089017135e-16	-1.658893210935383e-15	-2.937592764994567e-15	-1.3021309754729025e-16	6.58660226677713e-17	-2.897749492476783e-15	-1.7249097409050393e-15	-2.92594916657462e-15	-2.371115070932828e-15	-2.9468491891920537e-15	-1.5442210827326657e-15	-2.6545411452403593e-15	-3.649023465910134e-15	1.1063624708830575e-14	2.3233103747543718e-15	-4.205780657587291e-16	-3.7350478568942453e-16	-1.9622477699902196e-15	-2.335074608989841e-15	-3.3441562326204233e-15	-1.159820289241982e-15	-2.554537963927335e-15	-2.9674021512098157e-15	-3.0735256733912157e-15	-9.587727448169207e-16	-2.105813693490117e-15	-2.5727870926283456e-15	-8.92875523000143e-17	-3.1190862792256465e-15	-1.0471186307331713e-15	-2.02167246665564e-15	-3.5258027316860984e-15	-4.65674540014044e-15	-5.4943947897961335e-15	-9.947027524599245e-15	-5.6234721451945854e-15	-3.741185859378008e-15	-1.811909634397839e-15	-1.2364255388557473e-15	-3.553377928513477e-15	-3.863671381472223e-15	-3.4851546031096082e-15	-1.7963387935669034e-15	-1.4460913332310107e-15	-3.3598937552627814e-15	-1.4613151134622755e-15	-3.030573711497974e-15	-3.238102354367909e-15	-1.277420728031908e-15	-2.289527700132236e-15
45.0	1.0500554038242248e-12	3.144507378541004e-14	3.649366012902253e-13	2.4359309163232064e-13	2.896065159446002e-13	1.3395955669379713e-13	-2.2941629561402547e-15	8.874709608884661e-15	9.809737400761241e-15	4.8121191027410286e-14	3.4207380365862034e-16	1.1781211954581623e-14	-1.2788379708744628e-15	-1.4415316530516425e-14	2.5675527961567203e-14	1.161611449897318e-14	-6.6216200129611224e-15	7.72523186325337e-15	2.598871187734948e-15	1.3899227618206417e-14	1.9437270463524245e-14	-2.5898270680285236e-15	-1.5962178396690742e-14	-5.319829778443201e-15	-1.0438533251039786e-14	1.7170755411087715e-15	5.251116375706142e-15	-3.3077959535143475e-15	-2.6864386069749876e-15	-4.160874875541989e-14	8.266046942440848e-15	1.3612729894203662e-14	1.0414433342110897e-14	8.522448563588453e-15	-7.010267988042629e-16	2.2203950115821358e-14	2.1131517693979927e-14	6.650841663576336e-15	-9.560885879018457e-15	-7.924136892249905e-15	-4.116008869614689e-15	1.9719187483823203e-16	-1.1342922495269463e-15	-7.785779767259626e-16	1.3776114384103718e-15	9.59565883217507e-16	-1.8254050921245956e-15	-5.789156648399961e-15	-5.055899537116086e-16	-7.472894719003381e-16	-4.498315319124241e-15	-1.1012194939011713e-15	-3.0312367404228236e-15	-2.6018948542123315e-15	-6.259383466678515e-15	-9.684392092939756e-16	-3.723803278670539e-15	-5.510744668133918e-15	1.0180532555418573e-14	5.156703879211483e-16	-5.885069138799518e-17	1.9073328845391402e-16	-3.815940548457284e-15	-3.2492330485495258e-15	-2.7571240063355326e-15	-1.6595780904891338e-15	-3.2009646957854662e-15	-3.769468732469579e-15	-3.985264515110973e-15	-9.051620733445678e-16	-4.6353659837740724e-15	-3.5381108470571406e-15	-9.93092497035251e-16	-3.018909143085e-15	-1.494004995476123e-17	-4.699392109943393e-15	-3.842048825029214e-15	-9.458112820225468e-15	-1.5835960338544688e-14	-1.1123943211636056e-14	-7.104526744193935e-15	-3.948663554239816e-15	-1.0196873973861736e-15	-7.805123981358713e-16	-5.602059102149866e-15	-7.832125057136306e-15	-6.765789317777469e-15	-2.7866840822227495e-15	-3.4335777374949806e-15	-6.5789076927938636e-15	-1.4927184815213417e-15	-6.294507013992987e-15	-4.8463869286689976e-15	-4.1802196324108536e-15	-6.517138500857976e-15
46.0	-1.0503892970654315e-12	-3.1714219627061156e-14	-3.6459836397923683e-13	-2.437442328156948e-13	-2.8989194134958376e-13	-1.3380830500870807e-13	2.155226891368569e-15	-8.930482450849044e-15	-9.873793202323899e-15	-4.822285423380792e-14	-5.100728918225381e-16	-1.1911516808848245e-14	1.3126623787806592e-15	1.423219019044579e-14	-2.5683052536159535e-14	-1.1635056869545485e-14	6.676711570897805e-15	-7.750418729514972e-15	-2.6704182244794836e-15	-1.4045100999686954e-14	-1.9861207728307993e-14	2.6985691801922578e-15	1.6032068791127103e-14	5.340277221999139e-15	1.0487980544886217e-14	-1.864192521997072e-15	-5.313935402214491e-15	3.408633591867532e-15	2.76478767593451e-15	4.160413648247196e-14	-8.33784313420685e-15	-1.356167564704528e-14	-1.0462929647920544e-14	-8.519685955844021e-15	6.217827782777744e-16	-2.225898028123967e-14	-2.135603605727126e-14	-6.692878073782912e-15	9.583723889300806e-15	7.935079539871122e-15	4.168652163047839e-15	-2.1369454323365247e-16	1.1289420753570049e-15	2.0219606057017507e-15	-2.642718233027454e-16	3.116930125888749e-16	-1.4961407626918953e-15	-1.8835962865775136e-16	1.8472229011687815e-16	1.1755611698140733e-15	2.532096304897774e-15	-5.193387912376457e-16	-2.9106624266311602e-15	-2.215048438080594e-15	-2.4174765991482596e-15	-1.8129657383430047e-16	-1.9256965946361513e-15	-2.6808814237310632e-15	-1.5138900914991134e-15	2.1361339558575034e-16	5.240082344839293e-16	4.715414525666149e-16	8.756549096412407e-16	1.4848465116587336e-15	5.383378287907144e-16	6.182490511449678e-16	1.217497624049754e-15	3.412977343445729e-15	4.140964345569461e-15	4.2928522804155206e-15	4.077775621818691e-15	6.982913733290268e-16	-3.845341366712676e-15	-1.8999180323204595e-15	-3.7816785435436984e-16	1.990529437117252e-15	7.262232758417552e-16	-2.932054411479909e-15	-3.2002638591133138e-15	-2.9990978423444683e-15	-1.2360712482949379e-15	1.2611460730573733e-15	-2.9844040503430644e-17	8.319881855340786e-16	1.9594890284268745e-15	-2.6411050606477792e-17	3.153362691990911e-15	-1.4739753970911633e-16	-4.667633905420336e-16	-1.67338244178994e-16	1.9168573406323334e-15	9.181474972921332e-16	2.514471485040717e-15	-1.452377998648602e-15	2.2050212701780623e-15
47.0	-6.648167591366971e-13	-1.558137203270936e-14	-2.284119444905557e-13	-1.487297465608376e-13	-1.8726780247754418e-13	-7.828844098333962e-14	3.304321762034592e-15	-7.270774681086689e-15	-9.30158516983364e-15	-3.09196697853462e-14	-1.3476075243617065e-15	-9.154581013326763e-15	2.5244090049640655e-16	1.227128268311384e-14	-1.833478801681923e-14	-8.793703050159133e-15	9.47430700839531e-15	-6.19576054880661e-15	-6.404263922488398e-15	-8.65750358830226e-15	-9.783628003132067e-15	9.790296969968995e-15	9.270988116321805e-15	1.262905853530583e-14	8.961904608906192e-15	1.896869132394167e-15	-7.904141375869927e-16	5.089390944482237e-15	-1.3720499092788676e-15	2.471389150492355e-14	-8.164883312717749e-15	-1.8738277574306184e-14	-8.763715934880271e-16	-1.2068876798333925e-14	3.2384236041466142e-15	-1.7359905135835334e-14	-9.652641224500888e-15	-1.7260461503301776e-15	5.4471331566786574e-15	1.2568068281621911e-15	6.989230898820615e-15	2.263275686979817e-16	-4.975262109894077e-16	3.008535498078323e-15	-1.5474242760170417e-15	-1.2303833400807002e-17	-2.7655434679979876e-16	-3.3409191467702153e-16	-1.0158936081655887e-15	3.3924451369593916e-16	2.6374203352647395e-15	-1.2760050916795723e-15	-2.6688493345535557e-15	-1.4961899617700603e-15	-6.335329282976973e-16	4.878895962651991e-16	-2.627576728706609e-15	-2.415579707060942e-15	-1.0054019264040172e-15	9.35878654572596e-16	1.4670647957979965e-15	1.3393636323704502e-16	2.3901877077347874e-15	1.248683713589994e-15	6.314829137187477e-16	-4.1928802028734e-16	1.733587733827968e-15	1.621871310166112e-15	4.737670998760761e-15	2.2460110039412652e-15	8.261617411073363e-17	3.0170056893800177e-15	-1.181178107318449e-15	-7.120949506285435e-16	-1.158775142804409e-16	1.4796102881591867e-15	1.2745658573942533e-15	-3.458620588081242e-15	-2.266282753267575e-15	-9.04080146621195e-16	-8.473063438721969e-16	1.492994313260797e-16	1.141297539890854e-15	2.2181583904430985e-15	3.969160525427007e-15	4.5841134389335575e-15	4.4335531620819745e-16	-5.627420498831167e-16	-6.860324280360359e-16	-7.821083669380724e-16	1.7193491884436559e-15	3.627461671112433e-15	8.499610338092883e-16	-1.8480197402697104e-15	2.0721145375662639e-16
48.0	6.64797190418203e-13	1.553077560849976e-14	2.2841382699409145e-13	1.4876123998614568e-13	1.87287145788409e-13	7.832631378493131e-14	-3.3245566008839655e-15	7.32826853443357e-15	9.385840715244842e-15	3.079441850109374e-14	1.4141526112596614e-15	9.180905337296067e-15	-3.340424205681203e-16	-1.2198981337315298e-14	1.829971728769763e-14	8.703022005395202e-15	-9.483845628630714e-15	6.139258525628986e-15	6.410115007741375e-15	7.957964659930529e-15	5.2116236148083204e-15	-1.206080928703184e-14	-8.34628995685492e-15	-9.799237288085086e-15	5.8358624715247045e-15	-8.594037009674556e-17	-7.990311066802862e-17	2.1380011804088755e-15	3.3181839192470266e-15	-6.4174796896874395e-15	-7.0210494738676265e-15	-1.4006300085380997e-14	5.332083421999774e-15	-9.886050550157351e-15	2.0341487118733427e-15	9.88654760356751e-16	-2.729070607884931e-16	3.7317661651168597e-16	1.1932551906384304e-14	-2.363410056210164e-15	6.420708288393655e-16	3.823332419643752e-15	3.454866947903051e-16	1.80262952883368e-15	-2.7185228836740665e-15	-5.423382633382368e-15	-1.2002619445937966e-17	7.045796204854206e-18	-5.606419812121945e-18	-1.1185571585378691e-17	-2.4654835462913676e-17	2.133210794294821e-17	7.045796204854209e-18	-1.1185571585378691e-17	1.4666444315966867e-18	-4.112507341661441e-18	-2.478411620541854e-18	1.0990852256992873e-17	-1.1185571585378691e-17	-5.606419812121945e-18	-1.2002619445937966e-17	6.495965710367452e-19	1.7387051890809045e-17	1.4666444315966863e-18	2.133210794294821e-17	1.0990852256992873e-17	-8.05756339379955e-18	6.495965710367453e-19	-2.4654835462913676e-17	1.1807900117552222e-17	-2.478411620541854e-18	-7.240515533239904e-18	1.7387051890809054e-17	2.2836922921561836e-18	2.133210794294821e-17	1.7387051890809054e-17	-4.1125073416614404e-18	-2.4654835462913676e-17	-4.1125073416614404e-18	1.1807900117552222e-17	1.1807900117552222e-17	-2.4654835462913676e-17	1.0990852256992873e-17	1.4666444315966863e-18	1.1807900117552217e-17	-2.4654835462913676e-17	6.2287483442947856e-18	-1.1185571585378691e-17	2.133210794294821e-17	6.2287483442947856e-18	-7.240515533239904e-18	-3.2954594811014253e-18	-2.4784116205418544e-18	2.133210794294821e-17	2.133210794294821e-17
49.0	-1.4903682641654044e-14	-1.7226424722337532e-15	-8.827271995409411e-15	-2.22260943999151e-15	4.761930893724499e-13	-2.924650003510242e-14	1.681143663586887e-13	-2.7561351439209006e-13	-2.8793286131608907e-13	6.432399244255724e-13	-2.7057407453175833e-13	2.5186497155667274e-14	-4.260062747159592e-14	-2.4333682643794763e-15	1.0783659719949646e-13	1.4569197448333285e-13	-9.605961745842562e-14	-1.6490447925410335e-12	-6.54193372208997e-14	2.734127755492624e-13	-9.205810994698872e-14	-1.382828940419372e-13	7.339183981213025e-14	-6.293645629711443e-14	-1.1933702255187562e-13	-6.12618568773856e-15	7.81148983294969e-14	-5.551803543742923e-13	-7.06191540163829e-13	4.870476124304654e-13	-2.0660063702617933e-13	5.0992333064708394e-14	-9.963132901491549e-14	-1.0915545388396156e-13	5.464882729097946e-13	9.744570986152257e-14	5.8293197294620315e-15	-2.1009410362742827e-13	-6.697985857472135e-14	2.5999344298584223e-13	1.0515392683379942e-13	-6.471591725318899e-13	-7.342095250407715e-14	-5.4161357960985655e-14	-7.821075559203515e-14	-6.018004259854491e-13	-1.2332727753801454e-13	4.106840691962993e-15	-5.606419812121945e-18	-1.1185571585378691e-17	-2.4654835462913676e-17	2.133210794294821e-17	7.045796204854209e-18	-1.1185571585378691e-17	1.4666444315966867e-18	-4.112507341661441e-18	-2.478411620541854e-18	1.0990852256992873e-17	-1.1185571585378691e-17	-5.606419812121945e-18	-1.2002619445937966e-17	6.495965710367452e-19	1.7387051890809045e-17	1.4666444315966863e-18	2.133210794294821e-17	1.0990852256992873e-17	-8.05756339379955e-18	6.495965710367453e-19	-2.4654835462913676e-17	1.1807900117552222e-17	-2.478411620541854e-18	-7.240515533239904e-18	1.7387051890809054e-17	2.2836922921561836e-18	2.133210794294821e-17	1.7387051890809054e-17	-4.1125073416614404e-18	-2.4654835462913676e-17	-4.1125073416614404e-18	1.1807900117552222e-17	1.1807900117552222e-17	-2.4654835462913676e-17	1.0990852256992873e-17	1.4666444315966863e-18	1.1807900117552217e-17	-2.4654835462913676e-17	6.2287483442947856e-18	-1.1185571585378691e-17	2.133210794294821e-17	6.2287483442947856e-18	-7.240515533239904e-18	-3.2954594811014253e-18	-2.4784116205418544e-18	2.133210794294821e-17	2.133210794294821e-17
50.0	1.514353673497064e-14	1.6968317925958717e-15	8.717542819802719e-15	2.2544505695850995e-15	-4.833139150529987e-13	2.984342940580122e-14	-1.707635313713916e-13	2.7953625054097556e-13	3.025873321691662e-13	-6.499770374191955e-13	2.755535441438726e-13	-2.212496367094166e-14	4.26055400474797e-14	4.577103431878748e-15	-1.0909135908344681e-13	-1.469017377680568e-13	9.583546165982623e-14	1.6493718959912048e-12	6.568704294911133e-14	-1.2784152598783032e-12	4.452656057579192e-13	6.634621405009908e-13	-3.326435169861477e-13	3.1340027738566246e-13	-2.8938822922200823e-13	-1.2608636678837667e-14	1.4825608949650906e-13	-1.2721744531601136e-12	-1.6219087542024717e-12	1.122251846835172e-12	-4.751666508569149e-13	1.2448365358097282e-13	-2.168950390113054e-13	-2.4113969130085124e-13	1.2535875895603885e-12	2.1717958680403985e-13	1.542433145528581e-14	-4.891071286500637e-13	-1.539469713686508e-13	6.02880524438408e-13	2.4129183707344393e-13	-1.4961883185268106e-12	-1.7293260997612094e-13	-1.2735631484119762e-13	-1.7841977883315797e-13	7.02805479237591e-13	1.4541491466096469e-13	-6.494368440259949e-13	1.0312270988703558e-12	3.6326379914817174e-16	1.4422646709778937e-15	7.366882222606069e-16	2.7056339283303453e-16	-8.528296014237689e-16	-1.8852954597767844e-15	-1.3276026974766687e-15	-1.2659575084002084e-15	-1.4571378483341544e-15	-2.1825022840095933e-15	-4.4517980072580424e-15	-2.795886576329215e-15	-5.129071410380257e-16	-2.0538827240701752e-15	-2.721973311562351e-15	-3.939555115932995e-15	-2.522424744395336e-15	-6.600357208387457e-15	-1.038125926229646e-15	-3.1742366728804076e-15	-4.418269151373709e-15	-1.94869938116669e-16	-2.8335230534127856e-15	-1.6883418395741332e-15	-2.5639747669130682e-15	-3.58451961017535e-15	-1.0405404944057612e-15	-2.167555920449114e-15	-1.730954155116471e-16	-8.027701845015903e-15	-3.917586517562897e-15	7.806554356759268e-16	-1.765918627058026e-15	-2.395470843525388e-15	-4.7656305510976266e-15	-2.8658999926387428e-15	-3.99738379745783e-15	-3.0784244536723306e-15	-8.60198896833058e-16	-1.9267621413888056e-15	-1.4093567500886824e-15	-1.3312525232168705e-15	-1.2568814629909718e-15	-1.4550652170743966e-16	-2.2275354504561055e-15	-1.1243483576173943e-15
51.0	1.2835564225130091e-14	1.3634288396414852e-15	1.2035691299073176e-14	1.7239323936324869e-15	-2.4104737569801106e-13	-2.7554399778681386e-15	-7.433518022423776e-14	1.440964075402672e-13	-4.289529813390195e-13	-4.861221731766623e-13	7.802612903116838e-14	-2.0515971572127657e-13	5.597394780429901e-14	-1.1479668293048608e-13	-5.83740070966758e-14	-1.3187167894195983e-13	1.269291605455299e-13	2.2262923383947476e-12	7.393379169907062e-14	-1.7290606586235726e-12	6.055347692894934e-13	9.025915167730823e-13	-4.575764333897925e-13	4.220879470464398e-13	-3.9494168227310886e-13	-1.9388808335233122e-14	2.136198083749152e-13	-1.7240182170290876e-12	-2.1806766314148164e-12	1.5106064263763766e-12	-6.415244998317098e-13	1.6920339327201935e-13	-2.939231690761028e-13	-3.2684750105147377e-13	1.6802240322370276e-12	2.8784015074068576e-13	2.384265493188612e-14	-6.615376432086404e-13	-2.0985035882422904e-13	8.094954111328412e-13	3.268657709417615e-13	-2.032104614718665e-12	-2.349291993253214e-13	-1.713152839047723e-13	-2.3832871809755253e-13	9.563221046476141e-13	1.973214181852055e-13	-8.747465562170627e-13	3.2439655628277613e-12	3.02623692732092e-16	1.813481859070517e-15	1.6634410915720657e-15	-9.946025097255833e-16	-4.866979575798343e-16	-1.2814898214688244e-15	-1.7197317687639097e-15	-1.5735359639217483e-15	-2.2495754756391523e-15	-4.997677204250346e-15	-5.468159226952767e-15	-5.111312008948093e-15	-1.2275323951440373e-15	-4.297591213879018e-15	-3.3116219201200607e-15	-6.912583769650704e-15	-3.916623112805013e-15	-1.0000736999575083e-14	-1.9427186618882612e-15	-3.2214315057527706e-15	-3.4448932575650054e-15	-1.7462393255537745e-15	-2.9344141382715635e-15	-2.5555900044651647e-15	-2.317538850848215e-15	-3.699239949758791e-15	-1.056552271329141e-15	-3.1880915560690073e-15	-1.0609555086663894e-15	-5.796059619567659e-15	-8.898337530197876e-15	1.686536609651889e-16	-1.145802919621493e-15	-5.605810818144396e-15	-5.97484862656579e-15	-3.909052519288817e-15	-5.920513717286225e-15	-3.3938095135889632e-15	-1.6325408251670156e-15	-2.7504418634863852e-15	-3.967572651416597e-15	-1.957117554997347e-15	-1.304388029684898e-15	-3.0631426039168177e-15	-1.9266982671555524e-15	-3.3804936485978253e-15
52.0	-1.2960784998247176e-14	-1.3525212481930282e-15	-1.1993383627951916e-14	-1.6796435515871784e-15	2.410830087825441e-13	2.8190213068251843e-15	7.449698762597635e-14	-1.442554690501885e-13	4.3768392037493866e-13	4.886131893987321e-13	-7.731419953829145e-14	2.0809268630434474e-13	-5.633187761829771e-14	1.1661607537217972e-13	5.863948709531892e-14	1.330616233020561e-13	-1.2811353348848525e-13	-2.247415025143331e-12	-7.475429152465854e-14	1.7454606872301553e-12	-6.113422107733557e-13	-9.113981541490718e-13	4.618880722734469e-13	-4.2599511293014604e-13	3.9880406129884373e-13	1.9723775910982855e-14	-2.156569985480921e-13	1.7404863276158122e-12	2.20125820262489e-12	-1.5249804802394207e-12	6.478173369215381e-13	-1.7106825751015054e-13	2.9667625057737925e-13	3.3003026432094503e-13	-1.6961526864292393e-12	-2.906346006130522e-13	-2.409769233790467e-14	6.679126047935161e-13	2.1184600762014468e-13	-8.1714270529634e-13	-3.300952060059262e-13	2.051462893505447e-12	2.373642564630822e-13	1.731175477378594e-13	2.406587324188109e-13	-9.656673560918394e-13	-1.9944973279411716e-13	8.836730450570706e-13	-3.2868879388675682e-12	-2.9559918114923107e-16	3.1555661752905158e-15	5.559653330476161e-17	-5.272856424275109e-15	-1.9391663249797407e-15	-1.7552780456073191e-15	7.155251049600737e-17	7.933825438271387e-16	1.1463565001862144e-15	-2.9631403461767093e-15	-3.947375244632346e-16	4.0010584112182136e-16	-6.610621848640875e-16	1.7410878124232094e-15	4.0325980470754856e-16	1.6863909182774991e-15	-1.2119923813412838e-15	1.9197332779460645e-15	1.7693869548847487e-15	1.6044521000952568e-15	1.7079743995882432e-15	9.061334077878135e-16	-1.4195994374627235e-15	4.251238657851294e-15	4.386986126325458e-17	-1.3646191930129096e-16	3.11955417682717e-17	-4.033453394665126e-15	2.687807316334545e-16	4.196756324629359e-15	1.6889540683646985e-15	-1.505232680541962e-15	-1.2101610709864404e-16	-3.949735468924185e-16	7.881136531252315e-16	3.759258031600289e-15	-1.5803121220828328e-15	-2.260010108869055e-16	2.1150546597012736e-15	2.410307714039845e-16	2.570368175866076e-15	-8.247881299698948e-16	-7.211347746997113e-16	-2.72403572124925e-16	1.2352239938121372e-15	5.984299707046837e-17
53.0	-8.962227875725057e-15	8.824738814700012e-16	-1.0029299116229605e-14	-3.2964532927952773e-15	1.5387412306429434e-13	1.1024307966079632e-14	4.117515920825988e-14	-9.085821974408124e-14	2.8354759350845277e-13	3.2429957034192413e-13	-3.8057764157872685e-14	1.2898901055687348e-13	-4.455229031129894e-14	7.887707077092696e-14	4.060239188622347e-14	7.88860423180221e-14	-9.241005338564329e-14	-1.634342116931764e-12	-4.213408273964957e-14	1.2899410459975877e-12	-4.406909505735413e-13	-5.87568014208648e-13	3.4067976080698917e-13	-2.735475187734324e-13	2.618511569833616e-13	1.0564141656702109e-14	-1.4460288324266154e-13	1.2456956153696e-12	1.6066147671769665e-12	-1.082231564680131e-12	4.158426394334282e-13	-9.828789608612231e-14	2.1781460037824122e-13	2.0339607080591094e-13	-1.2026597351306986e-12	-2.0004638356059573e-13	-1.7854446951395344e-14	4.189197880681366e-13	1.3524093362044778e-13	-5.880517086870366e-13	-1.986069281199181e-13	1.3838370919446087e-12	1.5216702687035235e-13	1.0601795744945167e-13	1.6660169011578482e-13	-6.211737789490097e-13	-1.2885863555731386e-13	5.639665313900715e-13	-2.000883004914794e-12	7.649256956191301e-16	8.371169092911892e-15	-7.579894184774358e-16	-2.892947750078205e-15	-1.7612835664708703e-15	-2.1370387160577e-15	-4.2429753542781575e-16	2.0829372648611797e-16	-5.096877168032063e-16	-1.1299138651441986e-15	5.440948686957966e-16	1.639187139917761e-17	-2.1675519558105534e-16	3.278823922893949e-15	1.9285845813135377e-15	-6.14936738997016e-16	-7.795271169505349e-16	1.502564121376238e-15	1.4183258566592246e-15	6.492605499838975e-16	-2.7519465739952164e-16	4.367360889503109e-16	-5.712632619507806e-16	2.277416405297096e-15	-4.748402624490735e-16	-9.192765328988067e-16	5.794189391691027e-17	8.380263217417274e-16	1.3422617434102042e-15	3.812577617130061e-15	-3.054207481433269e-16	-1.3514447276581357e-15	-2.8099533162187917e-16	-4.998205123120903e-16	1.0869520022947986e-15	-2.373914985045285e-16	7.577016024588756e-16	3.580073848080425e-16	1.0890891538001278e-15	1.4034491370276282e-15	2.2181583904430985e-15	1.2073837137893938e-15	-7.178682308972485e-16	-4.680680503565884e-16	1.8583074453100492e-15	1.8147173091695252e-15
54.0	8.99254262602557e-15	-7.815991639890178e-16	1.0066936018578144e-14	3.366015924716634e-15	-1.5377847968627082e-13	-1.0968242435299003e-14	-4.122518894904767e-14	9.083047918066292e-14	-2.8359792970643654e-13	-3.2430232503617165e-13	3.805294392028807e-14	-1.2900847195899854e-13	4.4593498694632894e-14	-7.888185772975389e-14	-4.0607864141655295e-14	-7.890166519721786e-14	9.236109955761824e-14	1.6343738642990098e-12	4.216697742795191e-14	-1.2900578301291965e-12	4.406648198871366e-13	5.876282444578676e-13	-3.4077623960238347e-13	2.735157475872453e-13	-2.618306317915392e-13	-1.0583044733138127e-14	1.4452911445212795e-13	-1.2457009408271726e-12	-1.6066410317810315e-12	1.0822815500609018e-12	-4.1589460546691966e-13	9.833618679777851e-14	-2.1777740935404624e-13	-2.0338938886227537e-13	6.682038787950746e-13	1.225880360933529e-13	1.4706727817672804e-14	-2.4775475870710855e-13	-8.159732331137579e-14	3.540073153275523e-13	1.237769305859133e-13	-8.364131564292147e-13	-9.095490833809222e-14	-6.496739190026908e-14	-9.912824211137332e-14	3.789088808287777e-13	7.307914865061949e-14	-3.3742913660170247e-13	1.2081497213915792e-12	-2.954509168760389e-15	-5.176933164431617e-15	8.484202246385584e-16	-1.1185571585378691e-17	1.1807900117552222e-17	1.0990852256992876e-17	-1.3636715167057852e-17	-2.478411620541854e-18	1.4666444315966863e-18	-2.4654835462913676e-17	-1.907568368965719e-17	-7.240515533239904e-18	-1.3636715167057849e-17	1.3441995838669583e-17	-8.05756339379955e-18	7.862844065413189e-18	6.2287483442947856e-18	1.4666444315966863e-18	1.0173804396433081e-17	2.133210794294821e-17	-2.478411620541854e-18	-7.240515533239904e-18	-2.478411620541854e-18	-5.606419812121945e-18	2.2836922921561836e-18	-2.4654835462913676e-17	-5.606419812121945e-18	-8.874611254359638e-18	1.7387051890809054e-17	-1.3636715167057849e-17	-2.478411620541854e-18	7.045796204854209e-18	1.7387051890809054e-17	1.0990852256992873e-17	-1.2002619445937966e-17	-2.478411620541853e-18	7.862844065413189e-18	1.4666444315966863e-18	-1.1185571585378691e-17	-2.4654835462913676e-17	-1.2002619445937966e-17	-7.240515533239904e-18	6.2287483442947856e-18	-2.4784116205418544e-18	2.2836922921561836e-18	1.1807900117552222e-17
55.0	-1.052562417434017e-13	4.5435925320861046e-14	8.991561621593006e-15	7.068846327204116e-15	5.9099973754239684e-15	2.2893300987486062e-14	-1.881636990714565e-15	2.0632690563531652e-14	-1.2406796232881829e-14	2.120452998281682e-16	1.7504528555855748e-14	2.124882282261334e-15	2.687103472609963e-14	-1.1366975613026815e-15	-4.271200748486505e-15	2.5199892537154223e-15	7.084837924092081e-15	7.461427867918555e-15	-4.2665438301694953e-14	8.706977085828677e-15	5.154923954097836e-15	-2.0224224970984725e-14	-3.1287273697648192e-15	-1.668057431862387e-15	-5.8508220834293396e-15	-6.7366416353509645e-15	7.590225844154419e-16	3.7980120923773686e-14	-2.868549821223244e-14	6.407312985546191e-15	3.733347485593198e-15	-5.2517612693542185e-15	2.519145522104574e-14	-1.2933723862600453e-14	1.7080180008360187e-15	1.2598881721168095e-16	9.031873122308841e-16	1.8913252646580872e-16	-7.596140716423227e-16	-5.884793669941859e-16	-4.405342067613222e-16	1.2505129806365728e-16	-1.2756315331054317e-15	1.3137768172655996e-15	-6.80679445223046e-16	3.911777547562389e-16	-5.810010963607176e-16	-5.840859804520503e-16	-7.916490209047354e-16	-1.8869202939891286e-15	3.438483874652402e-15	-1.0509772963733107e-14	-2.949837978248811e-15	-1.254607322515423e-15	1.0990852256992876e-17	-1.3636715167057852e-17	-2.478411620541854e-18	1.4666444315966863e-18	-2.4654835462913676e-17	-1.907568368965719e-17	-7.240515533239904e-18	-1.3636715167057849e-17	1.3441995838669583e-17	-8.05756339379955e-18	7.862844065413189e-18	6.2287483442947856e-18	1.4666444315966863e-18	1.0173804396433081e-17	2.133210794294821e-17	-2.478411620541854e-18	-7.240515533239904e-18	-2.478411620541854e-18	-5.606419812121945e-18	2.2836922921561836e-18	-2.4654835462913676e-17	-5.606419812121945e-18	-8.874611254359638e-18	1.7387051890809054e-17	-1.3636715167057849e-17	-2.478411620541854e-18	7.045796204854209e-18	1.7387051890809054e-17	1.0990852256992873e-17	-1.2002619445937966e-17	-2.478411620541853e-18	7.862844065413189e-18	1.4666444315966863e-18	-1.1185571585378691e-17	-2.4654835462913676e-17	-1.2002619445937966e-17	-7.240515533239904e-18	6.2287483442947856e-18	-2.4784116205418544e-18	2.2836922921561836e-18	1.1807900117552222e-17
56.0	1.0712066170595972e-13	-4.622822867862356e-14	-9.16737309149249e-15	-6.982580940101198e-15	-5.9015380653843366e-15	-2.3057271607361092e-14	1.846527713794562e-15	-2.0916418500883725e-14	1.2563547662743291e-14	-3.9674294688577976e-16	-1.7623932167678302e-14	-2.0860147500408126e-15	-2.6744031316268655e-14	7.463682843172868e-16	4.4151738985775485e-15	-2.5861170563060224e-15	-6.9441721901493596e-15	-7.56738025897675e-15	4.3093661337129956e-14	-8.838052137011037e-15	-5.380937544793825e-15	2.0299661538371514e-14	3.052129275522102e-15	1.5864660128297425e-15	6.089837422442586e-15	6.8572853106934015e-15	-8.214828328198611e-16	-3.82925085287673e-14	2.8916721126131773e-14	-6.627791851476686e-15	-3.7218231862926405e-15	5.168369887552499e-15	-2.5449456007915192e-14	1.3053094899241132e-14	-4.2371148995129074e-15	5.8275370945139644e-15	-1.0803192568985373e-14	-5.0402182591282345e-15	-1.0922036996723436e-14	-8.079796734324627e-16	7.3887759533558895e-16	-1.014751608877317e-15	5.342650864808284e-15	2.3466560512720903e-14	1.6209243840744286e-14	1.6678058315918194e-14	-2.2304814296558173e-15	1.599731925159183e-14	4.9552031571862215e-15	3.166418639056141e-15	-1.2997709630812724e-15	7.240925115960864e-16	4.50369625127778e-15	-1.6096566879507345e-14	2.032979600461898e-15	6.61215438778942e-16	4.433732726364643e-16	1.3977645487918327e-15	-4.9835115878713615e-15	-3.945689153778197e-15	-1.6848723926221796e-15	-3.0438133250585057e-15	-3.135312243044415e-14	-1.3084653718112422e-15	-2.0739778906289034e-15	-2.8142053489591107e-15	-3.338285914469181e-15	-3.6131633827553956e-15	-3.740103586648518e-15	1.5684973104401832e-15	7.749654963129328e-16	-1.5001868481099329e-15	-1.209294440510575e-15	-1.3694164396883602e-15	-1.692338725914006e-15	-2.3365039423190027e-15	-3.992221297482756e-15	-1.8882237703639925e-15	-8.533433438348623e-16	-2.12966942064841e-15	-2.8290683716138784e-15	-2.4348003736320793e-15	-1.4602328407327849e-15	-1.5064042268608466e-15	-1.0193493581407158e-15	-9.79603123505469e-16	-1.2712033492809943e-15	-3.321022020615124e-15	-1.2901602961581728e-15	-5.041918532052861e-16	4.771204978328409e-16	-1.0987995774359783e-15	-3.3089206267361425e-15	2.3267689303233047e-16	-4.748128684954219e-16
57.0	4.010922908385259e-14	-1.7042134753070665e-14	-8.158754475928596e-15	-8.02273876208781e-15	-1.337564198233504e-14	-3.1791005830216356e-14	3.3923527641746222e-15	-2.600845900842799e-14	1.4109568146684987e-14	-3.804054772111913e-15	-2.2127929188467504e-14	-5.736675466068504e-15	-3.3871693914471053e-14	1.5919954933548383e-15	2.7585704227592778e-15	-9.686111357050263e-15	-1.1460982322467685e-14	-8.963589248486434e-15	3.296819144623439e-14	-1.2465269310066566e-14	1.6796184246488066e-17	2.2161319349621837e-14	-2.2634929443664933e-16	2.4395954645829325e-15	6.593772605168973e-15	8.058444294693164e-15	4.219302879227237e-15	-2.225348991119411e-14	4.250273659620305e-14	-8.98769279997436e-15	-7.576801074612643e-15	6.243949501960678e-15	-1.5380104364746437e-14	3.416740029974317e-15	-8.675373137351152e-16	9.167378102473245e-15	-9.025005735488427e-15	-9.756279267614396e-15	-1.4857375516079975e-14	-8.937989246988092e-16	1.478283314165603e-16	-2.8679042235246818e-15	7.555597967455545e-15	2.9839978479095416e-14	2.0669416106529184e-14	2.1301901307618036e-14	-4.94898242909704e-15	2.0164446991552846e-14	9.984800300562561e-15	1.5119544801365258e-15	-3.777931270624124e-15	2.127947958123763e-17	8.974075191414713e-15	-3.096325272008876e-14	1.0358518391133077e-14	5.240981041266855e-16	3.504761263393872e-17	1.623293461369445e-15	-5.586033185175088e-15	-3.816108514737055e-15	-4.385921419975599e-16	-5.028890008279247e-15	-4.0888263357853327e-14	-3.0010328395287255e-15	-3.770993498095844e-15	-6.465645059642735e-15	-3.4280954599238357e-15	-4.84001231796371e-15	-6.2368452677958576e-15	3.4545735978055544e-15	9.727151862695344e-16	-2.052730154281603e-15	-2.207164268132545e-15	-1.031574884717789e-15	-2.0259569760466003e-15	-3.4553811525019958e-15	-5.3371541230334696e-15	-3.2478130069615887e-15	-3.261008245469667e-15	-4.563012136358102e-15	-4.746127000706119e-15	-3.321031495430122e-15	-1.4497722981269358e-15	-1.4839000554675578e-15	-1.2003181068635964e-15	-5.236763082616828e-16	-1.3687093640424404e-15	-3.617444126460161e-15	-1.4463424014917617e-15	-1.4105142281821337e-15	5.906300290028728e-16	-3.0346711592608403e-15	-4.109885591342948e-15	5.510541275827681e-16	-2.2040780935368374e-15
58.0	-3.978680055940987e-14	1.7290479308378987e-14	8.279800213662888e-15	8.126219676988351e-15	1.359190618611601e-14	3.1728544832860157e-14	-3.356693576632876e-15	2.5982976181474568e-14	-1.3933624236699287e-14	3.926286290026948e-15	2.215877181916853e-14	5.71493824258644e-15	3.4041515167461284e-14	-1.525159995908036e-15	-2.7727367578784966e-15	9.67877594070185e-15	1.156996138816437e-14	9.015452188761547e-15	-3.3096806271613506e-14	1.2494461994309032e-14	-1.2360294845860256e-16	-2.2182253569670792e-14	1.605335727857775e-16	-2.6980409313236157e-15	-6.653324867501061e-15	-7.974432960896228e-15	-4.2773296366022906e-15	2.236793789845728e-14	-4.263571397640342e-14	8.998480549855662e-15	7.602055023093638e-15	-6.213494465811575e-15	1.5394083676851818e-14	-3.4598161185482078e-15	7.671081585035322e-16	-9.018653569677044e-15	9.031566641611035e-15	9.781951775670467e-15	1.4862803861206253e-14	9.234428554472874e-16	7.31974842112274e-17	2.8481925578015257e-15	-7.432830778791648e-15	-2.9926375428216786e-14	-2.0791290082977704e-14	-2.1286556590351895e-14	5.075657678806103e-15	-2.0336444508166204e-14	-9.904702495445955e-15	-1.5128172418046614e-15	3.8305916667208104e-15	-2.9405438834765466e-17	-9.00923428508313e-15	3.1218089340852984e-14	-1.0386086771722929e-14	-1.0150405241179763e-15	1.2164350137569816e-15	1.2481234788013493e-16	-3.7809205746541395e-17	2.056401868839927e-15	3.8503164160126405e-16	1.4981086199888187e-15	-3.35219452813582e-16	-3.4588423810721894e-15	-4.9430501800443416e-15	-6.821664105922715e-15	-3.550079770858527e-15	-2.2591744664615253e-15	5.189564073232993e-16	-1.7548556641089925e-15	5.627003695333525e-17	8.40092183761446e-16	-7.006424467445932e-16	-3.2340955699689262e-15	3.61758339443875e-15	-1.9807318994131642e-15	2.6001658428664127e-16	2.7371616478916933e-15	-3.7944457757381024e-16	-1.521442196535636e-16	1.8006542484545333e-15	1.7597724659737422e-15	2.4472183587980575e-16	6.20865877021999e-16	7.762028904979174e-16	-1.0566908248811327e-15	-5.168973239982227e-16	-8.44305396576742e-16	1.5894335522483388e-16	-8.562957818835331e-16	-9.250684825803515e-16	-3.4147885386092044e-16	1.800625649477811e-15	1.1965578623289391e-15	-3.4046008029651087e-16
59.0	-2.0418248733121524e-14	9.997530455836693e-15	1.0005783503668214e-14	4.697312226056195e-15	1.782967237178339e-14	1.8131920418169772e-14	-5.802190205976255e-17	1.5404204044523843e-14	-1.3613077909361978e-14	1.7445110814945217e-15	1.264340364593503e-14	1.0472778595792172e-16	1.8280029603453374e-14	-4.995089007033584e-15	-5.382928388493565e-15	8.70895935543742e-15	1.0022892918203487e-14	9.140860414309832e-15	-2.727741977490624e-14	6.810268503214723e-15	7.92962765686899e-16	-1.7497394762701142e-14	-1.2859520752863862e-15	-5.364431973078204e-15	-6.466809945949344e-15	-8.745786855084023e-16	2.17668983820769e-16	1.1984714304065273e-14	-2.4644312356138844e-14	7.564369497026839e-15	4.537741870553372e-15	-7.492715318382853e-15	7.431876015112566e-15	-1.5215249416196086e-15	-8.237737604810053e-15	-8.929533158787193e-15	1.344794325073567e-14	5.996246417310187e-15	1.065928117490023e-14	5.123246237102957e-15	1.3766621580620172e-15	-1.7712763059887262e-15	-1.1837655679599575e-15	-1.7294508358810922e-14	-1.1053914261051029e-14	-1.4557999570263352e-14	4.807902200163634e-15	-1.4890266622540968e-14	-5.174220719878966e-15	-1.4912499932714331e-15	2.846645352792032e-15	2.395669934902184e-15	-1.857693860946121e-15	2.437291134967873e-14	-7.392683771107162e-15	-5.777537204543546e-16	1.1785734287821854e-15	2.9455985836228036e-16	1.836491831774544e-15	1.3712525765899193e-15	-1.7913241547431107e-16	4.365694071388888e-16	-1.0096488354610229e-15	-2.026273850561081e-16	-2.7449134478025755e-15	-2.422615638847386e-15	-1.7708733542912009e-15	-8.30319866688926e-16	-4.560773913369707e-16	-4.0748224561287146e-15	-7.175993875199761e-17	-4.1406957336020324e-16	-1.8607456114191494e-15	-1.283124364371728e-15	4.553262870919302e-15	-1.6918112865260869e-15	6.000638153860902e-16	1.7566523019043832e-15	9.284397152344226e-16	3.210586900513253e-15	7.832817412325029e-17	4.749050877486748e-15	1.66119226697929e-16	3.1778355067339687e-15	4.668091948595176e-16	-1.2584175665409365e-16	-1.9216829823194415e-15	-6.266910722763273e-16	7.911471174374983e-16	-2.2015425717924823e-15	-1.4995760678163032e-15	-3.485941797552927e-16	1.192534388111453e-15	1.4702299196297959e-16	-2.0728819209225893e-15
60.0	2.0416353040214062e-14	-9.941771420026325e-15	-9.95101551735922e-15	-4.766109812938323e-15	-1.781136338413405e-14	-1.81488303157358e-14	-4.4361067183866186e-17	-1.5323204598410797e-14	1.3688722168365558e-14	-1.81453650304396e-15	-1.2548991666315664e-14	-1.0339390508917855e-16	-7.431826651165639e-15	3.2387324276574247e-15	8.099169374774864e-16	-3.4844977936367637e-15	-1.4010709766546796e-14	-1.9418401976980147e-15	1.090800163105294e-14	-3.992278861120583e-15	1.1532846039009685e-15	1.2134224674398592e-14	-1.886554441419353e-16	7.560179144523051e-15	7.253208734331874e-15	-1.123933745530682e-15	-2.235748290646213e-15	-5.411260113386245e-15	8.675773796982225e-15	-3.9778583972149816e-15	-4.317275450556481e-15	8.29172391189937e-15	1.1511568277826154e-16	-1.4391920813126831e-15	2.7553556259686126e-15	4.397393968277219e-15	-5.910501956589421e-15	-5.430310804962036e-16	-2.6480857895888946e-15	-4.0331802451105105e-15	-1.6218161080056144e-15	-9.52435762167522e-16	-1.4275043518581609e-16	-4.7664854077263434e-15	2.0625913738560184e-15	-4.95439420676131e-16	-3.797593303245696e-15	-1.5037613882314355e-15	-5.934841398520301e-16	1.1782096682959154e-15	4.4152095735431223e-16	-1.594183864475359e-16	-5.311717984725705e-16	1.8796227255846724e-15	1.5073236033650305e-15	-2.306836694378033e-15	5.93701472110317e-15	-1.6527095889596237e-15	-1.3370570015017516e-15	-1.3592334253441248e-15	-1.3291668893974726e-15	-1.3403251929439874e-15	-1.3592334253441242e-15	-1.3252218333453336e-15	-1.3418191054144493e-15	-1.2649485782013778e-15	-1.2601864742886797e-15	-1.3395081450834282e-15	-1.4203237283486383e-15	-1.3291668893974726e-15	-1.2459001625505859e-15	-1.3473982571877056e-15	-1.3457641614665891e-15	-1.2506622664632838e-15	2.6421913839684817e-15	3.2068271041064563e-15	3.2360765921925404e-15	3.5208455958432107e-15	3.795133160557255e-15	3.8292849358067054e-15	3.750780312872517e-15	3.857857559282895e-15	3.754725368924654e-15	3.477169612768365e-15	3.8197607279813075e-15	3.465334444611953e-15	3.1171641776257503e-15	3.459755292838694e-15	3.511321388017814e-15	4.2122838426522505e-15	3.764249576750051e-15	3.9767699738496855e-15	3.852278407509637e-15	3.764249576750051e-15	3.214717216210732e-15
61.0	1.9899007087852036e-15	1.542892457675439e-14	-6.277793493846888e-17	1.080020872908678e-14	-3.0558284239739156e-14	1.2162797795815063e-14	-3.032472761528024e-14	-8.936336011083685e-15	6.334330210065428e-15	4.3489098893865527e-16	1.2111054092742885e-14	-6.493878637237857e-15	-1.6342036801162459e-15	-7.905954184119121e-15	-1.5453803741907309e-15	2.6145399160754434e-14	-4.10220385002989e-15	2.9845403443039566e-15	-3.6713272823786856e-15	-3.724070184087216e-15	1.8054085267766568e-14	-5.4808137055128386e-14	2.759952316952775e-16	-2.704978819693791e-15	-8.378026978178225e-14	4.135983848900507e-14	5.152000003994336e-14	6.257201225879473e-14	1.2094641503779692e-14	5.099691250242426e-14	1.3730972954628735e-13	8.604609607281313e-14	3.457797356340824e-14	1.1454609076186281e-13	1.4743038668967283e-14	-4.5743852938114275e-14	-1.6976297503950954e-13	8.4733381604351e-14	-2.7585965074162435e-14	2.4085262676405766e-14	-5.556592771136209e-14	-3.2038016085255742e-15	5.680983221883047e-14	2.7974181278145512e-14	2.4454715142530272e-15	2.9258692171999264e-14	2.583433462309814e-14	9.838022593341976e-14	5.2574128133190895e-14	1.5172153302627614e-14	5.343221303881414e-15	2.9023117414452455e-14	3.6449789879507106e-14	1.3828607822106818e-14	-5.1467959922083615e-15	-3.955165048276451e-14	-6.787140614853425e-14	1.9011993508655874e-14	1.2648605984254846e-14	1.344199583866959e-17	-1.2002619445937966e-17	4.5946526231746076e-18	1.3441995838669583e-17	-8.05756339379955e-18	-2.4654835462913676e-17	-3.2954594811014253e-18	1.4666444315966863e-18	5.41170048373492e-18	7.862844065413189e-18	-1.2002619445937966e-17	-1.2002619445937966e-17	-2.478411620541854e-18	2.691125971620487e-17	1.0990852256992873e-17	-2.4654835462913676e-17	2.691125971620487e-17	6.495965710367452e-19	1.7387051890809054e-17	-4.1125073416614404e-18	2.2836922921561836e-18	7.045796204854209e-18	-2.4654835462913676e-17	1.0990852256992873e-17	1.4666444315966863e-18	-7.240515533239901e-18	1.7387051890809054e-17	-1.2002619445937966e-17	1.1807900117552222e-17	7.862844065413189e-18	1.0990852256992873e-17	-7.240515533239904e-18	-1.2002619445937966e-17	-2.4784116205418544e-18	-7.240515533239904e-18	7.045796204854209e-18
62.0	-1.7565439741480346e-15	-1.5430490700847606e-14	-9.474172905349759e-17	-1.1086611821637791e-14	3.028849957569122e-14	-1.2268302744124773e-14	3.070543252284028e-14	8.791954753186963e-15	-6.197511091856357e-15	-5.724921551316373e-16	-1.2503718944571316e-14	6.562567151976002e-15	1.9363623583055995e-15	9.097658021833615e-15	2.787964609982212e-17	-3.535860638307878e-14	1.544169000009558e-15	-3.428145343207428e-15	-1.24456200822484e-15	4.0435515226605215e-15	-2.6223768394393882e-14	6.817095892989349e-14	2.228349037374559e-15	5.052993945718904e-15	1.1140911551591482e-13	-5.871323069014513e-14	-6.953739729956402e-14	-8.278755358899564e-14	-1.6653733737800927e-14	-6.64653123252848e-14	-1.8550742767180553e-13	-1.1359213809583522e-13	-4.5082558108224076e-14	-1.5503786024909766e-13	-1.7526458195615305e-14	5.6698338643452917e-14	2.2949899023859417e-13	-1.1404787732152885e-13	7.037058371577631e-14	-6.439408432976508e-14	1.4725790389938456e-13	2.4790462585818417e-15	-1.539268891373677e-13	-8.138258064670368e-14	-3.258857135902001e-14	-7.986857461797126e-14	-5.4596045499921314e-14	-2.668986326253272e-13	-1.164090851187067e-13	-4.334307526599806e-14	-2.976528236403504e-14	-6.686743861642091e-14	-7.096741573008951e-14	-4.506488061972839e-14	2.952004702295707e-14	1.280671166251482e-13	1.6755060381071152e-13	-5.079572631649861e-14	-3.070181550139677e-14	-1.0709606609146385e-15	-5.1243653287211334e-14	-6.6717898946708456e-18	-1.1629829972885223e-16	-8.29148428904027e-16	1.910085429895394e-15	-6.628982160307362e-16	-2.200654374828066e-15	-4.7325457936955e-15	4.18933169854067e-15	-1.315320924809438e-15	-2.9020237954874418e-15	-5.025214595223691e-15	-2.0226440045257673e-15	-3.063033991629643e-15	-2.149250844796045e-15	-3.759060533525695e-15	-3.0960354081260583e-15	-4.582388036891367e-15	-5.887075345930861e-16	-4.555225579953982e-16	-1.9584147598679663e-16	-2.6053444106425523e-15	-1.373690742699019e-15	1.1418386762555998e-15	-3.0546183907380295e-16	2.5472883230813923e-16	1.943905399427341e-15	7.743410190424762e-16	-5.921769815450397e-16	9.39805896983585e-16	1.4704509018442394e-15	-4.802801790949355e-16	-1.4891814239372705e-15	-5.266382828837323e-15	-6.067297635350688e-15
63.0	1.1338400164056222e-15	-2.111357532269759e-14	-3.884806417680826e-15	-2.0673209060040713e-14	4.1709816052633236e-14	-1.0522102663356077e-14	1.827789925479069e-14	9.652489834340273e-15	-5.352398143195087e-15	-1.4804473401215583e-15	-1.7610020200480482e-14	7.843990862023219e-15	6.416396320147041e-15	1.5003158344597562e-14	-7.610606652189326e-15	-3.034562416295793e-14	-5.842361548915779e-15	2.207532974612089e-15	-5.099403784208291e-15	2.156663597147012e-15	-3.879025572811417e-14	9.222310342971358e-14	1.9050949567156153e-14	5.175155026356725e-15	1.4843580025720286e-13	-8.902795421923793e-14	-9.651424051163302e-14	-1.109100324637333e-13	-2.5856460286562167e-14	-8.560256463962088e-14	-2.557624013898868e-13	-1.596126998720486e-13	-5.919605923515588e-14	-2.069381537576663e-13	-1.690482290763131e-14	8.415079843746638e-14	3.1102707857079796e-13	-1.4588720137154454e-13	9.236345046481931e-14	-9.690231610818868e-14	1.9945671687378013e-13	4.763333429159614e-15	-2.0993235464585763e-13	-1.1018545364632505e-13	-5.242939784670332e-14	-1.1940679766490832e-13	-8.114980595370834e-14	-3.594800549865719e-13	-1.7107856838649897e-13	-6.989498426571033e-14	-4.088436291614208e-14	-9.295977941439827e-14	-1.0725478558860218e-13	-6.57762135104956e-14	4.577230762470325e-14	1.811769606386521e-13	2.2062576107077073e-13	-8.13889176946377e-14	-2.4329188151683437e-14	-4.605141850966467e-15	-1.6125138984955497e-13	7.500007842041917e-16	-6.416424769311017e-16	-7.813075828623873e-16	2.9848580266715372e-15	-1.5620233442764413e-15	-5.246158427387962e-15	-5.9608165322308224e-15	4.93569095486568e-15	-2.362539751014798e-15	-1.8296984680306624e-15	-6.532407383246389e-15	-6.644880233207935e-15	-5.1773819128224025e-15	-2.4433251245477377e-15	-4.251443658503829e-15	-4.6670893020676715e-15	-7.0888290757157215e-15	-2.59444834074446e-15	-1.5765000585475922e-15	-3.452566575041068e-15	-2.043836988054663e-15	-2.9244845508435488e-15	2.3292234184769744e-15	-1.331656167770479e-15	1.5900051465824974e-15	1.8523619834341604e-15	-9.281559366475498e-16	-4.4200348410092556e-16	1.56100373850774e-15	2.051587667064852e-15	-2.4329456498279954e-15	-6.004332403376096e-15	-3.9932813683383274e-15	-9.023059504326563e-15
64.0	-1.097828674211934e-15	2.1129930338416738e-14	3.79571842074414e-15	2.094841427073683e-14	-4.180848499628006e-14	1.0594929135534724e-14	-1.839600577313559e-14	-9.818441287397069e-15	5.542753996250198e-15	1.5147340225848204e-15	1.7751845841253903e-14	-7.783352261280241e-15	-6.452643415983571e-15	-1.4820904548025364e-14	7.677112401239393e-15	3.0469788111285216e-14	6.0399092222595525e-15	-2.2639175641752124e-15	5.150881541556499e-15	-2.1924991698341804e-15	3.887444059476877e-14	-9.295588217502483e-14	-1.9432616483975706e-14	-4.979112776947653e-15	-1.4972755351154935e-13	8.985402646323081e-14	9.74208339845421e-14	1.1180274256068614e-13	2.6158530194011478e-14	8.642991742777746e-14	2.584937778003179e-13	1.610338199051592e-13	5.986285586841464e-14	2.0861042265523887e-13	1.7131681876077558e-14	-8.49757137862687e-14	-3.1404617092533165e-13	1.471156260389343e-13	-9.338429901355123e-14	9.781564039357998e-14	-2.0117453240723833e-13	-4.7883840063692945e-15	2.1191154536073973e-13	1.1145849466921643e-13	5.3126391814892125e-14	1.2070429510816807e-13	8.182975570380718e-14	3.6332157413839477e-13	1.7269359875824817e-13	7.058425934549409e-14	4.1274233276197266e-14	9.377625438936651e-14	1.0840265978446299e-13	6.653140980636941e-14	-4.623224078090585e-14	-1.8296967072416388e-13	-2.2277351053767642e-13	8.230080667918203e-14	2.4462428640414574e-14	4.613152592288152e-15	1.6342318863513805e-13	1.4010251548177829e-15	-1.03121745686102e-15	2.0342972710290385e-16	-3.018377664464006e-16	-1.796007472547944e-15	9.50687153620962e-16	-7.6847447412025e-17	-2.349243465140445e-15	-1.5213098880278183e-16	-9.234713494357414e-16	3.4043954986856555e-15	5.822110692005771e-15	5.244130639091425e-15	2.972716776129984e-15	3.8967405095495635e-16	1.0657487084761192e-15	-1.041617961157554e-15	-3.005126716112748e-16	-1.2997690057316512e-16	1.0182418193571857e-15	-1.4196996024796145e-15	-1.5002019300375268e-15	-8.463136927202225e-16	1.5543165391369562e-15	-1.422215846710791e-15	4.097715909659609e-15	2.156099141106295e-15	-1.9168366427328643e-15	3.9183777135464647e-16	-6.331537684809737e-16	-2.5502814017040372e-15	-4.501586119870023e-15	-5.083620315309652e-15	-2.897179036534955e-15
65.0	9.03651214076362e-16	1.2210275336364602e-14	-1.3233555963607745e-15	1.368167134975217e-14	-3.138147450178465e-14	7.565018668305492e-15	-1.1797541819373013e-14	-3.599140544009676e-15	4.738995490256648e-15	4.1209600998062396e-16	1.4141892532400526e-14	-1.0912349608327548e-14	-1.0493118635431482e-14	-1.096716581049628e-14	6.656977794016976e-15	2.8751885966551873e-14	2.5820761629646366e-15	-3.6329534968425016e-15	7.311167053991357e-15	-2.1123059945161842e-15	2.7964712772731056e-14	-7.279949296939496e-14	-1.1651549557868998e-14	-6.7684525967489726e-15	-1.0350235113307572e-13	6.2116284094619e-14	5.341070293176621e-14	6.621563178631329e-14	1.287489157083717e-14	4.694173705162842e-14	1.8350424349048567e-13	1.137474092006169e-13	2.9130742776731194e-14	1.3883188598838088e-13	9.561940677864863e-15	-5.139914389348069e-14	-2.1383910864782122e-13	1.0362859726000745e-13	-6.272953252191296e-14	6.699055335566965e-14	-1.2996383543579991e-13	-6.250764954540728e-15	1.345876944093114e-13	7.674985225611036e-14	3.5177284769614105e-14	8.264527171016417e-14	6.070190320850215e-14	2.4723508378538396e-13	1.2139581039771333e-13	4.2827277748120787e-14	3.2990551925951484e-14	7.419588771591495e-14	6.970159957280786e-14	4.4351035795649355e-14	-3.084597776890655e-14	-1.2793039093158766e-13	-1.5768333671905731e-13	5.4880858581974584e-14	2.986702167515737e-15	8.140294725154496e-16	9.522978196428749e-14	3.7165930536035e-16	-2.0878474842655727e-15	1.641166359579119e-16	-7.92262720438239e-17	9.541277832736075e-16	7.033560648628201e-16	1.902896513274355e-15	-2.9362416488878034e-16	1.3178551475488996e-16	-5.683075574099213e-16	6.794705980669585e-15	4.534930401312579e-15	4.366634250666802e-15	1.897095839051996e-15	2.082933300222618e-15	1.6561216812034397e-15	8.460200944214713e-16	1.371432955378168e-15	-7.297892459879821e-16	-1.2238204204040561e-17	-7.232111096605719e-16	-4.193154142409893e-16	8.666700943217723e-16	1.8988025890519434e-15	9.375854045725446e-16	2.8174845161666576e-15	1.2984078875757205e-15	-1.1439023878113753e-15	6.116377698771534e-16	-1.3450332731421479e-15	-3.2766270284158946e-15	-2.125575496426e-15	-2.4911997218277536e-15	-7.685079958010447e-16
66.0	-8.653402834599408e-16	-1.2112405350984995e-14	1.3050985578335546e-15	-1.3681815068470943e-14	3.145294951551539e-14	-7.595721093566351e-15	1.1796309130855563e-14	3.655410519514814e-15	-4.685259963261563e-15	-4.768126461141951e-16	-1.4078041515446448e-14	1.0877335075539383e-14	1.0565867004479684e-14	1.0988072097947154e-14	-6.680412596640244e-15	-2.877719575721926e-14	-2.6339983514229316e-15	3.611553479881054e-15	-7.385131671545566e-15	2.088599596074492e-15	-2.7935088561608907e-14	7.286716401005236e-14	1.1742317703301359e-14	6.702701327483537e-15	1.0343233055355156e-13	-6.220122585638234e-14	-5.3442695551841163e-14	-6.620617707328971e-14	-1.286847492242045e-14	-4.6831454384548724e-14	-1.834892219173919e-13	-1.1369435310059899e-13	-2.909892073456277e-14	-1.38849712840259e-13	-9.574946887789028e-15	5.133321259193598e-14	2.13833277179606e-13	-1.0362626539250893e-13	6.266062087818319e-14	-6.694021736990334e-14	1.2994110775422048e-13	6.218053956663724e-15	-1.3451438944988794e-13	-7.680478701435457e-14	-3.5046302386375043e-14	-8.263784969039629e-14	-6.061289419172645e-14	-2.472194316188595e-13	-1.2134681725372596e-13	-4.2739948573795226e-14	-3.300767801733765e-14	-7.421146271714913e-14	-6.971230506080577e-14	-4.44112288465225e-14	3.087788374128691e-14	1.2789459848687676e-13	1.575566663837605e-13	-5.490415822752943e-14	-3.0073022199400684e-15	-7.472625306756992e-16	-9.526097447748071e-14	-3.50405146905111e-16	2.047543371904436e-15	6.2287483442947856e-18	-1.6518925410990653e-15	-1.3386910972228685e-15	-1.4171957201570573e-15	-1.5663148539211575e-15	-1.3235877376242161e-15	-1.3291668893974726e-15	-1.6574716928723216e-15	-2.478411620541854e-18	2.691125971620487e-17	1.4666444315966863e-18	2.133210794294821e-17	2.691125971620487e-17	-8.05756339379955e-18	-5.606419812121945e-18	5.4117004837349184e-18	-1.2002619445937966e-17	-2.478411620541854e-18	2.133210794294821e-17	1.0990852256992873e-17	-3.2954594811014253e-18	1.0990852256992868e-17	7.862844065413189e-18	1.4666444315966863e-18	-1.1185571585378691e-17	-2.4654835462913676e-17	-3.2954594811014253e-18	6.2287483442947856e-18	-1.2002619445937966e-17	-2.4784116205418544e-18	-7.240515533239904e-18	-2.4654835462913676e-17
67.0	-6.19367310156093e-15	4.416674297621102e-15	-1.9541303416297438e-16	-1.5454678504177596e-14	3.6728721330617364e-13	-8.606557503484722e-15	7.714660851634304e-13	2.1924402767576643e-12	2.3554337159339266e-13	1.1565442421312568e-13	5.061256305432764e-13	7.619331978808782e-13	8.22389949481811e-14	-2.862922197745336e-13	1.6562134458901418e-14	-5.696076071770825e-13	-6.592834583087459e-13	1.0264552626582599e-13	-1.2262753755035079e-14	1.7919317723057316e-14	-1.825198224573383e-13	-5.9148971856405e-14	-6.978221112258288e-13	-1.1330197350683398e-13	1.2490133606182184e-13	-5.312326996171511e-13	-8.522787315364637e-13	3.808177973527818e-13	1.3587127069524461e-13	2.8401515096638363e-14	7.660700738987735e-13	-1.6034863806754058e-13	4.739090631732054e-13	3.2406211197218106e-13	-3.5522401585099754e-13	4.147708408257622e-13	-3.0403995267302143e-13	4.142626787738573e-13	7.734994022478378e-15	6.552857901724611e-14	2.463048609727174e-13	7.050112669379479e-13	4.1263572043155665e-13	2.340767725748477e-13	-1.5705901956848328e-13	9.826608519627992e-17	-3.3980676578334475e-13	2.822146502988137e-13	4.0965223728512695e-14	-2.1901597393012062e-13	-5.136181729787618e-13	-5.3535315817351004e-14	2.698073607223534e-14	-2.6999697676076694e-14	-3.319072521762777e-13	-2.419925955141013e-13	-7.69326897603444e-13	2.3957229569247087e-14	2.338628561539872e-13	3.320507699853439e-13	6.482575864740823e-13	-8.740355329607261e-14	2.4014952597551693e-13	-5.782241418888237e-13	7.612229013993306e-14	-4.005537316654267e-15	7.920920255467408e-16	-1.3212767772931952e-15	-2.751774310038268e-15	1.254412603187036e-15	2.3820499477418645e-15	2.692123383426481e-15	2.6937574791476014e-15	2.61756381654443e-15	2.6096737044401547e-15	3.1513159528751985e-15	3.144102705380818e-15	2.9617890274784942e-15	2.6445023442994977e-15	2.9831484034603043e-15	2.692123383426481e-15	2.743689478605601e-15	2.6500814960727573e-15	2.908588836578253e-15	3.0061418751632335e-15	2.9752582913560287e-15	2.61756381654443e-15	2.5771560249118276e-15	-1.3418191054144493e-15	-1.4267199279824532e-15	-1.4171957201570573e-15	-1.4076715123316614e-15	-1.4259028801218948e-15	-1.3244047854847747e-15	-1.4203237283486383e-15
68.0	6.1940656849986574e-15	-4.2969882565578685e-15	2.8330280283824036e-16	1.5261631577871318e-14	-3.7287678415351627e-13	8.472772672165805e-15	-7.83283524956495e-13	-2.2260013612807265e-12	-2.3940768960619017e-13	-1.1757350526776238e-13	-5.137525134858429e-13	-7.735703743392503e-13	-8.343873363789561e-14	2.9073823975548457e-13	-1.7185197209094724e-14	5.785413922647718e-13	6.695336440996568e-13	-1.0405659792743681e-13	1.2329163756403544e-14	-1.7845342009291343e-14	1.8263831659977707e-13	5.926167798700451e-14	6.978545160789109e-13	1.1334615640157138e-13	-1.2479147259555364e-13	5.312329234236487e-13	8.522257937473207e-13	-3.808828048002457e-13	-1.3589968498268995e-13	-2.8777491677075265e-14	-7.660066098411353e-13	1.6028034315073743e-13	-4.738507524157277e-13	-3.241014315529281e-13	3.551283221718213e-13	-4.14519929336796e-13	3.0403915757171285e-13	-4.142333241433118e-13	-7.578754819065731e-15	-6.556103619709046e-14	-2.4631622030514433e-13	-7.051649212605482e-13	-4.125565933564686e-13	-2.342028853925365e-13	1.5695462792260316e-13	2.2460424738228218e-17	3.398870588028831e-13	-2.8193729208751486e-13	-4.082460215520293e-14	2.1871116570751069e-13	5.134751589739072e-13	5.329658627574423e-14	-2.7026348942931606e-14	2.6795070799295772e-14	3.3200505408240975e-13	2.420644163034034e-13	7.6955400010698e-13	-2.3923052223127616e-14	-2.339736670347794e-13	-3.322055193003261e-13	-6.482597417982276e-13	8.761915170272913e-14	-2.3995618958191166e-13	5.780586879850937e-13	-7.607360414839807e-14	-1.6788358561818616e-13	2.571187795777714e-13	-7.55286806309796e-16	1.172014514185667e-15	-3.427837144649363e-17	-2.1726350795184776e-15	-3.733789170015067e-15	-1.5056130677789675e-15	-3.8706102753761304e-15	9.091083138039212e-16	-1.0906950698968693e-15	-1.3560797882452915e-15	-3.7989175030203065e-15	-3.523235178675387e-15	-3.112314067133162e-15	-3.2192424453732675e-15	-2.5979477212796104e-15	-9.8378038863359e-16	-9.054957829735297e-16	-9.132258359593152e-16	-4.671525081889496e-15	-1.6618215215225913e-15	-2.9229238181048744e-15	3.328187339303178e-15	1.5288207197338207e-15	-2.5090852873584634e-16	9.753514371756191e-17	-2.688430758701191e-15	-4.1101824938491786e-15	-3.1342130215743742e-15
69.0	1.788444652562624e-15	-7.074211043545763e-15	1.6465747779074985e-15	1.7615609521529074e-14	-1.8132052303003782e-13	8.706202336591008e-15	-3.877459041826922e-13	-1.0817929733697889e-12	-9.82547694860626e-14	-5.51921084105856e-14	-2.578943568276202e-13	-3.771119771221792e-13	-4.170863885686375e-14	1.3174033358861816e-13	9.289350983802522e-15	2.629615684643608e-13	3.162126672354352e-13	-5.697055692931945e-14	1.4752338962781346e-14	-2.079564691825063e-14	2.549866294774044e-13	7.242305782719243e-14	9.344162740410792e-13	1.5122254136391913e-13	-1.669097918873056e-13	7.253539445160367e-13	1.1452843674299949e-12	-5.138279770327512e-13	-1.841254092280311e-13	-3.990763202372161e-14	-1.0301026782755397e-12	2.1614152831577143e-13	-6.459468576563463e-13	-4.398584126486974e-13	4.793949162431601e-13	-5.580397721750228e-13	4.101594918049057e-13	-5.599694792710075e-13	-1.0810954387442083e-14	-8.53001785042482e-14	-3.3153738062466274e-13	-9.589809140786527e-13	-5.628159504966726e-13	-3.1411467938957335e-13	2.1071910405196157e-13	-2.4208218086672552e-15	4.5469015063444464e-13	-3.840139097022602e-13	-5.701743814788919e-14	3.1338413051431734e-13	6.911220933821764e-13	7.420179386873788e-14	-3.649755705445833e-14	3.011414504523889e-14	4.519182501464297e-13	3.2705139343550724e-13	1.023588642086919e-12	-3.593164039950966e-14	-3.154252435239974e-13	-4.4697798356019915e-13	-8.813677565519722e-13	1.1570282908229096e-13	-3.211183053853854e-13	7.783217309794388e-13	-1.0145695037230784e-13	-2.3294569166669077e-13	8.058030961094601e-13	-1.7744662479305294e-16	-5.156349374312556e-16	3.742371999587065e-17	-4.446737789352158e-15	-2.424550325879501e-15	-2.34107943058437e-15	-4.4081612809407324e-15	1.4156755748358307e-15	-1.136700410734853e-15	-1.356013470040001e-16	-7.377861715069283e-15	-5.966812498199661e-15	-5.079547593706826e-15	-4.0475584399287005e-15	-6.761659572236505e-15	-4.554336518548677e-16	-1.4545723867018249e-15	-4.256568461138803e-15	-6.331693775893653e-15	-2.5847306989717486e-15	-5.708201320781662e-15	1.8983219248144553e-15	4.511669376161291e-17	-1.1993700169899409e-15	-3.1513124913290767e-15	-2.0748116887047002e-15	-6.973508421696726e-15	-4.824585780899836e-15
70.0	-2.053119337297663e-15	7.14833357034283e-15	-1.6875733598659375e-15	-1.7684220652979858e-14	1.8133998028867838e-13	-8.761443269437931e-15	3.8775937093949043e-13	1.08162923631982e-12	9.815243573723815e-14	5.4968489418052386e-14	2.581181458380681e-13	3.771063199970425e-13	4.163343509322344e-14	-1.3176120146258835e-13	-9.27662368305472e-15	-2.628242331555818e-13	-3.158987981491565e-13	5.705877196283422e-14	-1.48912191174036e-14	2.0982955087807723e-14	-2.574191815879153e-13	-7.319035752848706e-14	-9.430844962081776e-13	-1.5256198085399818e-13	1.6880409505976955e-13	-7.322691020299227e-13	-1.15636665006791e-12	5.18575706533634e-13	1.8598781348230214e-13	4.0220041333445815e-14	1.040175803455907e-12	-2.1815461318291491e-13	6.520152307328562e-13	4.442317134927026e-13	-4.843605758373259e-13	5.635676652920407e-13	-4.1425506278805123e-13	5.656464393813616e-13	1.0918131825524836e-14	8.614008520611162e-14	3.3456190835059233e-13	9.683805427205276e-13	5.680794688705999e-13	3.1721347782839457e-13	-2.127229751726481e-13	2.5378472418519272e-15	-4.591891948387657e-13	3.8784664471361446e-13	5.760052109785685e-14	-3.1661839526534086e-13	-6.977854328323848e-13	-7.478227360089573e-14	3.69693692509613e-14	-3.0284543789984124e-14	-4.564959770624128e-13	-3.3019824102826967e-13	-1.0332034421447319e-12	3.640423254503221e-14	3.185885131968057e-13	4.5149383682899423e-13	8.90045172856639e-13	-1.1684711476744438e-13	3.2436837588272195e-13	-7.862483562198029e-13	1.0242768646209731e-13	2.351104374919696e-13	-8.165587117641524e-13	4.587470230489469e-15	5.651374411392607e-16	-6.293261324255238e-16	1.0928616085936707e-15	1.3508831711134119e-15	-1.1821763681503613e-15	-7.029453236134196e-16	-3.065119611826828e-16	1.2420526291627832e-15	-1.581464485821683e-15	-4.481557689482564e-16	-1.7862143699951137e-15	5.598467316707371e-16	1.2763752997120436e-15	1.132480352153374e-15	-3.2743618469872987e-15	-4.5826652358315186e-15	-4.038442562994577e-15	-4.218080551214194e-15	1.7691002445105535e-15	1.6149036997196854e-15	2.2912435815639e-15	2.1340574364322404e-15	-1.9065471391155192e-15	-9.102901309837608e-16	5.430280313886869e-16	5.538542192671599e-16	1.4802223528588514e-15
71.0	-4.093560466405818e-15	5.035888823400584e-15	1.1704946660460128e-15	-1.6698345005111837e-14	1.1195867163365704e-13	-2.3661284714631485e-16	2.423052831698715e-13	6.732146577866395e-13	5.689744197263326e-14	3.732337538254525e-14	1.5816906907432416e-13	2.3759387585661067e-13	3.020386123648517e-14	-8.026438907031733e-14	-1.1014559857440133e-14	-1.595573453805684e-13	-1.970419082429919e-13	3.51083001857144e-14	-1.0929843324589061e-14	1.608077384536559e-14	-1.895089792030654e-13	-5.0459332740165216e-14	-6.844654718405458e-13	-9.34907772910388e-14	9.857205416728919e-14	-5.134635890929895e-13	-7.922251541491372e-13	3.358722691735144e-13	1.1465359937498006e-13	3.020560741192901e-14	7.604025700532233e-13	-1.3295147765935002e-13	4.5367872299364224e-13	2.792648403251021e-13	-3.176632994651188e-13	3.973072140591257e-13	-2.691583826521782e-13	3.6153472246938614e-13	4.2103257121544295e-15	6.019525952666304e-14	2.1383785999610152e-13	6.307204191649326e-13	4.013209589283034e-13	2.1495618550990845e-13	-1.2224465230704894e-13	-2.9908018211522162e-15	-3.032540202013438e-13	2.823895591211646e-13	3.157199830210805e-14	-2.0931628963022438e-13	-4.935547043365978e-13	-5.4440902466939973e-14	2.911728819497532e-14	-2.3603920277502188e-14	-2.7949292760356257e-13	-2.2019873545637993e-13	-7.55417814010135e-13	1.9946772178966892e-14	2.0838875639553996e-13	2.8602374555879744e-13	6.02396107827622e-13	-7.316112288506304e-14	2.1491603953365571e-13	-5.196821268447959e-13	6.155747044376549e-14	1.6643405914128293e-13	-4.873456009714992e-13	4.495482617137443e-15	2.0721021413284468e-15	-4.536717406606878e-16	-4.750069442604955e-16	1.2204703425153304e-15	-1.6819303850581452e-15	7.760665897025638e-17	1.2814077134156226e-15	1.4158279475773977e-15	-1.2578666978379256e-15	-1.5529363705654048e-15	-4.254631490630177e-16	3.0819986991660506e-16	-1.5341695348147408e-16	-7.718615842103206e-17	-2.155815284146629e-15	-3.662249382493841e-15	-1.3846402199196252e-15	-8.639457604557973e-16	5.47578012624578e-16	2.1211805575998183e-15	3.3408995134757886e-15	4.022354146364689e-15	-1.2782255840906129e-15	7.723009054196843e-16	2.9804155177787715e-16	8.746912609551715e-16	1.9847339067920793e-15
72.0	3.989218884081894e-15	-4.9596942842928295e-15	-1.1599292856962084e-15	1.6677314806512636e-14	-1.1189883005775824e-13	9.901616963473973e-17	-2.423631154916445e-13	-6.732157824499277e-13	-5.690702636086999e-14	-3.73893438450724e-14	-1.5825098117219019e-13	-2.375807609415963e-13	-3.029756912284276e-14	8.026596369256316e-14	1.098924580323957e-14	1.595396534633923e-13	1.9698254251299533e-13	-3.5052070104543974e-14	1.0948206974025027e-14	-1.5990632651468472e-14	1.8947483361963147e-13	5.038158513670691e-14	6.845024685864922e-13	9.350814000551562e-14	-9.860160305990312e-14	5.134781495990546e-13	7.921943247558457e-13	-3.357011624131064e-13	-1.1460124504902644e-13	-3.0163517973162705e-14	-7.604587748842747e-13	1.3310613609004709e-13	-4.536523669785979e-13	-2.79222992470879e-13	3.176289319129662e-13	-3.97374628512276e-13	2.6910845142654856e-13	-3.6157258246979865e-13	-4.19429106284431e-15	-6.018999331558586e-14	-2.1379766545392242e-13	-6.306918397193807e-13	-4.013449283651952e-13	-2.1499538355752642e-13	1.2229024045442733e-13	2.9933950947252857e-15	3.031962540204305e-13	-2.823577894713967e-13	-3.162686346427643e-14	2.093350651609585e-13	4.935459237104433e-13	5.4538989037644574e-14	-2.9091060305296e-14	2.3652505262200953e-14	2.7946246153527927e-13	2.201428212138718e-13	7.554478558614808e-13	-2.009093544256795e-14	-2.0841428781542076e-13	-2.860413180369601e-13	-6.024567374885472e-13	7.320210419444718e-14	-2.1504006378747696e-13	5.196616303249689e-13	-6.151207631863815e-14	-1.6649554601564565e-13	4.87388844173719e-13	-4.489602783295207e-15	-2.095285715593073e-15	4.63787222071892e-16	-1.2002619445937966e-17	-7.240515533239904e-18	2.691125971620487e-17	5.4117004837349184e-18	-2.4654835462913676e-17	1.7387051890809054e-17	6.495965710367452e-19	-5.606419812121945e-18	-8.05756339379955e-18	-1.2002619445937966e-17	-2.478411620541854e-18	-2.4654835462913676e-17	-3.2954594811014253e-18	1.017380439643308e-17	-1.2002619445937962e-17	-2.4654835462913676e-17	1.4666444315966863e-18	1.1807900117552222e-17	-5.606419812121945e-18	1.4666444315966863e-18	6.2287483442947856e-18	1.0990852256992873e-17	-2.4784116205418544e-18	2.2836922921561836e-18	-2.4654835462913676e-17
73.0	2.2315349971978143e-15	-2.991715061619735e-14	-1.2584434002974899e-14	1.9219329730771897e-15	-6.190337590158437e-17	-2.3511298100780267e-15	-3.4696734762214994e-15	3.090462717441172e-15	-4.439501420874256e-15	-2.1506290948867485e-15	-2.924491384666912e-15	1.5817933200315562e-15	1.9013216244518403e-15	1.3669547587621757e-14	-1.2923867414493651e-14	1.2474092254750749e-14	3.7359448091085825e-16	-6.920195831414546e-15	-2.043254609779454e-14	-4.094368674121164e-15	1.1346092160828809e-14	-5.9829942760573014e-15	-4.611008751611046e-16	8.212959100644246e-15	-5.9452814042423e-15	1.4967813925241174e-14	-8.049685518160578e-15	-2.966060756593341e-15	1.133158451296624e-15	-1.0764494753878547e-14	-8.408239932142e-15	2.0436138509126354e-14	2.2923023344262594e-14	1.8592804064182562e-14	-4.286713828224204e-15	3.607576186423495e-15	5.9075374710081976e-15	-1.783189283916865e-16	-3.349255331989852e-15	-2.0892835971442437e-14	-7.631916570343344e-15	7.68925889213726e-15	3.114068844185387e-14	6.786228291353092e-15	1.8801428315301334e-14	8.172455219994531e-16	4.290401010656002e-14	8.40044457344195e-15	-4.641957446695465e-15	-7.32520551528893e-15	-2.112901853713752e-15	1.6083324060877744e-14	-1.1368268467683869e-14	-8.674253521323573e-15	1.01761511416704e-15	-2.0711407125689262e-14	-1.2999930846161453e-14	1.5885188576119515e-14	8.775330383163529e-15	3.2822933626281525e-15	-1.9866947913762864e-14	-7.765901329833593e-13	1.9083604502371165e-12	1.0784879801730872e-14	1.2679397768140222e-16	-2.6436048930689656e-15	-7.127822269864577e-15	1.0011864945591634e-14	1.0093853662323952e-16	-9.622413272853102e-15	-4.958205556801305e-13	-7.240515533239904e-18	2.691125971620487e-17	5.4117004837349184e-18	-2.4654835462913676e-17	1.7387051890809054e-17	6.495965710367452e-19	-5.606419812121945e-18	-8.05756339379955e-18	-1.2002619445937966e-17	-2.478411620541854e-18	-2.4654835462913676e-17	-3.2954594811014253e-18	1.017380439643308e-17	-1.2002619445937962e-17	-2.4654835462913676e-17	1.4666444315966863e-18	1.1807900117552222e-17	-5.606419812121945e-18	1.4666444315966863e-18	6.2287483442947856e-18	1.0990852256992873e-17	-2.4784116205418544e-18	2.2836922921561836e-18	-2.4654835462913676e-17
74.0	-2.336420292398361e-15	2.989216370639875e-14	1.2499630963932103e-14	-2.0085307384506746e-15	-3.752059976613485e-17	2.5475932726267674e-15	3.290638040382826e-15	-3.097456703347626e-15	4.5185464307329716e-15	2.1604546625871216e-15	2.8893914738902876e-15	-1.6392692171374378e-15	-1.994830612634956e-15	-1.3759771071172257e-14	1.2890208449164307e-14	-1.2464891830562322e-14	-4.533600506424844e-16	6.934206844744784e-15	2.034539019275913e-14	4.046664838497277e-15	-1.1127515102138973e-14	5.778902167830585e-15	4.1293627154580814e-16	-8.194081791196115e-15	5.904509405698184e-15	-1.5131555772780952e-14	7.899188072079626e-15	2.6773288696975514e-15	-1.2000541007995274e-15	1.068682427854598e-14	8.167406726087682e-15	-2.0718206665157238e-14	-2.332155456066298e-14	-1.8920863280100677e-14	4.294698896015867e-15	-3.7064283242649134e-15	-5.775806731886913e-15	8.876511010932348e-17	3.2243951187177466e-15	2.069480436793452e-14	7.34321474659852e-15	-7.829145267212695e-15	-3.1556311662879675e-14	-6.762283769272702e-15	-1.9056676580349685e-14	-1.0007233460837428e-15	-4.350313365004013e-14	-8.674801526835455e-15	4.834056238000787e-15	7.226837080803877e-15	2.1220673889414282e-15	-1.6367573051371284e-14	1.1162605694506926e-14	8.491938060044091e-15	-1.2782978136198049e-15	2.040483766415724e-14	1.27650917842111e-14	-1.6014692200174982e-14	-8.898145802833976e-15	-3.4505564022108707e-15	1.974679875143171e-14	7.768424191089279e-13	-1.9084437026824857e-12	-1.0897387061379046e-14	-4.4557710831058736e-17	2.643680991700125e-15	6.86313980793932e-15	-1.0370339742956896e-14	-2.384609703227128e-16	9.849743765909803e-15	4.959462610690986e-13	9.363815985452828e-14	-8.398501041967015e-15	-7.779545240971994e-17	1.6354216650006553e-15	5.738442387948804e-16	-1.4880021133252398e-15	-1.242656614583487e-15	-2.2632847987514796e-15	-4.6336111881351405e-15	-4.122436872562759e-15	-6.213555543697485e-15	-5.110535132670195e-15	-5.4186914341236105e-15	-4.145945539121377e-15	-4.805667899380486e-15	-2.944892416474972e-15	-4.177253902594673e-15	-5.318257851305204e-15	-5.1398867234264085e-15	-1.4560309697968063e-14	-1.9233623383657367e-15	-2.946141371015886e-15	-3.443521239686165e-15	-2.3179910939240326e-15
75.0	-1.5729102920362893e-15	4.111012418888923e-14	1.2658400160304108e-14	-9.441493496547506e-16	2.5445322929578674e-15	1.052611490237968e-14	9.235185311590346e-15	-2.5552663690557592e-15	6.887552637816472e-15	-1.2490241568642582e-16	2.6921770670575315e-15	1.9124792268352721e-16	-6.65802966649098e-15	-1.581657060214385e-14	1.768714077070099e-14	-1.7328956473259053e-14	-2.1470192921379843e-16	1.1047244960098373e-15	2.798743583263342e-14	5.1258984663797345e-15	-1.6048133437448095e-14	1.0269936652354201e-14	8.216034199336994e-15	-1.352276624810539e-14	9.423959155043654e-15	-2.151702264546557e-14	1.2589898602164252e-14	2.4039113790506262e-15	-2.340763625796623e-16	1.7619841725964396e-14	1.2176262335511945e-14	-4.287180128570921e-15	-3.965848673305854e-15	-4.689967550380526e-15	7.417786263616067e-15	-9.628585218242508e-15	-4.505603504367113e-15	-1.326695412984037e-15	3.303363060943521e-15	2.936930665094834e-14	1.0602932117428491e-14	-8.108948320097964e-15	-1.2566585737369687e-14	-1.1106338997285546e-14	-1.2501807970091047e-14	-4.505228132064406e-15	-2.374735985394951e-14	-7.634313682840214e-15	6.763249020893511e-15	6.465424394158652e-15	4.1339924903533e-15	-2.283017937282048e-14	1.4138779930250473e-14	8.29637158074301e-15	-4.590498819674419e-16	4.94868832237734e-14	1.7995264787302674e-14	2.4460409910014574e-15	-9.085330973627211e-15	-2.632574684356843e-15	2.2649678817753518e-14	1.0245414798134682e-12	-2.5867583449016566e-12	-1.110765462639675e-14	1.6525428737885192e-15	3.589407877793378e-15	1.4188387328698273e-14	-1.3005964530685418e-14	-5.041389127465371e-15	7.520147440499684e-15	6.763512432929757e-13	1.270955701287004e-13	-2.874379759737951e-14	7.081222422059057e-18	1.686105910211032e-15	-4.74192268135389e-16	-1.0707215588733886e-15	-9.630174778245816e-16	-2.7548989506287746e-15	-6.363655476998379e-15	-8.485930553966611e-15	-1.1708931829832966e-14	-7.890244256998304e-15	-8.253937887952974e-15	-6.8733807235655775e-15	-6.317827473744686e-15	-3.1894890797868193e-15	-6.658260899344271e-15	-6.6467135064715534e-15	-7.717715651086745e-15	-1.9027541212914375e-14	-3.59913007327962e-15	-5.117196194278513e-15	-3.2882741040445227e-15	-6.275301497754835e-15
76.0	1.6142346416934573e-15	-4.111755078266878e-14	-1.2649870141089617e-14	1.0301684083815314e-15	-2.4169864332397698e-15	-1.0656485534794544e-14	-9.216340076308579e-15	2.505490216589727e-15	-7.095592274103714e-15	1.3013453552272246e-16	-2.4220637214783974e-15	-2.37508781325314e-16	6.659136855001613e-15	1.5774408531145986e-14	-1.754301735848953e-14	1.7434103948411094e-14	1.4098466516290525e-16	-1.0306069183119315e-15	-2.802752942709032e-14	-5.436288948453109e-15	1.6066293551351336e-14	-1.0299955450510309e-14	-8.235094970201823e-15	1.3486684780890245e-14	-9.437550814486859e-15	2.1708282461062e-14	-1.2640860739472175e-14	-2.419584397321183e-15	3.326050750840421e-16	-1.777306118938991e-14	-1.2345345456199304e-14	4.080525795377903e-15	4.012530882796052e-15	4.7463879486033744e-15	-7.487779493966306e-15	9.701442180534862e-15	4.5386037490063154e-15	1.4248298023218154e-15	-3.2515789453745564e-15	-2.9599244082389925e-14	-1.0641231543351895e-14	8.146396704592479e-15	1.2524413666637598e-14	1.1332897576558738e-14	1.2649856212626742e-14	4.2869681498131416e-15	2.3671116980131323e-14	7.48727076416861e-15	-6.8270091052878615e-15	-6.379230689971072e-15	-4.102177007036334e-15	2.299952547413551e-14	-1.4120616063812759e-14	-8.355563696757634e-15	3.29364558900831e-16	-4.9542575385631574e-14	-1.7882302368473676e-14	-2.5457515378583725e-15	9.149013525063865e-15	2.7295479878052903e-15	-2.2641448549220206e-14	-1.034386623311906e-12	2.61217734711531e-12	1.1319856179961043e-14	-1.8158428576122977e-15	-3.779165777321671e-15	-1.4384999456479103e-14	1.3184249198483057e-14	5.0859442419639205e-15	-7.606410592341078e-15	-6.829728775255472e-13	-1.2840876201612095e-13	2.881614477270502e-14	2.425212084143875e-16	-6.457600979287137e-16	4.261134592459207e-16	-8.092438719200125e-15	-5.024251214233256e-15	-3.345185127102668e-15	-4.944633131390413e-15	-5.047313307700958e-15	-3.0210341023732286e-15	1.9611586027270385e-15	1.839027365350166e-15	1.4268496589259938e-15	-7.850744642031164e-16	2.023380402640079e-15	1.04754839919386e-15	-2.6524280924321926e-15	-5.534056053544298e-16	-1.254834306417803e-15	-2.6840173548309107e-15	-4.816095311286411e-16	-1.6690140906821502e-15	3.983121181749824e-16
77.0	1.823083700767298e-15	-2.387788758948476e-14	-1.1806584602017225e-14	-2.034014637489181e-15	-1.6369930686994189e-15	-6.791925500658664e-15	-4.094623470454522e-15	-2.6709926234578116e-15	-2.298897503887565e-15	3.527928627326709e-16	-6.774284313255542e-15	9.823547550173582e-15	8.194710576739778e-15	1.0925654320576596e-14	-1.6047432795205007e-14	6.819349674451107e-15	1.5573960659402648e-15	6.049487009443575e-16	-1.2168754496559008e-14	-1.0787127703107066e-14	1.16586729394838e-14	-7.376673303687431e-15	-7.353676440291542e-15	5.734324098826945e-15	-7.140946065900134e-15	1.302181657929219e-14	-9.06227972591591e-15	2.3220030187375406e-15	5.548970363317016e-15	-2.170799640301221e-14	-1.9425351896073725e-14	-4.79866209596438e-15	1.1824569349577593e-15	4.818655442995183e-16	-1.2705604784701005e-14	5.282402611241335e-15	5.473343698468756e-15	-1.7456402750266385e-15	-6.174400096524973e-15	-1.5098914075407968e-14	-1.0415743335622479e-14	8.561840823841905e-16	9.050751977389445e-15	9.906813461095583e-15	1.112018966306687e-14	3.939046211492679e-15	1.7251058204221338e-14	1.892292705222396e-14	-3.1188019184681893e-15	-6.534648179429402e-15	-7.17391361651174e-15	1.530669593058312e-14	-7.227998944603529e-15	-2.2265836748457033e-15	-1.4599815490724714e-15	-4.167917296097461e-14	-1.317742122502736e-14	-6.82103802509006e-15	5.640725391006444e-15	-8.129002255895822e-16	-1.6454353969296704e-14	-6.987663990147595e-13	1.6210616086269678e-12	7.163520591362096e-15	-4.056232419902158e-16	-2.515165544709596e-15	-1.1010079723915762e-14	1.07828405936829e-14	3.72255995885641e-15	-8.544928784477704e-15	-4.2919927415144523e-13	-8.14500932291893e-14	6.879619117052728e-14	4.754190553986388e-16	-1.91089859990218e-15	2.2101647411807356e-16	-3.6842453748175884e-15	-1.2484298948521918e-15	-2.5397719791551042e-15	-3.606585246427985e-15	-2.8583503184412064e-15	2.064767512427316e-15	1.8640110816498705e-15	7.089626633201031e-16	1.711522097575332e-15	2.7527032437610862e-15	9.375854045725446e-16	2.16853125433991e-15	-1.0597474640000724e-15	-1.9094149066290375e-15	2.749073397725771e-16	-4.996538305006678e-16	7.422277995104777e-16	-2.4025901162175435e-15	-6.117121910788819e-17
78.0	-1.874764983312208e-15	2.3779891904868996e-14	1.2022748104166537e-14	1.985045156986378e-15	1.5919334032452684e-15	6.852111726537939e-15	4.2371404768326706e-15	2.7200282110042165e-15	2.2028771093831618e-15	-4.0724468489910304e-16	6.833172356155178e-15	-9.823166807745717e-15	-8.103528945930056e-15	-1.0907266744307418e-14	1.5996315791084163e-14	-6.829021235906691e-15	-1.5551820302710532e-15	-6.132716190084176e-16	1.2185466575180431e-14	1.0736896682742242e-14	-1.1690030241343734e-14	7.454858427147081e-15	7.309598678153702e-15	-5.721690889314555e-15	7.149345903386407e-15	-1.294738203825021e-14	8.893403652467587e-15	-2.3572071657647703e-15	-5.416208712629968e-15	2.172955051632742e-14	1.942742811024001e-14	4.834841080147133e-15	-1.1611097336217704e-15	-5.290760390279742e-16	1.289251762941039e-14	-5.1485873201329254e-15	-5.395830233287848e-15	1.821233947831776e-15	6.1984141821283946e-15	1.5170166376339545e-14	1.0358509119512152e-14	-8.218294035666727e-16	-8.97700688226758e-15	-9.908895954773467e-15	-1.1110653005597301e-14	-3.920734057502243e-15	-1.736920178224146e-14	-1.8917404454803407e-14	3.1860028744093802e-15	6.538104849720215e-15	7.147747719670106e-15	-1.536486619692741e-14	7.405111294143255e-15	2.590557722210992e-15	1.934224161165563e-15	-2.0425578752317726e-15	5.555905850573794e-15	4.493970224380574e-15	2.083439895802485e-15	2.2394284532684228e-15	-1.8898470020667826e-14	-2.5895563903882614e-13	6.15263682526357e-13	2.8059116338584583e-15	8.642611081704803e-15	7.161979185084132e-16	-4.776428374693824e-15	1.0175883534609635e-14	1.9292924375677646e-16	-5.023696454024428e-15	-1.592660199393562e-13	-2.6648214843883286e-14	2.2942653142943568e-14	2.590098064977946e-15	-5.4317240523683126e-15	-1.6605997010639028e-15	1.017380439643308e-17	2.691125971620487e-17	1.017380439643308e-17	-2.478411620541854e-18	-2.478411620541854e-18	2.133210794294821e-17	6.2287483442947856e-18	1.017380439643308e-17	-1.2002619445937962e-17	-5.606419812121945e-18	6.2287483442947856e-18	-2.478411620541854e-18	-1.907568368965719e-17	1.0990852256992873e-17	6.2287483442947856e-18	1.4666444315966863e-18	2.283692292156184e-18	-7.240515533239904e-18	2.133210794294821e-17
79.0	-5.7804690953194666e-15	-3.781450866675455e-15	9.817322430625217e-15	2.4217513919700635e-15	1.9819524898398368e-14	-5.899491758251858e-14	-1.222201352607348e-13	-2.7211136568612233e-14	7.828293201995444e-15	3.6127111684635166e-14	6.436961427682454e-15	6.638012842739025e-15	-1.9932266044103033e-15	2.2539284068260685e-15	1.3674189929674682e-14	2.3562662221453102e-15	1.0237943668921825e-14	-2.3675287379980527e-15	4.969252390455478e-15	-2.1393756392257068e-14	6.213066688293208e-15	-1.2052310730301891e-14	2.0475354205635615e-14	4.078255304076984e-15	1.0720547337195405e-14	1.0673425547630144e-11	1.9779242166864008e-14	2.7969807412212583e-14	-2.2583719806521613e-14	-1.451109592852479e-15	4.0910789009015174e-14	5.2220855631361065e-14	-6.742666814370015e-15	-9.45458323864668e-15	-7.001947755956559e-15	-4.101229974403416e-15	7.918068279160136e-15	-5.010558753809251e-15	-2.0272105390018557e-14	-1.8336117195592024e-14	1.5296949262977566e-15	3.1454940128969766e-14	-2.1357254374952182e-14	-1.3349986670320898e-14	-2.3929620089629424e-14	-3.904537054514108e-15	-1.547733056466518e-14	2.5424672240820048e-14	1.7447662801851203e-14	-1.4870497687105197e-14	9.438438838409957e-15	3.133944466153348e-15	-2.0192639833783186e-15	-1.0874301771601874e-14	3.887229986125314e-14	-1.0886298043326499e-14	1.0598204975028613e-14	6.995848336480042e-15	-6.2063913368625574e-15	5.314175831911537e-15	-1.5497645241299647e-15	-5.262199134408001e-15	2.5075815231512466e-15	-2.269034779409141e-15	-2.826829866584191e-15	5.740633766176266e-15	-9.286948754451998e-16	2.868012523198998e-17	3.4469391342442736e-16	2.7881888484933233e-15	-1.5268337496196644e-15	-3.0002638246355546e-15	-5.838496522848283e-16	2.221508482376913e-16	-2.6852571725886296e-15	-3.7680340456492833e-16	8.851266185672053e-15	-1.424268784400778e-15	-6.833081853775551e-17	-2.478411620541854e-18	-2.478411620541854e-18	2.133210794294821e-17	6.2287483442947856e-18	1.017380439643308e-17	-1.2002619445937962e-17	-5.606419812121945e-18	6.2287483442947856e-18	-2.478411620541854e-18	-1.907568368965719e-17	1.0990852256992873e-17	6.2287483442947856e-18	1.4666444315966863e-18	2.283692292156184e-18	-7.240515533239904e-18	2.133210794294821e-17
80.0	5.869933058814911e-15	3.59031287202485e-15	-1.0080844798979705e-14	-2.338403223175859e-15	-2.0149204130285802e-14	5.977810619781038e-14	1.2406238280157577e-13	2.7818886772647233e-14	-8.022871272097456e-15	-3.641732389104666e-14	-6.4836222914747485e-15	-6.673931644427473e-15	1.9674192377698777e-15	-2.1325435501982095e-15	-1.3909349109522928e-14	-2.434532465172576e-15	-1.0346528596375362e-14	2.160549726669374e-15	-5.227404203145069e-15	2.140413011211978e-14	-6.299466424842705e-15	1.1966066741872052e-14	-2.0727328185115544e-14	-4.2867222269034275e-15	-1.068758420854565e-14	-1.0673589233523156e-11	-1.9903466779512812e-14	-2.813710406482278e-14	2.2510535129816918e-14	1.2813532330474947e-15	-4.135381680708855e-14	-5.2649289706957495e-14	6.847753604739394e-15	9.310751039189908e-15	6.980548007475785e-15	4.050976198861523e-15	-7.807693940207545e-15	4.848143115602671e-15	2.0433567672230057e-14	1.8267352137081266e-14	-1.4927961111652144e-15	-3.1599538704389143e-14	2.1082518983070175e-14	1.3308783075933063e-14	2.3870423552246368e-14	3.9410767675742436e-15	1.5291894526078098e-14	-2.5340580555638955e-14	-1.7577864494494337e-14	1.484694112367158e-14	-9.571033498835437e-15	-3.2954763818747322e-15	2.0980562840130063e-15	1.52220657001228e-14	-4.028375287551678e-14	9.777199116269221e-15	-1.3273318006081944e-14	-1.1588961235338411e-14	-7.662868261697116e-15	1.0533420049579778e-14	-6.671045601742349e-15	-2.0023598568325334e-14	2.98918317509865e-14	-1.036642143598178e-14	1.593111518978721e-14	5.294995052116772e-15	3.0032631305096466e-14	2.2376991148741195e-14	-1.0839937944812498e-14	5.08498783970854e-14	2.575996749740294e-15	-2.622419515618249e-15	1.1921174321838344e-14	2.374798274775099e-15	-5.390329022181e-15	-1.6778063412403128e-15	-1.4976658999519166e-14	-2.8803209147817966e-14	-2.840032607046229e-14	2.112587442031058e-15	1.1068903016215993e-16	-1.3772477062206669e-15	-2.639317365009094e-15	-3.0812642996705144e-16	-1.8484775357287446e-15	-8.203556243152731e-16	1.909738369295724e-15	-9.95618062818613e-16	-7.744616548579977e-16	-3.1923887636988805e-15	-1.865630694723438e-15	-2.7709896673719096e-15	-2.7932356824127938e-15	-3.763237798653817e-15	-1.8373476797198903e-15
81.0	1.1701145311883529e-15	1.0043896523972121e-14	-4.0489200401149366e-15	-4.509429960478736e-17	-5.098886176872827e-15	3.7068253907414834e-14	6.282045985876749e-14	7.468563270644255e-15	-5.529297393975531e-15	-2.6171320456776124e-14	-8.185752741927935e-15	-6.687047971125059e-15	3.8515226595705383e-16	-1.4954418738005198e-15	-1.6233354698227066e-14	1.2439218030849634e-15	-1.1046662452341594e-14	1.4563933071460848e-15	-3.0841974101378376e-15	2.4962740258937468e-14	-9.960110688444065e-15	1.5228568098601653e-14	-1.2459185882523791e-14	-6.8107140871983745e-15	-1.3846838179149698e-14	-1.4429238185075736e-11	-3.0492017494935814e-14	-3.866165514936134e-14	2.7029255512386237e-14	8.531290592207526e-16	-3.130922640784232e-14	-3.203029501845303e-14	5.368854810804852e-15	1.125585219059114e-14	7.70098926488465e-15	4.114256017688246e-15	-1.667541570797942e-14	1.2111589264197879e-14	3.345136631941507e-14	2.7915282581667977e-14	-3.0704396153076273e-15	-2.4245455505615237e-14	2.7617475056771824e-14	1.1987473963987192e-14	3.429416233612719e-14	7.306339414815463e-15	2.1331056636130112e-14	-4.077487811871142e-14	-2.6169549618016077e-14	2.21077254661482e-14	-9.760985362183103e-15	-4.2605397877163925e-15	-2.8273474322929553e-15	1.974673367729384e-14	-5.363767034466872e-14	9.197420038578288e-15	-1.7471484941016067e-14	-1.0805941716524128e-14	-1.0077911160177377e-14	1.5189269915154707e-14	-2.5702314841075897e-15	-1.9407286040187716e-14	4.126811052351982e-14	-6.368663244837914e-15	1.4861807186339765e-14	7.289816549498481e-15	3.810658434159937e-14	3.039052094200929e-14	-2.2763074366326508e-14	7.302182489831341e-14	7.852195820014162e-15	-1.1151402897891185e-15	1.7150058786020028e-14	5.605975989842853e-15	-1.0711064285050515e-14	-3.475438356822147e-15	-2.735682259829199e-14	-4.3250891389016667e-14	-8.70333088507712e-14	4.469130211696216e-16	-1.019237069968309e-15	-2.923184670453123e-16	-5.962232237904091e-15	4.728002931208271e-17	-2.0793104879847674e-15	-3.568965082966555e-15	-2.474130312287116e-15	-3.1698436643763774e-15	-1.8538797917847892e-15	-4.398188074440667e-15	-5.313390366869691e-15	-7.0560058954185625e-15	-4.567765618016119e-15	-5.940516793921011e-15	-4.613199118141245e-15
82.0	-1.2662115422129622e-15	-9.948399012223217e-15	3.780512627951266e-15	3.2664129472288774e-16	5.118817750021798e-15	-3.72011392463474e-14	-6.293093202337968e-14	-7.393088504855857e-15	5.3693890987319404e-15	2.641130288526298e-14	8.031043015729053e-15	6.8089152537311136e-15	-3.309272676142937e-16	1.6040729382195497e-15	1.630439100809556e-14	-1.0708204490609116e-15	1.0873956738658259e-14	-1.4503009524925032e-15	3.235272586552785e-15	-2.4916323125015646e-14	9.99148531316839e-15	-1.521424462366207e-14	1.2394549554096267e-14	6.9023824598105845e-15	1.3760372326975452e-14	1.4565981890415864e-11	3.0760397866666084e-14	3.904882557139083e-14	-2.694374405132375e-14	-6.662671091437578e-16	3.142770584178456e-14	3.207542605385249e-14	-5.596973316861706e-15	-1.1320240895592232e-14	-7.760900396711446e-15	-4.181381501400064e-15	1.657108844138739e-14	-1.2107116881327757e-14	-3.379320770607899e-14	-2.8269652283427587e-14	3.134193980407997e-15	2.4445396885700607e-14	-2.783578914035595e-14	-1.2139607130678027e-14	-3.464424712094465e-14	-7.330583299713853e-15	-2.145374496085463e-14	4.120811603241337e-14	2.642864149823038e-14	-2.2397561789353424e-14	9.853715109678724e-15	4.608120408990621e-15	2.941625013186012e-15	-2.002820614578813e-14	5.384748577423095e-14	-9.323276846583412e-15	1.755820323011555e-14	1.0555860446758053e-14	1.0084833265337978e-14	-1.5283244544529673e-14	2.5466502852961597e-15	1.9327728126989494e-14	-4.140298796525195e-14	6.4225526778212724e-15	-1.4974457608049335e-14	-7.249546339441247e-15	-3.835151591825965e-14	-3.0718022630727436e-14	2.3077250113559046e-14	-7.360870037650144e-14	-7.934251157862085e-15	1.1289939842125522e-15	-1.734067037790455e-14	-6.10086578069945e-15	1.0844097055334054e-14	3.576916334686919e-15	2.7706658867175187e-14	4.364542684654675e-14	8.813553082121887e-14	-1.4802925440984816e-15	-8.908149944052338e-16	1.3124416308537668e-15	3.0933311991029546e-15	6.348700807143405e-16	-1.0479924223932727e-15	1.2675330322640327e-15	9.204137430906486e-16	2.8576567801785793e-15	2.6354860142555457e-15	7.707957023875815e-15	-2.091107761600329e-15	2.4641614355213482e-15	1.9346408029312163e-15	3.903705894388563e-15	-1.3125690353232808e-15
83.0	2.23897507215482e-15	-4.654765517471552e-15	7.941845120324349e-15	1.5281700427613194e-15	8.883389922854865e-15	-1.8767969298661112e-14	-3.47695942998095e-14	-5.297320666952984e-15	5.418635642094846e-15	2.1796904917146186e-14	1.6928397069582562e-15	-2.7723881555237614e-15	-3.1243183284144237e-15	2.256164503522009e-15	5.879382561812554e-15	4.1833206280345695e-16	3.1946444978144796e-15	-5.664095931847712e-15	3.9994394604115916e-15	-1.9707751097555052e-14	6.381692807764256e-15	-1.1259828038508501e-14	1.8811656994230788e-14	9.079264873575565e-15	1.6879389483386387e-14	1.0763907351713634e-11	2.3209372243725556e-14	2.546922651370153e-14	-2.138468466554335e-14	-4.236575243280035e-15	2.115497619579702e-14	1.6495691586208978e-14	-7.183242742201735e-15	-8.11037931347727e-15	1.8216197327744536e-15	4.5724959921701555e-15	1.6334037398387868e-14	-4.594480390707515e-15	-1.944927303823457e-14	-1.4250263811121306e-14	-3.3172531276599804e-15	2.3134312544526176e-14	-1.251128971348313e-14	-1.5196233203943232e-14	-1.653345339115369e-14	-1.1905573407842327e-14	-1.2222046590893238e-14	3.439304057480736e-14	2.2994155354025762e-14	-2.3495259914525964e-14	-1.558676821954563e-15	-2.063634205895233e-15	5.479663535894587e-15	-1.1355582165880461e-14	3.467883829963647e-14	-1.0929225027652208e-14	1.3735508400878044e-14	5.923590664861252e-15	1.2166332829351379e-14	-1.5849340268517447e-14	3.989654516260219e-15	1.929261293760223e-14	-2.115591197304218e-14	5.60018035094936e-15	-1.2634715303161654e-14	-6.156053578133077e-15	-2.2976967156740336e-14	-2.7199485254596263e-14	1.6878061237902058e-14	-5.288141257848161e-14	-8.579896281583464e-15	2.3915960303375212e-15	-1.8526191775233695e-14	-2.84401509629339e-15	5.755587705466744e-15	8.288563812016862e-15	1.1511561832573e-14	3.020341164386547e-14	4.8996598096820584e-14	-4.067370089884627e-15	-6.993116796445064e-15	1.586669559365832e-16	2.752009122561747e-15	5.507003989768611e-16	4.464229146531768e-16	2.2353252464146178e-15	2.3162744429679263e-15	2.7034368652343964e-15	2.4611863588912725e-15	1.0589823150647802e-14	9.205852304124468e-16	1.9146234526000127e-15	2.8267272433873165e-15	2.5065802829142835e-15	-9.319190631425344e-16
84.0	-2.2731335044279043e-15	4.569742594726063e-15	-7.999057015905593e-15	-1.5100155897698619e-15	-8.885170926668458e-15	1.8680638501619946e-14	3.4765597106223924e-14	5.371702643329835e-15	-5.415654189289534e-15	-2.1898175733895384e-14	-1.720478053029935e-15	2.717353029293083e-15	3.1483896043465943e-15	-2.2503034795580916e-15	-5.8559470275347156e-15	-5.333759449787071e-16	-3.1628227131836055e-15	5.751149662470426e-15	-3.907038925691189e-15	1.972701320641385e-14	-6.4140745332212485e-15	1.1097056143845159e-14	-1.8753805189138772e-14	-9.045488576663511e-15	-1.6999510137460597e-14	-1.0764018202580774e-11	-2.3210494654210852e-14	-2.5420241226142397e-14	2.1309263463622064e-14	4.259193759880689e-15	-2.1055314601432052e-14	-1.6473525235278104e-14	7.12139732579288e-15	8.049342830421456e-15	-1.834667456839134e-15	-4.603172746568461e-15	-1.6384789462663814e-14	4.708700647883551e-15	1.947440382449393e-14	1.429182186837197e-14	3.3388343816462828e-15	-2.3025349607893003e-14	1.2473073190805612e-14	1.5177316612997593e-14	1.6562354050744112e-14	1.1888411013719714e-14	1.2270542134949707e-14	-3.436671965009564e-14	-2.3046458721757882e-14	2.360062712031042e-14	1.5697710459326439e-15	2.06982347053148e-15	-5.4816674173039135e-15	1.1318299411017103e-14	-3.4743852256487514e-14	1.1006863062767673e-14	-1.3728042813471342e-14	-5.854345303610694e-15	-1.2178140833216353e-14	1.5725377301125457e-14	-4.0597733324775316e-15	-1.930296956252051e-14	2.1247423515474107e-14	-5.597805945521911e-15	1.2592428961863876e-14	6.107709204306962e-15	2.285322214159391e-14	2.7159765081176235e-14	-1.684593398920349e-14	5.2970629507606485e-14	8.615413044031426e-15	-2.337410681264037e-15	1.854986009749481e-14	2.8899199311908974e-15	-5.767014690082881e-15	-8.259902520824907e-15	-1.1397093885645808e-14	-3.010459672596705e-14	-4.9024703288460017e-14	4.084969998618845e-15	7.091859990133443e-15	1.1807900117552222e-17	5.55761108883615e-16	6.495965710367452e-19	-7.240515533239901e-18	-5.606419812121945e-18	1.0990852256992873e-17	-1.2002619445937966e-17	2.691125971620487e-17	1.0990852256992873e-17	-3.2954594811014253e-18	-8.05756339379955e-18	-2.4784116205418544e-18	-2.478411620541854e-18	-1.1185571585378691e-17
85.0	1.957321321101334e-15	2.7831305184731702e-15	-1.666689163584878e-14	1.980118821671929e-15	-2.9922831382445206e-15	9.917174839687222e-15	-1.4379819220930135e-14	6.2483038689318716e-15	7.005949942687891e-15	1.0019004706178886e-14	2.047564661551251e-15	-3.862982257688896e-15	2.038159346658372e-15	-7.898343993117485e-15	-9.400413327731133e-15	-2.5507346942623194e-14	5.703198722103162e-15	-2.9986851737250914e-15	1.2422583938236142e-15	-2.191952660009955e-14	-4.772755384845342e-15	-1.2488016119554524e-14	3.536818068664176e-14	1.2918353756368188e-14	7.260251256678494e-15	-4.3896344342164366e-15	3.0605576088722044e-15	-2.6041169186281516e-14	7.881872116263295e-15	1.922629936301129e-14	5.857463856618085e-15	4.69367516933759e-15	-4.572952241802047e-15	1.8119097162726995e-14	2.993448357517375e-14	-5.699245903631301e-15	4.6852095504020204e-15	-1.2271411257278093e-14	-1.6375287286515147e-14	1.8739527140248564e-14	1.421514009116036e-14	1.917523611972713e-16	4.318989592384707e-15	1.9917030653815782e-14	1.3887513666973987e-14	6.833384528934549e-15	1.7940053119881703e-14	6.283165160055265e-15	6.3149194985892214e-15	-9.476692732601417e-15	6.416575078790916e-15	9.870861670177422e-15	1.5011984514136804e-14	1.1676117299014996e-12	4.219598262747454e-13	1.4288157753403828e-12	-6.024508287529175e-15	-4.802749043452418e-13	4.778936977740083e-13	4.4590520999760586e-13	-8.811854298956953e-13	1.698550827439349e-13	8.682676373409813e-13	-8.033207491919672e-16	1.9017410837813688e-13	-3.7487038253617267e-13	-1.2660296937169677e-13	3.5087924023563495e-13	1.1875444141690425e-13	2.952800824826687e-13	-1.7757478059702068e-13	1.5185635806252801e-12	-2.1947249664198569e-13	1.3154707101815216e-13	-4.850499792785619e-13	4.8768560442194343e-14	-7.969469953896633e-13	-5.459952140082442e-13	9.406769886247365e-13	-5.909565474852425e-14	2.614762972079455e-13	1.8878786503147903e-13	7.233219042353848e-15	4.0956823884164744e-15	-7.240515533239901e-18	-5.606419812121945e-18	1.0990852256992873e-17	-1.2002619445937966e-17	2.691125971620487e-17	1.0990852256992873e-17	-3.2954594811014253e-18	-8.05756339379955e-18	-2.4784116205418544e-18	-2.478411620541854e-18	-1.1185571585378691e-17
86.0	-1.9156930142964627e-15	-2.850650015180831e-15	1.689843069514017e-14	-1.9106077743006887e-15	2.8746225485352487e-15	-9.974477112216586e-15	1.4551889616376114e-14	-6.423557802220118e-15	-7.031753534118221e-15	-9.648265628549856e-15	-2.166389185172067e-15	3.9540746084619626e-15	-2.083636498716949e-15	7.887642529235337e-15	9.583042246233415e-15	2.553144428043397e-14	-5.690990732234217e-15	2.874167765787578e-15	-1.3831472132650463e-15	2.186952317275983e-14	4.8055883328165596e-15	1.2394923299553909e-14	-3.5526715262851154e-14	-1.2768293131312024e-14	-7.508307615041797e-15	4.507382584388218e-15	-3.1362849713483566e-15	2.601439183222771e-14	-7.854588993718865e-15	-1.9417592509269023e-14	-5.715744557056655e-15	-4.532945104314201e-15	4.8829402413758306e-15	-1.858483493501971e-14	-3.0169479783940866e-14	5.752919884770874e-15	-4.807982820099328e-15	1.2581794560990567e-14	1.6285754704357598e-14	-1.8842462103072762e-14	-1.4196302431132227e-14	-2.0693268963002042e-16	-4.568335584622699e-15	-2.00028355565004e-14	-1.3862412656948418e-14	-7.080883441327887e-15	-1.8121303580759163e-14	-6.2522810932891915e-15	-6.298993322720946e-15	9.491725907685762e-15	-6.301743516614554e-15	-1.0009469452678668e-14	-1.507607884300408e-14	-1.1674384269200593e-12	-4.2193194067070477e-13	-1.4288558828683206e-12	5.896849605424796e-15	4.801544441965576e-13	-4.779300822260957e-13	-4.458370917783425e-13	8.811764548890504e-13	-1.6959020812332155e-13	-8.681526346958741e-13	8.042387788530756e-16	-1.9014986719986866e-13	3.749735553990797e-13	1.2685565491431633e-13	-3.5119186332203745e-13	-1.1879562893164924e-13	-2.9550056281748365e-13	1.7750759279179642e-13	-1.5186585877291829e-12	2.1933316559203906e-13	-1.315450151789393e-13	4.850043230606909e-13	-4.8866326532293826e-14	7.966836709899426e-13	5.459702146134494e-13	-9.404821617515068e-13	5.916146035173147e-14	-2.6158767581216834e-13	-1.8873610047444294e-13	1.7661790473644165e-13	-5.669259644709488e-13	1.6556155971631772e-13	1.0310691912906515e-15	-1.0649081799997238e-15	-1.0755525035847648e-15	8.783273897185467e-16	7.93200928037117e-16	-2.9619171789949166e-16	-3.3586448007218685e-15	-4.993115072668518e-15	-3.3788370051631337e-15	1.7648264533723776e-15
87.0	1.0414875566226436e-15	-1.1779446637720989e-14	4.6525779832075754e-15	1.6268108437380596e-15	1.5360317229555996e-15	-6.312514969573401e-15	7.3228262294519e-15	-4.406881509792045e-15	-9.524446017149389e-15	-1.6168794544611247e-14	-7.124342431699531e-15	2.761458515417594e-15	-1.5195614520142332e-15	6.498098057848525e-15	1.4084108730908405e-14	3.60676083120837e-14	-4.0198699138268625e-15	7.014462587584828e-15	-1.8269790677485485e-15	2.5320722553603047e-14	9.742089310071219e-15	1.1880270152708687e-14	-3.352978082609199e-14	-1.1376360350235254e-14	-9.040021311498788e-15	1.0403664794795092e-14	-4.531504444775494e-15	3.571746379356135e-14	-8.179557893444981e-15	-9.58028003941499e-15	-9.768912254806161e-15	-3.054150747906272e-15	5.872032282945223e-15	5.953776874642278e-15	-1.8347772274663002e-14	-1.7093012878360914e-15	-1.0528488156607166e-14	1.188744566303158e-14	1.504964771539566e-14	-2.174840727261094e-14	-2.1544965489958938e-14	4.2733281561692274e-15	8.520211782394269e-16	-2.557678566859063e-14	-1.5964839574366655e-14	-1.1718411158499099e-14	-2.7667248104767027e-14	-1.0685488716774342e-14	-9.351941481320812e-15	1.1607840364462573e-14	-4.860221307115299e-15	-7.162229371087349e-15	-1.8409645448373122e-14	-1.5675890241695834e-12	-5.825827983708047e-13	-1.9294889503569493e-12	1.3750867085997585e-14	6.55098526223704e-13	-6.456632602130699e-13	-6.004107034428758e-13	1.1831407443855281e-12	-2.225781434302846e-13	-1.1743345259586291e-12	3.885363758474189e-15	-2.6999246207607155e-13	5.042271543163777e-13	1.6878098777663169e-13	-4.759810641888914e-13	-1.5830090397662529e-13	-3.9480725364436743e-13	2.4005619145021117e-13	-2.055543938160407e-12	2.979725936555911e-13	-1.824037609601321e-13	6.573806222183628e-13	-6.587346993973105e-14	1.0673348870196563e-12	7.30667446607261e-13	-1.2807631225540924e-12	6.860926658991245e-14	-3.5446272254352954e-13	-2.627841603829008e-13	2.371169043223997e-13	-7.742221558419789e-13	5.153560988730503e-13	-2.3830101488652607e-16	-1.2677968965840962e-15	-2.30264780359155e-16	8.164513335914539e-16	9.525261231419604e-16	-3.4668639182448233e-15	-3.922665325387243e-15	-6.491129413809436e-15	-5.278180767738527e-15	-1.3936754267373843e-15
88.0	-1.1060104698640005e-15	1.1744484113204864e-14	-4.541374638443156e-15	-1.8051939781244052e-15	-1.7180108348857196e-15	6.476599628043524e-15	-7.385932404883302e-15	4.3780086680756225e-15	9.343310075312047e-15	1.6283732377681883e-14	7.0450449625783135e-15	-2.8310622133868823e-15	1.5063635417592206e-15	-6.640195815549024e-15	-1.3984740913303769e-14	-3.632694184409678e-14	3.9445560873359405e-15	-6.930087423127747e-15	1.8161462536425033e-15	-2.5401849772452222e-14	-9.676504348616151e-15	-1.207922315829225e-14	3.3735566258986576e-14	1.1426047449824882e-14	9.03800486896217e-15	-1.0293927128485342e-14	4.614017077601947e-15	-3.583666306999932e-14	8.169113562843197e-15	9.54277238829731e-15	9.83299824693838e-15	3.188926356513142e-15	-5.942211846437571e-15	-6.16964911699147e-15	1.8525576510027857e-14	1.9230734536082814e-15	1.0717046183511322e-14	-1.1880266805006028e-14	-1.506900453234668e-14	2.1706696168896652e-14	2.1506380293381687e-14	-4.378588290346945e-15	-7.33384320157855e-16	2.5713925387680127e-14	1.5956454420177816e-14	1.1691586206325123e-14	2.769341100479049e-14	1.0777416068209583e-14	9.395713661702365e-15	-1.1620456891311909e-14	4.721856494136836e-15	7.190589286820911e-15	1.8539607426290172e-14	1.5832143133579484e-12	5.883351601199447e-13	1.9485539404140047e-12	-1.3847858907949318e-14	-6.617245437011987e-13	6.51846529901906e-13	6.064043520356974e-13	-1.19454594940927e-12	2.2475845688437047e-13	1.1851835200697364e-12	-3.997678085676948e-15	2.7266597480691673e-13	-5.092573756563053e-13	-1.703875530573112e-13	4.80618678345306e-13	1.5971217955871345e-13	3.986272743812758e-13	-2.427106882198898e-13	2.0750173126095193e-12	-3.0093752432092335e-13	1.8417362432449698e-13	-6.636295586915967e-13	6.673861842862377e-14	-1.0776650296138403e-12	-7.376141544370975e-13	1.293306379775273e-12	-6.935003867186009e-14	3.580905979289326e-13	2.653497486230303e-13	-2.3928601502222773e-13	7.820367862388002e-13	-5.222828436353914e-13	1.4929378769063683e-15	-1.4228712647996963e-15	1.1557500031137431e-15	-6.252470561170644e-16	-2.9996644736521636e-15	-3.7400230279435254e-15	2.394858548298971e-15	1.8827928746246235e-15	3.4303551527149402e-15	2.523684215662022e-15
89.0	-5.73092902933317e-15	4.137018682084245e-15	-8.968141155057114e-16	-1.2959333085175433e-15	-1.7779376999403324e-15	7.479735102565173e-15	-3.677598924992168e-15	-2.7537629581062923e-15	1.5492527979652256e-14	1.2390328941968502e-14	4.295587067754423e-15	2.4175967517852272e-15	6.4656453871088245e-15	-3.2635424819132308e-15	-1.2618553820263954e-14	-3.308097762031262e-14	1.0367857173264458e-14	-2.051952409673092e-15	3.726251519928491e-15	-2.009002402129349e-14	-1.1826296673587158e-14	-4.298587541876822e-15	2.398935069452975e-14	9.524859644322826e-15	4.2163020860649385e-15	-7.886708009867149e-15	2.176582892914658e-15	-3.0226651329042496e-14	2.598373310999293e-15	7.990415983864931e-15	6.837235952014909e-15	3.46473566624522e-17	-4.964728109893064e-15	9.875188673252933e-16	1.497621059202583e-14	1.2415229245086012e-15	7.621686236477445e-15	-1.4522859320339245e-14	-7.406022438327176e-15	1.857757538421071e-14	2.457883162621514e-14	-5.800356576638623e-15	-3.4185494363743338e-15	1.7561457605969834e-14	1.696299729465809e-14	9.303040616447253e-15	2.2333164014439152e-14	6.41800001258001e-15	2.406593469848014e-15	-6.578042759368632e-15	1.5189828006816208e-15	6.3023756820506736e-15	1.0949697671781815e-14	1.0889753011266089e-12	4.260672679214046e-13	1.2590945743930973e-12	-1.0134072111875773e-14	-3.972069360256541e-13	4.2165852966817006e-13	3.6730373754169684e-13	-7.629423792580689e-13	1.6731761379629027e-13	8.558827375855613e-13	2.490271547625459e-15	1.9079240734969307e-13	-3.19594744758935e-13	-1.1339230427943999e-13	3.4836422435520984e-13	1.0229194389851422e-13	2.899693100508539e-13	-1.477498980953943e-13	1.537603877160598e-12	-2.0135990134933358e-13	1.341834500884913e-13	-4.898124034166907e-13	5.309500758340598e-14	-7.289799065763732e-13	-4.5025166618637167e-13	8.130453044974932e-13	-5.432465064527249e-14	2.688248109847145e-13	1.9165363331662286e-13	-1.7740179596097548e-13	4.955212354684928e-13	-3.130177794624836e-13	1.315897180919584e-15	-2.1094355024837308e-15	2.320911228045734e-16	-1.7651137709993208e-15	-6.187903728405583e-17	-1.7109212182378614e-15	1.5095030152801452e-15	2.0933553380553066e-15	1.3750827811183702e-15	5.525738307882308e-16
90.0	5.617783868560586e-15	-4.1542103810346124e-15	8.247512763761392e-16	1.348527427108648e-15	1.6537333147138314e-15	-7.473896832799684e-15	3.728873120367811e-15	2.823616322326166e-15	-1.54578227479414e-14	-1.2496070988705453e-14	-4.245192819737029e-15	-2.408347893650315e-15	-6.4647897543348995e-15	3.2349434451824468e-15	1.2556520478316824e-14	3.318249660135001e-14	-1.0347797455521037e-14	2.0050435010097306e-15	-3.789931824755581e-15	2.0136126375788262e-14	1.171465198857247e-14	4.350029878367771e-15	-2.3968608890676742e-14	-9.462037910642914e-15	-4.178701759334404e-15	7.795080666645245e-15	-2.1457031969463186e-15	3.018351432476413e-14	-2.6769187037057612e-15	-8.043620841411175e-15	-6.9533521421948324e-15	-1.0981506224081223e-16	4.98718502756347e-15	-1.0399382897912426e-15	-1.498421340667549e-14	-1.2555424788487122e-15	-7.637100356899385e-15	1.4477317309955834e-14	7.411855550423568e-15	-1.83445711185077e-14	-2.498759193814588e-14	6.349723985126366e-15	3.569277333903447e-15	-1.7296560235238206e-14	-1.718500849641861e-14	-7.281554017875935e-15	-1.1009151654445646e-14	-7.330173909425041e-15	-1.6428917153329887e-15	6.7201882631978855e-15	-3.8005562880398674e-16	-1.3835532625107539e-16	7.861866197207061e-15	-5.024423992111983e-13	-1.8741128060805682e-13	-5.823275102758249e-13	9.85167459069188e-15	1.7290930058963838e-13	-1.9460569841651679e-13	-1.729696615740103e-13	3.521996050066134e-13	-6.981682528855281e-14	-4.0515043236237995e-13	-5.656593820238148e-15	-1.5225477603380567e-14	1.1484637220039268e-14	6.051990960242678e-15	-1.913898240286204e-14	-9.593652295801358e-15	-1.8585337456485416e-14	1.0562721545475432e-14	1.5674987677271678e-13	-2.1169450206051807e-14	1.3875007585925762e-14	-4.825371040958834e-14	7.33193893189526e-15	-6.033693187790446e-13	-3.763220331496015e-13	6.755986614715408e-13	-4.517228217762456e-14	2.273758780864247e-13	1.5856442750095525e-13	-1.4953956945468398e-13	6.911733913390292e-14	-4.691120985261232e-14	5.338749647811067e-15	6.437688136922625e-15	2.2115714379959536e-15	1.8246274750982683e-15	1.4018976412300168e-15	1.0918242055454004e-15	1.3559106978241554e-15	1.2544126031870362e-15	1.3194479622436902e-15	1.3289721700690864e-15
91.0	-4.067155971041296e-15	-7.954834659734293e-15	-1.4870934439383265e-14	-4.700695358305118e-15	-4.8785546715868855e-15	1.8851732256241022e-15	4.346108145336257e-13	3.522494338250356e-13	-2.2560395340563256e-13	-1.1422023633187845e-13	-1.0267776048174197e-15	1.2646328163467947e-15	6.662666157753013e-15	2.2724982546427857e-15	5.5750377716488435e-15	-1.2395208799220883e-15	9.152011556718367e-15	-1.0366830128192258e-14	1.0724425937043582e-14	1.0884325086390453e-14	1.255166532031418e-14	2.8463154025888344e-14	8.967259606936664e-15	6.056996240584817e-15	2.0258686213516703e-15	4.810743971412665e-15	6.5335932440593945e-15	1.6190780922952867e-14	4.186030879520462e-16	6.22487629766174e-15	3.9040554998284636e-15	-3.393127005922393e-13	1.8300441557251466e-12	2.699513918134817e-13	-5.928217054252559e-13	4.248978751526209e-13	-9.152054935053875e-13	1.9427902063205987e-12	-1.9146106429649014e-13	-4.204709923227547e-15	6.846831485490693e-14	2.5443603913360584e-13	1.4090536934746252e-15	-6.072217255667186e-14	7.067399850557964e-14	-8.230097010498708e-14	1.65743089288086e-13	-2.3316674539347626e-14	-1.8382042343813017e-14	2.6705970165676823e-14	-3.2980646397436075e-14	1.7490175615095106e-14	2.4059853265940156e-14	1.5269558545791244e-14	-3.111151000983442e-14	6.095665308705882e-14	-1.1243073507810297e-14	1.8842646597487192e-14	1.8429310697497144e-14	-1.3100839111824267e-14	-4.398946326789669e-15	-1.121550953288131e-14	5.042075801175666e-14	-7.819866840463606e-14	7.050431456724776e-14	3.023792544962377e-14	-3.3505245618543905e-15	-1.446078628575416e-14	-2.6443694699279378e-14	-1.7512070168164637e-14	-7.237558170345094e-15	-8.391678991702849e-14	5.93810647017563e-14	-3.0817604025291787e-14	-1.0684993018437108e-13	8.087852693175882e-14	-1.7963200028445533e-14	-1.794622229789512e-13	6.0678052492367774e-15	3.416051656863633e-14	-2.006437845511239e-14	7.368859606557849e-14	2.8760532948822025e-14	1.446251029955845e-14	2.46313480509008e-14	3.7709365427248744e-14	5.689008755614322e-14	2.8525699992315684e-13	4.1198881514131004e-14	1.4666444315966863e-18	1.017380439643308e-17	6.2287483442947856e-18	1.0990852256992876e-17	-2.478411620541854e-18	7.045796204854209e-18
92.0	4.30331385457127e-15	7.833611274175841e-15	1.4802363854825884e-14	4.779284210427399e-15	4.755970895352486e-15	-1.823758359798737e-15	-4.4131719955525267e-13	-3.5797127015244466e-13	2.2922644611305997e-13	1.157238128046292e-13	1.2435536437464081e-15	-1.177691281814216e-15	-6.911029316894029e-15	-2.516739982382214e-15	-5.801814818847211e-15	1.0555481963635215e-15	-9.330503370677424e-15	1.0271782686682241e-14	-1.0643151184533345e-14	-1.108987616237783e-14	-1.259239912408593e-14	-2.868471976182298e-14	-9.17555158317603e-15	-6.1740934741690016e-15	-2.1650066966226867e-15	-4.8622130286079784e-15	-6.601985098316341e-15	-1.6577309078563357e-14	-6.351862889000127e-16	-6.392586061973781e-15	-4.0892440644942055e-15	3.392016512332681e-13	-1.830223308213237e-12	-2.698558451661427e-13	5.928902201523179e-13	-4.2468133576540476e-13	9.152987726361079e-13	-1.942850552299225e-12	1.9148360920196342e-13	-1.413578092050514e-14	-3.606475469765236e-13	-1.4942960828646357e-12	-9.164155823499209e-15	3.199057126570001e-13	-4.081319774658065e-13	3.3254510166809804e-13	-6.685213797817895e-13	6.226650880613362e-13	4.362988820989026e-13	-6.681912769059867e-13	8.752165920775259e-13	-4.648992484828129e-13	-6.801512130270977e-13	-5.917454709569777e-14	7.988720048643087e-13	-1.6198482957607862e-12	1.8012708340545364e-13	-4.867187037455518e-13	-4.4284362039398807e-13	3.6949267998626246e-13	1.8199707414473729e-13	2.132650993471789e-13	-1.374203293253293e-12	9.563878923577116e-13	-8.340834976354752e-13	-3.44754935770522e-13	-5.317545886789893e-14	1.3731967480613237e-13	3.049751983609676e-13	1.8893428813571618e-13	4.5296335171538344e-14	-4.230940930337575e-13	3.009190092643288e-13	-1.5288133279610996e-13	-5.252779121774728e-13	4.0310677419733223e-13	1.6914981109211215e-13	1.5343413395461052e-12	-7.82668388379999e-14	-2.7954517071214975e-13	9.162295106311271e-14	-6.6760260933332e-13	-2.460409835025667e-13	-3.6051238533535827e-13	-7.602283430780227e-13	-9.436762035831036e-13	-1.5797450044862873e-12	-2.9859614490352907e-13	-4.3293367734106976e-14	2.1797009886997262e-13	1.1349489014273942e-12	-1.407323088947184e-15	-3.2005173897739313e-16	-3.473437745176737e-17	-7.211846930146078e-16
93.0	1.0787927269033803e-14	1.0932749060223675e-14	1.4885096822612035e-14	6.0252910922610784e-15	4.0718126102221146e-15	4.101665704463041e-16	-2.1017632134360875e-13	-1.5158709217509567e-13	9.510024710102791e-14	7.143506701239279e-14	2.4891173780792272e-15	-5.0830867258638714e-15	-1.7652057954991396e-15	1.6065598307037474e-15	-3.888637740753593e-15	-1.202262372474578e-15	1.5405517841502353e-15	1.1191924238258108e-14	-1.1747132579605525e-14	-1.0129654032093734e-14	-1.4323413274871883e-14	-1.3899739798185267e-14	-1.4179705873862793e-14	-1.688943025445441e-14	7.30192135344298e-15	-4.20647628649834e-15	-2.536636756438233e-15	-1.9903380394940006e-14	6.852740737516683e-15	-4.580924021408138e-15	-2.8499667597878724e-15	4.567081123992185e-13	-2.4555498699483594e-12	-3.6420005681699095e-13	8.029588800651098e-13	-5.690687865722178e-13	1.2358314339778442e-12	-2.6061429088374067e-12	2.5776954360221155e-13	-2.4729728644670035e-14	-4.905585184667376e-13	-2.0077119679149958e-12	-1.447265689458923e-14	4.312643594411959e-13	-5.485599397095394e-13	4.5110215747645843e-13	-9.056454780550838e-13	8.412758295103214e-13	5.948410855505708e-13	-8.966790580889253e-13	1.1833547479191873e-12	-6.315882202231259e-13	-9.156090704544128e-13	-8.625758016430204e-14	1.0757367427425491e-12	-2.1753974107694504e-12	2.395322374197009e-13	-6.600441865352694e-13	-6.014858382727168e-13	4.994743940695724e-13	2.445377942784837e-13	2.8032301316440494e-13	-1.844742528212347e-12	1.2976861424939663e-12	-1.1219872579437478e-12	-4.653243687791105e-13	-8.49682012306042e-14	1.8664101997508004e-13	4.091076849173384e-13	2.537162914546857e-13	5.6753040182593096e-14	-5.721342429850999e-13	4.0575245592188846e-13	-2.028743659047991e-13	-7.112080503052203e-13	5.392420184267131e-13	2.303670927616735e-13	2.083493519920452e-12	-9.92181838325887e-14	-3.809858242622728e-13	1.3158241180810644e-13	-8.962404715638401e-13	-3.3112357932303824e-13	-4.871445693056155e-13	-1.020568401714883e-12	-1.2661340539324123e-12	-2.124431941347589e-12	-4.0451487356178727e-13	-5.1651719850315315e-14	2.979955853483199e-13	3.585901222959267e-12	6.742833498186176e-17	6.346884695490235e-16	2.7311883841073134e-16	3.5201740601681806e-16
94.0	-1.0665454371757673e-14	-1.1095714951535817e-14	-1.4937038839640128e-14	-6.1037964501861445e-15	-4.0338644112095735e-15	-3.5489597113728996e-16	2.1021170384330308e-13	1.5166644511931836e-13	-9.506334613340999e-14	-7.12859390871484e-14	-2.318520086639535e-15	4.9724283783838415e-15	1.558299507974077e-15	-1.4690750135777784e-15	3.991382994925783e-15	1.0422528798251685e-15	-1.4925785759156746e-15	-1.1256282974164745e-14	1.1787100541374985e-14	1.0346811380111491e-14	1.442738963315742e-14	1.4052667342422641e-14	1.4063443901235746e-14	1.7010121334258634e-14	-7.272112291387266e-15	4.054689554954469e-15	2.4652783150016637e-15	1.9734586756811067e-14	-6.877207668895486e-15	4.602809940942902e-15	2.935981257375218e-15	-4.612108534493802e-13	2.4794920714094626e-12	3.6777341947797257e-13	-8.109959262672672e-13	5.745093953745517e-13	-1.2478617228791155e-12	2.6318331418516513e-12	-2.6032350991797637e-13	2.5101139752388898e-14	4.952099192296125e-13	2.0268392824816716e-12	1.4689033743951665e-14	-4.354272763114935e-13	5.539624994312144e-13	-4.555574909396426e-13	9.140682324707356e-13	-8.494306520447298e-13	-6.007218546654019e-13	9.052222164395378e-13	-1.1944628679444099e-12	6.376251341943956e-13	9.246768417057908e-13	8.704398780254221e-14	-1.0862743939457466e-12	2.196414138041659e-12	-2.4193626579061484e-13	6.666097105952708e-13	6.072756867985974e-13	-5.045143287226612e-13	-2.471749679001624e-13	-2.8311257779120977e-13	1.862739778744938e-12	-1.3099533007898137e-12	1.1328591729880474e-12	4.698192708986384e-13	8.6063776852795e-14	-1.8878296522648772e-13	-4.1302509538337273e-13	-2.5600388763263606e-13	-5.741781370832534e-14	5.776922406277454e-13	-4.0949344417019e-13	2.048000862750908e-13	7.178875280427681e-13	-5.446006537560408e-13	-2.3281009948629156e-13	-2.103224514862225e-12	1.0044402196212455e-13	3.847157376778146e-13	-1.3267904939324934e-13	9.049701574501021e-13	3.343328926759141e-13	4.917884473566924e-13	1.0304282190372016e-12	1.2780858971895494e-12	2.1450102426539044e-12	4.0871260683549673e-13	5.2169757649227034e-14	-3.0119575732775837e-13	-3.633032108086878e-12	-3.958399060274665e-15	-6.630623402653689e-16	-1.3615544305734547e-16	3.1157148242990563e-15
95.0	-5.466438386020481e-15	-4.930836578821774e-15	-1.2774908935657425e-14	-1.483694895955167e-15	1.4180208250487439e-15	3.360390332284698e-15	1.309641798435598e-13	9.64033077421596e-14	-4.963470532511381e-14	-5.220161849584118e-14	-4.862072775292596e-15	2.2620349089855877e-15	3.4972973303289486e-15	-5.236621368250485e-15	-2.007334139862014e-15	7.39979595125347e-15	-7.986394975678823e-15	-1.3128585018068285e-14	1.0806139986119043e-14	7.582822868994454e-15	1.3433227226348477e-14	7.62122586412449e-15	1.1960072165183258e-14	1.8825842978574327e-14	-8.32676748967536e-15	9.127812409438518e-15	3.353498648492345e-15	1.9865870258456177e-14	-5.311143950986793e-15	2.3176841551232728e-15	-2.6205036899302296e-15	-2.868403630326628e-13	1.756621797471407e-12	2.3920954386994607e-13	-5.111606646701088e-13	4.0215102506913213e-13	-8.431152950803205e-13	1.7725080612767033e-12	-1.4903483061238174e-13	8.388954884649374e-15	3.0825809854439805e-13	1.4596569669416272e-12	1.72368927259873e-14	-2.856806573568002e-13	3.4407046491506783e-13	-2.830218807292292e-13	6.594023963599845e-13	-5.461437408445687e-13	-3.948887917491943e-13	6.499812654575719e-13	-8.725563587268312e-13	4.3189633735608745e-13	6.196150432997829e-13	5.937678873389428e-14	-6.983956796478416e-13	1.5259743572370083e-12	-1.642670751151959e-13	4.4513851520598926e-13	3.793237801683335e-13	-3.134267254614284e-13	-1.574448034388041e-13	-1.9205326655519625e-13	1.2346230663451006e-12	-9.312264738932053e-13	8.132831682685482e-13	3.085267834450057e-13	5.755722531487076e-14	-1.144256212260066e-13	-2.6607875371609007e-13	-1.600178021671151e-13	-3.8621362404575095e-14	3.3436479556833326e-13	-2.683540099718689e-13	1.193934323435126e-13	5.241638534279068e-13	-3.5095615331332647e-13	-1.477011225939783e-13	-1.4623337512234876e-12	6.565498382964641e-14	2.7563688020660904e-13	-8.905141113336839e-14	6.361209313237457e-13	2.095047322203258e-13	2.917181576351302e-13	7.317010414729755e-13	9.36508285870675e-13	1.5129928604056963e-12	2.4173957180444756e-13	3.7606512152357894e-14	-1.9292351673139848e-13	-2.2259761795630477e-12	-2.0741334472911296e-15	-1.1539381245814049e-15	4.554238877048338e-16	1.5678591361928998e-15
96.0	5.440745316820092e-15	4.9192168833383206e-15	1.2935747836747176e-14	1.3592338909333304e-15	-1.4316569653308798e-15	-3.4606353317544064e-15	-1.3100979240196507e-13	-9.634236932500846e-14	4.954740622315806e-14	5.21952009946425e-14	4.6719868001507854e-15	-2.272705819491367e-15	-3.4524017395009405e-15	5.338283888445373e-15	1.9141293803629895e-15	-7.370184153070334e-15	7.91628276307909e-15	1.3258288008617689e-14	-1.0831921072446147e-14	-7.623333127427169e-15	-1.3494562894491859e-14	-7.562137822724249e-15	-1.193846706849556e-14	-1.8598427907309307e-14	8.097310023569384e-15	-9.122136750130591e-15	-3.2510686775226644e-15	-1.9940856089222966e-14	5.3773881979601105e-15	-2.2593805187205433e-15	2.610221415913816e-15	2.868029015550372e-13	-1.7565655607987951e-12	-2.3918438627015485e-13	5.112560064526008e-13	-4.0201317569185417e-13	8.431540791569836e-13	-1.7723823399625255e-12	1.4904294227177069e-13	-8.504678609848796e-15	-3.08212473567089e-13	-1.4598283428505412e-12	-1.7248156597259345e-14	2.855725285887544e-13	-3.44104086485895e-13	2.830902709007583e-13	-6.593269759745486e-13	5.460025593999902e-13	3.9479981412243797e-13	-6.50062081792683e-13	8.724767395633744e-13	-4.3191677163956725e-13	-6.194242743252838e-13	-5.914384920300541e-14	6.983779200053278e-13	-1.525929328923478e-12	1.6435449236957886e-13	-4.4517968176747573e-13	-3.793916947213753e-13	3.132713337182374e-13	1.57343165963665e-13	1.9217287859463894e-13	-1.2346343222042315e-12	9.312169371195601e-13	-8.132379312206536e-13	-3.0861935166682763e-13	-5.760824401431923e-14	1.144755125331723e-13	2.660497495422234e-13	1.5987925241847042e-13	3.849721974793718e-14	-3.3434689888751085e-13	2.683703003170797e-13	-1.1944123110965253e-13	-5.24204654147211e-13	3.5102017223950877e-13	1.4768495689901588e-13	1.4623734661799809e-12	-6.578119618762865e-14	-2.7554176974317075e-13	8.88982710017618e-14	-6.36207341340523e-13	-2.094369665193364e-13	-2.917225777355147e-13	-7.317643935103625e-13	-9.364697309569593e-13	-1.5129561735958341e-12	-2.41782442147784e-13	-3.75801466621859e-14	1.928019049451198e-13	2.226001873669391e-12	2.1843201208973324e-15	1.2429923401600148e-15	1.1807900117552222e-17	1.1807900117552222e-17
