# i	1	3	4	5	6	7	8	9	10	11	12	13	14	15	16	17	18	19	20	21	22	23	24	25	26	27	28	29	30	31	32	33	34	35	36	37	38	39	40	41	42	43	44	45	46	47	48	49	50	51	52	53	54	55	56	57	58	59	60	61	62	63	64	65	66	67	68	69	70	71	72	73	74	75	76	77	78	79	80	81	82	83	84	85	86	87	88	89	90	91	92	93	94	95	96
1.0	6.5600361642459094e-18	8.437200909505133e-16	7.596603591703438e-16	9.338097291359046e-16	9.398350677543863e-16	1.4245921002621761e-15	1.3339920944639174e-15	1.5968064938729237e-15	1.6462201114894084e-15	1.3167579423418976e-15	1.5119933248710279e-15	1.8805592597079125e-15	1.2175124417502446e-15	3.348814882430737e-16	1.9033027799838312e-16	2.8388335715257656e-16	2.6054648484426466e-16	5.747293294933166e-16	5.5121470131946855e-16	2.5845407277612853e-16	4.760813643279319e-16	8.43610432169667e-16	7.186078753462874e-16	6.028521314280527e-16	6.290226870031102e-16	6.713413423044385e-16	8.928448090814766e-16	6.904023913506837e-16	6.523614339869125e-16	5.573618279484885e-16	1.7654874914116024e-15	-4.3308405333346363e-16	-8.670493790272367e-17	-2.8968966975691945e-16	-5.775405648095459e-16	-4.629611927386923e-16	3.7345306571810775e-16	3.3550692734121735e-16	6.295967793810115e-16	2.3386262543458997e-16	-5.053925935719682e-17	7.829207562331323e-17	3.787410629357961e-17	1.1718821382967935e-16	1.5125574020079142e-16	2.177802943474148e-16	-7.964145198089491e-17	-1.2083210737456774e-17	2.4515170748789837e-16	2.7393616225878386e-16	2.861240404114831e-16	4.688094147019148e-17	6.394511750106343e-17	-9.576590987297558e-18	-1.7091388353602842e-16	8.740432215526725e-17	-6.840786170389946e-17	-5.487267359383971e-18	5.103314916542111e-16	6.624354550860365e-16	9.43871501470486e-16	9.043717432929565e-16	6.606543870561794e-16	5.982851070774275e-16	8.810493543685985e-16	2.8199686749492483e-16	3.6838974349747803e-16	2.8973075311506295e-16	1.9941830782775315e-16	3.4737032382343087e-16	2.7939658482286103e-16	1.9961435485301555e-16	3.9880155088562915e-17	-3.29053126771196e-17	-9.988395980877009e-17	-5.279589106049942e-17	-2.8150424511343363e-16	-4.716737307299091e-16	-6.016830070068025e-16	-8.229204248106778e-16	-6.950811156466023e-16	-6.4933798973341795e-16	-4.4238460655237917e-16	-4.2392594589662276e-16	-4.934173878544625e-16	-3.1786182412578895e-16	-1.851653910668958e-16	-1.820389677475072e-18	6.444039305733487e-17	-1.3857994955968206e-16	-1.5898057804928436e-16	-2.4599502295977107e-16	-5.116035500728788e-16	-2.77995943822787e-16	-1.295264469962524e-16
2.0	3.974301650295179e-17	6.213094644576988e-16	7.417579534555283e-16	7.41739402306537e-16	7.313781667883597e-16	1.2094789030204499e-15	1.2343374045958925e-15	1.395566195523926e-15	1.4983513704039671e-15	1.1478273290336348e-15	1.2123084420262327e-15	1.5959552335810132e-15	1.115952133034795e-15	3.5140676002718456e-16	1.823332209845432e-16	2.320205788154168e-16	2.4790348744531513e-16	5.17912184668304e-16	2.333947990728757e-16	3.0930613774482934e-16	3.3349922538369833e-16	7.299213573587974e-16	5.432537438587448e-16	5.209585370529307e-16	5.465630858868837e-16	4.972839470146435e-16	7.406295890732091e-16	6.045511790835736e-16	6.015134160822854e-16	4.908475824676823e-16	1.4772009449367547e-15	-3.39187897432786e-16	-5.71424459844339e-17	-3.2672426070727926e-16	-5.02265243468828e-16	-4.0340625429959517e-16	3.3714752450300473e-16	2.921875456764654e-16	5.567793357506056e-16	2.0344917075196325e-16	-5.834227866010692e-17	7.82108401542167e-17	-1.7896559984863715e-17	8.776078361868798e-17	2.0111869504596245e-16	1.8995554751271126e-16	-7.778132192868367e-17	-5.678855250509155e-18	2.120945878318567e-16	3.6391626489990636e-16	1.6090868532419486e-16	2.056449949744172e-16	5.183618046145965e-17	1.1762095255451921e-16	-2.86443856296297e-16	6.404036438356583e-17	-5.397115991383778e-17	3.633576567022588e-17	4.449437335184696e-16	6.068571502995361e-16	8.283412946272679e-16	8.118637349084675e-16	5.499730031196751e-16	5.106446574547023e-16	7.297899998218878e-16	2.470150572278055e-16	2.2183364836040754e-16	2.706871687778615e-16	2.322842808114946e-16	2.861913165531809e-16	2.5457208747991815e-16	1.7317547699578001e-16	3.962061792971223e-17	-6.463686869238427e-17	-4.365133078682794e-17	-4.730548920300432e-17	-1.7493144796662183e-16	-3.913710113853719e-16	-5.255939448424523e-16	-7.16543739311555e-16	-7.110785641353178e-16	-5.640459921154112e-16	-3.428965911753886e-16	-3.686724174278697e-16	-3.0113549746417e-16	-2.752004844111624e-16	-7.860856376170634e-17	1.7613372113864886e-17	5.997574681661142e-17	-1.1923648868681984e-16	-1.0047806050578741e-16	-2.1102692555098205e-16	-5.129666269757628e-16	-2.3689786113449746e-16	-9.606902149614641e-17
3.0	1.1344827030460186e-14	6.5028240793184426e-15	1.055287806899742e-14	4.352278020920449e-14	5.074980185152297e-14	1.84930401655181e-12	1.9456105537974724e-12	2.0872727383456676e-12	2.047038919270233e-12	2.0428247870068742e-12	1.8696781775298587e-12	1.7109198627183723e-12	1.5966528773802456e-12	1.7804769609905702e-12	1.860095732199891e-12	2.074826307832065e-12	2.004286554487592e-12	1.9483836640441696e-12	2.065323389535122e-12	2.0594239625673486e-12	2.149386941854712e-12	1.9867032198000957e-12	1.9351456762519276e-12	1.946961947471875e-12	2.1651121011384888e-12	2.171776313994875e-12	2.225981875722944e-12	2.314654497589033e-12	2.305307750838684e-12	2.23238334124123e-12	2.298608464841184e-12	2.4176523478179117e-12	2.279932816478987e-12	2.1331422406986004e-12	2.0421307208752896e-12	2.0627904192506454e-12	2.07495191163011e-12	1.8079007908330916e-12	1.904108704395849e-12	2.171008154425537e-12	2.07319659787795e-12	2.4164758748550946e-12	2.455194101745837e-12	2.253073486457967e-12	2.2228352939699236e-12	2.194224994737978e-12	2.077377716627197e-12	1.7227614824769991e-12	1.8789410554046683e-12	1.8385132242759224e-12	3.003049715063764e-14	9.686804565692921e-14	5.208875711364361e-15	-1.5767547761479464e-15	1.0861754689141525e-13	2.836300901133372e-12	2.778007159156261e-12	2.737238008425062e-12	2.7503272582064327e-12	2.811823372138178e-12	2.8768693806035635e-12	2.9581638680747157e-12	2.948472522413628e-12	2.961339605925248e-12	2.774337182724721e-12	2.749761136121169e-12	2.8247185465492316e-12	2.749508262051285e-12	2.950234570538191e-12	2.9192285444023006e-12	2.907297926672135e-12	2.9459997343833676e-12	2.8452998002452274e-12	2.9763605365460026e-12	2.9629624464433887e-12	2.814836538788963e-12	2.768016069501678e-12	2.534069080622112e-12	2.5616927863949826e-12	2.4279868612338775e-12	2.4703650579812558e-12	2.347713645992655e-12	2.4731294358283533e-12	2.4585439607814127e-12	2.1544878003295785e-12	2.116480884930827e-12	2.435836962489944e-12	2.559582428982265e-12	2.6166893741340654e-12	2.7202130417875303e-12	2.59126020433098e-12	2.740325009332873e-12	2.8045122162209446e-12	2.8197615736290323e-12	2.8798169358617975e-12
4.0	1.3521411419136542e-14	1.7706530786111852e-14	4.286818553591584e-15	3.3511514005231876e-14	3.914201303814668e-14	1.8494401449106876e-12	1.9450911713191856e-12	2.0872358282937192e-12	2.046521487313411e-12	2.043846795143936e-12	1.869520063986748e-12	1.7101765852445577e-12	1.5971230452352491e-12	1.7807161453837474e-12	1.8609605943489595e-12	2.0735664667724795e-12	2.0049549481133653e-12	1.9491575725402992e-12	2.0642208638663945e-12	2.0592708407968677e-12	2.1483880131507233e-12	1.9861545024083167e-12	1.935331734439662e-12	1.9469470544154007e-12	2.1644908040393526e-12	2.1717357267840025e-12	2.2260092015432295e-12	2.3148497054699634e-12	2.305218462737145e-12	2.2322646760471475e-12	2.29852969019286e-12	2.4175502604978575e-12	2.2801403717177944e-12	2.1333840216925077e-12	2.043062342133339e-12	2.063096987112367e-12	2.0752409621358173e-12	1.8073318444628552e-12	1.9042725929060084e-12	2.1714311206002837e-12	2.0731367564578608e-12	2.416549429472289e-12	2.455622570952449e-12	2.2526057198724786e-12	2.223585641208948e-12	2.1946836251314423e-12	2.076970323027266e-12	1.7221696186656032e-12	1.878508791163326e-12	1.8383422945701338e-12	3.056647361565153e-14	9.711486035369244e-14	4.809310810318779e-15	-1.4397946967775993e-15	1.0893216986916686e-13	2.837980893448698e-12	2.7779435062435623e-12	2.7374370177232526e-12	2.7502851260307038e-12	2.8119861082803027e-12	2.875613810676694e-12	2.959132779117229e-12	2.947340561232916e-12	2.961453389835709e-12	2.7741657807424737e-12	2.749745736575477e-12	2.8254923803361757e-12	2.7487950618315364e-12	2.9496232466293868e-12	2.9197371065392777e-12	2.9085354039682647e-12	2.9468905115815715e-12	2.8447875635188586e-12	2.97640801753147e-12	2.9616862908990232e-12	2.8130683546615542e-12	2.7675414017934412e-12	2.533553221408105e-12	2.5610086290282923e-12	2.4274440523801176e-12	2.470441173572199e-12	2.3480054768020376e-12	2.4724600087928707e-12	2.458246185067613e-12	2.153258314377229e-12	2.1153226088090424e-12	2.434329528722366e-12	2.5601821493071176e-12	2.6165692784755532e-12	2.7201368937097507e-12	2.591228066761897e-12	2.7402828838604677e-12	2.805419303969852e-12	2.819873248471826e-12	2.8794316686336425e-12
5.0	1.4821930912944994e-29	-1.311073644239146e-16	4.2632036622298253e-16	8.011293797626728e-17	5.979021815936669e-17	-4.971609451880675e-16	-6.581060604361451e-16	-5.37815061360672e-16	5.908589995458804e-16	7.180475854891539e-16	1.4878288937181824e-15	3.0454852448649656e-10	-1.8886654758077455e-6	-1.8886677049597844e-6	0.0015673605978618155	0.0015673605978734544	-0.43528140337348076	-0.4352814033734786	-0.43528140337348015	-0.4352814033734799	-0.4352814033734814	-0.43528140337347954	-0.4352814033734813	0.43536711058806893	0.43536711058806876	0.4355311810434571	0.4355311810434569	0.4355311810434559	0.4355311810434562	0.4355311810434541	0.43553118104345506	0.43553118104345684	0.435531181043455	0.43553118104345623	0.4355311810434556	0.4355311810434548	0.4355311810434577	0.43555961993176034	0.4355596199317581	0.43555961993175857	0.4355596199317596	0.4355596199317571	0.4355596199317571	0.435559619931757	0.4355596199317583	0.4355596199317581	0.43555961993175696	0.4355596199317562	0.43555961993175757	0.43555961993175907	0.43555961993175724	0.43555961993175824	0.43555961993175685	0.43555961993175746	0.4355596199317577	0.4355596199317571	0.4355596199317573	0.43555961993175835	0.43555961993175685	0.4355596199317563	0.43555961993175873	0.43555961993175724	0.43555961993175674	0.43555961993176007	0.43555961993175735	0.4355596199317554	0.4355596199317597	0.435559619931758	0.43555961993175557	0.43555961993175735	0.43555961993175873	0.43555961993175735	0.43555961993175785	0.43555961993175746	0.435559619931758	0.43555961993175396	0.4355596199317574	0.4355596199317562	0.4355596199317591	0.4355596199317578	0.4355596199317584	0.43555961993175957	0.4355596199317577	0.4355596199317587	0.43555961993176195	0.4355596199317585	0.43555961993175796	0.4355596199317594	0.4355596199317575	0.43555961993175674	0.4355596199317577	0.4355596199317582	0.43555961993175807	0.4355596199317575	0.4355596199317584
6.0	1.864990613942772e-33	-1.2599653000730595e-16	5.758541325369983e-16	2.378277152523138e-16	6.627363341375215e-17	-6.219746460697659e-16	-8.594476152589735e-16	-6.523408301359998e-16	7.34324692453799e-16	9.788666530647107e-16	1.729029354277849e-15	3.4960535052649696e-10	-2.16809064613746e-6	-2.1680932052035774e-6	0.00179924920279295	0.001799249202805781	-0.49968062172714706	-0.4996806217271462	-0.4996806217271459	-0.4996806217271461	-0.49968062172714534	-0.49968062172714645	-0.49968062172714595	0.4997790091931379	0.49977900919313817	0.4999673536216395	0.4999673536216389	0.4999673536216397	0.4999673536216393	0.49996735362163924	0.49996735362163885	0.49996735362163863	0.49996735362163874	0.49996735362164035	0.4999673536216396	0.4999673536216397	0.4999673536216396	0.4999999999999998	0.4999999999999999	0.49999999999999944	0.5000000000000001	0.5000000000000003	0.5000000000000001	0.5000000000000001	0.5000000000000003	0.5000000000000001	0.4999999999999999	0.4999999999999998	0.5000000000000001	0.4999999999999998	0.4999999999999999	0.5000000000000003	0.5000000000000001	0.4999999999999998	0.4999999999999999	0.5000000000000001	0.5000000000000001	0.5	0.5000000000000001	0.4999999999999996	0.5000000000000003	0.4999999999999999	0.4999999999999996	0.4999999999999998	0.5000000000000001	0.4999999999999996	0.5000000000000001	0.5000000000000001	0.4999999999999998	0.4999999999999998	0.4999999999999998	0.5000000000000003	0.5000000000000001	0.4999999999999998	0.5000000000000001	0.5000000000000001	0.4999999999999996	0.4999999999999999	0.4999999999999999	0.4999999999999996	0.4999999999999999	0.4999999999999999	0.4999999999999998	0.4999999999999999	0.5000000000000001	0.5000000000000003	0.5000000000000003	0.4999999999999998	0.4999999999999998	0.5000000000000001	0.4999999999999996	0.4999999999999998	0.4999999999999998	0.4999999999999998	0.4999999999999999
7.0	2.1987515176207665e-15	4.8187442587446144e-14	6.517403932227679e-14	-9.742446073001487e-15	-4.963280223233226e-14	-7.638764176783954e-15	-7.149082764284484e-14	-7.214397468020228e-14	-7.262393996657278e-14	-7.474558444210619e-14	-7.313228267718692e-14	5.575479644232075e-9	-4.393988131721575e-6	-4.393986993022454e-6	-0.5	-0.4999999999999999	-0.5000000000000001	-0.4999999999999998	-0.5000000000000001	-0.4999999999999999	-0.49999999999999895	-0.5000000000000001	-0.4999999999999996	-0.4999999999999998	-0.4999999999999999	-0.5000000000000001	-0.4999999999999998	-0.5000000000000006	-0.5000000000000001	-0.5000000000000001	-0.4999999999999996	-0.4999999999999993	-0.4999999999999996	-0.500000000000001	-0.5000000000000001	-0.5000000000000003	-0.5000000000000001	-0.4999999999999996	-0.4999999999999999	-0.49999999999999944	-0.5000000000000001	-0.5000000000000003	-0.5000000000000001	-0.5000000000000001	-0.5000000000000003	-0.5000000000000001	-0.4999999999999999	-0.4999999999999998	-0.5000000000000001	-0.4999999999999998	-0.4999999999999999	-0.5000000000000003	-0.5000000000000001	-0.4999999999999998	-0.4999999999999999	-0.5000000000000001	-0.5000000000000001	-0.5	-0.5000000000000001	-0.4999999999999996	-0.5000000000000003	-0.4999999999999999	-0.4999999999999996	-0.4999999999999998	-0.5000000000000001	-0.4999999999999996	-0.5000000000000001	-0.5000000000000001	-0.4999999999999998	-0.4999999999999998	-0.4999999999999998	-0.5000000000000003	-0.5000000000000001	-0.4999999999999998	-0.5000000000000001	-0.5000000000000001	-0.4999999999999996	-0.4999999999999999	-0.4999999999999999	-0.4999999999999996	-0.4999999999999999	-0.4999999999999999	-0.4999999999999998	-0.4999999999999999	-0.5000000000000001	-0.5000000000000003	-0.5000000000000003	-0.4999999999999998	-0.4999999999999998	-0.5000000000000001	-0.4999999999999996	-0.4999999999999998	-0.4999999999999998	-0.4999999999999998	-0.4999999999999999
8.0	2.8812438538779084e-15	4.212409521492891e-14	5.658404407232349e-14	-9.386499125499863e-15	-4.318439738999067e-14	-1.6415536399843086e-14	-2.5639448608052102e-14	-5.272909625340212e-14	-5.2729251069051124e-14	-6.057085212041416e-14	-5.838514057642688e-14	4.856907913660957e-9	-3.827687600796797e-6	-3.8276866090343995e-6	-0.3171780462291259	-0.3239307312430789	-0.3181456382663893	-0.3471107546414985	-0.3312477898698077	-0.3393420030178363	-0.32038624954603645	-0.3238043673580241	-0.3164479077939967	-0.3342971533997752	-0.32934132560895146	-0.33186260044428517	-0.3227489420550758	-0.32410076334493715	-0.3177406066394559	-0.3271811959076288	-0.3260979796939431	-0.3270614508099473	-0.3232020956435054	-0.3239314076560431	-0.31913829674059424	-0.32589469793262854	-0.32495372461016414	-0.32543296535716465	-0.32327951868924876	-0.32375508588107244	-0.32081169360881734	-0.3251695488224083	-0.3244466946096652	-0.3247192296397115	-0.3232446550439439	-0.32351155602954773	-0.3217006320471376	-0.32386767248388565	-0.3236755160122826	-0.32379450747849037	-0.3229913659427252	-0.3232369499192253	-0.32160750677807143	-0.3235462847770089	-0.32350292213418974	-0.3235980165082092	-0.3229560196237054	-0.3231410929174037	-0.32215377091788017	-0.3232628143325178	-0.3233844347499755	-0.3234614748856216	-0.3229530047132353	-0.3230815863747448	-0.322544335044024	-0.32304358178893555	-0.3233147067547627	-0.32336946619409845	-0.3229714830477866	-0.32305178533593465	-0.32277132040480694	-0.3229398404239933	-0.3232602218381803	-0.323295188637924	-0.32297725521120496	-0.32302278718233124	-0.32286494563259505	-0.3233467874429589	-0.32320179774525026	-0.32324359249168805	-0.3229740238280224	-0.3230081805926646	-0.32291955897462626	-0.32325136133733134	-0.32314499561117443	-0.3231725152421057	-0.3229645833699487	-0.3229967888253681	-0.32292384363961674	-0.3232097344739706	-0.3231170220974332	-0.3231414106464389	-0.32296640647766783	-0.3229864990284932	-0.3229467480844702
9.0	-3.600631753165052e-16	7.0657245972930356e-15	9.323568251714172e-15	2.1983838725957043e-14	-8.575329945207129e-14	-7.157015808375167e-14	-7.004912337277783e-14	-3.094335520371488e-14	-2.906552694923768e-14	-1.1485189048812265e-13	-1.2999618388875949e-13	-1.7702955036780312e-13	-1.6147452353479455e-13	-9.814984211276621e-14	0.00046100679425385867	3.597608124124814e-6	2.925014478436635e-7	1.1629944559775301e-10	1.8596096721545148e-7	6.532856005578693e-8	2.32973338650276e-8	4.898228338441799e-8	-2.628691566526232e-9	1.736538620643929e-10	1.1121518013753377e-7	-2.6510897006125085e-7	-4.803050899679635e-9	1.2991438823984588e-8	-3.86520212786882e-11	2.139917799615393e-11	5.445261351313946e-10	-4.138863058802393e-10	3.786304555582595e-9	4.7041093978366435e-9	8.83241155798081e-15	-2.636811432447359e-12	6.09239395731241e-11	-6.52330693531808e-13	8.97861376625503e-12	-4.125477419645512e-12	8.725827366339382e-14	-1.0183576187746988e-12	-1.0440344078311176e-11	-2.3502996875340287e-13	-3.1912683996018753e-13	-4.207397892635009e-14	-2.285546336060865e-12	-1.1480088632024187e-11	-4.099235685700741e-12	1.8116047316522252e-12	1.6569955690563512e-12	-7.333217742884824e-11	2.5805245659323804e-14	-8.763358592108124e-12	-9.015037012685209e-10	-8.511674041605266e-11	-3.499782704918465e-13	-7.355647903803564e-14	7.954782069844609e-13	-2.9018256612859456e-13	1.520395831645753e-10	-5.9774596772712955e-12	-6.031257148981032e-12	2.2219463994861724e-12	3.754535365134609e-12	-3.5002897440544524e-12	-1.2702824535435778e-10	-1.0981810302208262e-10	-7.617281418723608e-12	3.319325493438728e-12	-1.029981379574619e-11	9.820987608530358e-12	3.3615283885239292e-12	1.9450594349159365e-12	-6.736093844732347e-12	-4.0559002890184155e-13	1.0583548320396867e-12	-1.1974265011817436e-13	-4.255383795534116e-12	1.6123209524639956e-12	1.3217455608573091e-11	7.858299200644824e-13	-1.014577590548064e-12	-1.6618529907482496e-11	-5.280904073170834e-11	8.343280401366264e-11	2.957276412519834e-12	-3.399068087151651e-14	1.1505539509875142e-11	-6.052596453200895e-11	1.2652204746802565e-12	2.3055474563775182e-10	3.11879376668549e-11	2.2888961911627236e-13	-1.1269697632621616e-12
10.0	-3.1847378887139074e-16	7.659047073545745e-15	9.039394724556559e-15	2.2308321157613148e-14	-8.5248823954825e-14	-9.198202361577693e-14	-9.088266380056354e-14	-8.305796265181672e-14	-1.0783431486268637e-14	-8.817602021861699e-14	-1.0034005412524247e-13	-1.7741200570690039e-13	-1.6223535493539185e-13	-9.814307094821499e-14	0.00043408941649507364	3.3892920658265278e-6	4.915087676132429e-8	9.474868155524951e-11	2.984533700695853e-7	-7.686031142790399e-8	1.3908640329555445e-8	8.362139405638328e-8	7.704394479378379e-10	1.3564478593904518e-10	5.423159752938435e-8	-1.8107992631398646e-7	-1.529340734317553e-7	-3.450471126125114e-7	-1.9295033349877109e-10	4.214777661305457e-11	8.633192770770445e-10	-7.371424021414514e-10	1.530444745720939e-9	8.065353741900826e-9	6.047461591869341e-14	-2.779541317700372e-12	1.267859632237914e-10	-7.184692773606375e-12	6.661167890341424e-14	-8.795298481337682e-13	1.3789528580805063e-13	-1.527800679082962e-12	-3.5800980535613604e-12	-2.013000925313989e-13	-2.480289920001382e-13	-2.984626688539938e-14	-1.7445809636893609e-12	-9.409082009377108e-12	-2.8226804241196808e-12	-5.872167305280558e-13	-8.5484995769439e-12	-2.141606928181631e-12	-8.480785887945772e-14	-6.97736825882293e-12	-9.939215352903734e-10	-1.2666630591571737e-10	-1.1517670436749038e-12	3.092664702380011e-13	6.086059593562009e-13	-1.3217141134879177e-13	2.064611654004337e-10	-3.4269082583612408e-12	-3.550538311616489e-12	2.576683924375752e-13	3.903015403687756e-12	-6.149891992196732e-13	-1.7106777319220683e-10	-7.651173741294148e-11	-6.61249577318312e-12	1.5609190306082266e-12	-7.916361325305922e-12	4.863649383081065e-12	3.6229631527464783e-12	1.5510336351524043e-12	-5.481426300631799e-12	-2.72488001934358e-13	1.9117225621801567e-12	5.322608679645684e-14	-3.0976160171315385e-12	1.1128160493750976e-12	1.434508091616036e-11	6.387643142270858e-13	-8.16287122176369e-13	-2.5985752278367037e-12	-1.306529729389577e-10	5.3015818501681576e-11	3.801118076224863e-12	-2.105385516635737e-14	1.2779743840566654e-11	-5.00092736342544e-11	4.062963296163772e-12	2.509811932382284e-10	3.735572118620074e-11	2.7919658647117847e-13	-7.275708027377451e-13
11.0	-9.001607463101863e-18	-1.3287551278361829e-13	-2.9122119287011896e-13	-2.3500671276866254e-13	3.2155471057736155e-14	3.087723732396688e-14	3.087142724627389e-14	2.848786188168843e-14	3.028763197085915e-14	1.459573110411237e-14	2.7403974093188156e-15	1.2603490438681583e-13	9.221417305622165e-14	8.047071235764954e-14	0.00288564485823964	0.00023745279904969526	-1.701570213662265e-8	-2.3206164009732374e-9	2.462900968427136e-7	-1.482405985889599e-7	3.023087960196967e-7	-3.1987846798235353e-7	2.4471481805358055e-8	1.1885948076225666e-7	-3.4813646056859915e-7	-1.3075951790202326e-7	-7.469072002526941e-8	-1.2148976371460009e-7	4.152653925296986e-11	1.7060768787208757e-9	-2.0540010380849443e-8	-1.5446606907205936e-8	-1.540350421359268e-7	-2.0910428501730691e-7	1.6075161844094486e-10	-1.1619016350983014e-9	5.5716914717111455e-9	9.506559978696091e-8	4.327889864983633e-8	4.1432535296305286e-9	-1.502662356039931e-11	4.4278023685241174e-10	-4.4758300713403414e-8	7.361294341177357e-9	4.661793422086234e-12	-1.1836028087118521e-8	8.373726161817386e-12	-2.7711425240553766e-7	-4.820048942063474e-7	-1.5597975954459582e-8	-1.5859444179833761e-7	-3.7367870722866215e-8	-5.1712498315059927e-8	-3.6870559862117324e-7	-3.394910198222396e-8	-6.034256281889426e-8	-1.3326793834654448e-8	6.251384209006105e-8	1.0301639443750027e-11	2.5363999038678598e-9	7.232317308322064e-10	2.9496984795478466e-9	8.702891079115399e-9	-2.5862548072551293e-9	4.371740689201471e-9	-2.7582468090928547e-9	-1.876516242845686e-8	-4.396185290213984e-8	1.7712658366862453e-9	-6.47519678856342e-10	5.530024734186952e-10	-9.322785387512846e-8	-6.484396025359397e-9	8.969778290189919e-10	-7.757821743625394e-10	8.05118479019557e-13	-1.7151889380248192e-11	5.453357043134006e-9	-4.0979544836391426e-10	1.0333931623380892e-8	3.5861069885213075e-10	-2.5740723716970763e-13	3.009369837719671e-12	4.946939551178798e-9	-4.109967025848788e-10	1.7024293082886952e-9	6.507771867491883e-11	-1.1665094284246407e-13	3.7631203645994957e-10	5.465817330236794e-10	1.3903755854256417e-10	1.9980016745307814e-9	1.67012826508682e-10	3.2516984227181967e-12	9.452520975195986e-14
12.0	-6.110269297231054e-18	-1.5246751202762712e-13	-3.3387147941521734e-13	-2.6989359524579567e-13	3.727230700839011e-14	3.869634833812992e-14	3.887187919330171e-14	3.908160057832446e-14	4.146149653457547e-14	4.116878747071354e-14	1.119925334383821e-15	1.4460760139636658e-13	1.0605283887905029e-13	9.201381349832061e-14	0.0029677133969948613	0.00025231906808751147	1.3404123090567533e-7	-2.3089808804093587e-9	4.485689345461825e-8	-1.7653115773516443e-7	1.9776413664183198e-7	-4.2551767779320067e-7	2.405720299141975e-8	1.1419305307746688e-7	-7.12749688646795e-7	1.086379991879511e-8	-1.7314807954083022e-7	3.709019721104701e-7	5.914963333584003e-10	2.814714357695248e-9	-1.384111781611852e-7	-9.745483825897121e-8	-4.403462016770157e-7	-5.314361221335365e-7	1.8339384839308887e-10	2.7814880659143837e-9	2.9725602488815325e-8	9.930163094432932e-8	7.102402577234502e-8	4.2930276053358175e-8	-1.6084201773735284e-11	1.1314449751458414e-9	-6.400743795111161e-8	7.305055257542884e-8	5.950289740097592e-12	-2.9517810508578393e-8	1.2740789448310343e-11	-4.531943890272584e-7	-7.988339850739136e-7	-2.9788350611919048e-8	-4.0125781313057017e-7	-3.809045097413234e-8	-9.939405318053467e-8	-4.764918084720535e-7	-5.80186839938511e-8	-1.0709023424472237e-7	-2.9483179674353807e-8	1.3924203577035234e-7	1.0100586057652794e-11	8.072688205840867e-10	3.310625940272996e-9	2.656492359854462e-9	1.53917986956114e-8	-4.861694698297253e-9	1.0153479047337113e-8	-1.3357809084161513e-8	1.1192932944630984e-7	2.886236175807331e-8	2.9210367833310685e-9	-5.135998474421982e-10	1.1120827450106577e-9	-1.7123789414327708e-7	-2.0325668113424468e-8	1.0086237405178278e-9	-1.3068693336705517e-9	1.0849590214960514e-11	1.2607527697609117e-9	6.71092659253799e-9	2.9147606106071783e-10	1.4891931206305158e-8	3.613834586397788e-10	-2.587691007110114e-13	-1.5506122427733082e-11	6.345402715529809e-9	6.01602618633193e-11	-4.3934651262119567e-10	2.0190637226372155e-10	-1.7940770397073535e-13	8.60242527277004e-10	-1.047868784472862e-9	5.230428839608087e-11	3.5850413040777393e-9	1.9515557171580905e-10	4.141429712188616e-12	-1.917417396732346e-12
13.0	-1.8871762966731562e-9	-1.886476794257511e-9	-1.880686395961483e-9	-1.8807126496899188e-9	-1.880770979539707e-9	-1.8807652572961123e-9	-1.8812271180478866e-9	-1.8814251151886576e-9	-1.881438387923864e-9	-1.8813470276500383e-9	-1.881485083492428e-9	-4.589204282485939e-14	-3.9363387128707403e-13	-3.972488379609777e-13	-0.030404384432754058	7.0757081084171435e-6	6.276111640786885e-8	3.846505721181109e-9	-2.6404799019857433e-6	3.591916497002188e-7	9.099635674279831e-8	-2.0365827309210297e-8	-8.779313770712856e-10	-1.6918498557356758e-9	-1.1015528234912709e-8	-5.182433080405707e-8	3.395870531224433e-9	-5.1864349327970994e-8	1.723003098195053e-11	-5.444422935203023e-12	4.1590306705295525e-10	-8.240410408501999e-11	-8.368439079296025e-10	-6.369623551532423e-10	-7.50887670167695e-13	1.9436085768950013e-12	-6.378444754396979e-12	2.5507308014837314e-12	1.071038532343322e-12	4.2258053559386316e-13	6.708717314702852e-13	2.1950266539165316e-12	-2.0651257590079755e-12	-2.1075105958214815e-14	-3.9884538542960674e-13	1.2396821215033172e-14	-7.557070843496646e-13	9.86967270726626e-13	-1.0299719267381692e-12	7.21715134159454e-13	2.791009071179879e-12	9.936249164590711e-12	1.0702571832012372e-14	-2.488227303844739e-12	-2.8182060801894192e-11	5.864440876287996e-11	2.2033341276548305e-13	-1.916358068006612e-13	3.1234983251525765e-14	6.126920858395709e-14	4.01638976164377e-12	1.0341242436235842e-12	1.0416136063016732e-12	1.034706821729348e-13	1.863485615982735e-12	-4.1783919331793495e-13	5.385800185150343e-12	7.701066633823543e-12	4.163998519813799e-12	4.081868232521523e-13	-4.423981536623044e-12	-2.529263052926361e-12	-1.089394065438871e-12	7.093247813004073e-13	-2.9891142647874933e-13	-1.0567588703889574e-13	1.499975609167688e-12	2.1566260680503133e-13	-1.7494806091383661e-12	6.147855168362257e-13	2.1354471389244867e-12	1.061043905460548e-12	-2.1290695868341048e-13	6.784629193058841e-14	2.6336109357751304e-11	6.197204903787829e-12	-4.421692994450223e-13	5.559084136148493e-14	-1.1577165094928241e-12	1.9354323246026524e-11	-2.442183191330669e-12	-6.554953330237324e-11	-2.5238041750225837e-12	3.6729920862600685e-13	-6.710339207037508e-13
14.0	-1.6439556875736288e-9	-1.6433460493331902e-9	-1.6383022329996866e-9	-1.6383248188955689e-9	-1.6383760849294108e-9	-1.6383710880953874e-9	-1.6387732255577616e-9	-1.6389448921367583e-9	-1.6389578820309534e-9	-1.6388774163302865e-9	-1.6389978879727715e-9	-1.0100039545071503e-13	-1.3993199129704396e-13	-2.900430820877895e-13	-0.021577303694496907	5.151117764338615e-6	4.625725847894064e-8	3.507883491187126e-9	-2.3607742345293425e-6	2.75906543930874e-7	7.024332184160504e-8	-2.6301015421462465e-8	-5.477840727016286e-10	-1.3430656642177287e-9	1.1452368541862324e-7	-1.584882289144877e-7	-4.555781958803091e-9	-8.536173569870558e-8	2.363448817073329e-11	2.2622437978401378e-12	4.796161748587271e-10	-2.629739309615924e-10	-7.926755588595941e-10	-6.145690283529001e-10	-5.234484218210525e-13	1.0648336367721518e-12	-8.313013866120911e-12	8.814551105043708e-13	7.952628452542035e-13	3.133360907857445e-13	5.100867577173367e-13	2.166258977169346e-12	-8.563406110409725e-13	-2.0117476236674876e-14	-2.8215539723416153e-13	1.2155800160413888e-14	-4.8097970302376e-13	1.1892622750420758e-12	-6.905052786200733e-13	4.460726772035553e-13	3.7199214965046815e-12	7.310541689263672e-12	-7.59827188977414e-15	-1.2375880192061166e-12	2.405465772649472e-11	5.728210210611835e-11	5.2842950013561735e-14	-4.038112240795859e-14	2.8643310984158066e-14	-2.276398560895372e-14	-2.7666411463444323e-12	8.382031388385923e-13	5.598223094480182e-13	1.3874692018859273e-13	1.4359781096191527e-12	-5.506917675827459e-13	4.731925865095301e-12	6.816675667702215e-12	3.0663227935140564e-12	-2.1807892936560926e-13	-3.755202656195353e-12	-1.6523819403483167e-12	-2.252128211264364e-13	5.158608708868487e-13	-7.588421257645367e-13	-5.02195643561928e-15	1.0958263021880859e-12	1.0903271937232512e-13	-1.2238987760619216e-12	4.363734751369324e-13	1.0385259958731112e-12	7.427760741302094e-13	-2.2274084514948802e-13	6.442592591154011e-12	8.441791864036141e-12	4.043433941425307e-11	4.273788326141461e-13	3.6563239718124645e-14	8.019602958575673e-13	1.4828506690293432e-11	-3.0475991820428286e-12	-5.079147353778047e-11	-3.950169631935134e-12	2.8103185808729065e-13	-6.274247626159488e-13
15.0	1.0774647312020813e-15	-1.0093129310416018e-15	2.1061763964359364e-15	1.675190248640751e-14	1.9852597901697706e-14	2.6663634671166653e-14	-3.1859486724824323e-15	4.579081824505705e-15	-2.6499956066680965e-15	6.44076444687394e-15	-3.0413961592666216e-15	-9.461124215006349e-17	-8.386878950595476e-16	-2.2793245978502607e-16	-0.0011511227752982744	-6.203274129580455e-6	3.8024211470558124e-8	-4.149616165877582e-6	-9.460008772648872e-9	-1.1598715915783272e-7	1.8950647112802384e-8	-2.865764116694331e-11	-1.31024392408185e-8	-1.4378531145160165e-7	-2.0109226760227172e-8	7.367429640505749e-9	-2.014550261195233e-12	1.56363113753514e-7	6.781644690263778e-11	3.044591933957258e-14	-7.659322599496058e-8	4.833790916957145e-10	2.7875660538763173e-8	1.5124314201869545e-8	8.078323725274239e-9	-1.5924151523322723e-12	2.1985452054723242e-8	-1.3681930476793032e-8	-2.453716852814889e-8	-1.95996355857947e-9	1.8305803806157968e-9	-4.793051692701712e-12	-1.5132697954703666e-8	-1.2376563148084681e-8	-5.588960879045219e-9	-6.550105416359144e-10	3.537499226696232e-8	1.349956889643497e-11	4.2415455431544017e-10	9.617879447855266e-9	2.846291480556177e-8	5.308862734374992e-10	4.425454797363074e-11	-4.5137290244831157e-8	-2.75304592196143e-8	-5.374091113489222e-10	-1.000836105210825e-9	8.875552457792238e-9	2.009487038405139e-8	-1.9735098153459735e-12	-2.1847842252513686e-11	-2.083331786748466e-11	1.6334534306923064e-8	3.4698941335595046e-8	2.474968423209441e-11	4.754415767682332e-10	4.7040097451938907e-8	3.6618255038462233e-8	1.7549145052034422e-8	3.336141659548971e-8	2.3049955254389107e-8	4.798724083261576e-10	4.9575315076732764e-9	2.3674556327075336e-8	1.254943629934397e-8	1.1924676860424785e-8	1.0582323817490882e-8	2.533387059650616e-10	-3.882796120487952e-9	1.8581698553384733e-8	1.2558487370554913e-8	2.9101123868151153e-9	8.109632238396486e-9	3.850439415704311e-8	3.442055144652774e-8	3.498793228919953e-8	1.349108115831556e-8	1.0217371975380406e-8	1.6062881991319605e-8	-1.3574191341131003e-9	2.3537706717296392e-8	3.6881371577024195e-8	1.5342899566831124e-8	9.584944286226903e-9	9.400041728800692e-9
16.0	9.559415782768833e-16	-1.138520226064017e-15	1.9658184010348103e-15	1.7074880690501416e-14	1.885475038747156e-14	2.6453620187263877e-14	-2.950454334598758e-15	5.281951313769557e-15	-3.253086099391859e-15	6.444453946420097e-15	-3.0333815999203326e-15	-1.8233365352691828e-16	-9.163323700451944e-16	-6.749732552195393e-16	-0.00041917330085873436	-4.591712187979106e-6	1.1896850509958093e-7	-4.2589169908807694e-6	2.0600031735311673e-8	-1.2606778421651888e-7	1.0287922904719098e-8	-2.6904383448742673e-11	-1.069357440519953e-8	-1.4409166058745777e-7	-1.9736543192566538e-8	2.6756797830325164e-9	-1.4469813300150413e-12	1.377003798444046e-7	5.783770289563835e-11	2.962006043512017e-14	-1.0895192015290118e-7	4.839451129992337e-10	7.221291883800133e-8	9.024722954594004e-8	1.8337047042409827e-8	-1.5234966818510925e-12	5.813627623134285e-8	-2.5106494486017584e-8	-4.200498728494449e-8	-3.874610698902328e-9	-8.477299480170148e-9	-4.351204521338685e-12	-4.2156099905204357e-8	-2.0442094200233416e-8	-1.639331617009064e-8	1.1394838338794232e-8	5.835869697479757e-8	1.7905056892647443e-11	7.115612396584561e-10	2.79277732752129e-8	4.085632515822529e-8	1.5616067514126127e-9	7.021957908739736e-11	-5.347003706867199e-8	-4.737593703408279e-8	-7.68909752868083e-10	-1.9545639781546943e-9	1.643561799675234e-8	3.715686473656292e-8	-7.903106120438495e-13	-3.8161572694446206e-11	3.6034675882610595e-10	2.8388620051060772e-8	5.0119620712515036e-8	9.161036931912059e-11	1.9042626901524696e-9	6.890653035530732e-8	6.120736514592423e-8	3.7710150089719516e-8	4.979092645942967e-8	4.329443085386769e-8	4.549814402417331e-10	1.0390269414696939e-8	5.2398462837937374e-8	2.7702103056377684e-8	3.101972632404907e-8	2.545887199954863e-8	3.3993869769738484e-10	2.16727830257941e-8	3.906695293207799e-8	2.9775782054420886e-8	1.322900108517421e-8	2.0607651074064633e-8	4.842320750100009e-8	5.0055505873355594e-8	5.219204556173806e-8	3.157925522637598e-8	2.3618533966571453e-8	3.4510773811643706e-8	4.585548643246417e-8	4.2320213666853736e-8	5.320036236379992e-8	3.273373832383675e-8	2.1652466413410564e-8	2.3205025802436768e-8
17.0	-1.7207446996461885e-13	1.708345956346506e-11	6.874473573964738e-11	1.2988954075753991e-5	1.2988954278970131e-5	1.2988954517053356e-5	1.2988956265720526e-5	1.2988954866933947e-5	1.2988955607288965e-5	-0.10581530399997871	-0.10581530399734013	-0.096925891285145	-0.09692589125311418	-0.08873462582638313	-0.06124131868358564	-0.023936595218109348	-0.016636644277699633	1.6283720419873516e-5	1.1059608642087327e-5	4.991806283597274e-6	-7.424232166075749e-5	-3.387572638401429e-5	-1.383590414723392e-7	-2.769125709387781e-7	1.6142199466578318e-7	-6.937754546126248e-8	-1.5043162242046468e-5	-1.7550814380462317e-7	5.196130305120826e-9	5.42602884105695e-7	4.950022977658891e-8	2.2395460103504247e-8	-4.6013499000121086e-8	6.491212729871742e-8	-1.6367935065022554e-8	-6.467138286874307e-7	-2.659692513176707e-9	3.808473960684229e-7	-9.588115592701642e-9	-1.2845697373058032e-6	-7.135911677901195e-8	6.356842396442158e-7	3.588519247828366e-8	-2.9304081668076136e-7	-8.802497071467629e-9	-1.0180522603720086e-8	-9.853669106375806e-9	-2.07341496634482e-8	-4.5384296330726055e-11	3.606647830705482e-9	8.658698571574506e-10	-3.084025258018244e-8	-1.919291663758489e-8	-6.567051187669613e-7	-1.8333421377930895e-8	2.252589897080887e-9	2.010008951379308e-9	2.1438075563959877e-8	2.6785788712733997e-9	-2.666320079650705e-8	-6.78082077831466e-9	-9.053810129948025e-9	1.2280402417663063e-9	1.6062987119409764e-9	-5.591658188567778e-9	-1.368466138040669e-9	1.763316727769401e-9	1.1266746163220935e-8	1.8721287731589613e-9	6.129987507138062e-10	-1.397746303431761e-9	-2.727172573830671e-9	9.918848150121165e-9	5.420110027449231e-9	-6.991397420950005e-11	-5.370226868105777e-9	4.6271405918885395e-9	6.294115922532348e-9	3.8605132468812166e-8	2.839175367953272e-8	-2.7233049595630498e-9	9.38046888703717e-9	-6.9802172817315616e-9	-2.622526644564186e-8	-6.507644065616143e-9	8.294645761602668e-9	2.4204568947245725e-9	1.9761287257030496e-9	-5.307989147252632e-10	-1.767123071269708e-8	-4.961118297298105e-9	-3.037667109115422e-9	1.3815594315790273e-9	-6.251836451876108e-9	-1.799030203189994e-8
18.0	-1.972856407437085e-13	1.961120118791377e-11	7.891525765018207e-11	1.4910649979371696e-5	1.4910650212295597e-5	1.4910650485534343e-5	1.4910652492810089e-5	1.4910650887267049e-5	1.4910651737320012e-5	-0.12147051650076775	-0.12147051649774067	-0.12147051649743931	-0.12147051645729506	-0.12147051634929866	-0.0876206750968674	-0.06884157900214713	-0.00726289737417664	2.0084969160498883e-5	1.3504364680605222e-5	6.336947680641234e-6	-8.72321003497053e-5	-4.256790687418595e-5	-1.473609572845298e-7	-3.343025385844225e-7	1.9095079863746353e-7	-8.547584694206876e-8	-1.762632932809315e-5	-1.7848647479234834e-7	6.607090053674194e-9	6.456112105630561e-7	6.258432901702375e-8	2.1533226437095925e-8	-5.299699785812582e-8	7.988889374519132e-8	-1.8257848460665838e-8	-7.817263107195174e-7	-3.0833634272673763e-9	4.746862177522371e-7	-4.1667827036683835e-9	-1.501109767568451e-6	-8.254735549837226e-8	7.607715529746705e-7	4.2077146602102446e-8	-3.66847551677919e-7	-7.784117121180851e-9	-1.1913303001113309e-8	-7.771383433727698e-9	-2.630957118219117e-8	-5.294040053188597e-11	4.376447613213365e-9	8.532626037239848e-10	-3.1485804585844023e-8	-1.72730540348347e-8	-7.5973520504567e-7	-1.864713079222232e-8	7.857170552103794e-9	-1.7910457645796884e-10	2.0304490676069536e-8	3.135130656036485e-9	-3.687830801397776e-8	-1.0226353939839912e-8	-1.5754865196320176e-8	6.988914507043512e-10	2.248447587265973e-9	-8.449185840064087e-9	-2.5841642284253102e-9	2.013758306494185e-9	1.528940621033224e-8	2.193661650916787e-9	7.173668441832917e-10	-3.6343276376747945e-11	-2.946530526007858e-9	1.3609291919986896e-8	7.153484319019662e-9	-8.053389901520853e-11	-9.190800229951927e-9	8.154263078520652e-9	1.0173842844281558e-8	4.906682568150579e-8	3.6414019291691704e-8	-3.1876142460310605e-9	1.3478899094070121e-8	-1.08043107843296e-8	-3.364724735955702e-8	-8.780449358115932e-9	1.2301395474133056e-8	2.833602231135462e-9	8.831773025963045e-10	-7.563485229230894e-10	-2.2714125662945584e-8	-8.33877023823644e-9	-5.452417365220314e-9	1.7065354362995868e-9	-7.429575094091784e-9	-2.2916014169181526e-8
19.0	3.454278981605073e-11	4.230845749795487e-11	6.696723858590949e-11	8.985296502387393e-9	8.984947006464263e-9	8.986021528280133e-9	8.994704255372667e-9	8.995861896356167e-9	8.994907370785896e-9	0.046983101599305556	0.04698310160148592	0.04698310160412048	0.04698310342357911	0.04698310838016879	0.00436024098494525	2.61070309882377e-6	-1.7701821820918826e-7	2.1871502066788787e-6	1.8208739838910783e-5	4.4660846718706334e-5	6.072586509409713e-8	2.1192479649076718e-8	-3.6112345869064245e-6	-2.4925173750575736e-6	5.812923724050438e-7	3.004466194517699e-6	-1.0930301638750953e-5	-5.591080339236848e-8	-4.0797209123700735e-6	-6.198930837778534e-8	1.5874040471480472e-8	-1.008695339058281e-6	-2.101442119797235e-8	2.4020560563768205e-8	-8.918437627191571e-8	7.44380128048619e-8	-5.485943152494907e-8	-1.4075817349577687e-7	4.1107927406381037e-8	-5.7046796615874125e-8	-3.000907164150171e-9	9.17546661949031e-8	3.7068429558012096e-9	2.0505985391530879e-7	1.0230711927092842e-8	2.0080479537251567e-9	-3.691164793433695e-9	1.836624346853958e-8	-2.1937181768505927e-8	-2.387311945019873e-8	-3.516524884220369e-10	-4.8979789281483436e-8	-5.161172270242693e-8	-5.222613208775725e-8	-7.118048979366808e-9	4.9134528900013916e-8	4.4748572252292345e-8	2.0757727802849236e-8	7.1654544060926295e-9	-3.653757341516659e-8	-5.1744545019949136e-8	-2.055782228686101e-8	3.42054221608892e-8	2.2455325687662232e-11	5.786431330241592e-9	1.8655140707462116e-8	-7.523350410324237e-8	1.4305395521154174e-9	2.637729967551704e-9	1.0193049019341682e-9	-1.0697016792515974e-10	1.8062461340689854e-8	7.858291907225928e-9	-6.814059588069901e-10	-1.8504191819604273e-9	-4.570567978698084e-9	4.259519440370615e-9	-3.102567645321996e-8	-2.2521510855896434e-9	-2.0483172969179645e-9	-3.385491142426052e-9	2.977824400623396e-9	-9.104808753711438e-11	-1.0483590204643044e-9	2.911899266556427e-9	-1.1587329952692642e-9	-4.639224792421829e-10	1.5320439736765652e-9	-9.505390059587926e-10	3.878898173880241e-9	6.97277978214938e-10	7.476497964196773e-10	5.228660665963582e-9	-1.1106301872872274e-9	-1.2196984313308063e-9
20.0	3.0090794034848126e-11	3.685560867523207e-11	5.833640203240724e-11	7.827264905488762e-9	7.826959837443862e-9	7.827896282750841e-9	7.835459645674173e-9	7.836468595380607e-9	7.835636358260218e-9	0.040927883751617954	0.04092788375351827	0.04092788375582484	0.040927885417120065	0.04092788977291167	0.0034499183682510344	2.1157777896608737e-6	-3.521880432217081e-7	5.029366247818174e-6	6.38803039781623e-6	3.13335862451862e-5	4.387893957661744e-8	1.3494065058888592e-8	-3.001916223832985e-6	-2.3508129990044434e-6	4.0351633102948954e-7	2.3338750408615234e-6	-7.945701935697963e-6	-6.235451140782629e-8	-3.3088854421174307e-6	-5.415071393157301e-8	-5.692698069905864e-8	-7.223633784307465e-7	-1.5688554017936577e-8	1.4373682210409732e-8	-6.735128838908745e-8	5.964038171092341e-8	-4.04768436851796e-8	-9.085836924824241e-8	3.128107301637891e-8	-3.353951005639653e-8	-5.523480686923239e-9	7.481941877555933e-8	2.8487342390956598e-9	1.329414176139976e-7	7.357792090162448e-9	1.446812305222651e-9	-2.738256296472179e-9	-3.620481671501502e-9	-1.504115141195757e-8	-1.676178240472728e-8	-5.345121182691781e-10	-3.5309449643644583e-8	-3.5976424372785546e-8	-3.8687736373015586e-8	-5.1856378790843135e-9	3.1319374935353434e-8	3.1921577588788054e-8	1.4831265544057301e-8	5.152003671598568e-9	-1.8194394821833082e-8	-2.0724023356202615e-8	-1.4352410457641772e-8	2.468175469447775e-8	1.6565220040300066e-11	4.142571271402236e-9	1.3185265711098346e-8	-5.878584208608328e-8	1.0343071802745633e-9	1.9026743008366536e-9	7.386212331727559e-10	-7.727226531125229e-11	1.1765828705290794e-8	5.6851440186986036e-9	-4.929444811444076e-10	-1.3292517799690531e-9	-3.3071768601667185e-9	3.0724121968413137e-9	-2.2060465545544672e-8	-1.628731431967684e-9	-1.4834335884093205e-9	-2.439971484682855e-9	2.154346814164187e-9	-6.487307779073316e-11	-7.574118378821008e-10	2.1086072173907082e-9	-8.387881217928474e-10	-3.297833834670132e-10	1.1084943235455033e-9	-6.867194738248942e-10	2.8096091335687945e-9	5.038271607163216e-10	5.405105486786892e-10	3.777201640625726e-9	-8.04264917212498e-10	-8.801136284247884e-10
21.0	-7.982711022630579e-15	-4.409718152138705e-15	-1.7867869133269094e-14	-1.5762673139858736e-14	-8.291788251410185e-15	-3.5311928139420712e-15	-4.3895482908515715e-16	1.8403427291674158e-13	1.6943370392356378e-13	1.0734372641113059e-13	-6.678393784002862e-14	-1.7334257383940026e-13	-1.9764692299241303e-13	-1.8444101119029425e-13	0.00041269844849401593	-6.464877505265454e-8	2.7517378312362076e-7	2.443574994509688e-10	-2.0772772477813137e-7	-1.8794820650308233e-6	-1.7278253208379843e-6	-2.099182832685919e-7	3.406416966199416e-9	-3.1561509455654625e-6	1.7242214528266082e-8	1.1940612148570295e-7	1.1445322401693533e-8	-1.900314081512739e-10	6.825415654694626e-9	5.863489815107183e-7	-4.65707789156431e-8	1.4257877550413859e-8	-4.192903092804717e-9	1.0630292141017961e-9	5.456565157798094e-9	-4.0605827251105837e-10	-1.9149469002109126e-9	-2.336947482790107e-9	2.9290752395183702e-9	2.9706979185862473e-8	8.260430161219026e-9	-4.002233571295962e-9	3.839560860618015e-9	-2.00173628253457e-9	1.8742405597542053e-8	-9.77523187380876e-10	-2.687526446747206e-10	-3.7215414073462766e-9	3.2740652669273584e-8	3.600102482832116e-8	-1.6913442855630115e-10	-1.9992598101604206e-8	-5.979524267416583e-9	4.444496469953865e-8	2.9413360719869773e-8	-4.418288767824889e-9	-2.550150168058288e-12	-2.0868772167797968e-8	-9.210057654150101e-11	-2.740360378878738e-8	-2.704174059972209e-8	8.091224654860951e-10	6.805207661274032e-11	-2.7174108505980243e-8	-3.123751754794109e-8	-2.0170402925997247e-8	-2.6505255215197655e-11	3.256376003974338e-8	-5.641147017813474e-11	-1.2478653907266956e-12	3.868365888127774e-9	-6.320861642339917e-10	2.81368446862919e-8	-5.98369873711331e-8	-2.8478565309011936e-11	-2.3634109373680126e-8	-2.2393495267845178e-8	2.5850944304910457e-8	-5.778243752338385e-8	5.8140045072793384e-8	4.2185115470452656e-11	-2.823650648495264e-8	2.478953809769478e-8	5.0623617265574274e-8	-2.9779741648613765e-8	-2.883971741310095e-8	-5.3194123795314495e-11	2.79801456383672e-8	6.285746684158244e-8	5.511558541146381e-8	2.842818652998992e-8	3.2522851312326844e-8	-2.153876993129857e-8	-2.9258815521667324e-8	-5.477219555291579e-8
22.0	-8.05067320638463e-15	-4.334477901243587e-15	-1.8038858281818228e-14	-1.5710237614223874e-14	-8.069295863889352e-15	-3.2199167874195404e-15	8.535216607735354e-17	1.846633070806499e-13	1.6948877567022722e-13	1.0652301714757517e-13	-6.722043696265749e-14	-1.7440827425409665e-13	-1.966682621339707e-13	-1.8436574900333235e-13	0.0003835917562894222	-5.934026980070562e-8	2.9277840847053496e-7	5.140980237095946e-10	-2.7371526667264694e-7	-5.4362337036956645e-6	-6.394217628927797e-7	-1.5740333345649148e-7	3.023951261354151e-9	-3.505897694813079e-6	2.68791581724569e-8	1.336332576936395e-7	9.884946507916143e-9	-1.4546107982547036e-10	-4.311702108681983e-10	5.828535616701712e-7	7.813988227790781e-9	7.568215966900086e-9	-5.200927989897592e-9	5.872584697130291e-10	5.456829589931266e-9	-3.9758495993458015e-10	1.4017355048309464e-10	1.6010970701128237e-9	9.97856604107895e-10	2.8179317636672158e-8	9.16222634243831e-9	-2.1842265946075324e-9	4.12345955900252e-9	-1.197375208868463e-9	2.0238932852623002e-8	-9.331850240617545e-10	4.3888259640011756e-10	-2.548657503223608e-9	3.487792942254314e-8	3.7825208737170706e-8	-1.578621695712269e-10	-2.291299222137872e-8	-8.10907699800995e-9	3.489270892752722e-8	3.1429797116086735e-8	-2.790375801189483e-9	-9.045129560877398e-12	-2.3035100902195627e-8	-8.588569097235409e-11	-1.9873542600095542e-8	-2.8800634193388283e-8	-3.997014760723127e-10	5.5739399283237293e-11	-2.8474523841472337e-8	-3.197142636220002e-8	-2.2149960081283727e-8	-2.5016377987442763e-11	3.43851421788073e-8	-5.2640900409717525e-11	-1.1735875787114963e-12	3.676114175054046e-9	-6.385555391200215e-10	2.973972233827428e-8	-5.274508062730891e-8	-2.6666776318157054e-11	-2.5126408537398992e-8	-2.4167605302640046e-8	2.748284778207085e-8	-5.125491466542684e-8	5.160745648969501e-8	3.9604476162081953e-11	-2.9298247826314642e-8	2.6265379822705637e-8	4.4738401841711336e-8	-3.1237640952450806e-8	-3.030193306717043e-8	-4.971472982410584e-11	2.906230640137533e-8	5.542046175575871e-8	4.859723448379546e-8	2.9645369485790144e-8	3.355876718780378e-8	-2.32436779670104e-8	-3.021960066938839e-8	-4.799701746657297e-8
23.0	3.9211338181695855e-14	-8.366941025722124e-14	-2.0335206196893424e-13	-9.007725718319596e-13	-9.028572734537787e-13	-9.6849185547179e-13	-3.3818111648448966e-14	-3.613631288657488e-14	-6.778197744084582e-14	-1.616027262399455e-14	5.646892492581264e-12	-7.487210812446979e-8	-0.00031617951268027864	-0.0003161795214243861	0.0021895388254290775	-9.86949959142937e-7	4.062326363369808e-9	-1.5241785212045555e-12	-2.336702811013904e-11	-8.585955531743213e-16	-1.4153146088996252e-5	-8.263888881085421e-6	-3.844319294229551e-6	5.891083048368482e-8	1.749881502381981e-6	-2.1839802369514636e-7	0.03480334642714429	0.027254711359629712	6.14712628052876e-9	4.477434086687012e-8	3.1160844720982256e-8	2.4723997082050304e-8	1.6857389888245856e-5	4.673519056963728e-7	-6.196167281581989e-8	8.503044307953824e-8	-5.453499000196727e-8	8.316838439509714e-7	1.136436213906688e-7	4.158517475374885e-8	-3.6370048373152586e-8	-1.411195191470533e-7	-4.969649148958564e-8	-1.9536715714190527e-8	-1.1312010526358541e-7	-5.806279422846649e-7	-1.8199109578889097e-7	-2.8542558488010953e-7	-2.7857693508006672e-8	-4.345994813575651e-9	8.009408053791272e-8	8.959311365926043e-8	6.515482302060042e-8	2.6369134984426153e-7	2.6030427518106026e-9	-1.673039843277166e-8	-1.4465475456677569e-8	-2.205896361476262e-8	4.280457345756324e-9	-3.8739207334824106e-7	-2.480200098810418e-8	1.6922264823729114e-8	-1.3351575363564933e-7	2.4769868188196123e-8	-2.150299143234248e-8	-5.579806671325023e-8	1.0128560130335133e-8	2.4839803489141264e-8	8.445794977833789e-9	-3.855178862283103e-8	1.860986182771733e-8	5.8211674351380204e-8	2.6305676992619104e-8	-1.4516631689998214e-10	-1.1857708129098974e-8	2.970129592897082e-8	-3.5530539749485364e-9	-2.1849988795166334e-8	-8.753256959720189e-9	-4.666299341666828e-9	-2.4544015535993998e-8	3.5525066635166155e-8	7.666432874689545e-9	2.983116577854205e-8	1.4707487999485557e-8	-1.3169965514958256e-8	4.0715431678554063e-8	2.987962696171187e-8	-2.0523297804083376e-9	9.401762012125598e-9	-1.294349545366356e-9	-4.774435127471578e-9	-1.333549673646459e-8	-3.849434700090354e-8	-2.0948179490439578e-8
24.0	4.448657838489533e-14	-9.576039297037046e-14	-2.3401399019226873e-13	-1.0345072573823794e-12	-1.0374510285050464e-12	-1.1120493824527767e-12	-3.8750927332662167e-14	-4.196312454876355e-14	-7.837525038641681e-14	-1.8598668039226845e-14	6.4839799836353205e-12	-8.594932165616451e-8	-0.00036295778843647796	-0.0003629577985221907	0.0028957983092966705	-1.4150139835144025e-6	4.514234724849892e-9	-1.8068120661433905e-12	-3.184426331776738e-11	2.166077757223138e-15	-2.0908204609516925e-5	-2.425874287745016e-5	-1.677657109025564e-6	7.977807420464081e-8	2.326034268593031e-6	-2.9975568555909e-7	0.04388267264741355	0.03615141670873235	4.869284113030884e-9	7.536961470630345e-8	1.5005599665007885e-7	3.869433505731301e-8	2.084703782460784e-5	5.904363910785302e-7	-7.453396089306487e-8	1.0712140129637845e-7	-7.61195518948604e-8	1.0507439886525202e-6	1.3606468307037357e-7	5.27512401917398e-8	-4.881662866070922e-8	-1.7747181531042993e-7	-6.565905701380746e-8	-2.533127509475038e-8	-1.4309243694244352e-7	-7.276497634424851e-7	-2.62459994591622e-7	-3.5558109073296704e-7	-3.175244191265758e-8	1.2902568154993253e-9	9.957080948558655e-8	1.1187816461855754e-7	8.701727406472283e-8	3.2932342019788993e-7	-1.8486638625417944e-9	-2.451750303771566e-8	-1.7869656306585266e-8	-2.658922076447129e-8	4.61399313340944e-9	-4.82947419144851e-7	-2.714038303965673e-8	1.7572265074337585e-8	-1.9423240062046612e-7	3.182759461172431e-8	-2.2974080552876934e-8	-6.979434954117724e-8	1.2261695740637509e-8	3.122561624575165e-8	8.939158478327712e-9	-4.6856957949621214e-8	2.8306217678328993e-8	7.358247917669048e-8	3.276932209287582e-8	-1.2135733241305685e-9	-1.4850369637476128e-8	3.690259155264626e-8	-9.135659546400067e-9	-2.2442834975432807e-8	-1.1366247268614218e-8	-7.758586802373354e-9	-3.064454920815057e-8	4.4448043136745653e-8	3.7066599282168827e-9	3.824308966807859e-8	1.7143105608682916e-8	-1.6954439076263162e-8	4.745038384897601e-8	3.8013837496048126e-8	-3.4110193762667802e-9	1.1436876645113266e-8	-1.896883412991278e-9	-4.6335702840208656e-9	-1.6944531296776403e-8	-4.942364811182175e-8	-2.606020280688703e-8
25.0	-9.582866513334222e-13	-9.686137790601956e-13	-5.312720775027485e-13	-7.823970077623081e-13	-7.794066937177957e-13	-2.563840417605172e-13	-2.805529917997807e-13	-2.7811245452526553e-13	-2.1954759205704051e-13	-1.9956338298976744e-13	6.5183078408342325e-12	3.205069480927308e-10	-0.0018112249403156684	-0.001811224940662221	-1.99106909465683e-5	3.7041633759576084e-7	6.123057409211153e-8	-1.408202168216251e-10	1.8706529053597263e-6	0.0004932031968205552	0.00019965738422304398	2.0516529128228177e-7	1.0967932037035314e-6	4.217157206061632e-6	-0.03901857027740975	-0.02717645831407318	2.2290765738220485e-7	-2.0445463116836976e-8	-1.5941223049907953e-7	1.8100536794383545e-7	6.641671182856366e-7	-4.966817031937283e-8	2.0830571421334797e-7	9.028814354011715e-8	1.3154711977459605e-6	1.2361898695147538e-7	-2.56475117378527e-7	-8.102561065628137e-6	-2.9653911911963924e-7	2.2183122749083508e-7	6.874458794046469e-8	1.5772144819006633e-7	2.8852020973987012e-8	-6.201537973432063e-8	-1.7461191604582222e-7	2.770890532123508e-7	3.478706884421587e-8	4.0114345190959176e-7	6.38791166693478e-9	1.5314231269598885e-9	4.332647227977755e-8	-6.023467453655379e-8	-1.4126413475433705e-7	-7.461135756427643e-8	9.514043085379043e-8	3.6707123266546474e-8	-4.463691763323562e-8	3.530185772935378e-8	2.469546019395031e-8	3.0084206185889645e-8	4.299562601101688e-8	1.0627968229990195e-7	-1.0044780581812951e-8	-3.317630728315744e-9	-3.759342405574348e-8	2.7767725713319445e-8	1.263886456609611e-9	3.595072882415876e-8	2.1645710497468552e-8	-1.8440595946655948e-9	3.431106421081823e-8	1.0112941221784734e-7	5.6603528428801195e-8	-6.229722544163276e-8	1.5771762945463745e-8	2.1389160614164262e-7	-1.265315995509975e-7	7.300401130780663e-8	-1.7142004672545907e-7	4.963832101283545e-8	-4.128492058413452e-9	-2.6903662407807975e-8	-2.9873600736521655e-8	-7.422711701907651e-8	3.7460551346079596e-8	-1.5282057523433395e-7	9.334571584822002e-8	-1.0634754089355289e-7	4.456984048854951e-8	-6.290162596418544e-9	-1.3560678802656738e-7	9.945069721551532e-9	-2.319409777531172e-8	-5.130657976148675e-8	-5.9460250207454474e-8
26.0	-8.345899914239503e-13	-8.440405705711488e-13	-4.617411141069291e-13	-6.81152969200818e-13	-6.795196634625793e-13	-2.23567226518274e-13	-2.445820889514919e-13	-2.430236132658437e-13	-1.9146866059277258e-13	-1.7379109718259508e-13	5.678760231546348e-12	2.7920038873347653e-10	-0.0015777928932293652	-0.0015777928935310627	-1.9364912995332757e-5	3.932219952242904e-7	7.054757007880963e-8	-1.1422949971646089e-10	1.749197860182096e-6	0.0004935449110587873	0.0001933342423987963	2.1036548898742883e-7	1.1198723673698888e-6	9.757618634234429e-6	-0.01454094542105481	-0.021194747362966587	2.1505037601368474e-7	-1.8264538758630372e-8	-1.6062081369996521e-7	2.1078679671646067e-7	3.985536677344827e-7	-1.4348682183616169e-8	1.47557152216504e-7	6.23631538197929e-8	1.0035118833981925e-6	1.0427211656010226e-7	-1.8970036232117626e-7	-6.178151338755801e-6	-2.1395615211543948e-7	1.6669527156548603e-7	5.1769856793148324e-8	1.2657618273282912e-7	2.2846054756090635e-8	-4.758905642176549e-8	-1.3272131197522747e-7	1.9752582160225943e-7	2.522757075373641e-8	2.9433282585841473e-7	4.119887613496007e-9	-5.178200527091949e-10	2.6907240127347133e-8	-4.724569627388469e-8	-9.948929771006353e-8	-5.5176425900534755e-8	7.432396677590387e-8	1.9166634505196696e-8	-3.4135757430886905e-8	2.670431879877177e-8	1.4385978242088081e-8	2.2164838509631976e-8	3.859169437752261e-8	6.887505674170037e-8	-7.855597363404574e-9	-1.4964901724454098e-9	-2.165854565198788e-8	1.9011440572154598e-8	2.9789983697419e-9	3.4092058339664484e-8	1.4459183890483714e-8	-1.8775730596156312e-9	1.3715128978381605e-8	7.14097855593239e-8	4.364958968645116e-8	-5.204591430104577e-8	1.1493075151422507e-8	1.4823865974556329e-7	-9.291239925207184e-8	5.586239344034477e-8	-1.287947337920806e-7	4.165192444430018e-8	-2.9967561636868546e-9	-2.5497802802672407e-8	-2.739355495678754e-8	-5.812079079383131e-8	2.993609302961592e-8	-1.0820850559579083e-7	6.170601185139908e-8	-7.312795540083228e-8	3.644182220581953e-8	-6.909132741909953e-9	-9.470841337928495e-8	2.9119955124218665e-9	-1.942525882104177e-8	-2.56592537600655e-8	-3.7713091843898026e-8
27.0	1.010525154153285e-14	4.298588451563833e-15	-4.794886909224172e-15	-1.8507826907270888e-16	3.1429885247246415e-15	-3.168714373137511e-16	-3.0824165146133273e-16	-4.572585876630663e-16	-1.3622573452734628e-15	6.055472505133183e-15	6.094159276090258e-15	5.0205175977596676e-15	1.6255166065179733e-15	1.3693658392889655e-13	-5.836845338965038e-7	-3.797816800484876e-8	6.013310247914174e-12	9.403367941790058e-10	-1.0544918145110275e-8	-2.8223250205295216e-11	1.3868675939625122e-6	1.5531031348349461e-7	2.5195827469905108e-5	-2.710096375207587e-10	1.9478380533985037e-6	-2.2978197156452638e-7	0.001644393170218304	0.0017351622542281756	5.55127899092257e-10	2.2469339369819914e-6	1.1506218849072902e-7	-1.8363459555002746e-7	-2.4657990898556342e-8	1.0108207345426916e-8	3.7089182228936304e-8	2.1626368168183536e-8	7.74338146245693e-8	-6.220509876830778e-8	1.3959523793223852e-8	1.0290574638519344e-8	1.743758612318757e-9	3.248554052765887e-8	1.6315234692885702e-8	-1.8226930149572268e-11	-2.6669214699805723e-9	-1.7542738942878575e-9	3.5212994099435977e-9	6.567315033773544e-10	-1.707726275783902e-10	7.773541553380649e-10	1.1823569978057933e-8	9.997818245824834e-9	1.9329773899269747e-9	4.450276795300507e-10	2.4959172009736447e-9	1.1902302472075698e-10	-3.624994330097545e-9	-1.2316137528216443e-10	-5.714734594925053e-10	-3.6278794327449606e-10	-3.2021199365276065e-9	1.2801598845170726e-9	-2.4327467997310804e-9	1.963027567157741e-9	-5.217937313084174e-9	4.659664767593402e-9	8.775776416726545e-9	-4.249115087143508e-9	-7.779660567094786e-10	-2.4942747146787234e-9	-2.5686724641980903e-9	2.1738257642486154e-9	3.58938473993198e-10	-5.078503279554777e-9	7.828327826316932e-9	8.442207107165066e-10	2.6154122579525285e-9	1.493290272203123e-8	-1.5871868810223898e-9	9.525489356945684e-10	-8.526228543791848e-9	1.3445662325162042e-10	-6.931253384661778e-9	6.241078457354293e-9	-1.1668739541890289e-9	1.3159842248763613e-9	1.2589549701380297e-9	1.8176984862451647e-9	-8.796900946150353e-10	7.325569996748316e-11	-1.7032903168504798e-9	-4.391275959399178e-9	2.0679070341490974e-9	1.189674662910965e-9	-8.437731660539421e-10
28.0	1.0103470793275591e-14	4.3919643652998055e-15	-6.039578834238594e-15	-4.035890741369485e-16	2.8027669026096905e-15	3.522691307233882e-16	-1.168763172043589e-16	-3.6971172625793572e-16	-1.7882876573038787e-15	6.231824708516803e-15	6.604736533379173e-15	4.648907152050411e-15	1.6811945011697298e-15	1.3722623009784525e-13	-6.212756224012485e-7	-5.334512340324551e-8	7.362339043550533e-12	3.073551357315105e-9	-1.2291370942155038e-8	-4.209284978283521e-11	1.513121105880568e-6	1.82137066568562e-7	2.9736748888059148e-5	-3.9771321569662247e-10	2.7378907138868936e-6	-6.696277546002655e-7	0.0006317487058577427	0.0014326267489251018	3.8363284621307636e-11	9.305716690361705e-7	1.1851995489742808e-7	-2.0309178222318331e-7	-2.151033316395572e-8	6.143761290347303e-9	3.314780362601503e-8	1.9904081932355142e-8	7.886083851192876e-8	-6.376699001677531e-8	1.060282784659501e-8	1.0581447601215217e-8	1.1111022001291091e-9	3.192603770515973e-8	1.6901303409393428e-8	1.2863008364088043e-9	-1.1748354451591813e-9	-1.7743365459376325e-9	5.195035314298682e-9	6.374896239021019e-10	-3.402721888871475e-10	7.404565125968505e-10	8.371611316689802e-9	7.91137762134646e-9	3.1114258111255786e-9	-1.4742455383428904e-9	2.7716385456517755e-9	-5.0019632794102946e-11	-4.3257297119470134e-9	-1.2596754884448736e-10	-1.3010396680108857e-9	-9.714753605333905e-10	-2.6255554773434337e-9	5.556578433095703e-10	-1.2496703785205663e-9	1.1062946079019595e-9	-3.555068755032567e-9	4.570456668692843e-9	5.346667505398885e-9	-2.550842494414925e-9	-1.6985528745080269e-9	-1.5630151726996709e-9	-2.056593444259567e-9	1.2820183142458285e-9	1.0201711171530332e-10	-4.5338901436342744e-9	6.9617704570652914e-9	7.602879012377564e-10	6.476162396979798e-10	1.3962275865291687e-8	-8.758396723470032e-10	2.713225664297641e-10	-7.923089011496248e-9	2.8849189468645024e-13	-6.395373664351239e-9	6.1915408740137325e-9	-5.535642337434287e-10	9.575648448836324e-10	7.428138140798178e-11	1.0009726046051768e-9	-2.1660026915650449e-10	7.341093805866977e-11	-9.304917565880469e-10	-4.563095457239686e-9	1.89302134302586e-9	4.3031989962587225e-10	-2.2370280342368502e-10
29.0	-2.8845993837278273e-17	-4.412028553455346e-13	-4.451924813462849e-13	-6.033022772318824e-13	-1.2883858559316605e-13	4.2015047195047417e-13	-8.334621016204265e-12	-7.884054606121593e-12	-8.824844084896375e-12	-8.115841345189276e-12	-1.0716515330348418e-11	-1.1832944666314137e-11	-7.063806342709737e-9	-7.063688304261353e-9	0.3392392051716512	0.33125327476738065	0.34711923234682335	0.31812803661134176	0.3239759604357186	0.3163268623960836	0.3502703134577716	0.32312109668480027	0.3992973836974864	0.32428296054303074	0.3270647243007033	0.3141099550522228	0.3189437788036509	0.1614722803369611	0.04097952845079364	2.2896917450439644e-5	4.5075534088150875e-7	1.5610155925519168e-5	-8.095361790007945e-5	-0.00017328973902807441	-3.296019172662338e-9	-1.3375354696875366e-8	7.236348747517471e-8	2.790936391992286e-8	3.673002869164857e-8	-3.2335921978863334e-6	-1.9785329146729235e-8	3.0566383470465893e-6	-9.813647700844506e-8	-7.625382675186887e-8	8.65250699520743e-8	-1.4435292341664866e-7	7.920162271144377e-8	-9.843607846355306e-8	7.994369058147739e-9	2.5677596940765402e-8	5.7690121665135144e-9	-3.36526430011203e-8	1.6756677057274014e-8	-3.4672665141392516e-7	3.240418166769515e-9	-1.637721174018409e-8	-1.1140998188128905e-7	-2.8599769270722183e-8	2.799622327081727e-9	2.0832319295354007e-7	1.3747412157845145e-7	-5.6437545209921816e-9	-1.3733947070528033e-8	3.515003044147784e-8	2.63153740154287e-8	-5.374958881940498e-8	1.7454744440274573e-9	4.738156680935946e-8	-6.7797929521111505e-9	2.9047892740966544e-8	-8.75813198738804e-8	1.5017202550161356e-6	1.463946447374829e-7	4.2253029042159405e-8	1.685623047350028e-8	1.8463924664043322e-8	-6.754796053493573e-8	2.2601063633040913e-7	-1.0843468577058121e-8	5.956723022875435e-10	-7.60349783383415e-8	2.124240209698849e-8	1.0939928850326348e-8	-1.6205261905217971e-7	-3.414377360550288e-8	-4.0673341846502985e-8	-1.203191802715686e-9	-1.4009001687805732e-8	-2.59992687545534e-8	-4.884551483725303e-8	-6.025002011804526e-8	6.315270794725787e-8	1.2787187026166363e-9	-7.081003777247278e-8	-3.3608550834075034e-9
30.0	-3.0014665061358135e-22	-5.059302334036017e-13	-5.115143508525756e-13	-6.925271166242248e-13	-1.4777694535936574e-13	4.823075812577602e-13	-9.567985686496696e-12	-9.051483872109517e-12	-1.0130668522666616e-11	-9.317104473644924e-12	-1.2301302477920308e-11	-1.358364056802085e-11	-8.108885720046936e-9	-8.108750382613007e-9	0.5000000000000009	0.5000000000000003	0.5000000000000003	0.500000000000001	0.5000000000000001	0.5000000000000006	0.5000000000000003	0.5000000000000009	0.49999999999999944	0.5000000000000009	0.5000000000000001	0.500000000000001	0.5000000000000003	0.500000000000001	0.01859918982691575	3.135107009252043e-5	6.183440187667637e-7	2.184462859960202e-5	-0.00010313045159460436	-0.0002336861087957234	-1.3046081922311254e-9	-1.1308839844016098e-8	7.360443324289293e-8	4.32620489158127e-8	4.8605817363740634e-8	-4.209655327114158e-6	-2.389770387989781e-8	4.011102493669952e-6	-1.251972897685926e-7	-1.0256258335598497e-7	1.115917320939759e-7	-1.8716571141554553e-7	6.54976474105938e-8	-1.2932106592399764e-7	1.0414384604727915e-8	3.451643329584989e-8	7.488763167714002e-9	-4.342733564675896e-8	2.3280850773547188e-8	-4.505768055015e-7	4.975924900574938e-9	-2.2080514106664882e-8	-1.3835843827093802e-7	-3.8017638163148406e-8	4.319045799212889e-9	2.69492369690577e-7	1.7623844691945535e-7	-5.505839447658354e-9	-1.7470899154426407e-8	4.453122929507971e-8	3.3200410787299454e-8	-7.104866439838785e-8	8.224928130565414e-10	5.678945936871118e-8	-8.694863679020343e-9	3.911859939318093e-8	-1.1378772742747733e-7	1.9364916438228496e-6	1.895572972253871e-7	5.689704373876835e-8	2.26461632481795e-8	2.524655998982326e-8	-8.853561431060338e-8	2.884477989336611e-7	-1.804072993996267e-8	2.2146353299189617e-9	-1.0192489043273437e-7	2.6601023539845112e-8	1.630583566642419e-8	-2.1440894358008146e-7	-4.70865460570047e-8	-5.569190923996256e-8	-8.858552540952827e-10	-1.9119769908817225e-8	-3.2277323449510094e-8	-6.290045889142135e-8	-8.236717185546402e-8	8.280653040255012e-8	1.932000489715927e-9	-9.633953783832467e-8	-2.6338601296527916e-9
31.0	-1.972481664228699e-7	-1.9724955181396953e-7	-1.9724954546305972e-7	-1.9724957362883086e-7	-1.9724997874550247e-7	-1.972539029395776e-7	-1.9724791071472914e-7	-1.9724952192587023e-7	-1.9725095352355642e-7	-1.9725158551733819e-7	-1.9725334471205783e-7	-1.9725570431681186e-7	-2.048597440056293e-7	-2.048600231213943e-7	0.4892197329811259	0.4892197329811254	0.48921973298112503	0.48921973298112437	0.4892197329811232	0.48921973298112403	0.4892197329811229	0.489219732981124	0.48921973298112426	0.48921973298112487	0.4892197329811249	0.48921973298112814	0.4892197329811272	0.4892197329811279	0.48921973298112553	0.009444546330666383	0.01266793890468894	0.015472232675690815	-1.013680404892108e-6	-8.48752308475022e-8	-2.85280420575507e-6	5.0665104200974e-7	2.1929929733629215e-7	-9.265481095671398e-7	-9.47730484802962e-8	-6.108092398688559e-8	3.8927819252349485e-7	3.353542328419186e-5	1.9753005064704714e-7	-1.741150811931924e-7	-6.728577805175117e-8	-4.7066116847564755e-8	8.61294746374757e-8	5.165095241222103e-8	3.046142228668894e-7	1.0439910772080585e-7	-2.8505533259386877e-8	1.1214033252209676e-8	1.4034391263857851e-8	-3.1613417423588905e-7	2.0217137295900325e-8	-1.154797529475929e-7	-1.0368223051356702e-7	-2.3685529823676804e-8	2.781021442921832e-8	-7.032528706888739e-7	-8.414935386098344e-8	2.1159875714778574e-7	1.3059690711980172e-8	-2.0846713161919184e-7	2.6331412131980874e-8	-5.7498364720117196e-8	-7.532734104598572e-9	-2.375749086947039e-7	5.514678791137896e-8	-1.4251994037074343e-8	1.4081392694024445e-7	-1.8345706575397124e-6	-1.7509247895099047e-7	-7.720852774691485e-8	-5.6038937528695353e-8	3.6904256730332204e-9	9.060460687806876e-8	7.351538336690623e-7	1.5870696778681733e-7	-4.4273046727228425e-8	-4.683087155346078e-9	1.5428396315114823e-8	-5.7545226722429096e-8	-9.518686307426439e-8	-6.886026033357081e-8	-1.8985525244862008e-8	1.2100080379935808e-8	2.6746038779958654e-8	1.2490883608382626e-7	-1.2376438036036884e-8	7.618367375332011e-8	3.922585570425137e-8	2.2070728123877442e-8	2.0576924575172298e-10	4.508033382531681e-8
32.0	-1.7182667302820265e-7	-1.7182787969260098e-7	-1.7182787400606453e-7	-1.7182789871459336e-7	-1.7182825142913453e-7	-1.718316699443469e-7	-1.7182644944038152e-7	-1.7182785242286425e-7	-1.7182910045440879e-7	-1.7182965102456523e-7	-1.718311835207866e-7	-1.7183323910204732e-7	-1.7845726456256553e-7	-1.7845750795910616e-7	0.42616872192075117	0.4261687219207499	0.4261687219207495	0.42616872192074956	0.42616872192074734	0.42616872192074906	0.4261687219207489	0.4261687219207479	0.42616872192074856	0.4261687219207497	0.42616872192074867	0.42616872192075295	0.42616872192075284	0.4261687219207528	0.42616872192075106	0.02172437005116191	0.004400810648979095	0.010557063323986036	-7.892223960211479e-7	-6.53501319312134e-8	-2.225841589977981e-6	4.678363460202726e-7	1.6020299120945753e-7	-7.502197058251353e-7	-6.724598345757606e-8	-1.0090743927837389e-7	3.15414992194098e-7	2.7775271342858302e-5	1.4773191231532338e-7	-1.2585228362460347e-7	-4.476434849870006e-8	-3.6201186529714454e-8	5.334664739193794e-8	4.302443578521322e-8	2.3172018333314683e-7	8.460408819210164e-8	-1.9549881155814577e-8	7.2031710676457866e-9	1.282873049254841e-8	-2.418449090286992e-7	1.5731885915571423e-8	-8.520966091558615e-8	-7.733468351049409e-8	-1.8945689870864212e-8	1.925200968161804e-8	-5.198113189257882e-7	-6.362546171037094e-8	1.5579170814150535e-7	1.0398942204430403e-8	-1.5431975261364188e-7	2.0599980598546058e-8	-4.2305191336185165e-8	-5.201953412142295e-9	-1.8276685373643327e-7	3.7834645347327875e-8	-1.1153761062408501e-8	9.884985131671655e-8	-1.3410682460574985e-6	-1.3211472040811456e-7	-5.935655938043902e-8	-3.917503890930649e-8	3.2085065738469535e-9	7.007015781843095e-8	5.456131941147912e-7	1.218700034825557e-7	-3.398445083589633e-8	-5.2358396325189074e-9	1.469545907424398e-8	-4.6695144595189024e-8	-6.067061902087359e-8	-5.275257484453697e-8	-1.862880422073713e-8	3.546496279319807e-9	2.2594307042587522e-8	9.530130245463616e-8	-1.1282296473525945e-8	6.023834981301734e-8	3.000786507282703e-8	1.977514116829423e-8	-3.346602307409933e-9	3.481317961513446e-8
33.0	-1.3742587921603307e-14	1.2926297917581783e-13	2.0102425617624175e-13	9.824266104970156e-14	6.133982113853278e-14	1.5017778171433373e-13	1.609181948226352e-13	4.969345712880441e-11	4.959785441771403e-11	4.957468582712447e-11	4.959172047728332e-11	4.960621047186061e-11	4.9611685971424575e-11	4.9607958853249986e-11	4.971056108134291e-11	4.9713870608253874e-11	4.974166370187939e-11	4.977737319471072e-11	4.984366846317672e-11	4.983436080586483e-11	4.9751316953610006e-11	4.9608141962697454e-11	4.950304895725266e-11	4.9525238610446115e-11	4.954235789565418e-11	4.9681075555322544e-11	4.972473983695396e-11	4.95871657099935e-11	4.9675906405688934e-11	2.0278720117262307e-6	8.678188102793662e-8	3.990361540225904e-7	-5.753026132987555e-6	9.209626212028492e-7	4.185699001818872e-9	-2.3844511877877236e-7	-6.997719633033632e-9	7.690011512974186e-8	-2.1581347331650954e-8	-1.1141178999171269e-9	-3.080673348384454e-8	-8.792262194933204e-9	2.0288529044707973e-8	-1.5235450127764665e-8	1.1029961782588398e-9	4.879641999507986e-9	-8.506254448416882e-9	-7.162756675212898e-9	4.677411882871918e-9	4.0308950024757805e-8	3.1650367456533497e-10	6.776547472387154e-11	9.778877304697158e-10	-4.450826331803802e-9	-7.3585328572958876e-9	3.6940722252860148e-9	-1.0809526461127194e-9	-3.954890257455733e-12	-2.242109249748459e-9	-4.1309711241224385e-9	-2.3140988293343462e-8	-1.2369634074921258e-9	-1.2776756129647373e-10	4.647121528749191e-9	-2.616634832521968e-9	1.401787762068179e-9	3.417389449178179e-10	7.20966724785942e-9	2.1768702231731772e-9	-2.8290568217917564e-9	6.05179505137105e-12	2.3268730943569567e-10	-3.616951500359957e-9	9.270523532531938e-10	2.660568012850596e-9	-3.392705934724123e-10	-2.689064256586486e-9	1.7550581256783625e-9	1.6012109366312351e-9	-3.938734748103514e-9	-8.110052251428657e-10	-2.278748414755775e-9	3.957309825082348e-9	3.1958697433732547e-9	7.738360659568299e-10	2.275413896236763e-9	-4.016896537827676e-9	9.531058063694129e-10	-3.7502716514266785e-11	7.347344879788843e-10	-1.4719298336254414e-9	3.1261638173108457e-9	4.158527898538922e-9	-7.337971699241277e-10	6.634912136379268e-10
34.0	-1.3361593025427016e-14	1.2987071290191404e-13	2.0113165633007993e-13	9.775106949845335e-14	6.269734857010398e-14	1.5079105251452156e-13	1.610116599684827e-13	4.969207211888578e-11	4.9597612975241115e-11	4.9574995323892034e-11	4.959243296567852e-11	4.9606151388708505e-11	4.961113025947607e-11	4.960785429461562e-11	4.971048730926943e-11	4.971391056185095e-11	4.974213137105064e-11	4.9776935937906224e-11	4.984376654734538e-11	4.983448858295994e-11	4.9751504342054336e-11	4.960840538562447e-11	4.950323115098074e-11	4.9525816882858544e-11	4.9542742413625737e-11	4.9682995336805366e-11	4.972598933855814e-11	4.958709496495441e-11	4.967528851389764e-11	2.3482197214227966e-6	1.1737612287930123e-7	1.0934111225047364e-6	-2.1724875144449737e-6	6.83722519952793e-7	4.1960303976928425e-9	-2.6833319331473305e-7	-8.045989612665093e-9	8.1794779637629e-8	-1.7987971682502967e-8	6.270126041286953e-10	-2.6489387632907486e-8	-1.2115824450045947e-8	1.9305627153686863e-8	-1.4486744775771551e-8	3.6160747748361494e-10	4.63750355487509e-9	-3.5522006041103135e-8	-6.963453469737038e-9	5.771421854856448e-9	3.367026179861688e-8	7.97430284758834e-10	5.7594022094394685e-11	-1.1227811432173947e-10	-3.812140247769775e-9	-6.6860251402318994e-9	2.6960365206511453e-9	-9.83276843199878e-10	-4.335740582317656e-12	-1.2923550261923442e-9	-3.6931562859434375e-9	-2.2939852657763443e-8	-6.494249387860524e-10	-1.2097259746843467e-10	4.607416141140313e-9	-2.0520711599641423e-9	1.3918123719888702e-9	3.310585150625191e-10	5.444962367313683e-9	2.186615784597552e-9	-8.968790310518759e-10	8.476468968869219e-12	2.2834550714042468e-10	-1.989480486381024e-9	1.0507199248486312e-9	-5.655055604879039e-10	-3.38939814849193e-10	-2.4120726866848397e-9	1.2182301258805096e-9	1.3674935263132885e-9	-3.595141673668734e-9	-6.030081195576106e-10	-2.623680246365119e-9	3.857352400585866e-9	3.0449603085155133e-9	7.086857182388673e-10	2.2166182550278875e-9	-3.675381991449417e-9	7.457931074514151e-10	4.24054997685185e-11	2.5272521392793825e-10	-1.1775239790949178e-9	1.3298643256977654e-10	3.8087167938936024e-9	-4.936332573299028e-10	3.555099590617914e-9
35.0	-1.2142383714658505e-16	-4.116346626099732e-14	-4.7843811897564893e-14	-6.292178266712968e-14	-6.180414506359947e-14	-5.123131550738881e-14	-5.213245542604781e-14	-8.953706622945463e-12	1.2174275692899635e-11	1.1650830349101699e-11	6.799176324144047e-12	9.291704530556029e-11	8.854048762801927e-11	-0.10092718333055024	0.41149608037824753	0.4114960803783711	0.4114960803780153	0.16195867744127695	0.16195867743970033	0.1619586772872687	0.16195867728665175	-0.4311590649141755	-0.43115906491414024	-0.4311590649141407	-0.431159064914122	-0.43115906491407174	-0.4311590649140596	-0.43115906491409184	-0.43115906491394485	-0.0003177291257238022	-2.4292289607889925e-6	-5.540857505003545e-7	0.0001843663657545602	5.1513012906146386e-5	-2.823297175913012e-5	-3.521598774033934e-7	-4.216968207046105e-9	1.3867899685168035e-5	0.00015082792502412056	0.00017978884014517292	6.447497826099588e-8	1.6802738882455823e-8	-9.077763469573124e-8	-1.9603260932853654e-8	6.742564639244389e-6	-4.426676631718177e-6	-4.3027463839919244e-8	-4.2015247281023067e-7	5.127665657242402e-8	-2.5658033824509025e-8	1.5703788171644105e-8	-2.0286679000371646e-6	2.0480377072514213e-8	-4.5990414736636816e-7	-1.8507508136634635e-8	-2.100248755714967e-8	4.709855236992572e-9	-1.1849919700676818e-8	2.5928930347761373e-9	-1.1989245501617495e-8	3.040047862281642e-8	-1.9181465421152025e-9	-8.129154659038548e-9	-7.833272940260713e-8	-1.9131313606015104e-8	-1.4613415102747637e-8	1.5470315823860763e-9	4.988590930336243e-9	9.589279197323945e-9	-1.0693628031894753e-8	7.128416950726244e-9	-5.638847256765953e-8	4.135093721712416e-8	-7.17583679909522e-9	-6.7960308320548626e-9	-1.0665120872001723e-8	4.0443764311561306e-9	2.297466620813788e-9	-1.6962227264116387e-10	-9.889544106969638e-10	1.3972716053132392e-8	-6.191036756461432e-8	-7.687113752860917e-9	-1.1303973143616608e-8	6.969363674098135e-10	2.867408919954424e-9	-9.707828132818903e-9	9.682212458568527e-10	1.3535270738247096e-8	1.8763033916430343e-7	-9.25199109338911e-9	1.2997514715011463e-8	1.6433160911070477e-9	1.5774484420261652e-8	1.3155018456025782e-8
36.0	-5.744719968361293e-17	-4.743751409465529e-14	-5.5393758530716546e-14	-7.268827370624271e-14	-7.027707866620644e-14	-5.840406055436826e-14	-5.998658297614374e-14	-1.0278309533403063e-11	1.397618133725118e-11	1.3374522641263014e-11	7.805062471616063e-12	1.0666411663858305e-10	1.0163978582630079e-10	-0.11585920584920596	0.4723762965477841	0.47237629654792584	0.47237629654751584	0.1859202162342919	0.18592021623248198	0.18592021605749878	0.1859202160567893	-0.49494838959328513	-0.49494838959324655	-0.4949483895932462	-0.49494838959322573	-0.4949483895931681	-0.4949483895931545	-0.4949483895931901	-0.4949483895930196	-0.00043568514037012373	-3.3039774605207377e-6	-7.90382111463497e-7	0.0002758884299185804	0.00015096354471298186	-1.2284368938186552e-5	-4.980756468438441e-7	-1.4486686097452767e-8	1.978302261257756e-5	0.0001958619737492714	0.0002453841318929059	7.075575780621944e-8	2.1260680843634414e-8	-1.3738793543856358e-7	-1.0347566652174004e-8	8.852195151067153e-6	-5.877925571319267e-6	-1.2153623115706982e-7	-5.547517984624659e-7	7.028280757805168e-8	-3.394121873414042e-8	2.1666791504230026e-8	-2.6670915423940874e-6	2.6715365579767386e-8	-6.073136263930486e-7	-2.4462610671527896e-8	-2.6845556214450837e-8	6.213272727397899e-9	-1.457685754310122e-8	3.3502968120434384e-9	-1.3598419213356552e-8	3.941762472262653e-8	-3.531227053769787e-9	-1.0038259488028382e-8	-1.0282881347553632e-7	-2.507649474045404e-8	-1.761233748148275e-8	2.1002071007718816e-9	6.385469175494377e-9	1.1287418182266579e-8	-1.3680580687867521e-8	9.375173313427248e-9	-7.52752636476798e-8	5.3640377112035076e-8	-8.942394582161847e-9	-9.553771567796283e-9	-1.3805784528839108e-8	6.232467561874097e-9	8.25795837585847e-9	-1.0269941825665357e-9	-1.1645254754174056e-9	1.7666227775316617e-8	-8.395661454183159e-8	-1.0850213798079616e-8	-1.4201842664875474e-8	1.3690670734942147e-9	3.75639922206508e-9	-1.087961544702853e-8	6.858768263871198e-10	1.8104735552808255e-8	2.443497315503249e-7	-1.40355045412467e-8	1.835250679662146e-8	1.6334860342324367e-9	2.008925133211326e-8	1.7504054670247794e-8
37.0	-3.5884538243269586e-16	4.967728924221984e-14	4.65751982369255e-14	1.2645700650346246e-13	1.268174021981249e-13	1.1687974814510527e-13	1.176842211484364e-13	9.514580013272333e-12	7.610293173278958e-13	-7.847881877406512e-13	-9.959005615779284e-12	-1.0375286444181361e-11	1.4318916141122664e-10	0.47577943103017145	0.3876273532974125	0.38762735329964515	0.3876273532986982	-0.41963521140108984	-0.41963521140089066	-0.41963521134988313	-0.4196352113500858	-0.4169381941322562	-0.4169381941318765	-0.41693819413220673	-0.4169381941323919	-0.4169381941321318	-0.41693819413185795	-0.41693819413157673	-0.4169381941308629	-1.0099314693232244e-5	0.0076470114405112815	0.005768688454640939	0.0008676088696946717	-1.0375738045430801e-6	-4.9973066601675926e-9	7.271513271734686e-6	3.569125255460412e-5	8.245587302442253e-5	1.6174809345879163e-7	-4.746586333447259e-8	9.667430786718064e-7	6.372834658511297e-7	-5.15488958447679e-6	-1.67383389848074e-6	-3.645936076115089e-7	3.345391330431649e-8	2.844929459752369e-6	1.3669508169640185e-9	-2.5449080078874135e-6	-6.5477990302646126e-6	8.386127114791576e-8	8.25198176056441e-8	-2.446525709971181e-7	1.417473920377867e-8	-9.989807236669155e-9	5.766507579685544e-8	8.589404503509534e-9	1.0586794988834471e-8	-3.3884496678091055e-8	3.1040847057718705e-8	-1.340440820161189e-8	-7.378985139741595e-9	-1.0184852296918674e-8	-2.6736954472042672e-8	-3.0595549846278183e-10	-4.826651852339854e-9	-7.888547353979863e-9	-6.414220985071159e-9	4.984615605082428e-9	-1.9306814106848876e-7	6.529342999558001e-8	2.3336690021702158e-8	3.917541479605518e-8	8.75450843653539e-9	-1.867252267454366e-9	-5.5896606371089714e-8	-1.1656617006501069e-8	-2.530911077846109e-8	1.0101797500485168e-8	4.114965749194192e-10	2.048015393679924e-8	-2.4918752535037268e-8	-3.6849773400484885e-9	9.010941284937177e-9	-9.825361343118996e-9	3.882547677380151e-9	-1.519356157752888e-8	1.0147900086475416e-8	1.2357183901091144e-8	-2.9583363180535975e-8	-3.908988509519291e-9	4.507609634361189e-9	1.8772119355365747e-8	5.712084190884601e-10	-2.5888395528838603e-9
38.0	-1.8746539224051375e-16	4.2909763272930205e-14	4.177542071750483e-14	1.1018226474791736e-13	1.0985635513030828e-13	1.0216843808833498e-13	1.0294583774446998e-13	8.288980471530722e-12	6.626122243609686e-13	-6.835821118862046e-13	-8.675900480508503e-12	-9.037836775797717e-12	1.2473472684380096e-10	0.41446061630169695	0.33766964535474825	0.3376696453566933	0.33766964535586774	-0.36555230637568237	-0.36555230637550945	-0.3655523063310762	-0.36555230633125296	-0.3632028827425586	-0.36320288274222656	-0.36320288274251455	-0.3632028827426767	-0.3632028827424488	-0.36320288274221013	-0.363202882741966	-0.3632028827413433	-1.0134298305362755e-5	0.006096887435848309	0.0049355680578943946	0.0006926280085852451	-8.512659936063643e-7	-8.572132700910208e-9	1.6730712044492752e-5	1.255101218806877e-5	5.785384638675615e-5	1.3485236920856536e-7	-4.479583080413406e-8	8.172973339825448e-7	6.074166988832599e-7	-3.62408689577409e-6	-1.291134074583076e-6	-2.741607303641646e-7	2.7752967070491587e-8	1.441849237376278e-6	4.390800785690341e-9	-1.8736430796122503e-6	-4.987766979198275e-6	6.047500557429248e-8	6.225590733200952e-8	-1.8170795317088992e-7	9.20828687303815e-9	-6.7684627178876054e-9	4.419799977480224e-8	6.207473756185416e-9	7.767436529115166e-9	-2.7198813665515786e-8	2.3681437715683117e-8	-1.0167449913465703e-8	-4.449229132107541e-9	-7.586794746133664e-9	-1.981039079524526e-8	-1.798427821852553e-10	-3.616071625639401e-9	-5.871906100892301e-9	-6.028141961154369e-9	4.5203434086169526e-9	-1.4490626035097038e-7	4.7952468531757333e-8	1.6888867120661872e-8	2.8965105589201103e-8	7.472507536703797e-9	-1.662922786199992e-9	-4.514246626409406e-8	-8.047011218227533e-9	-2.0541260168842868e-8	7.534934334800597e-9	-1.6510160042516014e-9	1.5233448723276085e-8	-1.8364481202292213e-8	-3.3032292772906788e-9	6.426554722666253e-9	-5.8767778353194506e-9	2.012330072238731e-9	-1.0715265048802282e-8	6.8962874831747534e-9	9.034734280992595e-9	-2.031021771799045e-8	-3.394171357120541e-9	3.20602162909111e-9	1.408151445541813e-8	1.651219892609088e-9	-3.4681398839389425e-9
39.0	8.01891830299059e-15	1.9496887293361544e-14	1.6992780419458377e-14	6.99357651146188e-14	6.5560083026986e-14	5.221827017039299e-14	2.813732923151672e-14	2.3874795649908015e-14	8.78377140404982e-14	6.633177253424258e-14	1.7940855919843212e-13	1.957477630214684e-13	-1.559787451867813e-13	-2.217543053804148e-13	-1.4719990029245395e-12	-1.7396955688632026e-12	-2.021479329047948e-12	-1.7802539015236839e-12	-1.697776638982072e-12	-1.6065905196812016e-12	-1.5788091395254876e-12	-1.505097521892991e-12	-1.3734121288360916e-12	-1.4370800043509508e-12	-1.8071109315506843e-12	-1.8433610657448847e-12	-1.8801573873466723e-12	-1.9666724272530174e-12	-1.9283900772357336e-12	-7.501490647664625e-9	1.3349424195750308e-10	-4.8556352742607824e-11	-1.5207018734546005e-10	3.6561948858613606e-7	8.47732888941316e-9	-4.081423032990345e-12	8.562242583654587e-9	1.0607021132880533e-6	9.32887998925083e-6	1.0997365795461572e-6	1.1625915863046208e-8	-4.4926618049695456e-7	1.2992313805242758e-6	-7.33641343941603e-8	1.705873878594111e-8	4.6885625419580785e-8	4.370877284831457e-6	2.3939268938251692e-8	-2.299950938629444e-9	1.2166359131222844e-8	6.009801269752328e-10	-5.816300950518625e-10	2.523741714903819e-9	-7.735294314779354e-9	2.1485280680992626e-8	1.8382841234080393e-8	-7.908585032566875e-9	-9.119304851007739e-10	-1.4883012981557019e-9	9.948100431223959e-10	9.286494680494833e-9	-2.4905896859618067e-9	1.6044289070198488e-8	-1.2213018621648797e-9	-9.476490568531183e-11	3.1047173151519416e-9	4.3159024625739145e-9	-6.437898342118825e-9	-1.3201073768490014e-10	-6.590624227630697e-10	6.806618674621854e-11	-2.492192494721841e-9	3.1302017460684186e-10	-1.7432759280339874e-9	-1.3322190455579237e-10	-1.5493123282235837e-11	-3.875807322207234e-9	8.484256449384817e-9	-5.088955920117766e-10	-3.1528694700410377e-9	1.923615279083001e-9	3.4684960118619646e-10	4.4074341756990136e-10	-3.0145863778420984e-9	9.160471223728276e-10	7.401946232505134e-10	-1.9353002899623383e-10	-2.6876711700702984e-11	-1.5473243291695202e-10	-1.6026028806194227e-9	4.7190190842693e-11	2.1756299088745884e-10	1.128345348295786e-10	1.915726458950746e-10	2.3168783053974563e-9
40.0	8.524181242279364e-15	1.8853890366087135e-14	1.7214534589759e-14	6.97446083244353e-14	6.541489661676981e-14	5.253110822128148e-14	2.835616630640829e-14	2.334253892751366e-14	8.767590199729417e-14	6.675660975076449e-14	1.789340093462414e-13	1.964701126417398e-13	-1.552153582209133e-13	-2.216557986393215e-13	-1.4715029951861011e-12	-1.739883408770822e-12	-2.020801182889297e-12	-1.7801664532313157e-12	-1.6975675882039556e-12	-1.6069823859287234e-12	-1.5791175898040626e-12	-1.5048185246946064e-12	-1.3730670201104611e-12	-1.4365333946738263e-12	-1.8089391069902084e-12	-1.840988665845872e-12	-1.8811658618076807e-12	-1.9670902688766445e-12	-1.929124827581225e-12	-4.699475288436246e-9	1.56045154716122e-10	-6.476649465894135e-11	-1.4126375982616901e-10	3.8095704001415673e-7	8.656628983050712e-9	-4.9815026571870024e-12	2.6112058768598912e-8	2.9674137297066867e-6	3.4765624663302453e-6	8.318721875527773e-7	1.6848846484058704e-8	-5.182256657643529e-7	1.2779047822070166e-6	-8.915672689690183e-8	1.2077456044350196e-8	4.444058139438316e-8	2.784119436168942e-6	4.196876725291693e-8	-2.4394826674472156e-9	9.887059415782772e-9	9.928116714662647e-10	1.254047739569534e-9	2.273296664405904e-9	-1.4402313528549563e-8	2.1681799143680443e-8	2.2800967119248712e-8	-7.059216265605834e-9	-9.433799886621024e-10	-1.8821853243548043e-10	1.1950940567098522e-9	6.005522116945339e-9	-1.2710985738089667e-9	1.6254717372128277e-8	-2.3902403118772515e-10	-8.719785257779612e-11	3.494669758158687e-9	2.629491247195473e-9	-6.5718689762627814e-9	-1.3333358539256124e-10	-8.933264094663354e-10	6.553506303477577e-11	-2.9402859289228726e-9	-1.2505007356928584e-10	-6.161115477214736e-9	-1.2987350360983332e-10	2.794900865318065e-11	-4.47000902651031e-9	8.77406786367904e-9	-6.625432747659151e-10	-5.95622670329202e-9	1.4434726886755351e-9	2.530718700957124e-10	-7.866220403355538e-11	-3.966155564942666e-9	8.809063659752501e-10	-1.027742943126928e-10	-9.393932837288983e-10	-2.3616998896845186e-11	-6.01824725536273e-10	2.098166733069352e-10	1.248461000331437e-10	-9.739544313029421e-12	-3.449831940093377e-10	-2.055977221238577e-9	1.5356527341663228e-9
41.0	-6.104964118961315e-16	-4.4161024314243185e-16	-8.525623470469737e-16	-3.161270493634585e-16	-1.8306559510670654e-16	1.868164271853531e-14	1.835553771115207e-14	4.8218853476068816e-14	1.8706179593812911e-13	1.7751704012537455e-13	1.7521461879286507e-13	2.2543059837551267e-13	-1.5753360137397102e-10	-1.5652759573375735e-10	-1.5629877977388536e-10	-1.6398924523385253e-10	-1.6384568327180716e-10	5.147004485304431e-9	9.295772522944671e-7	9.295772507676786e-7	9.295769479548585e-7	9.295786498154527e-7	-0.03604857685947425	0.2674889925354114	0.26748899253672864	0.2674889925367624	0.2674889925364078	0.26748899253647196	0.26748899253651665	5.1890799411915844e-6	1.3592954946982446e-8	5.025568773355663e-9	3.2303308490798935e-10	-9.528574415666138e-9	-3.691402829485441e-11	-6.495264120188842e-11	1.7280378847320007e-10	-1.0449151226654315e-12	-4.6763419438267895e-6	-2.7048640331794606e-5	1.6234437594155095e-6	3.286317420488644e-7	7.223670859720837e-7	-5.985909313565657e-6	0.07530426815206008	0.0688537855409788	-5.347004534142291e-6	3.424790461337811e-7	-8.973155049246729e-8	-1.1828654494535986e-8	-2.686067575420396e-6	1.7113764644899065e-5	2.4830270346082725e-8	1.5474746023737436e-8	-8.805236480360367e-8	5.446695048492254e-8	-6.105675545874046e-8	-8.86039068535327e-7	6.371370834288354e-9	1.636533408982918e-7	1.0119346430264367e-8	-3.054677420220971e-8	-3.3895243790932005e-9	-3.2241683286582904e-8	7.236209253091347e-8	-7.440598722515815e-9	2.8124189898830774e-8	-1.9661624768092812e-8	7.406044700649458e-8	6.095972551823448e-7	-2.9779182863859958e-8	-2.2085052531752972e-7	-5.058857604120678e-9	-2.04131899766293e-9	3.838026099259566e-8	-2.8091282024453964e-8	9.906335920642366e-9	-1.327313232366419e-7	3.6234418865383066e-9	9.193630786417058e-10	-1.1786956848671902e-7	-4.345082440718685e-7	-9.120538461749403e-9	-5.110016926585869e-8	-3.789060939393894e-8	-4.379451996948718e-8	-2.0104322236413754e-8	2.523048179966554e-8	-1.0413802296742189e-8	-9.085566883405675e-8	-3.0608001132363784e-9	-1.6110723735353258e-9	-7.505162659876005e-9	7.956565745035569e-9	-1.4928468984131195e-8
42.0	-1.191477616352502e-15	-2.4995688574433764e-16	-8.670988437456118e-16	-2.523631367378762e-16	-7.747345098874516e-17	2.134378250213569e-14	2.0512045359721936e-14	5.506117139393146e-14	2.128875888438115e-13	2.035589555252929e-13	2.005372331415912e-13	2.5891064503011114e-13	-1.8084054244055472e-10	-1.7968613102927676e-10	-1.794227476247725e-10	-1.8825108317390997e-10	-1.8808637611295376e-10	5.908495907204943e-9	1.067106785810048e-6	1.0671067846031382e-6	1.0671064368746966e-6	1.0671083902693436e-6	-0.04138190870990546	0.3070635801561699	0.30706358015768	0.3070635801577202	0.30706358015731167	0.30706358015738583	0.30706358015743823	7.304611344361279e-6	1.692649666117007e-8	6.807331381788136e-9	1.4166767086688792e-10	-1.4054100217465485e-8	-4.076239523015617e-11	-8.189131078492684e-11	2.155555847347696e-10	-1.2528324153708662e-12	-7.046897068593792e-6	-8.008550395486493e-5	7.085713575806111e-7	4.6459954476699676e-7	9.7947062619908e-7	-8.67439770501847e-6	0.0996160245782804	0.09485145647052562	-1.8739981904629593e-5	4.162308417633748e-7	-1.2097337168295547e-7	-1.541773635517838e-8	-3.5186211571882425e-6	2.2785785074775052e-5	1.6751146899162434e-8	2.021436173293585e-8	-1.174794127155936e-7	7.308444178095726e-8	-8.119060125517598e-8	-1.1780242713957988e-6	8.558156592140236e-9	2.2254003620365304e-7	1.3623981959905708e-8	-4.024432422281715e-8	-4.911861327310128e-9	-4.4109173254608284e-8	9.577132634278448e-8	-1.257118863461333e-8	3.3122284103830094e-8	-2.753106222825048e-8	1.0100777184838785e-7	8.081162502327215e-7	-3.6972659979011894e-8	-2.897197679147324e-7	-8.485425188507023e-9	2.025834765704967e-9	5.174879429231332e-8	-3.7667421661538086e-8	1.3099490711977964e-8	-1.771838768377593e-7	4.425996769817657e-9	-1.340222556806424e-10	-1.6158203045066854e-7	-5.779690282119549e-7	-1.1808613054915337e-8	-6.818652229832179e-8	-4.694326018442305e-8	-5.559281716269013e-8	-2.6840305750773693e-8	3.3735144484811454e-8	-1.3840143991628813e-8	-1.202397585372445e-7	-2.101147151456766e-9	-2.4786776152505677e-9	-9.417142664576389e-9	1.047735325341403e-8	-1.9924068043553384e-8
43.0	-3.198506689398266e-16	1.9611943643569793e-16	1.9204178071915492e-16	-3.0379569856284616e-16	5.972034429006767e-16	6.439042230988232e-13	6.397978363233521e-13	6.465983509092494e-13	6.299118259303445e-13	6.274942066519264e-13	6.173172563257358e-13	7.538356113353446e-13	1.5515172382726698e-11	1.7946144144092162e-11	1.2992419366832574e-11	7.387735661855236e-12	5.957957985460249e-12	-8.398379650016781e-9	-9.180475518208954e-7	-9.180475472557766e-7	-9.180464651764945e-7	-9.180503483472567e-7	0.08867701311442586	-0.3806157590649958	-0.3806157590650819	-0.38061575906522604	-0.3806157590656683	-0.3806157590659523	-0.38061575906590744	2.346434347711732e-7	2.3339368188459368e-7	-6.567705992482907e-9	1.0156045520266832e-9	-1.0669274325835537e-6	-1.1370610437932393e-8	1.0640791205645682e-10	-3.9019125110202885e-5	-2.32838224067587e-5	4.4001203623443764e-5	-1.2166992459089833e-6	1.7477952785319653e-7	1.663922287283996e-5	0.047027882706854526	0.037610159698585915	2.674132541590708e-7	-1.1684415512270979e-8	-8.910073720812167e-5	7.568578493776817e-6	3.8108917080798458e-6	1.5086011248042942e-5	4.7598346662112103e-7	4.285124378367753e-7	-3.2129760572737937e-7	-2.6281251158080574e-7	8.742995292839138e-6	2.6831615636652643e-6	2.5623975834035124e-8	1.9022565983544352e-8	-1.1133780309181599e-7	2.1990660630100066e-8	1.2704992132305598e-7	-4.369805720500618e-8	1.3456277061021684e-9	-5.896601724349663e-8	-2.371488119993471e-9	-2.159006328441083e-8	3.161155130066217e-8	5.169626107941026e-9	-8.41945724362344e-8	3.03731573354587e-7	3.338385186878435e-8	4.73658331505074e-9	9.105151913321425e-8	4.211718197940164e-9	-5.987851931148659e-9	-1.6255505734945927e-9	-1.8730452780756462e-8	4.899930763216694e-8	1.0510952061741175e-8	-2.0962540168064376e-8	2.1170631300411563e-7	2.811070671318954e-7	6.529850232349139e-8	2.0583752047148443e-8	4.4063120664115e-9	4.528553757656464e-8	-3.0234495603976976e-8	1.4062705406959114e-8	-3.429116681644207e-8	-4.56765945689268e-8	1.756838504678575e-8	-3.56313819649261e-8	-8.05205044229501e-9	-8.966415500679778e-9	-1.5140509118234413e-8
44.0	-7.194249923797033e-16	-1.2583425881646337e-16	7.213509061699288e-16	-2.4353040218867127e-16	2.776938833825114e-16	5.610995430903159e-13	5.57164690922113e-13	5.632308349086336e-13	5.485228466495049e-13	5.458374007703009e-13	5.383124269699238e-13	6.569181927104616e-13	1.3515785215927053e-11	1.5633387790700796e-11	1.1317921831665048e-11	6.435404298360185e-12	5.190005244344455e-12	-7.3159898101936205e-9	-7.997288851493767e-7	-7.997288817214951e-7	-7.99727938819293e-7	-7.997313216524221e-7	0.07724825225760522	-0.3315617107167728	-0.33156171071684887	-0.3315617107169736	-0.3315617107173592	-0.3315617107176083	-0.33156171071756807	2.446946276126034e-7	2.3247548283700614e-7	-6.686940824394872e-9	1.0070994320563376e-9	-1.1145876627927894e-6	-1.146096613462545e-8	1.0041324399424903e-10	-3.657128754124068e-5	-2.3435322592351915e-5	4.265321024342143e-5	-1.202474416088248e-6	1.7312678708080362e-7	3.8548833439129665e-5	0.017557522212767584	0.029357803397314915	2.58882680191214e-7	-1.0868041666522325e-8	-4.258646449736986e-5	7.161409353501285e-6	2.633943179171004e-6	1.1437914551762238e-5	3.4951586111901177e-7	3.2019142035678105e-7	-2.375677332442525e-7	-2.1472422625938236e-7	6.439541179383779e-6	2.047520584008253e-6	1.9911903294020216e-8	1.1327562910381047e-8	-8.354019510520546e-8	1.8456797355258998e-8	9.470676222578979e-8	-3.366984403399224e-8	2.1211110533105417e-9	-4.3306692067626164e-8	-3.3780243085290217e-9	-1.6113342250412526e-8	2.0116727711784715e-8	6.664072795030967e-9	-6.152666244165984e-8	2.2381887355914145e-7	2.2535280156796952e-8	8.920101028396233e-10	6.680591395245308e-8	1.5405995080866422e-9	-5.2672326036235695e-9	-7.975635902559294e-10	-1.3124394924769153e-8	3.850100435547509e-8	7.7691127930084e-9	-1.575511158513419e-8	1.5905297083837393e-7	2.0754471155379015e-7	4.757522438776491e-8	1.5303734441108055e-8	5.170429207807719e-9	2.3443130426161975e-8	-2.172825091692645e-8	1.0690580546213143e-8	-2.7084019308907343e-8	-3.621096240993718e-8	1.34361116467885e-8	-2.2901976693604286e-8	-6.3289109666611824e-9	-6.986199440428168e-9	-7.859189602278233e-9
45.0	-1.764950644441799e-14	-8.765866794477665e-14	-8.695745139741908e-14	-1.2913162150980623e-13	-1.278753093699504e-13	-1.6436174760774694e-13	-1.614482654131624e-13	-6.658399724235729e-14	-5.943195315356e-14	-1.3129305689508745e-14	-1.9089792127239993e-15	-1.8418557078788306e-15	-2.62276025430769e-15	1.0613447075224053e-14	9.198610683973633e-15	-9.543993814181054e-14	-8.680946089972427e-14	-8.720390275519004e-14	-4.353050643744426e-14	-3.5195104951580956e-14	4.822369012292995e-15	-3.6037363560633487e-16	-5.527644644276944e-15	1.2685891965850347e-13	9.373160798448585e-14	1.9545768655988271e-13	9.131192824480266e-14	6.64786204795672e-14	3.0367371293520398e-15	-2.2671438739805116e-8	-1.300511072317852e-6	1.2874672725951978e-6	6.948239380627594e-10	-1.234012197241227e-8	-4.924180882109606e-12	-7.741616172597453e-9	-3.4625286206002937e-9	-3.1954270333061683e-10	4.047520778830279e-6	4.6185328380966246e-7	8.739788145275938e-6	4.555304242604578e-8	3.0140994514962526e-7	1.0964235424468903e-8	0.0003489183628438902	0.0004022927134489611	0.00024320541274146484	2.2128021447466133e-6	-1.0987975806442424e-8	-2.7342089958663627e-8	3.4278449128481556e-8	1.508023361992572e-8	7.487016017600648e-10	-3.0868048526761005e-9	5.176795024327498e-7	2.4725870240128037e-9	-5.610018963203594e-9	-7.333933375139995e-8	2.4909449687601664e-9	-5.269509169334723e-9	1.1193844994067197e-8	-4.899496167062081e-9	2.7882083381993563e-11	1.4750493657035744e-8	5.313282973575514e-10	-3.549089800615913e-9	-1.2094711574633707e-8	1.2276605739979741e-9	1.4111400076601236e-8	-4.824600304767688e-10	-1.8437215971042082e-9	2.9218252400002427e-9	-5.468726116663446e-9	6.2348784071365605e-9	-5.595549960171277e-10	-9.88929743093239e-10	8.789637560665984e-9	-1.2302711680958188e-9	1.0686928701383449e-10	-1.7074588416108125e-8	-3.469337562590347e-9	7.554224435834241e-9	-1.3533830971941042e-9	9.57153180709965e-11	-1.2896709166690666e-9	-1.926471969997229e-8	-5.643357340846295e-9	8.742729030813842e-9	1.606981465457726e-9	-5.842189120130143e-10	-2.5070876057663012e-9	-3.2700798858075564e-10	9.247440359757519e-10	-3.987340093738224e-9	-2.826651675329514e-9
46.0	-1.7425027853557288e-14	-8.760889093778921e-14	-8.68306695375216e-14	-1.2922398429115798e-13	-1.2784728027963932e-13	-1.6421563421942894e-13	-1.6202067685052689e-13	-6.629593861582597e-14	-5.966961585897515e-14	-1.297236105064002e-14	-1.2646408844092022e-15	-1.2128901889116773e-15	-2.9280047287299353e-15	1.0727610939318391e-14	7.712261466172571e-15	-9.552325097286009e-14	-8.693608911459124e-14	-8.665980523296234e-14	-4.331950221526981e-14	-3.4861610989820624e-14	5.01698792955746e-15	-3.786964427531533e-16	-5.985909699188673e-15	1.2541783962302727e-13	9.366768582420134e-14	1.953192263392237e-13	9.116041980637769e-14	6.669674447066457e-14	3.1124131835617266e-15	-3.2682153777979414e-8	-1.601797605749531e-6	1.6218224338429363e-6	8.886817733293625e-10	-1.5303112647638553e-8	-6.147839381290089e-12	-1.3982420310308278e-8	-4.763272990551616e-9	-4.271355298903377e-10	4.418993681157999e-6	5.465270269779386e-7	1.0554555327540406e-5	7.218392110579044e-8	4.4585314801012757e-7	4.3623971852062816e-8	0.00013439028963956436	0.0003326758147045159	0.0002437461506472719	2.462182248934446e-6	-1.2982235134431384e-8	-3.2118687182918546e-8	3.0625118668356213e-8	1.3763118412623587e-8	1.8489462008642085e-9	-4.528212823903732e-9	5.222799212549981e-7	2.9019210135308845e-9	-5.240574765869521e-9	-7.166830765201956e-8	3.0651223169003746e-9	-4.86647405679493e-9	1.3752294909000573e-8	-5.2346210901899334e-9	-2.4922017253346205e-9	1.4722491141461717e-8	4.554761151553598e-10	-3.3349172425415228e-9	-1.160300249035195e-8	2.2886791716808027e-9	1.426613681066015e-8	-3.523706137990595e-10	-2.0844983202996333e-9	1.0335448411827322e-9	-4.661794101417873e-9	8.666312953044479e-9	-5.494688729076005e-10	-1.055646616894942e-9	8.831098736966266e-9	-2.335832978819585e-9	1.0126136519509868e-10	-1.5304624903081008e-8	-3.803330456134585e-9	9.681403283983797e-9	-1.4402255178887201e-9	-2.344838065981405e-10	4.0374666332423904e-11	-1.7489140344268095e-8	-4.709847803116805e-9	1.0540750981074483e-8	1.266126448548496e-9	-1.0055656035235755e-9	3.1631762521089303e-9	-2.1799427536301721e-10	7.636492005290672e-10	-3.75693862375138e-9	-2.966392581795744e-9
47.0	1.2094456570905137e-16	9.281156841453526e-16	-1.756971033224996e-16	-2.0877548706934179e-16	1.2880967624495324e-15	6.7374854826568265e-15	6.40109443897541e-15	-3.305473305190468e-14	-2.9681729549221526e-14	-8.180594460253936e-14	-8.458873557117642e-14	-8.53349189340466e-14	-8.309947681880595e-14	-4.723281379904366e-14	-4.617916780037171e-14	-1.4138356172405205e-14	-1.336743011680391e-14	7.523838001104852e-13	1.4060118360047225e-10	1.3928367132005274e-10	1.4230904240073812e-10	1.380942485662411e-10	1.3865645170274803e-10	1.3863002723472828e-10	1.3884792704037343e-10	1.385295911368841e-10	1.3807824055499957e-10	1.396421628620718e-10	1.4239015560289713e-10	-0.3163481558992916	-0.3233124814238758	-0.32017351659091825	-0.3388515335784136	-0.3308084298150668	-0.3420662332077641	-0.3167406295730285	-0.32232779671923967	-0.31565145585646276	-0.34876931943534883	-0.32287671948724495	-0.39618006683267276	-0.3202692070692003	-0.3228425338980266	-0.3112762561801566	-0.31631108275180597	-0.16086155397096502	-0.01308252891000904	-1.2423294617811048e-5	2.123105785558077e-7	2.521522949862403e-5	-8.579733796630355e-5	-0.0002059542178895243	8.434279130913342e-8	1.7624621385537954e-8	1.6097644943731706e-8	7.015184903431602e-8	-1.7485311494776335e-7	-1.4001676367189641e-5	1.3560661824098673e-9	-6.298017710334391e-8	4.388786026045854e-8	-7.067862713421188e-8	1.9702404623435907e-7	2.6805289747360094e-7	2.005608312032836e-8	-4.718312543714032e-8	8.402735887455539e-9	-1.0784083883463582e-8	-8.713821515591829e-9	-6.825451363340027e-8	2.017204007247729e-8	-9.662036655363131e-9	7.983151366928338e-9	-2.2578880031397706e-8	-1.138482047060985e-7	-4.788951326167844e-8	2.1451166653655863e-8	8.497720990647855e-8	9.130805913914138e-9	1.3673345846004424e-7	-1.3642419795598746e-7	6.732794090972253e-8	-8.223218727926352e-8	-2.3106222425210027e-8	-3.835367274186356e-8	7.21594828010842e-9	1.180611568157055e-8	1.4136747356900022e-8	2.5389153994412434e-7	-2.159277673595932e-8	8.594968406647104e-9	-7.746123745888429e-9	5.220873873489379e-9	-2.5816533643936852e-8	-1.8926241631702386e-8
48.0	6.966860565528676e-17	8.518456308687028e-16	-1.861463759990443e-16	5.2830864108475404e-17	1.7060900753674736e-15	7.265636222588209e-15	6.778385058514473e-15	-3.7746194506794374e-14	-3.3304209541635665e-14	-9.339492887669767e-14	-9.708599039299862e-14	-9.864818088028511e-14	-9.517633218454555e-14	-5.4820854934968835e-14	-5.225800558734164e-14	-1.659398096826991e-14	-1.560480218817165e-14	8.641210454285464e-13	1.6140295343661172e-10	1.5989054449368926e-10	1.6336304536945349e-10	1.585246058500722e-10	1.5917073008508346e-10	1.5914066789808742e-10	1.593903601702991e-10	1.5902500280921098e-10	1.5850559469966693e-10	1.603018824558008e-10	1.634567760938825e-10	-0.5000000000000001	-0.5000000000000001	-0.4999999999999993	-0.5000000000000012	-0.5000000000000028	-0.5000000000000009	-0.5000000000000014	-0.500000000000001	-0.5000000000000003	-0.5000000000000009	-0.5000000000000012	-0.5000000000000024	-0.5000000000000014	-0.5000000000000009	-0.500000000000001	-0.5000000000000028	-0.5000000000000028	-0.005675107080660082	-1.722820423842073e-5	2.615968526772104e-7	3.626916250574761e-5	-0.00011202872828838188	-0.0002827677654564159	8.279415227436745e-8	2.375238746617125e-8	2.100145682961207e-8	9.57992375407308e-8	-2.3118048040830498e-7	-1.875370589859524e-5	4.620671733241607e-9	-8.373416608790555e-8	6.162524714662709e-8	-9.495338712756183e-8	2.562640137067694e-7	3.6039358294507837e-7	2.8569959385640274e-8	-5.9100959555672186e-8	9.843191529299279e-9	-1.2990518725104774e-8	-9.75406318123957e-9	-9.284122660233969e-8	2.661876759987747e-8	-1.1740044716788354e-8	8.450408015228588e-9	-2.752347716396069e-8	-1.4705053120406993e-7	-6.534578659989651e-8	2.8814525094033036e-8	1.0938312944067106e-7	9.711995317241163e-9	1.8005123483270587e-7	-1.6475027725799376e-7	8.260011102932034e-8	-1.1313095236021725e-7	-2.753455756494594e-8	-5.096413157273042e-8	9.171590890684167e-9	1.4244898453089478e-8	1.6591577817033652e-8	3.3535290280929423e-7	-2.429999353125096e-8	1.313687682038756e-8	-1.2527390726154674e-8	1.1740216522374525e-8	-3.0728569325902056e-8	-2.7580802846991456e-8
49.0	-2.548117721515734e-16	1.4496296199901648e-15	1.909693035482955e-15	8.277529847887642e-15	5.24070134111112e-15	7.192672550334495e-15	4.439692407865858e-15	-1.9697797121884246e-13	-1.9101987762405094e-13	-2.8293828199279625e-13	-2.650871574119546e-13	-2.661773599958398e-13	8.616726879756978e-13	9.600128655166177e-13	9.481606454635362e-13	9.815192999620087e-13	9.762727314223492e-13	-9.623685793177141e-11	-8.031696490597509e-11	-8.264833411708942e-11	-8.03009384505841e-11	-8.222878919230581e-11	-8.332310191708212e-11	-8.102268837371775e-11	-7.764486329436525e-11	-7.789905290714559e-11	-7.914069609363211e-11	-8.011752894807788e-11	-8.088412951077194e-11	0.4851180253553173	0.4851180253553169	0.48511802535531523	0.48511802535531645	0.4851180253553202	0.48511802535532017	0.4851180253553212	0.48511802535532145	0.4851180253553185	0.4851180253553168	0.48511802535531606	0.4851180253553158	0.4851180253553186	0.4851180253553186	0.48511802535532106	0.48511802535532317	0.4851180253553179	0.2646222874510112	0.0016165981220268846	0.0032278965277967565	0.003822118213590623	-2.8744566590703247e-6	1.8504928994081533e-9	-1.2308553344268391e-9	-1.9601519077778096e-7	1.3624959241261214e-6	-1.4130329746575274e-5	3.219757862953065e-8	-5.712221682712172e-7	-5.514656550039936e-8	2.573030304386098e-8	2.67672825368476e-8	2.597739138785717e-7	6.32478082036615e-10	3.612699741606097e-7	-2.9347434550277565e-8	9.083303670422598e-10	8.80558721494626e-9	3.613574328185773e-8	-1.6415440177605018e-8	-8.236238806916057e-8	5.8981081892037416e-8	1.7986577911585816e-8	-4.1541480145814024e-8	-6.042710591627534e-8	-4.0113068276836154e-8	6.847523677350491e-8	1.2359966029185757e-7	9.97086972059016e-8	9.344496702377702e-8	1.8358548081108382e-7	7.2903680901221476e-9	7.329255596067101e-8	4.948817996498486e-8	-4.377139079178169e-8	-9.198968570339606e-9	3.075048955003238e-8	-4.6660138661784803e-8	4.422125533247925e-8	2.1673113892221864e-7	-4.103986401270656e-8	2.019179586229509e-7	1.4060153087959418e-7	-1.0486147730945217e-7	5.259709404500929e-8	2.7797934667287742e-8
50.0	9.328571828394998e-17	1.3748734199008634e-15	1.2491063271106023e-15	7.330822209569119e-15	5.275185847023412e-15	6.146005349853187e-15	3.865847087830965e-15	-1.716203975843245e-13	-1.6622811199772965e-13	-2.46527878465817e-13	-2.3085025563710816e-13	-2.3138123521391207e-13	7.507461726019103e-13	8.35693368737667e-13	8.25644414078661e-13	8.543192952991003e-13	8.509818783746565e-13	-8.383382923158262e-11	-6.99651698863216e-11	-7.199711647739544e-11	-6.995172186783002e-11	-7.163153069451885e-11	-7.25848962512055e-11	-7.058008738688418e-11	-6.763809962601614e-11	-6.785918269403147e-11	-6.894083832431061e-11	-6.97914927493711e-11	-7.045919106121745e-11	0.4225956454916138	0.422595645491615	0.42259564549161255	0.4225956454916136	0.422595645491617	0.4225956454916155	0.42259564549161627	0.4225956454916167	0.422595645491613	0.42259564549161266	0.42259564549161033	0.42259564549161177	0.42259564549161527	0.42259564549161377	0.42259564549161754	0.42259564549161927	0.42259564549161377	0.23223726761249128	0.0037125424159858782	0.0011164215627602848	0.002558332052517191	-2.1466954980919896e-6	-1.090446048883424e-9	-2.9986304182012107e-10	-1.856619268682351e-7	9.422788625113485e-7	-1.0731974558604882e-5	2.285886243842149e-8	-4.31054500608524e-7	-4.0775431417450746e-8	1.6393593093077417e-8	1.692786155397813e-8	2.0040780289257587e-7	-6.583442971261771e-10	2.6898342213597117e-7	-1.7947628599923284e-8	2.3699328720978066e-9	1.3424239801611201e-8	3.104280122638878e-8	-1.0775121184821639e-8	-6.387614824884584e-8	4.449640487424384e-8	1.2272472999271809e-8	-3.010238451604405e-8	-4.63582681821118e-8	-3.958564128545613e-8	5.681506827695247e-8	8.882746840938457e-8	7.729077085810495e-8	7.487214967053137e-8	1.4930129886077774e-7	6.096904443913534e-9	5.96796738823215e-8	3.952294296178438e-8	-3.33897495460623e-8	-7.90449014184256e-9	2.6816012434764023e-8	-3.637392733871983e-8	3.6974867521951694e-8	1.6346564528900994e-7	-2.6382129643098213e-8	1.4706960986743394e-7	1.1053732530370329e-7	-7.635097497811556e-8	3.859144083052062e-8	1.861945481635689e-8
51.0	1.1377173496816464e-16	-9.677088675730353e-15	-3.6166788369316006e-16	-4.486045045371002e-15	-1.1906430692980576e-14	-1.8394588200409755e-14	-2.2526796085132218e-14	3.996257082153675e-15	5.407186004368364e-16	-1.0585672157256144e-15	1.715133268349485e-16	-5.368133765062694e-15	1.997933420321421e-15	-5.564366867282653e-17	-1.6193131320745626e-16	2.2813898735808427e-14	2.7280303622783544e-15	-5.949103350401846e-14	-1.1212494177464839e-13	-1.1790965011724174e-13	-9.607115308888029e-14	-1.7347873621523363e-13	-1.0344092286150198e-13	-7.487531499809425e-14	-1.1503716076225187e-14	6.118471315034751e-15	1.032809899204798e-15	-6.1325728531280446e-15	-1.096736321020521e-14	-1.9751462999377763e-15	-2.806503421665629e-15	-2.3590065193812226e-16	-2.5795471956501997e-15	3.9112993353461023e-16	1.2078553565476916e-15	2.4539364406093166e-15	1.713363922761189e-15	1.4123643847960768e-17	-1.0967972729973823e-13	-3.741436262636827e-14	-1.7806594864822485e-15	-1.3618596599586493e-14	-1.483313846213818e-13	-1.251002853355924e-12	-1.8288710314818764e-12	-1.7369589251411283e-12	0.005481962167027753	-5.995156985989983e-6	-1.1240467956405415e-8	4.0958809271880917e-7	2.711782110032874e-6	1.0199717703792772e-7	4.3321611200232455e-9	3.483344052524669e-8	-6.625683223454262e-9	-4.674452658847488e-7	-1.9726209464953287e-8	-2.599334674229367e-8	-1.8928569606730078e-10	-8.273060445139764e-9	-1.603820357968591e-8	-2.1538220348871865e-8	2.745517481688171e-10	2.204537530605068e-9	2.012974607696498e-9	-4.883369771578444e-10	1.12195597657064e-8	7.970931449201995e-8	1.3327461228895773e-9	5.418542504918586e-10	2.1388450672557654e-10	2.551715006513076e-11	-8.355142681701123e-10	-1.3337885655809835e-9	-9.576041978539149e-9	8.811588291055239e-9	-3.811048871706974e-9	2.9259325114495136e-8	1.1095697978600892e-8	-1.0074399545929562e-8	5.660581734118383e-10	1.7192266068937565e-10	-1.238230514294691e-9	5.0088244235352876e-9	-2.8885251178985463e-9	4.745744440002954e-10	-6.41071884483717e-10	1.282666034729034e-11	-1.5090343901043096e-9	-8.936345707391448e-9	-1.2169562307516918e-10	-7.640259214495905e-10	-2.366076794856645e-9	-2.3936016027078727e-9	-7.817062381037079e-10
52.0	-1.1771081333458717e-16	-9.151479267804633e-15	-6.42666086685242e-16	-4.461496727671455e-15	-1.1576295697366288e-14	-1.8460645884940754e-14	-2.1724673569412107e-14	4.097309181360247e-15	-3.25519577011787e-16	-1.0604065670468493e-15	3.7552204007617065e-16	-5.675498850008338e-15	2.290485947400474e-15	-6.785148695131785e-16	7.215698159283678e-17	2.2946300517651977e-14	2.6721705618465973e-15	-5.888319534633023e-14	-1.1281617091345518e-13	-1.1768017074115289e-13	-9.705098903022399e-14	-1.7462310623417092e-13	-1.0377154094279722e-13	-7.476197068713436e-14	-1.1685788412429559e-14	6.023670837157321e-15	6.0803090926742e-16	-6.45630292391459e-15	-1.0836707580187604e-14	-2.2267820866308748e-15	-3.0066079358019944e-15	1.4241581560710488e-16	-2.4870272210592807e-15	1.5430391327838088e-15	3.7695431646418e-16	2.4389600056830897e-15	1.6986865773087675e-15	-2.1922611019939561e-16	-1.1029761851505327e-13	-3.6179379897804005e-14	-1.2613063697202138e-15	-1.3169641202480249e-14	-1.4862621701801048e-13	-1.250858516408127e-12	-1.828536188876055e-12	-1.737505805665704e-12	0.006517118757061168	-6.141220154922384e-6	-6.716908743242572e-9	1.133152183487826e-6	1.0199719294705737e-6	7.562492328131698e-8	4.167332489590637e-9	3.9087876099552066e-8	-9.367100118123096e-9	-5.323442890309738e-7	-1.5161822960881802e-8	-2.3970898318375515e-8	-1.4088079640944505e-10	-8.986583034338884e-9	-1.4222929049149826e-8	-2.1325851071013526e-8	2.665158585984306e-10	2.291385266686288e-9	2.606459522041644e-9	-7.962523608940829e-10	9.129181649677581e-9	8.896537189482669e-8	1.726139611224803e-9	5.367252110925194e-10	2.68505807402255e-10	3.223242828232937e-10	1.2338632154242767e-9	-2.406580269867913e-9	-1.1238584664895385e-8	8.50916712108821e-9	-4.864386073377911e-9	2.9581905987159357e-8	1.0670332371968056e-8	-8.240077616577283e-9	5.671837324613348e-10	4.019773856537596e-10	-1.2499925657904105e-9	7.840324421338575e-9	-3.85829149598927e-9	4.17205306960136e-10	-5.545085116544994e-10	1.3632584491339612e-9	-1.4615657482128838e-9	-9.00160579758443e-9	-1.3341375471481287e-10	-6.179451046098652e-10	-2.663909208872203e-9	-4.633475866645121e-9	-7.354909630678892e-10
53.0	8.603256040969381e-17	4.3025995473886815e-17	4.846841361921459e-14	-5.009218300317975e-13	-4.3156162487895184e-13	-2.601803407695128e-13	-1.6350388175949139e-13	2.1697754627521668e-14	2.256196610303699e-14	1.6428083761637685e-14	-5.1389859092621966e-14	2.749469613338841e-13	3.901815367160745e-13	3.938637806776024e-12	4.581838570815536e-12	-5.039414122620841e-10	-5.02640599768479e-10	-5.030328858955818e-10	-5.027873632111293e-10	-5.014197626214402e-10	-5.014740539667962e-10	-5.014051085859153e-10	-5.013775132483827e-10	-5.011187473871275e-10	-4.982952317088758e-10	-5.00258150369372e-10	-4.994216120657784e-10	-4.991916499343144e-10	-4.9934773312129e-10	-4.991819285274105e-10	-4.979500874824427e-10	-4.988045768727556e-10	-4.989510671713868e-10	-5.00651252591555e-10	2.817503883985494e-6	2.8175042629847407e-6	2.817504996209393e-6	2.8175048472120984e-6	2.8175057543739744e-6	2.817506066576515e-6	2.8175072754048817e-6	2.8175091858200625e-6	2.8175085055111306e-6	2.8175084974097407e-6	2.8175089120891285e-6	2.817508617989801e-6	0.3942469580631316	0.0003723757235187932	3.064711768259904e-8	5.0931855647519425e-9	-3.1445061112796635e-5	-1.066254189717e-5	8.640116462109958e-8	8.445089653543664e-8	-1.0133571085040563e-6	1.1135512894824618e-5	-1.1264621560627668e-5	-2.557737649161972e-5	1.9422092094583977e-8	1.2755207891323945e-7	-4.8251951844975844e-8	-5.751019898567639e-8	3.3157736028013366e-6	-1.2797109301661445e-6	3.9224510889838894e-8	-2.768772025090866e-7	9.979925000739919e-8	1.927824740181689e-8	-1.9736938515626712e-7	-9.590769255809933e-7	-1.555336727632453e-8	7.296784707166175e-8	2.9451943050522385e-8	-2.5656096885193918e-8	1.2530030205330327e-8	-6.246062509393895e-9	3.639117112121238e-9	2.538665352165085e-8	6.778603710119981e-8	-2.9038344192470536e-9	-4.980307583971494e-9	1.4624316080983363e-8	-2.175092486547784e-10	8.218914444422863e-8	-6.491821287988224e-10	1.6602755904374782e-9	-6.608749721473507e-9	-1.7627873325289738e-9	-1.2066473526341599e-8	2.1407875349965898e-8	-1.2372868661172114e-8	1.4104114560656494e-8	8.262296969149969e-10	-1.0612185396756217e-8	-2.870224648957341e-8
54.0	6.07466258200019e-17	-1.3318610206091168e-16	5.518482641313095e-14	-5.755713827379762e-13	-4.959958885747959e-13	-2.9807004970257575e-13	-1.8759551751390067e-13	2.4459599215636962e-14	2.3737351971258805e-14	1.871041707731454e-14	-5.839372229317257e-14	3.1529666248048555e-13	4.4772999171554777e-13	4.5206287450316386e-12	5.260852070423388e-12	-5.78499314531358e-10	-5.77005454023176e-10	-5.77455205638417e-10	-5.77174031240307e-10	-5.756037744235791e-10	-5.756664579314253e-10	-5.755872903331282e-10	-5.755559327822232e-10	-5.752578355180357e-10	-5.720174330656218e-10	-5.742692990499278e-10	-5.733101183970235e-10	-5.730461752256311e-10	-5.732266302245476e-10	-5.730350618810555e-10	-5.71621407812408e-10	-5.726026844175038e-10	-5.727698315736316e-10	-5.747217575240923e-10	3.234349276686305e-6	3.234349712600406e-6	3.2343505540930782e-6	3.2343503832297628e-6	3.234351424687803e-6	3.2343517828451742e-6	3.234353171056817e-6	3.234355363533722e-6	3.2343545813690787e-6	3.2343545735440863e-6	3.234355049299652e-6	3.234354711271813e-6	0.4903875492071518	0.000513813039238869	4.1132876001739814e-8	6.5514915271050615e-9	-4.725213626150063e-5	-3.11022719792386e-5	3.7707419252587587e-8	1.1930777005336862e-7	-1.4305250249580307e-6	1.6050989057746765e-5	-1.4769308912161508e-5	-3.5202046815350824e-5	1.551941523827015e-8	1.743934404090717e-7	-6.919105854500265e-8	-8.075547032482023e-8	4.403367949079576e-6	-1.7177320697564922e-6	5.2283824756882937e-8	-3.7205705875485187e-7	1.2893831399415782e-7	2.888502500902283e-8	-2.6440108405792475e-7	-1.2895325525715169e-6	-2.1711249443938254e-8	1.0670098384211273e-7	4.132987671005191e-8	-3.280260715081353e-8	1.7227374217868117e-8	-9.076924987339415e-9	4.915769352001755e-9	3.350348698834195e-8	9.160305029072104e-8	-3.065878019650347e-9	-6.776868393365432e-9	1.9478643873924917e-8	-3.0302920776935883e-10	1.0966680481895278e-7	-1.492461798865155e-10	1.3670963477967486e-9	-9.132640383204352e-9	-2.585440542106604e-9	-1.4222601956497903e-8	2.1442999625894815e-8	-1.1032716182957658e-8	1.8549200096796408e-8	1.1750476311480783e-9	-1.4488725970858895e-8	-3.7929956217973224e-8
55.0	-6.263852664240734e-14	-5.914227668757514e-14	1.0725147440969378e-8	1.0724977780952753e-8	1.0724943095827395e-8	1.0724973360922601e-8	1.072458315943187e-8	1.072522993367132e-8	1.0725234257680279e-8	1.0725237761329854e-8	1.0725188501283881e-8	1.0725165370919647e-8	1.0725144372294695e-8	1.0721926340264942e-8	1.0721210516604598e-8	1.012222656532342e-8	1.0123706717549369e-8	1.0124273420246524e-8	1.012405536966811e-8	1.012265427715002e-8	1.0123144545936807e-8	1.0122852212117291e-8	1.0122917052874201e-8	1.0122552911380439e-8	1.0128333940970446e-8	1.0129475937406893e-8	1.0129818591550542e-8	1.012984052293277e-8	1.0129481256935459e-8	1.0130392920926162e-8	1.0129039449054036e-8	1.0129796266870488e-8	1.0130342120694057e-8	1.0133654646745572e-8	-3.224529265219078e-6	-3.2245298780066094e-6	-3.224527932453269e-6	-3.2245283607208964e-6	-3.2245283006438657e-6	-3.2245281039271993e-6	-3.2245275050724873e-6	-3.224527698740158e-6	-3.224529146702461e-6	-3.224532077230896e-6	-3.224532398433313e-6	-3.2245324717488537e-6	-2.7328739414347997e-6	3.2483522495256454e-6	-0.00018087314493509053	-0.0001632756429962949	1.3542789607783608e-6	-1.1626195223436076e-6	-1.0918012032002881e-7	3.4192831176699193e-6	-1.819059819735447e-5	5.518687210952867e-5	1.357231188643178e-7	3.705838463157413e-7	1.3871434722210053e-6	-1.2517072048991813e-6	-2.7628574781544175e-6	-9.372568611526375e-7	1.1977583631503645e-7	2.631274203737252e-7	-3.1887430231079602e-6	-3.376466392431208e-8	-9.714728388246746e-8	2.066331948042037e-6	-9.278159940841568e-8	8.203759691095975e-8	2.434058668518123e-9	-2.2399210898224644e-7	-1.0925633978806272e-7	2.211158618074884e-7	3.639609749723668e-9	2.122098286547545e-9	6.997413014358043e-9	4.2337630238780745e-8	2.6540602361185746e-8	6.275631628214128e-9	-2.879847781772872e-9	-7.281136587167449e-10	-2.3257560497775436e-8	-9.03963116118126e-8	-9.238958166815875e-9	2.9176983320434392e-8	-1.2663767590788884e-8	-2.5809332552185248e-8	-4.535730933773332e-9	7.345265827459506e-8	4.8330954562272206e-8	1.170739078046865e-9	-5.424692611307542e-9	-3.274017873297764e-8	6.937537450799952e-10
56.0	-5.442178923674756e-14	-5.202098742682895e-14	9.342882353909983e-9	9.342733711862821e-9	9.342704471633583e-9	9.342730286694199e-9	9.342390684606868e-9	9.342954428309378e-9	9.342958574208009e-9	9.342961623969905e-9	9.342918538868215e-9	9.342898479993805e-9	9.342879948911235e-9	9.340076170750666e-9	9.339453491308837e-9	8.81766622193947e-9	8.818955104121823e-9	8.819449580302138e-9	8.819259527680429e-9	8.818039274878901e-9	8.818465905600176e-9	8.818211334969083e-9	8.818268032834537e-9	8.817951435850164e-9	8.822986785095363e-9	8.82398155912465e-9	8.824279675435178e-9	8.824299055402739e-9	8.82398638922478e-9	8.82477997241849e-9	8.823601133779208e-9	8.824260249763171e-9	8.824736312590701e-9	8.827621390526191e-9	-2.8089494821048e-6	-2.8089500163123634e-6	-2.8089483212750415e-6	-2.808948694703499e-6	-2.8089486426577613e-6	-2.808948470239541e-6	-2.808947949382438e-6	-2.808948117476773e-6	-2.8089493788013017e-6	-2.808951932044212e-6	-2.808952211861794e-6	-2.8089522754249525e-6	-2.6652692862950236e-6	3.1970123452013887e-6	-0.00013368106373856667	-0.00012768064433251296	9.675656958375487e-7	-8.589818083795521e-7	-7.80834690397004e-8	7.868175248903515e-6	-6.202236848686968e-6	3.7086248223366155e-5	1.00119107449917e-7	2.8145312173157755e-7	1.0494405888671721e-6	-1.180923447486479e-6	-1.9120887309529293e-6	-7.160114830325886e-7	8.77064512829973e-8	1.9671117812101798e-7	-2.434531056816861e-6	-3.68394681489773e-8	-8.097504646668718e-8	1.486950558940784e-6	-6.890369040561314e-8	5.97930380339236e-8	2.836814082769288e-9	-1.6899409832262915e-7	-8.359809519306696e-8	1.6708967339677157e-7	4.261551855514101e-9	1.7833279811474473e-9	5.020463808818484e-9	3.686706900355679e-8	1.9820661880836137e-8	6.060204106814718e-9	-2.144488705247799e-9	6.487705937090863e-10	-1.6217738417420397e-8	-6.714745248590354e-8	-7.893836848512358e-9	2.3122084396141514e-8	-1.1473245995437606e-8	-1.9668208765682223e-8	-3.799314150788138e-9	5.6516892982085496e-8	4.15837185544165e-8	1.3113134197333058e-9	-2.2820331801994522e-11	-2.044803990090105e-8	7.62486240370858e-11
57.0	-1.033098220229596e-14	-1.2904267615580422e-14	-2.7105543294473782e-14	-8.35867853382301e-14	-8.436080633375819e-14	-1.0937007388466348e-13	-5.088989338110392e-14	-3.5040463825259295e-14	-3.445663723567766e-14	-1.1514398160000539e-16	4.551330016917206e-14	5.926351300860754e-14	6.522015919329198e-14	6.111881135127196e-14	-3.1248908007732794e-16	-5.581433945097842e-16	-9.764987363073488e-15	-2.3696329093046097e-15	6.637653004987312e-15	1.4464190287037995e-14	8.5690869696808e-15	9.519139890477012e-15	-1.532205227274709e-15	-5.648962731375107e-15	-6.177671293809869e-15	1.3300721925736815e-15	-3.748871757826747e-15	-3.5191050397342448e-15	1.4625606343631709e-15	9.823875136596167e-15	-6.722841526836172e-15	4.6075230319380055e-15	6.864556676300709e-14	6.284724412822675e-14	2.1805341375216152e-14	-1.863529664807063e-15	-3.3537751635122027e-15	5.419932666365146e-16	-9.844718406658732e-16	2.2639510867346045e-14	5.685095751615476e-14	5.891419557753497e-14	2.194708621418123e-15	-1.36647098982998e-14	-2.9879902579515724e-14	-2.941873411957683e-14	1.1215586868639274e-14	-4.445178072106307e-8	-3.9538360943852426e-10	-9.28431172166813e-10	1.115896862330851e-9	-7.568765861621487e-10	-1.7836867776508097e-8	5.929965477266197e-9	3.383365883011206e-9	-1.7630528127914795e-6	1.4289763490298567e-6	2.0478784377560042e-7	-8.039101051229913e-9	1.1425670331362742e-7	1.4682678633734703e-7	2.46414825467864e-7	-3.774729702171146e-9	-4.6543409410243854e-8	-7.098929027539044e-9	-4.213655155233479e-9	-7.801099951964494e-9	3.575849944931923e-9	-5.572642693758238e-9	-6.940267555129642e-9	7.476159201031192e-10	-6.739761259447676e-10	-7.2068325435195015e-9	1.0553839870255633e-9	1.0628232037318161e-8	-1.3232466634860575e-9	5.5843171486541175e-9	-1.2329823538406441e-8	-1.3761747243190176e-9	-1.3832777798349355e-8	6.213233762741914e-9	4.028625863883498e-11	1.2121270055368727e-10	-1.4597194823719589e-8	2.7938138803996236e-9	6.894586203593794e-9	5.976537341078505e-10	1.7186093093362412e-10	2.322032165075744e-10	-3.644327167558841e-9	-3.6219137919006945e-11	7.377132044730151e-10	-2.493316777450591e-9	1.0570310605495457e-8	-1.556856483384678e-10
58.0	-1.1696860691753402e-14	-1.394412701905431e-14	-2.6778377293145066e-14	-8.235828055906836e-14	-8.422493403746048e-14	-1.093089960241557e-13	-5.090176617230079e-14	-3.5983177986262856e-14	-3.511357039595306e-14	1.0980584075924836e-16	4.577570907766742e-14	5.883964309965976e-14	6.530509921106644e-14	6.098664382061607e-14	-7.57935119505888e-16	-4.810069262236249e-16	-8.646302645700635e-15	-2.4197500334218624e-15	6.790678906232509e-15	1.3996938156889713e-14	8.629986991159743e-15	9.6498906978565e-15	-1.3430161963782599e-15	-5.51005829902158e-15	-5.315926503264504e-15	1.319840499435308e-15	-4.233410070253445e-15	-2.4700897939742425e-15	1.4733264298933632e-16	9.80921005420041e-15	-7.129805752671771e-15	4.640030164832831e-15	6.703487270256805e-14	6.243578098105533e-14	2.1881085231650624e-14	-1.805535144382804e-15	-3.9430323573050256e-15	2.721775829729017e-17	-6.487335464542386e-16	2.259259257286223e-14	5.611499363218291e-14	5.805023278641224e-14	2.267894560824803e-15	-1.3822515876325525e-14	-3.046276857260468e-14	-2.9603003904328126e-14	-3.405778194284501e-16	-4.686746619151377e-8	-3.99676263786941e-10	-1.2026909293745953e-9	1.0816409448986954e-9	-7.473670475828853e-10	-1.7500150929927e-8	5.918927809505574e-9	4.366760440463001e-9	-4.776968301112065e-6	6.130922361812514e-7	1.5468450196026042e-7	-6.0745674373799735e-9	1.2313447806877016e-7	1.5555106545738838e-7	2.814992552381015e-7	-3.0143973535797563e-9	-3.2438567276785315e-8	-7.1704563491689835e-9	-5.7821185625123135e-9	-1.2568952380423594e-8	2.4642198222964846e-9	-5.704528788675602e-9	-6.865512159588889e-9	1.3409155252796549e-9	2.6891571761658065e-10	-1.900544067094506e-9	3.0081283936046683e-9	1.1336154108538836e-8	2.403487732077703e-10	5.912207291787287e-9	-1.679074930669243e-8	-3.263180381322175e-9	-1.752524150160828e-8	7.911699724891436e-9	4.0045856072935764e-11	1.1314423919624279e-10	-1.9556633732926843e-8	1.7535945204982415e-9	8.3880277937245e-9	8.834256731592939e-10	-7.779987148779549e-10	9.861145134062465e-10	-1.607709102965369e-9	-3.1167210818445345e-12	5.446930011421959e-11	-2.4190439780978232e-9	1.0974270068071958e-8	-1.5475413168353046e-10
59.0	-7.723408255029639e-14	-2.0964544210811418e-13	-2.457238325141638e-13	-2.4999876374641375e-13	-1.8846366103581467e-13	-1.0873211011914673e-13	1.1695892143534636e-12	6.241781836953261e-13	7.715114052461441e-13	7.139951293891232e-13	7.119298812877832e-13	7.00439819570725e-13	7.007899264307715e-13	-9.755419990876039e-13	-9.712475096431895e-13	-1.0790228702730187e-12	-8.801287414189771e-13	-1.0583575866947386e-12	-1.0504375047716181e-12	-1.0409452260473134e-12	-1.1055050119130917e-12	-1.0958247641431702e-12	-1.090586425656562e-12	-6.738885339503919e-13	-7.388297258550212e-13	7.319458207362364e-10	7.32503811088161e-10	7.323479399692581e-10	7.295280738663054e-10	7.296552806935861e-10	7.320346057841329e-10	7.311764658490061e-10	7.313729475102598e-10	7.302196212655369e-10	7.314769975381337e-10	7.328537150419007e-10	7.32765625547986e-10	7.335355099492974e-10	7.337293029009292e-10	7.324726240321036e-10	7.327798439787131e-10	7.325788961588368e-10	7.295770069023369e-10	7.295777835865187e-10	7.297932081385507e-10	7.307663189269194e-10	7.221153987779212e-10	0.00017358087596055255	3.6462973185071524e-7	1.1617194103409173e-8	6.292748963497262e-7	-2.0536025813613632e-7	-1.8540269442186443e-6	2.1512409959820264e-8	7.162356587386987e-9	-2.0506989149482008e-8	2.508910545568572e-5	2.291968919808825e-6	1.4074831856403008e-6	9.935927560384734e-8	-1.9715947409829028e-7	-1.1246144307622889e-5	-0.0003002458949035315	-0.0002378786577642639	9.69810044120977e-7	-3.0689105928617514e-8	-8.689317506448387e-8	-2.746723867396836e-8	-7.078833078368699e-6	-1.1353228414811445e-6	-1.9746900134056756e-9	-2.120125826195207e-7	-6.592226966454249e-9	3.749951371778912e-7	-1.5680794540001833e-6	-2.735734680926727e-7	6.853829312156353e-9	1.0138981294163415e-6	5.092057836121238e-8	-1.8037305362421717e-8	1.818127273139406e-8	-1.2029465985329714e-7	9.903658928244169e-8	1.3604388872242714e-7	6.716595330916404e-9	2.913498570292278e-8	1.0438418078728819e-8	3.705018923311948e-8	2.021254441331028e-8	-1.375603497775947e-8	-3.753168797407489e-8	-1.471396693695094e-8	2.04539858187643e-8	2.7457803049756044e-9	-1.0032449653972118e-8
60.0	-8.853799214873373e-14	-2.412811395209662e-13	-2.8213589915789015e-13	-2.8840511567531785e-13	-2.1554956336732735e-13	-1.2523459444863876e-13	1.3424482164704067e-12	7.157002760866387e-13	8.864814907216843e-13	8.194292992791407e-13	8.170474760528146e-13	8.045508659183287e-13	8.044447651455605e-13	-1.1203234474441724e-12	-1.1141856355782313e-12	-1.2384753081310803e-12	-1.0103245142509992e-12	-1.2147728317784936e-12	-1.2053450455007095e-12	-1.19473816535784e-12	-1.2692656047564036e-12	-1.2570823152434538e-12	-1.251944377492989e-12	-7.724887600228973e-13	-8.480760351036372e-13	8.402366443626206e-10	8.40876533961951e-10	8.406966679826832e-10	8.374601544217309e-10	8.376070311831898e-10	8.403372492842347e-10	8.393537560938015e-10	8.395782905659197e-10	8.382546333236599e-10	8.396979869812711e-10	8.412788171880841e-10	8.411764561406967e-10	8.420610970911295e-10	8.422846291851859e-10	8.408410744929493e-10	8.411938800908951e-10	8.409626363031344e-10	8.375162722416653e-10	8.375176108516233e-10	8.377647566761979e-10	8.388817973853874e-10	8.394376076348955e-10	0.00023791664474021883	5.012257761845643e-7	1.6462673951413153e-8	8.320256183756788e-7	-2.9448280045264437e-7	-1.9744028165614322e-6	3.033557498914158e-8	7.149897133642926e-9	-2.2229180148189368e-8	3.767593877730802e-5	6.644562998180145e-6	6.101008570903923e-7	1.388137698636162e-7	-2.6517694076370827e-7	-1.6348643320014193e-5	-0.0003951178767949119	-0.0003280003358488868	1.2238113620790025e-6	-4.2340601236507206e-8	-9.383386776046692e-8	-4.168397247994904e-8	-9.458792540332303e-6	-1.5296696887310846e-6	-1.7357370753409299e-9	-2.83728475036826e-7	-8.551969225263568e-9	5.260733427272139e-7	-2.106728046986929e-6	-3.6819587945558155e-7	8.777491440658706e-9	1.3808755624979587e-6	6.76096020207241e-8	-2.404309543261212e-8	2.2970049121206552e-8	-1.6279853967743143e-7	1.3211674474959053e-7	1.871670406858565e-7	8.762427046484184e-9	4.0178421538500014e-8	1.2209648688941539e-8	4.815210148712388e-8	2.8405739468091618e-8	-1.9800093646238482e-8	-5.149026392001217e-8	-1.7909702485027097e-8	2.7474334945450902e-8	4.523197537609032e-9	-6.580601144920335e-9
61.0	-6.674484136018348e-7	-6.674484433951027e-7	-6.674484378949909e-7	-6.674484425083285e-7	-6.674483151654366e-7	-6.674482810459057e-7	-6.674481492973042e-7	-6.674481893353172e-7	-6.674485757514793e-7	-6.674485004188252e-7	-6.674485073059834e-7	-6.674484119893679e-7	-6.674484141558582e-7	-6.674511143773627e-7	-6.674514713751592e-7	-6.674518525710731e-7	-6.674518026675858e-7	-6.674518617344374e-7	-6.674518566743363e-7	-6.674519165225947e-7	-6.674516276352665e-7	-6.674517629200722e-7	-6.674517790747206e-7	-6.674513076183686e-7	-6.674524969844145e-7	-6.67474273849056e-7	-6.674744172484203e-7	-6.674757425192619e-7	-6.674770833169011e-7	-6.674773584977686e-7	-6.674800239696659e-7	-6.67484167493316e-7	-6.674847820546396e-7	-6.674864225181853e-7	-6.674880329667046e-7	-6.674896912836107e-7	-6.674902175354845e-7	-6.674920005040116e-7	-6.674922544556683e-7	-6.674955601468026e-7	-6.674954877180004e-7	-6.674958818962515e-7	-6.67498772587717e-7	-6.675004884515664e-7	-6.675023103818724e-7	-6.675149319941686e-7	-6.675155110378848e-7	-1.1557912652286689e-7	8.892400802434979e-8	-7.99014454943685e-8	1.1736486268762339e-7	3.280206914804001e-9	-1.3084684674267505e-7	-2.2162723138586185e-9	-4.362743359844822e-7	-8.659105873075275e-6	-8.14750976684946e-6	-1.8645514172037239e-6	1.858779101807349e-7	-1.3665569405111154e-6	5.027998561110694e-5	5.964993045297265e-5	-2.4822795661583614e-7	-4.492016504405289e-6	1.1683653497504696e-6	4.809759875912175e-7	-5.411691918666232e-7	-7.93997970171642e-6	-4.83195394575343e-6	1.0465393410814318e-6	6.447528083354295e-7	3.091683877366578e-7	1.883640902779384e-7	1.7130994439978846e-6	6.335322272936191e-8	-5.8603102526574176e-8	-3.848531019184756e-8	7.323049270020702e-8	3.556589008810661e-8	-1.093316794141349e-8	2.539430804757473e-8	3.858379223703419e-8	-2.6440781492513734e-8	-8.775933143761445e-8	1.3723288941987356e-8	1.9301901943997373e-8	-5.8260007959822524e-8	-9.284709608164733e-7	4.865305295708687e-8	5.390112614990192e-10	6.99256866073097e-8	-1.9697156978509177e-8	-8.09737852511422e-9	-4.21322952681185e-8	-3.295130710702276e-8
62.0	-5.814271544058214e-7	-5.814271800713308e-7	-5.814271762731277e-7	-5.81427179482423e-7	-5.814270688066712e-7	-5.814270396603466e-7	-5.81426924654405e-7	-5.814269591652585e-7	-5.814272968851283e-7	-5.814272303963138e-7	-5.814272361455276e-7	-5.814271538020817e-7	-5.814271554765856e-7	-5.814295069474429e-7	-5.814298186114611e-7	-5.81430150390497e-7	-5.81430106842079e-7	-5.814301584571025e-7	-5.814301539845884e-7	-5.814302057905256e-7	-5.814299538907402e-7	-5.814300717998639e-7	-5.814300863037216e-7	-5.814296750136751e-7	-5.814307115417021e-7	-5.814496830051047e-7	-5.814498067192407e-7	-5.814509614648746e-7	-5.814521281676818e-7	-5.814523687080595e-7	-5.814546912175048e-7	-5.814582997976374e-7	-5.814588354201894e-7	-5.814602652977446e-7	-5.814616675645948e-7	-5.814631126867135e-7	-5.814635714103996e-7	-5.814651246951248e-7	-5.8146534575181e-7	-5.814682249656794e-7	-5.814681619010568e-7	-5.814685057657921e-7	-5.814710235353929e-7	-5.814725182981129e-7	-5.814741055000891e-7	-5.814850996850712e-7	-5.814856049654545e-7	-6.220003697595131e-8	6.754701852776809e-8	-5.988896479316441e-8	8.811149471730924e-8	2.4637164129389224e-9	-1.0256659712045309e-7	-3.144104269488615e-9	-3.2547342921030506e-7	-6.8954111814660594e-6	-5.9884645318844325e-6	-1.411547351824589e-6	1.4836401041050001e-7	-3.1469494408131424e-6	1.735580020282754e-5	4.03868471367421e-5	-1.923854446387902e-7	-3.4607529223092645e-6	9.281575290307587e-7	4.575924804338651e-7	-4.251938661325758e-7	-6.034777877032479e-6	-3.632830025521811e-6	8.025873587814016e-7	5.103224886061561e-7	2.4915236098365615e-7	1.4886526365499843e-7	1.313183343849178e-6	4.526934799310586e-8	-4.256690269195308e-8	-3.021688126202211e-8	9.701312503498855e-8	2.386985462234078e-8	-8.067124778910758e-9	1.8086587877642457e-8	3.029127563916125e-8	-2.0256315948768467e-8	-2.937907958745949e-8	1.1934348699253261e-8	1.1521641911871098e-8	-4.419463916611065e-8	-6.834914519630885e-7	3.5949638569444916e-8	-3.5196855538989693e-9	5.479595788646473e-8	-1.641767318241583e-8	-5.7570679377829584e-9	-2.9222892001000407e-8	-2.4646122286619055e-8
63.0	-2.3462400479435903e-15	-1.0724451145172237e-14	-2.4774562085874e-15	-1.5880970840419299e-15	4.872627017214219e-15	-2.4700520007600327e-16	-4.201434157855269e-16	1.386547621222756e-14	-8.41895055486694e-15	9.50674627514082e-15	5.319183513259265e-15	1.715473664039188e-14	3.408315412267957e-14	4.0274274224190996e-14	3.088566802993214e-14	7.256728966860005e-14	3.8342095583559765e-14	2.706206274642274e-14	1.4660149322073878e-13	1.3361063428020354e-13	1.5208851127138747e-13	1.9328873869625882e-13	1.9652217215044546e-13	2.0815809643000165e-13	3.548524364297577e-11	3.550046390481553e-11	3.545652540197272e-11	3.560543522072147e-11	3.568180781663592e-11	3.558240692494723e-11	3.566575354435279e-11	3.5820330962487446e-11	3.5879803698757946e-11	3.56731137811346e-11	3.571880323880017e-11	3.5636423602378315e-11	3.572232002579497e-11	3.5674526476765935e-11	3.557999121168746e-11	3.534622788984262e-11	3.5382862048720004e-11	3.5487986890707785e-11	3.535094124284093e-11	3.527245736060476e-11	3.5246115640244865e-11	3.519548345205515e-11	3.528110772939909e-11	-2.3997207006036572e-8	2.293532538666338e-9	3.883825206917121e-9	2.997272971437433e-10	9.351798169341385e-10	-2.897673620594721e-10	1.6273867516688697e-9	3.898389970816199e-8	1.3749845748486788e-9	-6.08929086258401e-9	1.0798740677529627e-9	-5.924539992386279e-8	6.605095168297181e-9	1.989195597250844e-7	2.957432735792388e-6	-2.660600051121008e-6	-7.677824512009027e-8	1.554984106363382e-8	-9.478746827846156e-8	-1.7459800168898689e-7	1.4553328366043085e-7	-1.0487554746187327e-7	-4.974643720803988e-9	7.975057021395607e-9	-1.1810905862584468e-11	1.9681313097189676e-9	1.6103385412349306e-8	-3.0431724969710863e-10	-1.0536901523036097e-9	-4.968481723853802e-9	-1.3127789418727911e-8	-6.1894020752616765e-9	2.6228835982243843e-9	-3.530014600660871e-9	-1.3220297987844545e-10	1.379512488403115e-9	-1.141341223786178e-8	-5.022871738361992e-9	-3.2965940552198853e-9	-1.3222975097039563e-8	-2.0344624930488523e-10	3.243959232384247e-10	3.3044570763499127e-9	1.2212474743357927e-9	-3.698489456812168e-9	3.739657449034993e-9	1.8349743457509606e-8	8.328586740398338e-12
64.0	-2.3764656542141673e-15	-9.602304045164522e-15	-3.2729934710968903e-15	-1.511712256161659e-15	2.9057814274768672e-15	-3.1285344853614236e-17	-4.537493853165972e-16	1.3839916892692953e-14	-7.768372812700101e-15	9.98045566739095e-15	5.043959335072487e-15	1.732568386997806e-14	3.4328183024576207e-14	3.8288111883134604e-14	3.0384361827514234e-14	7.276819034749031e-14	3.859249568312764e-14	2.7262005270365977e-14	1.486679710533886e-13	1.3326471067684894e-13	1.5188600259783022e-13	1.9314423031280448e-13	1.9606544418373747e-13	2.0861536483440764e-13	3.548508773944101e-11	3.5501600475687995e-11	3.545631393285595e-11	3.5606708509156234e-11	3.568164995136159e-11	3.5581158842874424e-11	3.5665516558430654e-11	3.582017472705323e-11	3.5881294836170515e-11	3.567427857786106e-11	3.5717355655634474e-11	3.5635907028343746e-11	3.572246823501606e-11	3.567248607344713e-11	3.558000574201646e-11	3.534554013655572e-11	3.5383058942141786e-11	3.548633534114455e-11	3.5350824006605435e-11	3.527228839068297e-11	3.5246038139814896e-11	3.519725619028298e-11	3.528090178334673e-11	-2.0021724614274395e-8	2.902281754235853e-9	3.2031897291911065e-9	1.677531719180598e-10	1.029598666657863e-9	-3.6666459121212465e-10	2.022369009348083e-9	3.3486880450419235e-8	6.043831888476152e-9	-8.666434750070552e-9	3.601353913135586e-9	-5.821673175352033e-8	6.5795588364847316e-9	2.3619912051138155e-7	8.218023862708321e-6	-1.0200882985760579e-6	-5.6244428912261493e-8	1.6180973075509264e-8	-1.0189396472120597e-7	-1.8373253647591664e-7	1.6855768860873357e-7	-9.10397617812464e-8	-3.840913720343137e-9	7.386784506657538e-9	1.9693500769341284e-11	1.6864499785402212e-9	1.646371703995129e-8	-3.266217885087195e-10	-1.0942930488608616e-9	-3.72527674980391e-9	-1.7097780428844196e-8	-6.383141138918455e-9	1.851164778379034e-9	-3.834767123828766e-9	-1.2905052197790943e-10	1.1014847779866364e-9	-1.9021312916728794e-9	-6.2904025182627315e-9	-2.5671709587027435e-9	-1.510939671170208e-8	-8.21920089771237e-11	8.649431305005953e-10	-2.3538600945985948e-8	1.0491252362581004e-9	-3.779463680529458e-9	2.7964390388282744e-9	1.761634498363934e-8	1.1141078431166112e-11
65.0	-4.805661460263433e-16	8.369648724766007e-15	-9.352875842789505e-14	-8.805042528713134e-14	-7.085242817027893e-14	4.122187158797984e-14	1.1231305531853827e-13	9.378276759962162e-14	7.287026261962584e-14	6.456331160010089e-14	7.458832289714763e-13	7.448030540195527e-13	7.365123348984657e-13	1.0108822099413416e-12	1.0525332439553706e-12	7.328622656340386e-13	3.7485564467310266e-13	3.2330396269425235e-13	1.8196875570834838e-13	6.226624401398869e-13	5.002909849319528e-13	-3.98809233988065e-13	-5.949687246985676e-13	-4.1012760828445705e-13	3.463326599720638e-10	3.465589623193812e-10	2.1269687334251745e-10	2.1238341706075305e-10	2.126251161946613e-10	2.1287945740457472e-10	2.1639903451608436e-10	-4.497276271875253e-7	-4.497274148635848e-7	-4.497273793790973e-7	-4.497283121846443e-7	-4.4972872721431165e-7	-4.49731448855313e-7	-4.497309855215755e-7	0.010619039861877507	0.010619039858288128	0.01061903985891923	0.010619039860341345	0.01061903985965602	-0.1124004263200795	-0.11240042632349627	0.4117615741006139	0.41176157410063696	7.56491896826087e-5	4.212219903264363e-8	5.721992500102904e-8	-5.628608971476801e-8	-2.7126063289084716e-8	-3.236574248381163e-8	-5.580407279833042e-8	1.8437515333189343e-7	2.7602237384410518e-8	9.80676802039472e-8	-5.749070639769548e-9	-9.188828544758654e-9	-1.0648643266619152e-7	1.5488008116028944e-9	5.1283904738434145e-8	-0.00022762545335334525	-7.147902538541157e-5	-1.8780070729965909e-6	3.082245230374383e-7	-1.7459365641664167e-7	-4.8407889353656894e-5	4.485441243423271e-5	0.00017046478932827443	1.558187119547978e-8	1.544473711594512e-8	-1.6740198237788264e-8	6.629180947402094e-8	1.4502894530077957e-6	8.279732006354745e-7	-2.424293123537308e-8	6.925894925354249e-9	1.0300964834143284e-8	1.1693548851747111e-8	-3.2318324419531397e-7	-2.163496183343504e-7	8.962810352418229e-8	2.7086385881877436e-8	5.7363396345548496e-8	-9.89291242910721e-9	1.370690470146628e-7	1.1556803460575295e-6	-7.138028293800852e-8	1.1047182730168288e-8	-1.3447259884884123e-8	4.822457231147674e-8	-3.634347941572365e-8	-1.710558263029127e-8	5.024401808786258e-8
66.0	-4.862938072066588e-16	9.858367284278083e-15	-1.0721641142945892e-13	-1.0016467732130677e-13	-8.154861639430916e-14	4.713370775982145e-14	1.2889433469033128e-13	1.0780907918673718e-13	8.312393755777344e-14	7.439126718286218e-14	8.564523234166004e-13	8.550673192873576e-13	8.451819109857745e-13	1.1602160970162049e-12	1.207336558785428e-12	8.416817332413434e-13	4.3041251437558637e-13	3.7203220024300514e-13	2.0861090632706146e-13	7.149235004826632e-13	5.739814028830834e-13	-4.572141750918859e-13	-6.827307007699368e-13	-4.712896739533514e-13	3.9757225738291334e-10	3.978312650374702e-10	2.4416565843249517e-10	2.4380575764061794e-10	2.440828375914817e-10	2.443739921621103e-10	2.48414793329272e-10	-5.162641419339768e-7	-5.162638991354657e-7	-5.162638582328314e-7	-5.162649279817806e-7	-5.162654058067507e-7	-5.162685291960313e-7	-5.162679975618211e-7	0.012190110579512867	0.012190110575392118	0.01219011057611699	0.01219011057774945	0.01219011057696269	-0.12902989760355849	-0.12902989760748107	0.47268106966060214	0.4726810696606262	0.00010360558246003997	5.6624852208272853e-8	8.262035473395182e-8	-7.896676163690743e-8	-4.074492841955195e-8	-4.36023050052759e-8	-7.740341637480076e-8	2.403322961707931e-7	4.961442920252314e-8	1.2422939296575612e-7	-8.751730963254988e-9	-1.3459720560364286e-8	-1.6449356235837926e-7	1.4952405573678438e-9	6.806584226870359e-8	-0.0003429098466970259	-0.00020953529110518226	-8.173763620310244e-7	4.503877655169644e-7	-2.4434689556364203e-7	-7.035816224190389e-5	5.9332508639570235e-5	0.00023542919735334086	1.7189202903446583e-8	1.8822884849045486e-8	-2.2585023534083626e-8	1.1060215465937168e-7	1.9425356171464867e-6	1.1200736789356801e-6	-3.20566276677399e-8	2.861712749200038e-8	4.646614120492844e-9	2.111645100252239e-8	-4.3413463684913366e-7	-2.9298185554028184e-7	1.3855151480812755e-7	2.414811092458819e-8	7.534577966052546e-8	-1.3051513116199507e-8	1.8389313413216162e-7	1.5566075934794121e-6	-9.68310647181855e-8	-9.266418819558751e-9	-1.80965152153846e-8	6.928997231548135e-8	-4.8244284455528836e-8	-1.18446394209042e-8	7.762015949639626e-8
67.0	1.2170749651206931e-15	-8.237315171578592e-14	-3.3087924522057493e-13	-3.236642766163644e-13	-2.8332492904065235e-13	-2.6109821003686565e-13	-3.660997159708232e-13	-3.6756359502839795e-13	-4.71928983228687e-13	-4.573627924251819e-13	1.4255803963419162e-13	1.3842335870241898e-13	1.269207604951013e-13	-4.7678533826866296e-14	-7.468515909472584e-14	1.8524052554895096e-13	-8.672748834624373e-13	-9.775796957105291e-13	1.1306263416710228e-11	1.078525808460531e-11	1.1140720305872046e-11	1.2831507172549456e-11	1.200556367009382e-11	1.141557699225974e-11	3.8017473125151e-11	3.8514383926262667e-11	2.6969664330927054e-10	2.6946833715660506e-10	2.694403164858129e-10	2.7025256627769535e-10	2.651215608831722e-10	-6.639248968907298e-7	-6.639246713480293e-7	-6.639243400546351e-7	-6.639253541914233e-7	-6.639265075998955e-7	-6.639295105314882e-7	-6.639302103148494e-7	-0.0007264746695260163	-0.0007264746757516089	-0.0007264746740220995	-0.0007264746699648492	-0.0007264746696897451	0.45393516439102527	0.45393516439012926	0.4754180576573458	0.47541805765737166	1.717054262627884e-5	-7.996815224428795e-9	-2.490489969513927e-9	-1.5810171552967724e-8	7.765029118801918e-9	-1.5941903699924607e-9	1.55650542658611e-8	-3.350238144446688e-8	-1.4699373624409375e-8	-8.940932475062882e-8	5.482497678861882e-8	1.7169540834702963e-8	1.0773640185554772e-10	0.00024832814698066394	0.0003861016967309024	-6.818367112757903e-5	-2.478486821530559e-6	-6.044293691663343e-8	-4.867768642464e-7	-1.8109759719876075e-5	9.136156778239832e-6	-7.594329232067534e-8	-9.149810295890927e-8	9.386546082991622e-7	3.5237362714314646e-8	-2.6196643616929414e-6	-5.148354836578885e-7	-4.230624600446124e-8	5.456285749557095e-8	6.014127384125574e-7	-9.883223757488876e-8	-7.619486064883758e-8	3.871271274654541e-8	3.006044690710483e-8	1.259125081095921e-7	-7.617029916398858e-9	-1.0939665551653313e-8	-8.425588317985786e-8	1.204220181851961e-8	2.0522658236272834e-7	-6.628065420991769e-7	3.052841464610441e-8	-4.824222765599125e-9	-1.4277614410448046e-7	7.133257179661729e-10	-1.0214878510330167e-7	4.0837894036194086e-8	1.0294810095483324e-8
68.0	1.0777158839550049e-15	-7.194875486817e-14	-2.8906462531705996e-13	-2.82069004081323e-13	-2.470148069735743e-13	-2.2725916470050142e-13	-3.19785402916469e-13	-3.212056622662764e-13	-4.107436971624355e-13	-3.9852794749773376e-13	1.2377577038926966e-13	1.214372784188869e-13	1.1010647507982284e-13	-4.220554619479533e-14	-6.495532123120477e-14	1.6266535089163625e-13	-7.5560797111002e-13	-8.516898991861388e-13	9.849111622153476e-12	9.395799607713546e-12	9.70561798749081e-12	1.1177572272256184e-11	1.0458164875180013e-11	9.944183754966446e-12	3.3117796601435745e-11	3.3550630556758215e-11	2.3493826621153416e-10	2.3473926227734555e-10	2.3471479317216697e-10	2.354221159745588e-10	2.3095261063103917e-10	-5.783577515766722e-7	-5.783575549969481e-7	-5.783572664368806e-7	-5.783581493855257e-7	-5.783591550056272e-7	-5.783617710552332e-7	-5.783623802451639e-7	-0.0006328460618979774	-0.0006328460673203569	-0.0006328460658138499	-0.000632846062279377	-0.00063284606204108	0.39543165535163044	0.39543165535084895	0.4141458170038553	0.4141458170038791	1.4419229116928592e-5	-7.639831546998866e-9	-1.5087037716862273e-9	-9.769178327198956e-9	6.54287646478272e-9	-2.8194008513018506e-9	7.788065896944642e-9	-3.145270006600444e-8	-7.681244021473115e-9	-7.868370953919581e-8	4.5882077418644626e-8	1.1121124140276933e-8	3.547223278813815e-9	0.000192123334531061	0.00031781357288724823	-5.3050662833883926e-5	-1.9856821830248805e-6	-4.593169381161241e-8	-1.1204739335981273e-6	-6.322094864344292e-6	6.26360993144094e-6	-6.271970258106399e-8	-7.578229025192011e-8	7.614989984983673e-7	3.588001611292808e-8	-1.8784949039346913e-6	-4.619414649230956e-7	-3.4750443902958836e-8	4.470750176811682e-8	4.792948254365908e-7	-8.910296397754661e-8	-2.078820773884576e-8	3.743371450262316e-8	1.8424125309276313e-8	9.069256087348126e-8	-6.436224697580513e-9	-5.2440564000213366e-9	-6.63531895271123e-8	1.1113446082478187e-8	1.5838978780210603e-7	-4.942356182314959e-7	2.469346173166936e-8	-1.6817084780788032e-9	-1.1067017680325351e-7	-7.882414863713834e-10	-7.19610201779704e-8	3.610319810120046e-8	8.023414711791372e-9
69.0	6.720215157292469e-15	-3.655211957437272e-15	-3.454118138878185e-15	-3.4408029210926115e-15	-8.608694725680733e-14	-8.850412616941057e-14	-8.844985546780588e-14	-9.361565569249814e-14	-8.652697693178908e-14	-7.918449768673903e-14	-6.353927793642254e-14	-6.315537121771949e-14	5.256164048047391e-15	-7.541133045299289e-16	-1.2925198970992886e-16	9.405902002487185e-17	6.412393362188116e-15	-5.542710827036058e-16	1.09118503608248e-15	-7.092787191402357e-16	-4.1075331115169006e-17	-7.852576318206445e-15	-1.1025209848858679e-13	-8.945876621792522e-15	-2.6241438630506545e-14	5.652257590718299e-16	-6.941933817654388e-14	-8.823350228772941e-14	-8.614160429615763e-14	-1.6957686354928633e-13	-6.263122828271214e-14	-1.2414558570590188e-13	-2.0977857965913784e-13	-1.2653484396109023e-12	-1.22559362568537e-12	-1.5252183751571826e-12	-1.8124450450671678e-12	-2.0285550613631816e-12	-2.1716996156993612e-12	-2.0025407178662406e-12	-1.857465634667605e-12	-1.843317589223877e-12	-1.7903892825397373e-12	-1.9429278043572337e-12	-1.859726843901009e-12	-2.157016089891567e-12	-2.1907420410125174e-12	1.5528095027919646e-7	-7.717627561112219e-10	1.8610164748608787e-9	-7.549242925418335e-10	-2.0375388523451906e-8	2.2490630595397673e-10	-7.102308668016748e-9	-4.305082180762418e-8	2.3231745694764404e-9	2.2146195725489766e-8	-9.067873133504497e-9	-7.117240079391455e-9	-1.4003968151393637e-8	-2.7492353170535257e-9	1.3503458369325027e-8	-2.728420362757091e-6	-1.2220196524368247e-8	1.9686819061316597e-7	-1.9565860748692547e-9	2.46852389175121e-8	3.078250585768959e-6	-1.1795215912705185e-5	-2.9159028400174023e-7	6.606055321144631e-8	1.1125757592228515e-7	-4.26721718030268e-7	-4.398598518111244e-7	-1.3678265155683198e-8	9.723732031800874e-10	1.4792200606801417e-9	-9.446236946360846e-10	3.0005780527762804e-8	6.224421101523067e-9	-2.0603296921715904e-9	-1.0141908864770035e-8	-1.437007167965318e-9	8.706774682522457e-9	-4.97366823513549e-9	-4.589632091128836e-9	3.6548042743552408e-9	-9.409839719056056e-10	2.9702351613575105e-11	5.45517737734227e-9	2.680697025430731e-9	-1.1064622084525003e-8	-4.744188423785862e-9	-1.559267146814511e-10	1.8418105857734545e-10
70.0	6.011511869581818e-15	-3.448098618547179e-15	-4.111675682371583e-15	-3.724204768102561e-15	-8.580094331059558e-14	-8.813853038257333e-14	-8.832909554900128e-14	-9.355034074009419e-14	-8.590045808244308e-14	-7.943953943963995e-14	-6.403524747269395e-14	-6.298455706994064e-14	5.4680990390923075e-15	-1.0067288485977105e-15	-1.0898408699977804e-15	1.1611555960309051e-16	5.824310708035771e-15	-2.307809397398714e-16	1.3106404075780758e-15	-6.662186954115587e-16	-3.904510695113438e-18	-7.595057722576218e-15	-1.0932514922983506e-13	-8.863013314447424e-15	-2.639970140130208e-14	1.2957549251713644e-15	-6.919165689618713e-14	-8.782812819931713e-14	-8.646148738724259e-14	-1.6952856638482127e-13	-6.289347696748806e-14	-1.2418955225670433e-13	-2.1042363445915263e-13	-1.2655203412011084e-12	-1.2245146883622527e-12	-1.5242594518798488e-12	-1.8112410473518779e-12	-2.0281364950989442e-12	-2.1738521914159576e-12	-2.0027694658151226e-12	-1.857557410801755e-12	-1.8433939945058488e-12	-1.7916809112067736e-12	-1.943670596338573e-12	-1.859886964482238e-12	-2.1569576592113843e-12	-2.1902096140228302e-12	2.817189342394793e-7	-7.92384068838482e-10	2.5735257275985473e-10	-1.2234052404112094e-9	-2.557008839724361e-8	2.5526646650776803e-10	-8.795337865121291e-9	-3.492561238437812e-8	5.0084717876648916e-9	2.3130102411731117e-8	-8.842825287181012e-9	-1.1311934611330716e-8	-1.30753888210755e-8	-5.63534861463121e-9	1.3654535179607916e-8	-2.4768578855657273e-6	-8.191585022651037e-9	2.0274401939472177e-7	-2.3674648022634986e-9	8.883121173703533e-9	8.639066649708366e-6	-4.494509687704615e-6	-2.1592845746756445e-7	6.518060204120141e-8	1.1041069636661222e-7	-5.678826623678896e-7	-2.7363956354364423e-7	-9.982963816817972e-9	4.014661545225862e-9	7.80785198904067e-10	3.093583402171541e-9	2.4515294149857535e-8	8.032135212481028e-9	-1.2993070186979004e-9	-9.526048785452804e-9	-9.888727327307969e-10	6.594475087766888e-9	-6.316756974479195e-9	-6.025092995994221e-9	2.1032417045168627e-9	-1.4395852045473418e-9	1.0381969096923276e-10	5.658807230801853e-9	2.8477171253617435e-9	-8.860534333792809e-9	-5.948578902156682e-9	1.4996381042403515e-10	-3.8467714661067575e-11
71.0	1.14728084317786e-13	2.8111625256865307e-14	-6.476398689639394e-14	-3.732069353081838e-14	-1.6249531454297461e-13	3.8333945515738877e-13	3.804390300898093e-13	3.5922064662041904e-12	-1.1143099394940607e-12	-5.326656469233769e-12	-5.624947802874262e-12	-5.639572972139189e-12	-5.139951659706098e-12	-2.6970787663422424e-12	-1.8319401727182565e-11	-1.7885858861487504e-11	-1.617783307713488e-11	-1.6888393574365588e-11	-1.5888089120932195e-11	-1.6452248693834226e-11	-1.671190186470028e-11	-1.714631539847546e-11	-1.9818760479391487e-11	-1.8681527804336585e-11	-2.0461628185703417e-11	-2.013446771282121e-11	-2.1694615327440786e-11	-2.1811456270928186e-11	-2.1859403071170026e-11	-9.139095013176416e-11	-1.5656401375727572e-7	-1.5656364140562409e-7	-1.5656521292594177e-7	-1.5656521935447696e-7	-0.00032439359643845166	-0.0003243935960337144	-0.00032439359615556173	-0.00032439359703108903	-0.0003243935940275608	-0.0003243935945424753	-0.0003243935974851697	-0.00032439359720809854	-0.0003243935950120946	-0.00032439359411020333	0.37818447400798877	0.3781844740078477	0.37818447400827176	0.0005773444533953721	2.091246907528299e-6	1.4276329827821073e-8	-1.0212765904018411e-7	-1.1328184786350789e-9	-6.141114807058646e-9	-2.2813921457688762e-10	4.110725355286771e-9	-6.115295293421164e-10	6.158271288126597e-8	1.134773079799145e-8	9.964229581216454e-8	1.5033813254656092e-8	-1.2719312866874057e-7	6.05751833324173e-8	-1.3254257006871655e-7	2.8873041051669433e-8	-5.085955165456017e-7	1.608434282896034e-7	1.0923491262254201e-8	4.022889203883677e-8	4.718066556670438e-6	-5.750274902295543e-6	2.387443874991683e-6	5.259265914106293e-7	-1.2363750289891947e-5	-6.433276134993634e-6	0.17779719582419115	0.1427192975138778	-1.953026313429437e-6	2.2098203944863315e-9	-9.839716664876294e-8	1.4420139263954386e-6	3.798318396572569e-6	-5.4586258520288756e-5	-8.701495064084625e-9	-1.3763256798588358e-7	-1.7153714579423151e-7	5.758051120206619e-8	-7.985881536153055e-7	8.350903999197439e-6	2.247841197378864e-8	-2.0573034298321665e-8	2.0074511771557142e-8	-1.4870244337933729e-8	1.9845349197108063e-8	-4.580439043323868e-8	-4.3523279718325234e-10
72.0	1.3173470024812712e-13	3.216993938282994e-14	-7.390751727446104e-14	-4.2579303987955033e-14	-1.8635573036108746e-13	4.405583119419599e-13	4.357664359597276e-13	4.123950803544333e-12	-1.2790540170160154e-12	-6.1140596429013546e-12	-6.457495382803147e-12	-6.473456833642261e-12	-5.901084419333669e-12	-3.0949468811334466e-12	-2.1029288990487162e-11	-2.0533432039622426e-11	-1.85711173175672e-11	-1.938754355161358e-11	-1.8238685441408762e-11	-1.8885838350172818e-11	-1.918501525052039e-11	-1.9683067437336978e-11	-2.2750689623983533e-11	-2.1444956377740887e-11	-2.3488431281098077e-11	-2.3113850105674586e-11	-2.4903858071786294e-11	-2.503935309590209e-11	-2.5093065257082364e-11	-1.0491260577067168e-10	-1.7972741962296324e-7	-1.797269923381905e-7	-1.7972879730205148e-7	-1.797288041795267e-7	-0.0003723871332342964	-0.0003723871327702664	-0.0003723871329094892	-0.00037238713391463314	-0.000372387130467878	-0.00037238713105757366	-0.0003723871344363754	-0.00037238713411847865	-0.0003723871315977023	-0.0003723871305623771	0.43413628892784195	0.4341362889276804	0.4341362889281668	0.0008070007844155846	2.922034870707253e-6	1.99203885842929e-8	-1.444933885846428e-7	-1.5688375382226733e-9	-8.370265820485896e-9	-2.3642715893069575e-9	4.370268548330639e-9	-8.800745572263084e-10	7.787555895784644e-8	1.867878685131395e-8	1.1464696598551018e-7	2.339070598372559e-8	-1.7692951812542034e-7	8.489933099767068e-8	-1.8049258785119742e-7	4.2880099160214806e-8	-5.244421136116504e-7	2.1349662772367056e-7	1.1825047164380504e-8	4.9802420232959875e-8	7.219911410370281e-6	-1.6944739473257064e-5	1.039928222841817e-6	8.014433442677914e-7	-1.753210864421439e-5	-9.431085070052883e-6	0.2370053737960962	0.19773557801210792	-2.351428445826515e-6	-3.4968493028671645e-9	-1.1634442060318593e-7	2.0278426271987817e-6	5.10964416808292e-6	-7.401022860195198e-5	-1.1483134790950041e-8	-1.956768953216529e-7	-2.3381436667375712e-7	7.893487764701982e-8	-1.0744373851844023e-6	1.1288724395082853e-5	2.9783910870715057e-8	-2.398022144681947e-8	2.7383937574477593e-8	-1.779061383831574e-8	2.678945512461462e-8	-6.192551267056777e-8	-1.515358143576893e-9
73.0	-7.390433442908419e-8	-7.390438726440856e-8	-7.390444413195411e-8	-7.390447769166e-8	-7.390440342154772e-8	-7.390415453045645e-8	-7.390415302576229e-8	-7.390457430537842e-8	-7.390384953383748e-8	-7.39038462752249e-8	-7.390411427412064e-8	-7.390316430991497e-8	-7.390403677852481e-8	-7.39055449682683e-8	-7.390389377490344e-8	-7.390477841474501e-8	-7.390637924765393e-8	-7.390689316582898e-8	-7.390799249928135e-8	-7.391108712758375e-8	-7.391296275617269e-8	-7.391474514939463e-8	-7.391399209438571e-8	-7.391750966683195e-8	-7.391918350407991e-8	-7.392028139485009e-8	-7.392010975530805e-8	-7.392311463988676e-8	-7.392370137737858e-8	-7.417182462865815e-8	-1.5805301500863902e-7	-1.580562647336508e-7	-1.580598992372058e-7	-1.5806200093823286e-7	-0.0013958967675776865	-0.0013958967690290175	-0.0013958967682581403	-0.0013958967691879319	-0.0013958967680588413	-0.001395896769318116	-0.001395896766618387	-0.0013958967665139235	-0.0013958967670046232	-0.0013958967668496489	0.1642206984413131	0.16422069844028597	0.1642206984553476	3.4391231927494804e-5	1.6434757285933634e-9	-5.664648622317186e-7	3.2404403606917073e-7	1.0929126493347232e-9	-1.0582108067799869e-7	-1.608939768011132e-8	1.8518137525294563e-9	-3.4604500493305204e-7	-6.744399700347444e-7	-4.0786850141267257e-7	-4.435941313606932e-8	2.4114211455313023e-8	-1.312333988638188e-7	4.809637852222123e-8	-1.4369257183378344e-7	-4.93783958571668e-7	-1.20446278122064e-7	2.990614452405798e-8	1.3857899496354775e-5	-0.00020688665711311025	-4.4397197766657856e-5	9.073915263300708e-8	3.650024363280037e-7	3.9232865853629216e-6	-0.0003140512149047887	0.0009681388397680539	1.940392552052618e-8	-2.3905736586797977e-8	-2.3766379434845595e-6	6.162104103410872e-7	-5.963546826821677e-6	-3.781758655262189e-6	5.900591412927585e-7	-1.1446658335950001e-7	5.640445685233123e-6	-1.505708630720069e-7	-3.0803996448842543e-7	9.59222365714467e-8	-1.2932681415673147e-7	3.6998352685323774e-7	-1.1226684923855997e-8	5.395856603699149e-8	-1.2758497767895205e-7	-6.508653485972049e-9	1.6770768121202306e-8	1.0673291701134952e-7	-1.0553944032239506e-7
74.0	-6.437948773354573e-8	-6.437953378394736e-8	-6.437958280692418e-8	-6.437961307853741e-8	-6.43795484777598e-8	-6.437933175860068e-8	-6.437932958306619e-8	-6.43796964411867e-8	-6.437906522806461e-8	-6.437906239392915e-8	-6.437929590851824e-8	-6.437846834491858e-8	-6.437922853461913e-8	-6.438054223701933e-8	-6.43791040122131e-8	-6.437987433165454e-8	-6.438126885146608e-8	-6.43817168736409e-8	-6.438267424320645e-8	-6.438537041798045e-8	-6.438700384342315e-8	-6.438855639903017e-8	-6.438790096953293e-8	-6.439096518840189e-8	-6.439242265030147e-8	-6.439337931585007e-8	-6.439322989009112e-8	-6.439584748807145e-8	-6.43963591001091e-8	-6.461250307728688e-8	-1.376830215702779e-7	-1.3768585228154676e-7	-1.3768901889442634e-7	-1.3769085042227821e-7	-0.001215992531099917	-0.0012159925323651075	-0.0012159925316929333	-0.0012159925325024507	-0.0012159925315188608	-0.0012159925326150538	-0.0012159925302643452	-0.0012159925301736506	-0.0012159925306010485	-0.0012159925304665033	0.14305580999605216	0.1430558099951575	0.14305581000827944	3.090907069634252e-5	1.4791968432326454e-9	-5.213328419658576e-7	2.726023012801236e-7	9.98783575095262e-10	-9.907968282294277e-8	-2.7068494564432987e-8	1.4014219743227048e-9	-3.1227662094508364e-7	-6.028300238876448e-7	-3.779350420403761e-7	-3.331821577709317e-8	1.4657410813058884e-8	-1.166225538951438e-7	4.428040835012556e-8	-1.2457205332887345e-7	-4.32668066561289e-7	-1.2042803976740214e-7	1.611396857429641e-8	1.165760958920253e-5	-0.00018264062485762048	-3.897277896289906e-5	7.865317580915249e-8	3.897673588865158e-7	9.041361778161115e-6	-0.00011336650618518609	0.0006992520506584058	1.5736558262163962e-8	-2.8433531282590445e-8	-2.0141732369801747e-6	5.858635114483172e-7	-4.140754445105765e-6	-2.9530924224584024e-6	4.511794577953612e-7	-8.87285339724484e-8	4.746635366224909e-6	-1.0662171472094763e-7	-2.23460784168979e-7	7.469098655680235e-8	-9.100887531087052e-8	2.75781375885281e-7	-1.0081176272238503e-8	2.553076636364554e-8	-9.521932199380037e-8	-1.1537847668612333e-9	1.2412693543163355e-8	7.774790581187645e-8	-8.099474769290907e-8
75.0	-9.235681481062557e-16	3.2139578097207538e-15	3.1471978262980197e-15	-1.3440103471742478e-14	-4.573646538214706e-15	-7.051436901176071e-15	-4.481306800384573e-15	-5.02105590626401e-15	-4.645591263244674e-15	-2.6817766846164935e-15	-1.1415577968751951e-15	-1.1872069506590558e-15	-3.574192161873449e-16	-1.2646353557074734e-14	-8.105217746541728e-15	2.7316941620697088e-15	1.8210709975787434e-15	-3.16354127683783e-15	-1.499984944795269e-14	7.093890523576543e-14	1.2114193232974005e-13	2.0775209747235445e-13	1.7567034081337445e-13	1.0237779911746022e-14	1.3818152911751465e-15	-3.088723954391153e-14	-4.822525795524464e-14	3.411632041933492e-14	6.621265811650135e-16	7.386480928100197e-15	7.68580856839552e-15	4.888576137712911e-14	2.7764153504665203e-14	-9.24527680968237e-15	4.5816612677557855e-15	-1.3147136863575495e-15	2.7993589758428624e-15	-1.2591749258195704e-14	-5.95761609307981e-14	-1.1628648186264813e-13	-1.4888686882159736e-13	-7.706897475220948e-13	1.2936059439986492e-12	1.8207950581934958e-14	-7.748131870762529e-14	-1.686026430402584e-13	-4.792211217156637e-14	1.3668319704469328e-6	9.004332484815642e-10	-3.990283656327994e-9	6.647611022374978e-8	-4.952547722668657e-9	1.1866474852966767e-9	1.2466982960042865e-8	-1.010907646026627e-8	4.033991693731735e-9	4.3375446097000615e-7	2.0977797796164252e-7	9.597100990766874e-8	1.1278471787265488e-8	-5.45988913297642e-7	1.8678500897604503e-7	-1.1536449896697784e-7	1.1996353209407648e-7	-3.9513374279934006e-7	3.91213438522712e-9	7.415228228765517e-8	7.860958740944154e-8	0.0001984796388440823	9.771710357811418e-5	-0.00045761039289480816	-1.9026881504132936e-6	-3.473551600678927e-7	3.0836999837846384e-7	-0.00020303173023155643	-0.0005396123990449661	2.4724036731056937e-8	1.3127880586509177e-8	-1.9816033103789989e-7	-2.8998528171677204e-7	-3.4867588096283233e-9	3.2059955737693864e-10	3.548310999367662e-10	-6.406176162851588e-9	7.213038845891432e-9	-4.742130766760537e-10	-1.1706377329923118e-9	1.6885161550865705e-9	-1.2849302498621906e-9	5.199441219837929e-9	-4.06931511952431e-10	-7.010151890520874e-9	4.928938159805251e-9	5.844001103471965e-10	-1.1570755433821892e-9
76.0	-1.1622199074797397e-15	3.0751239947082704e-15	3.387077406418527e-15	-1.3189757880736852e-14	-4.761214601243676e-15	-6.792767548368074e-15	-4.3407413121514755e-15	-4.320011165579752e-15	-4.9627102870969024e-15	-3.0078420492201672e-15	-1.1302275248960448e-15	-7.859350750385391e-16	-1.3454863652871184e-16	-1.2387994766117223e-14	-7.436176504106431e-15	2.6535861268738556e-15	1.7333697103617026e-15	-3.161070900936515e-15	-1.564766676198959e-14	7.280987303394104e-14	1.216272611510731e-13	2.0709280450020322e-13	1.753605458479003e-13	1.0466843799829354e-14	9.760704003282395e-16	-3.2199503733707675e-14	-4.7838860054468925e-14	3.40303825833894e-14	7.544877993854015e-16	7.365443218223289e-15	7.657227031944302e-15	4.868955808086571e-14	2.850909090776138e-14	-9.565416301226903e-15	4.878952135980073e-15	-8.95721036880856e-16	2.6324468585932928e-15	-1.2936741080512283e-14	-5.958616784457866e-14	-1.16666591724921e-13	-1.496763938559276e-13	-7.732460792349838e-13	1.293602165198103e-12	1.8443420405650798e-14	-7.714283985113337e-14	-1.6869493118626643e-13	-4.8161982340426086e-14	3.8997049838705297e-7	4.1811018521501577e-11	-4.4099005848399615e-9	5.4865630599429677e-8	-4.0214586616267885e-9	1.455788919017333e-9	2.6355481814545973e-8	-1.318256879523526e-8	3.4040950258283754e-9	5.42380080524227e-7	2.5445748659231484e-7	1.495058709217104e-7	9.125202546115857e-9	-6.47802223240149e-7	2.190565898374985e-7	-1.1747711302181603e-7	1.4818439883393092e-7	-4.682832405345446e-7	-1.0642735712747073e-8	9.458021227956582e-8	1.4957586785629455e-7	0.00018918459748396553	9.871939799222596e-5	-0.0004554385132013964	-2.068914907566419e-6	-4.588189449841504e-7	1.0019068676259401e-6	-7.81157198708832e-5	-0.0004334306787522203	2.755030130343653e-8	1.8478764117414933e-8	-1.5061099183935133e-7	-3.1622475339638383e-7	-3.0728045945470813e-9	8.370800288879734e-10	5.203284147713234e-10	-5.384724182251446e-9	-7.045588532815847e-9	-1.623191466160159e-9	-1.3247117794091845e-9	6.751291793547207e-10	-1.397895270807806e-9	8.369427768311043e-9	-2.0278468897833297e-9	-8.995574640450077e-9	4.484786260775625e-9	6.092315619739517e-10	-1.34354434342476e-9
77.0	-3.646297276505849e-16	-3.015813826638199e-13	-1.447032630287365e-13	9.280713802172083e-15	2.287326278937461e-14	-1.2410391299768546e-11	-1.177247622302231e-11	-1.1618484061461096e-11	-1.1237931161282402e-11	-1.3863691344087458e-11	-1.4480916233272268e-11	-1.5025904927127905e-11	-1.4561275046698034e-11	-1.4390658886009522e-11	-1.6264972162817134e-11	-1.6071755485466557e-11	-1.4899745439198806e-11	-1.728800152713649e-11	-1.6729052382852148e-11	-1.477770644141835e-11	-1.1545057175860273e-11	-1.3232218238221405e-11	-1.3316958137382882e-11	-1.1230315172781648e-11	-1.1232126353569941e-11	-1.0993689030063706e-11	-9.767690458231045e-12	-8.248596441678385e-12	-9.650069351199055e-12	-1.0729268212526152e-11	-1.0423617492377363e-11	-1.0594386279734412e-11	-1.0386333314980325e-11	-9.435983509990106e-12	-9.310282385653505e-12	-8.821994977065928e-12	-9.615052502422521e-12	-9.914080634317512e-12	-6.9300949293098885e-12	-7.44438182386148e-12	-8.584406624378832e-12	3.988318462360554e-10	3.995190322761058e-10	3.9961588634886175e-10	4.0061000065947696e-10	3.995065111633976e-10	3.991659217993336e-10	-0.3337615301131598	-0.3370185966677729	-0.33659704537360335	-0.34020797403071984	-0.3392326483292478	-0.3386048637978771	-0.3345679389043992	-0.33679467977203914	-0.33601667811042146	-0.3436146666573461	-0.34091524084130365	-0.341896177369119	-0.3363729582676378	-0.3361247849409643	-0.3346496147713873	-0.34928853911126484	-0.3416525943126248	-0.35531112767265705	-0.3405673150256128	-0.33552344347246926	-0.33309935844835636	-0.3538449014584245	-0.32915541870813003	-0.40941438051813944	-0.3467242735657761	-0.34159789768186205	-0.33738739334329465	-0.3161356693954899	-0.16198615778565478	-0.000583109211136551	3.8550179283742415e-7	1.0487936729146562e-6	-1.652806262383939e-5	-0.15110827708012822	-0.09384220617971693	2.726791955509326e-9	-3.4539760019646714e-6	3.673588959022158e-8	4.899476650058468e-8	1.3619057014812053e-7	-1.0026500984479252e-6	8.305422276890276e-9	-5.6957819384647506e-8	-6.964495413928647e-8	-4.6023452970063444e-8	3.05432706572449e-8	-2.2938442983588552e-7	-5.3496874915895395e-8
78.0	-5.934650062689548e-16	-3.4639524220274e-13	-1.659502770695298e-13	9.471328540102243e-15	2.7058505258614613e-14	-1.4246577196170636e-11	-1.3513862359645962e-11	-1.3336807295185904e-11	-1.2900374643867647e-11	-1.5914461360003426e-11	-1.662317649268221e-11	-1.7248924412112837e-11	-1.671515726467581e-11	-1.652014771105944e-11	-1.8670063793846232e-11	-1.8450180157566138e-11	-1.7103602566730456e-11	-1.9846121650120494e-11	-1.9204616877087283e-11	-1.6963979917448143e-11	-1.3252735683523706e-11	-1.5190291178987785e-11	-1.5287491831662583e-11	-1.2891830795965238e-11	-1.2894106108159331e-11	-1.2619677727873357e-11	-1.1213694581028376e-11	-9.469288879466597e-12	-1.107724595749642e-11	-1.2316224702043418e-11	-1.1966173452133728e-11	-1.2162578484244717e-11	-1.1922350353560115e-11	-1.0830607644193696e-11	-1.0687975396440136e-11	-1.0126338173543784e-11	-1.1038168890752173e-11	-1.1379928203644969e-11	-7.95580357432356e-12	-8.54486511049827e-12	-9.854734812550763e-12	4.578382440954255e-10	4.586268591354293e-10	4.587386536328302e-10	4.598799624729351e-10	4.5861331100601747e-10	4.582217983653368e-10	-0.5000000000000013	-0.5000000000000016	-0.5000000000000039	-0.5000000000000026	-0.5000000000000033	-0.5000000000000032	-0.500000000000002	-0.5000000000000003	-0.5000000000000016	-0.5000000000000027	-0.5000000000000023	-0.5000000000000024	-0.5000000000000018	-0.5000000000000044	-0.5000000000000038	-0.5000000000000026	-0.5000000000000002	-0.5000000000000038	-0.5000000000000034	-0.5000000000000011	-0.5000000000000022	-0.500000000000002	-0.5000000000000021	-0.5000000000000021	-0.5000000000000012	-0.5000000000000037	-0.5000000000000011	-0.5000000000000014	-0.5000000000000028	-0.00025439796317607835	5.542064303193529e-7	1.5530755751481152e-6	-2.41659963430527e-5	-0.2021437551909517	-0.130325370742849	3.2794263526073893e-9	-4.761850003529446e-6	5.6588611380933636e-8	6.822737013143752e-8	1.796829463648844e-7	-1.3596837022788336e-6	1.1024817792754946e-8	-7.118453915110698e-8	-8.875781141951699e-8	-4.391724642097358e-8	4.0773754885144685e-8	-3.1212145709110084e-7	-7.293065389252209e-8
79.0	2.9954268941134628e-9	2.998657934585783e-9	2.998464976835911e-9	2.9986600850679996e-9	2.9985637739774774e-9	2.9906103081561294e-9	2.9931685909467277e-9	2.9934144654350774e-9	2.993154843177383e-9	2.9917263718039483e-9	2.9927076287031443e-9	2.99497556153303e-9	2.994936571493092e-9	2.992769098127955e-9	2.9926517859119356e-9	2.99233809548493e-9	2.993824234333458e-9	3.0049759564640116e-9	3.0056065423147936e-9	3.0068482825872683e-9	3.008204215080947e-9	3.0089742853319676e-9	3.0094307011607873e-9	3.010074700992352e-9	3.010084302771726e-9	3.005825146213231e-9	3.00952040844331e-9	3.014143162377908e-9	3.0101808218347995e-9	3.012963035589425e-9	3.0132883348074685e-9	3.0138772034539984e-9	3.014292598514841e-9	3.008737435683599e-9	3.0097791571102337e-9	3.011111755480432e-9	3.011538975440794e-9	3.0108216976358854e-9	3.0218630889004975e-9	3.0227371594340277e-9	3.0222850915942688e-9	3.0189907226154397e-9	3.018868441979998e-9	3.020695082184119e-9	3.0183132774948064e-9	3.0180208783269375e-9	3.0179373774019435e-9	2.686494743404909e-9	2.716739063284179e-9	2.7091298825201873e-9	2.725763325507323e-9	2.721083870148213e-9	2.72758043968434e-9	2.6824629671647657e-9	2.7120130815283193e-9	2.697424485311107e-9	2.7309265684148966e-9	2.723901687289604e-9	2.729311514811718e-9	2.6355942864044894e-9	2.712870937882595e-9	2.6765031735737295e-9	2.7440189909813953e-9	2.731185919591316e-9	2.7290574732773663e-9	2.5060077915893428e-9	2.7458556813625605e-9	2.64540023559909e-9	2.7563263553630373e-9	2.747066480820459e-9	2.727855455386394e-9	2.14430755634838e-9	3.155617632244935e-9	2.7799626933703385e-9	2.7757238683114147e-9	2.731903522828126e-9	-5.818268029836534e-7	1.6528787859449035e-6	-0.009971364828079405	-0.004300080701079841	2.991871049608252e-8	1.156575930137662e-8	4.4038826905769255e-8	-1.269189864177173e-5	1.7744242717714538e-6	4.4275591663095525e-6	7.507960183539098e-7	-1.0466526640236335e-8	-1.3314061553525083e-7	-1.4935855592311288e-6	3.5772465131535733e-6	3.1949520474857335e-7	-9.130412070052659e-8	-4.561330075266054e-8	-8.264804892819087e-9
80.0	2.609374428344349e-9	2.6121890307401698e-9	2.612019937810083e-9	2.6121910083065e-9	2.6121062330800165e-9	2.6051788741263185e-9	2.607406311665266e-9	2.6076210529085793e-9	2.607394827846969e-9	2.606151097802744e-9	2.6070047551642263e-9	2.608980751057881e-9	2.608946937812975e-9	2.6070593566136015e-9	2.6069566399062583e-9	2.606683094808696e-9	2.6079777227027027e-9	2.617691834895046e-9	2.6182418690216498e-9	2.619323136858557e-9	2.6205042339023886e-9	2.6211754356479768e-9	2.621572236683063e-9	2.6221342984281997e-9	2.6221420169410874e-9	2.6184317800201043e-9	2.62165137920136e-9	2.6256780851185243e-9	2.622226245018263e-9	2.6246501909139815e-9	2.6249336034860678e-9	2.6254459615894913e-9	2.6258087756124305e-9	2.620969590861615e-9	2.6218762369059196e-9	2.6230375647192833e-9	2.623409777536413e-9	2.622785124913813e-9	2.6324029280495467e-9	2.6331645861208397e-9	2.632770529500153e-9	2.629901029896544e-9	2.629794417155063e-9	2.6313854012970772e-9	2.6293108213582535e-9	2.6290557722109136e-9	2.6289833128019385e-9	2.65694890865596e-9	2.667849071308657e-9	2.6654643453296797e-9	2.6697471355843472e-9	2.6684312507536455e-9	2.668121131507393e-9	2.6590700535595398e-9	2.664488579653373e-9	2.6610847764065523e-9	2.6707479043933964e-9	2.6696703086184457e-9	2.6683505066227363e-9	2.6472719277619936e-9	2.6642670334942294e-9	2.654459372758388e-9	2.673408230927214e-9	2.6711695308614025e-9	2.667551592430746e-9	2.6051349677140397e-9	2.675252324577511e-9	2.6471386134685737e-9	2.663176227327611e-9	2.6699321210891487e-9	2.6639800177009113e-9	2.477972174747009e-9	2.8551522445086894e-9	2.751442723086866e-9	2.6534119011029358e-9	2.6327599580308326e-9	-5.865356239467139e-7	3.828223683034558e-6	-0.003723440987515691	-0.0033534752750370577	3.2373553250176735e-8	1.4253388548270973e-8	4.5440582548415044e-8	-1.2275143434186232e-5	1.2233436941188403e-6	3.4155500225184334e-6	5.670378573332068e-7	-1.5351146954495633e-8	-1.0360399352860602e-7	-1.2361275762488951e-6	2.654107385069454e-6	2.50374724303367e-7	-6.712503122542013e-8	-3.340766313666068e-8	-6.7426585473960205e-9
81.0	-5.769750279748672e-15	-1.696511070872726e-14	-6.297246920092841e-14	-1.9662218666831925e-13	-9.203834133416232e-12	-9.250084628034643e-12	-9.265669714446519e-12	-9.281281428812563e-12	-9.317260833541507e-12	-9.331446467190553e-12	-9.10227632954794e-12	-9.33166029278473e-12	-9.269917568804232e-12	-9.391834476437092e-12	-9.414302019069465e-12	-9.307464471351383e-12	-9.264437415660555e-12	-9.210999955133994e-12	-9.152302292860423e-12	-9.385121095092021e-12	-9.171843896459687e-12	-9.16141841153675e-12	-9.222134886979274e-12	-9.334709382718151e-12	-9.298120151607396e-12	-9.222490614764662e-12	-9.14249043354378e-12	-9.171172383639476e-12	-9.16415705868697e-12	-9.125661650931111e-12	-9.056608444254916e-12	-9.142451605035451e-12	-9.123904432518355e-12	-9.122903556837262e-12	-9.303663474365892e-12	-9.373956038510065e-12	-9.150198821765148e-12	-9.141891069198012e-12	-9.10649757338187e-12	-9.212193334553914e-12	-9.233409234461887e-12	-9.264066449492507e-12	-9.324952379996046e-12	-9.248056486335171e-12	-9.307543284758275e-12	-9.206684240247859e-12	-9.140268065889374e-12	1.2315814037901558e-10	1.2598562198690952e-10	1.2545382053439504e-10	1.269916329647267e-10	1.2647649866522813e-10	1.2679640161253658e-10	1.233323857780303e-10	1.2581740179027218e-10	1.2489533280676297e-10	1.2767438432440742e-10	1.2748199528006904e-10	1.2759597551138628e-10	1.201766126359812e-10	1.2579740150989446e-10	1.2311932803935788e-10	1.281544894814013e-10	1.2745265779189607e-10	1.2720946845667173e-10	1.088650901254744e-10	1.2545162197367452e-10	1.180276330517438e-10	1.2286594440748992e-10	1.2362935029732363e-10	1.218424579798477e-10	7.630588700519432e-11	1.2322576661283376e-10	1.0730000347255884e-10	5.710039468305446e-11	7.614661422760651e-11	8.442368394325525e-5	8.553153447033141e-8	9.09355445137947e-8	-8.460366461046908e-8	-0.000138252503143082	0.00032548410988851416	4.429625176047735e-9	-6.6207729817608875e-6	1.2540832533682627e-7	3.4775431384774133e-7	-8.165206210263712e-9	-3.6150152155095834e-8	2.176353818557912e-10	-8.142654980113587e-9	1.1022006474784224e-8	-1.6026943135986085e-7	-6.357683895527302e-11	-3.534475624803999e-9	-5.829546821770107e-10
82.0	-5.907220893465584e-15	-1.722604374931095e-14	-6.363295933702077e-14	-1.966144787201788e-13	-9.203568738146489e-12	-9.251589511309207e-12	-9.265589483164641e-12	-9.282249285053066e-12	-9.317043227247115e-12	-9.331748697563725e-12	-9.103676243486215e-12	-9.331645810137514e-12	-9.269579091683436e-12	-9.391413904824697e-12	-9.413565209379901e-12	-9.307862381065233e-12	-9.264134696762794e-12	-9.21072944232117e-12	-9.1537512193432e-12	-9.385335129686318e-12	-9.171775274790691e-12	-9.162533851580163e-12	-9.220423954245243e-12	-9.333836437196103e-12	-9.299303131096111e-12	-9.222114183312777e-12	-9.142586252358953e-12	-9.1713264003876e-12	-9.163419369088552e-12	-9.12487777554028e-12	-9.055213998115622e-12	-9.14401399894693e-12	-9.124730743227989e-12	-9.122526725324386e-12	-9.300903027105727e-12	-9.373577978666884e-12	-9.148647394894058e-12	-9.1408067672132e-12	-9.105331277823405e-12	-9.213680483906353e-12	-9.233341082663152e-12	-9.263179087337329e-12	-9.322658967658548e-12	-9.248407648351796e-12	-9.307517984460669e-12	-9.206564717267971e-12	-9.140798131986511e-12	1.3902915471086746e-10	1.417998613288541e-10	1.4154586837989356e-10	1.426017295083694e-10	1.4224378727325047e-10	1.419210875121729e-10	1.4094756896214917e-10	1.415266376311731e-10	1.4112029363471702e-10	1.4323647892660755e-10	1.4339286655377102e-10	1.426006519620614e-10	1.3955564867071671e-10	1.4135506743636333e-10	1.396273292194482e-10	1.4310228056794234e-10	1.431008618908964e-10	1.422048002274065e-10	1.3049713004031608e-10	1.4107738715261228e-10	1.358136280977253e-10	1.3438018263525927e-10	1.3744248091953885e-10	1.3638449095029925e-10	9.78953848802126e-11	1.5021974633789048e-10	1.3493550314608002e-10	5.8661732279888e-11	7.884695899908387e-11	0.00010245430904726172	1.2281833206269444e-7	1.2510216924956813e-7	-2.5014682814319635e-7	-5.322767868533308e-5	0.00026919075270712156	5.8444506875757115e-9	-6.416391318125189e-6	1.189831445473645e-7	3.9995061883400796e-7	-7.292991378543047e-9	-3.3606105263041966e-8	2.6512925652562285e-10	-1.0172797822726607e-8	1.7064822682399654e-8	-1.7283242894767567e-7	9.510702265681136e-10	-3.441459093107112e-9	-7.987935871218694e-11
83.0	-1.7892873431016757e-15	-2.906689005462616e-16	-6.081273583410403e-16	2.787316859968917e-14	3.513525624559889e-14	7.09552859872119e-14	7.927875187682162e-14	7.588008376883362e-14	1.423618089373963e-13	1.886337148341173e-13	1.3396760298216063e-13	1.3854515557690354e-13	-2.0119317751406238e-14	1.8680432433121673e-14	-3.6075837156761223e-16	-7.03508086748536e-16	-1.0123991553498793e-17	9.815550043308007e-17	-9.679960879987611e-16	-1.3481796406408726e-14	8.615388218945743e-15	2.504681829826034e-14	-3.093340402307116e-15	2.984978312849798e-15	1.1666515471019956e-16	-6.093803974178774e-13	-2.1903300307207736e-14	2.670953845665748e-13	-1.613151430734309e-13	-7.622025497158994e-14	1.2355982367836971e-14	3.943897036691769e-14	2.7189364768000033e-15	-1.0278576511342431e-13	-1.5595412713742563e-13	9.871249813652895e-15	2.0863320384705604e-16	-1.8407117054873704e-13	-3.8705454785914884e-13	-2.3903753609035635e-13	-1.9044512207578355e-13	-3.8019513992952927e-14	2.2217663280815414e-13	2.753783529760851e-13	7.339542132583741e-13	3.8428569644042474e-10	3.823636121909181e-10	3.6878948209593224e-10	3.703225058000103e-10	3.690615908715047e-10	3.79291008060307e-10	3.791945814529789e-10	3.8198912361510343e-10	4.854208764058102e-10	4.875999146013705e-10	4.869031540404087e-10	4.871668177728437e-10	4.897932757352122e-10	4.906590855551245e-10	4.850212484254891e-10	4.900390157979619e-10	4.843043041721183e-10	4.848966221142448e-10	4.793954296063961e-10	4.945448802017999e-10	4.834058160998711e-10	4.873853471437136e-10	4.841391288238089e-10	4.96659234534719e-10	4.940536312801878e-10	4.90938675067565e-10	4.706660067605054e-10	4.82966565383355e-10	4.799314727360464e-10	5.081212611886248e-10	5.059272655059828e-10	0.39538334913731304	0.31939017784204043	0.3217678356714154	0.310613924519335	0.3157062914728627	0.16069765497306823	0.003308929006873923	7.07881845907362e-5	-1.3822711003353969e-7	-6.2898981332961765e-6	-0.0002807116436751596	-7.278723502706215e-5	9.366617588025145e-9	3.652114872944672e-8	1.2417754572337481e-8	3.821842894538795e-8	3.2800344071253646e-6	2.072022636471885e-7	2.178521831306238e-8
84.0	-1.842454270749675e-15	-8.100938635934847e-17	-7.436732189980534e-16	3.0857522809614257e-14	4.057802653880323e-14	8.143165989028748e-14	9.125566529145242e-14	8.790344685530239e-14	1.6366825132905049e-13	2.1623810498159887e-13	1.540972468484479e-13	1.597678713796865e-13	-2.3057400865149002e-14	2.1539389192815877e-14	-3.7958505656093004e-16	-8.464618803595835e-16	5.70894071928404e-17	6.953467849710084e-18	-1.1211374735319614e-15	-1.5508883792588656e-14	9.728464290272274e-15	2.8423223718929775e-14	-3.5063363644149038e-15	3.3891605004171634e-15	3.824786899856408e-17	-6.99220309050324e-13	-2.52468795108439e-14	3.0649844416471013e-13	-1.8515677191834075e-13	-8.740802909847949e-14	1.4242050737401058e-14	4.540855278524293e-14	2.9680896236282503e-15	-1.1768020346311654e-13	-1.7902028720927236e-13	1.1366184519584564e-14	2.490553115794245e-16	-2.1122339756605556e-13	-4.451753580113113e-13	-2.7424735080190233e-13	-2.1855007313784075e-13	-4.349344354887416e-14	2.551023331469459e-13	3.162407445806021e-13	8.429715174770393e-13	4.4114054018705306e-10	4.389339445111157e-10	4.376314826815333e-10	4.389507683767349e-10	4.377914117104821e-10	4.4924041804199e-10	4.493426727920269e-10	4.5200633314313957e-10	5.781235626039491e-10	5.778798054397543e-10	5.778779069180507e-10	5.768088696951406e-10	5.803838544583885e-10	5.803456532297878e-10	5.806211188745763e-10	5.805714314946837e-10	5.755157501204515e-10	5.732859567424982e-10	5.677216396322772e-10	5.849891032598633e-10	5.847920801255501e-10	5.773252043134587e-10	5.77824815162912e-10	5.837903050981981e-10	5.832969720981163e-10	5.809150101636566e-10	5.822163046980461e-10	5.851764683577081e-10	5.873191354896901e-10	5.884714838716615e-10	5.871802982736939e-10	0.5000000000000021	0.5000000000000028	0.5000000000000014	0.4999999999999999	0.5000000000000026	0.500000000000002	0.0015018174843503464	0.00010166290027505922	-2.0421191271482161e-7	-9.174765136132645e-6	-0.0003723210479047089	-0.00010076823889508948	1.0905735547736074e-8	5.715935702366504e-8	1.358929902804574e-8	3.68079273255942e-8	4.4110536352762535e-6	2.817654779437882e-7	1.821957555638905e-8
85.0	-1.3643480372199427e-15	-1.9159522731328807e-17	1.027140019258882e-15	-2.309848606344394e-15	-3.3922318968063723e-15	-6.322388535906316e-13	-6.290227962846026e-13	-6.045124001246302e-13	-6.261870191549823e-13	-4.321530868726017e-13	-4.844197536258405e-13	-5.777258368429617e-13	-7.849860725048884e-13	-7.027482316150316e-13	-6.834189439676585e-13	-6.795090454904006e-13	-6.375801639261716e-13	-6.326835985036541e-13	-6.885045017329845e-13	-6.058990313658396e-13	-3.5946936757833544e-13	-5.100433657460042e-13	-2.7750377059180814e-13	-2.9914671216055597e-13	-3.573862270601097e-13	3.7772455627453826e-11	3.882322214956234e-11	3.799829242849798e-11	3.813233029538709e-11	3.810340456953862e-11	3.819672861076602e-11	3.7824244705551354e-11	3.713246053189579e-11	3.6851440107086936e-11	3.6994156821180944e-11	3.7428397315629154e-11	4.127875399821676e-11	4.4338197422599155e-11	4.391540316508699e-11	4.364669291840658e-11	4.267900138725127e-11	4.1205683201773205e-11	4.064597968977387e-11	3.998040801234502e-11	3.99432481242359e-11	4.270988898095578e-11	4.519445626173728e-11	3.889776829432385e-11	3.641150580009131e-11	3.472491850056735e-11	4.5531666246401293e-11	4.7030577669386794e-11	4.771003411621343e-11	2.310907844952819e-10	2.2983375907547455e-10	2.300625758489783e-10	2.2888646660323393e-10	2.316143966888542e-10	2.3219262204741022e-10	2.2996049312805988e-10	2.2838236551508168e-10	2.289546070548435e-10	2.311073303469957e-10	1.71531702834831e-10	1.8990036697296838e-10	1.896394961316977e-10	1.8760763877664735e-10	1.8635746005410743e-10	1.396878507214227e-10	1.4131804101850965e-10	1.4178666490263362e-10	1.4344636665423575e-10	1.439464906442321e-10	1.4162662639207948e-10	1.4158296316688046e-10	1.4246721025659492e-10	0.4935576903294534	0.4935576903294526	0.4935576903294502	0.49355769032944863	0.4935576903294541	0.4935576903294524	0.4935576903294611	0.01749708373379916	0.0080578774439824	0.0048112705890461455	2.0561459965140284e-6	3.0911893611184135e-8	-4.276301174091178e-7	-1.0346282294015226e-7	1.2919461197404906e-7	-1.0221803086256095e-7	1.544377638254304e-7	-9.096023893763663e-7	-1.8879317990803912e-7
86.0	-1.2551024200437723e-15	1.069181821319659e-16	9.877242097656794e-16	-1.9561655976970433e-15	-3.065596440117868e-15	-5.502503846229017e-13	-5.484875115828564e-13	-5.261630711243737e-13	-5.457791597291577e-13	-3.7649802543670283e-13	-4.222671086174521e-13	-5.029893107034459e-13	-6.833173635651862e-13	-6.12087635939629e-13	-5.949658621305142e-13	-5.927543025384669e-13	-5.550072139008211e-13	-5.513193415062521e-13	-6.000230387892071e-13	-5.266488755045039e-13	-3.1295027450766017e-13	-4.4495619857606833e-13	-2.4140384523670716e-13	-2.601778710112794e-13	-3.123930888104966e-13	3.290396720831005e-11	3.382017545669861e-11	3.3101611441269036e-11	3.321790455443143e-11	3.319224841956934e-11	3.327452167964163e-11	3.29495728132771e-11	3.234724586819857e-11	3.2102210545668574e-11	3.2225836780332335e-11	3.260423569106465e-11	3.5958565627072106e-11	3.86242321969869e-11	3.825572190578667e-11	3.802162407716348e-11	3.717813163051053e-11	3.58954573086292e-11	3.540769723431587e-11	3.4827575545390325e-11	3.479469084950325e-11	3.7205377376504426e-11	3.936961580556984e-11	3.3884153290856675e-11	3.171896037243914e-11	3.024797113175845e-11	3.9663577543021265e-11	4.096812555790025e-11	4.156083766971106e-11	2.0130749765967834e-10	2.0021217586721e-10	2.004121450445269e-10	1.99386923245425e-10	2.0176425404496928e-10	2.0226745567956837e-10	2.003226086401988e-10	1.989486393424387e-10	1.9944614050077547e-10	2.0132183477715035e-10	1.4942454597772021e-10	1.6542585649021213e-10	1.6519885777018744e-10	1.6342765319540672e-10	1.6233986725515274e-10	1.2168463414812154e-10	1.2310470980168754e-10	1.2351291247771337e-10	1.2495908200581622e-10	1.2539418446857197e-10	1.2337353278233794e-10	1.2333556471117844e-10	1.2410544786467204e-10	0.429947600028587	0.42994760002858545	0.42994760002858284	0.4299476000285816	0.4299476000285862	0.42994760002858523	0.4299476000285932	0.04028418222025696	0.0028538657795170136	0.003377717875188237	1.7039476824470497e-6	2.729964417365418e-8	-3.625363167426756e-7	-9.630574792720906e-8	8.931890290820047e-8	-1.2574417572734848e-7	1.191148160337002e-7	-7.172316186223152e-7	-1.6765431059359626e-7
87.0	3.549818351882547e-14	6.788384518663805e-14	-4.5178315253307134e-14	1.1811328195805443e-14	-5.93201615403086e-14	9.340897775351254e-15	3.1314533953295847e-16	-1.6724334535078067e-15	-2.8122479106747632e-14	-1.102610331947626e-13	-1.2680149975843409e-13	-4.723255132855139e-14	-1.7492379152666125e-14	-4.561664371097434e-15	5.284131821846025e-15	-1.3330914875097951e-15	5.257114656522939e-15	-2.5443809505239727e-14	6.336607611841999e-16	1.0526363912324762e-14	3.3665400989678895e-14	-2.789627010333625e-17	2.8347793231246893e-16	2.1243533289916158e-15	9.349237743781757e-15	-7.789911694291175e-14	1.8828992138630767e-14	1.932103774352665e-16	-3.0789547774802886e-14	9.967624526417926e-16	-1.4203852373331984e-15	2.906699327307285e-16	2.4245132684763505e-14	-4.672911003063774e-15	-2.452198724335647e-15	-1.175146746728028e-16	3.4941119948100497e-15	-1.3817734727873975e-13	-3.5096692804820826e-11	-3.506772243064595e-11	-3.488970700754189e-11	-3.4891612229878696e-11	-3.5005029096904645e-11	-3.512545895206787e-11	-3.5200915358699645e-11	-3.51497880147944e-11	-3.5054882610495674e-11	-3.483169211938967e-11	-3.475379142876496e-11	-3.482372625471602e-11	-3.48080208946173e-11	-3.4794297426065957e-11	-3.463562536500487e-11	-3.4564272329967883e-11	-3.4608374284407735e-11	-3.46633079204837e-11	-3.469119951949856e-11	-3.452253858238259e-11	-3.440441642890934e-11	-3.448057135092581e-11	-3.461276427141223e-11	-3.4544285721090986e-11	-3.452762093708191e-11	-3.442909904569489e-11	-3.422412672569651e-11	-3.436660357743508e-11	-3.4214110281283115e-11	-3.450301702067976e-11	-3.4243986388165375e-11	-3.4079498453434945e-11	-3.3784929336129185e-11	-3.3672067188341105e-11	-3.3861564310741956e-11	-3.385103114095004e-11	-3.388963269311212e-11	-3.3904258838651336e-11	-3.3787862213336744e-11	-3.386740703722788e-11	-3.378102920261028e-11	-3.3844706508837484e-11	-3.392460244930003e-11	-3.383657231320782e-11	-3.4154207288933366e-11	2.1053050697834159e-7	2.94200368829796e-8	1.7433874994743535e-6	2.019265224459496e-6	-5.23431720738715e-7	6.146709036883912e-9	-6.392732246040794e-8	3.871195173407966e-8	4.9677706677685414e-8	-2.285711945384375e-9	1.167860449264289e-10	1.6702149933114964e-8
88.0	3.515172267567543e-14	6.811986708697913e-14	-4.514341911141078e-14	1.161866057450219e-14	-5.858128625551111e-14	1.0368498940264238e-14	1.3398164111976048e-16	-1.6690512026844597e-15	-2.8377899486105787e-14	-1.0965615870700411e-13	-1.270573352963963e-13	-4.757803277348427e-14	-1.7797124104559456e-14	-4.33155871912096e-15	3.927798236954131e-15	-1.6374105079956108e-15	4.789382029282456e-15	-2.5555591900394754e-14	4.853145915270513e-16	1.0314218278820573e-14	3.3861910906791506e-14	-1.5173960534496572e-16	5.6341418495934305e-16	2.2152069164840976e-15	9.266504673932512e-15	-7.803599611791819e-14	1.8632129068305712e-14	-1.5102178792337594e-16	-3.050381902660047e-14	1.118382440116899e-15	-6.77280188560002e-16	2.773317088775603e-16	2.405448414103147e-14	-5.054502514600391e-15	-2.330469239367301e-15	-2.8584809711142797e-16	4.090857677754061e-15	-1.3853945871761146e-13	-3.5097941041777184e-11	-3.5068394588022275e-11	-3.4890667027002916e-11	-3.489153970306952e-11	-3.5003695749421366e-11	-3.5125544462287636e-11	-3.520065484897696e-11	-3.5150342870941246e-11	-3.505442355290234e-11	-3.483233906156462e-11	-3.475524055977303e-11	-3.482210661415397e-11	-3.480749755313445e-11	-3.4793629774645084e-11	-3.463459460939958e-11	-3.4562710288340054e-11	-3.460912409297838e-11	-3.466443722113785e-11	-3.4691226245008954e-11	-3.452343614462537e-11	-3.440459147369913e-11	-3.447945749258182e-11	-3.461245321161417e-11	-3.4544641944221785e-11	-3.452743614367422e-11	-3.4429363322087437e-11	-3.4225508063750324e-11	-3.4366557175238306e-11	-3.421405173581863e-11	-3.450205371446362e-11	-3.424386752061e-11	-3.4079458992230575e-11	-3.378567624702102e-11	-3.36722051644589e-11	-3.386111427378865e-11	-3.385022057396164e-11	-3.388833174574443e-11	-3.3903980273299793e-11	-3.378766434042107e-11	-3.386731829557456e-11	-3.378149550170674e-11	-3.3846060990234596e-11	-3.392337143664229e-11	-3.383787135897279e-11	-3.415502693867162e-11	2.450227110405192e-7	4.328275062105746e-8	4.888980869625934e-6	8.133564751912723e-7	-3.9048036396814477e-7	6.48098985979592e-9	-7.586941463803963e-8	-2.8183678432595736e-7	1.2881940484225165e-7	-2.2067463555430127e-9	1.0420715494462721e-10	1.4883565127472021e-8
89.0	-1.1570576603863966e-12	-5.532519168953655e-13	-6.232538452846292e-11	-6.514936209783967e-11	-6.544127442856862e-11	-6.468294990165549e-11	-6.640604775309548e-11	-6.856924807088166e-11	-6.846863018233707e-11	-6.953893328806221e-11	-7.049963712448566e-11	-7.10713161503266e-11	-7.035423712450518e-11	-7.081253349213247e-11	-7.124156845768494e-11	-7.034118806903708e-11	-7.129909787848189e-11	-7.174982164552899e-11	-6.74433981908636e-11	-6.823813458020436e-11	-6.9174825721537e-11	-6.844775497385364e-11	-6.850116264814835e-11	-6.840305768340397e-11	-2.202469375621292e-7	-2.202466491264782e-7	-2.202466915786569e-7	-0.1953218236444411	-0.1953218236447029	-0.1953218236448048	-0.19532182364470463	-0.19532182364692588	-0.19532182364878428	0.38115734455680095	0.3811573445569605	0.38115734455756345	0.38115734455761885	0.38115734455785505	0.38115734455767875	0.38115734455858247	0.38115734455862604	0.38115734455867684	0.38115734455871647	0.38115734455695804	0.38115734455627426	0.38115734455646616	0.3811573445567134	0.3811573445562658	0.3811573445557508	0.38115734455592576	0.3811573445560437	0.3811573445562222	0.38115734455622047	0.3811573445562921	0.3811573445566204	0.3811573445569383	0.3811573445567482	0.3811573445565984	0.3811573445565984	0.3811573445566702	0.381157344556894	0.38115734455737327	0.381157344556965	0.38115734455698325	0.3811573445574022	0.38115734455757055	0.38115734455581557	0.38115734455604583	0.38115734455695605	0.3811573445567993	0.38115734455514166	0.3811573445552476	0.3811573445556474	0.38115734455554795	0.38115734455524236	0.3811573445544716	0.38115734455451644	0.381157344554239	0.3811573445545448	0.38115734455449296	0.38115734455435446	0.38115734455425726	0.38115734455433825	1.0503800642649245e-5	-3.755366658900205e-7	3.890713883388514e-9	-7.22448593395573e-6	-1.902484887167862e-5	-4.195462413192896e-7	-3.881736903291694e-6	2.94928351317707e-7	5.195793169717673e-6	0.12075959636945958	0.06792553592135019	-2.5759045642325072e-8
90.0	-1.3279687776877765e-12	-6.352403034257381e-13	-7.154590890263734e-11	-7.478786793301498e-11	-7.512346950220032e-11	-7.425362977821074e-11	-7.623026647523204e-11	-7.8714007020253e-11	-7.859870545348209e-11	-7.982751045119292e-11	-8.09294551185849e-11	-8.15854798388594e-11	-8.07622828404493e-11	-8.128897953068196e-11	-8.178080308945068e-11	-8.074802223433674e-11	-8.184803043702987e-11	-8.236458677487126e-11	-7.742181787982858e-11	-7.833372244172239e-11	-7.94096472201308e-11	-7.857436639689124e-11	-7.863479363737533e-11	-7.852321373808924e-11	-2.528321354954757e-7	-2.5283180425860096e-7	-2.528318526767106e-7	-0.2242193889266465	-0.2242193889269461	-0.22421938892706184	-0.2242193889269472	-0.22421938892949783	-0.22421938893162932	0.43754899113067414	0.4375489911308552	0.43754899113155166	0.43754899113161094	0.4375489911318842	0.43754899113168094	0.43754899113272017	0.4375489911327712	0.43754899113282697	0.43754899113287177	0.43754899113085394	0.43754899113006984	0.4375489911302903	0.4375489911305733	0.43754899113005863	0.4375489911294714	0.43754899112967294	0.43754899112980666	0.4375489911300093	0.43754899113000945	0.43754899113009105	0.43754899113046763	0.43754899113083484	0.43754899113061285	0.43754899113043877	0.43754899113044177	0.4375489911305247	0.43754899113078033	0.43754899113133405	0.4375489911308614	0.43754899113088347	0.4375489911313641	0.437548991131559	0.43754899112954115	0.43754899112980705	0.43754899113085033	0.4375489911306721	0.4375489911287705	0.4375489911288917	0.43754899112934936	0.4375489911292367	0.4375489911288824	0.43754899112800216	0.4375489911280498	0.43754899112773354	0.43754899112808626	0.43754899112802476	0.43754899112786777	0.43754899112775414	0.4375489911278465	1.4936169166543231e-5	-4.4072750203421674e-7	4.195583088459584e-9	-1.0900072129296353e-5	-5.648229998200534e-5	-1.7352706399354477e-7	-5.628612880133395e-6	3.349408224498723e-7	7.6212240959811825e-6	0.1616557058960882	0.09437743563182077	-2.94171967593664e-8
91.0	3.002430405470756e-10	3.0027508586279415e-10	3.0921403947102856e-10	3.081858761582076e-10	3.0897932928866543e-10	3.108631709798062e-10	3.112064005960601e-10	3.087042974419051e-10	3.081059963768526e-10	3.073349837190324e-10	3.064646745833825e-10	3.038046345159053e-10	3.046541881245046e-10	3.0339024718141706e-10	3.0377138321254453e-10	2.9782758920424166e-10	2.9853930910613313e-10	2.993834174914244e-10	3.046609744449726e-10	3.0534747673913856e-10	3.0030314777020123e-10	3.015640475051639e-10	3.02651905114405e-10	3.038372939650034e-10	5.873233110575083e-8	5.8734521074971765e-8	5.873438851059072e-8	-0.08961892051847589	-0.08961892051817312	-0.08961892051793266	-0.08961892051633284	-0.0896189205156613	-0.08961892051547253	-0.026129672853198914	-0.026129672853822693	-0.02612967284897482	-0.02612967284886298	-0.026129672850148476	-0.026129672849533804	-0.026129672851665627	-0.026129672852072836	-0.02612967285230852	-0.0261296728550804	-0.026129672840677198	-0.026129672832807607	-0.02612967283295056	-0.026129672831602536	-0.02612967283381072	-0.026129672832155174	-0.026129672832893015	-0.026129672832343364	-0.02612967283093368	-0.02612967283079628	-0.02612967283275714	-0.02612967283369975	-0.02612967283802762	-0.02612967283865753	-0.0261296728380208	-0.02612967283712253	-0.026129672839326327	-0.026129672838674355	-0.0261296728381668	-0.026129672820372672	-0.02612967281976967	-0.02612967282084606	-0.026129672816931168	-0.02612967282326127	-0.02612967282718984	-0.02612967282884008	-0.02612967282830518	-0.026129672842844162	-0.026129672916232412	-0.026129672919252892	-0.026129672919538105	-0.026129672919246796	-0.026129672913168922	-0.026129672913227535	-0.026129672911581473	-0.026129672913641464	-0.02612967291144281	-0.026129672911248052	-0.026129672909939818	-0.026129672909713915	-3.782822134453561e-6	0.0007832400503321311	0.0003080106767288958	2.0750004285284502e-5	2.7165280108012267e-8	3.3007998802432494e-7	3.963636748543925e-6	0.005346119371387676	0.003322569751824809	-6.0164247135860475e-9	4.83805867778404e-11	-3.434574403234134e-8
92.0	2.615481367844234e-10	2.615749840887483e-10	2.6936251217549106e-10	2.684666726402505e-10	2.6915795946335633e-10	2.7079888037384605e-10	2.710983700800128e-10	2.6891879082473296e-10	2.683971174547905e-10	2.677244433308877e-10	2.6696705213049243e-10	2.64650090835881e-10	2.6538895681961707e-10	2.642902944476997e-10	2.646215292299987e-10	2.594433141236433e-10	2.600634186042101e-10	2.6079883757805034e-10	2.653958920606732e-10	2.659943482924293e-10	2.6160034287202234e-10	2.626984983267315e-10	2.6364585874304e-10	2.646785990340791e-10	5.116286366108994e-8	5.1164771680311166e-8	5.11646561096808e-8	-0.07806876591944431	-0.07806876591917984	-0.07806876591896968	-0.07806876591757622	-0.07806876591699194	-0.07806876591682724	-0.0227620607537615	-0.022762060754304658	-0.022762060750079596	-0.022762060749983874	-0.022762060751103035	-0.022762060750568237	-0.022762060752424616	-0.02276206075277982	-0.022762060752984207	-0.02276206075539929	-0.022762060742852745	-0.022762060735997444	-0.022762060736119496	-0.02276206073494754	-0.02276206073687093	-0.022762060735429353	-0.022762060736073175	-0.022762060735593413	-0.022762060734365725	-0.02276206073424522	-0.022762060735954003	-0.02276206073677359	-0.022762060740545213	-0.0227620607410952	-0.022762060740539426	-0.022762060739756444	-0.022762060741678067	-0.022762060741108873	-0.02276206074066665	-0.02276206072516595	-0.0227620607246405	-0.022762060725583694	-0.022762060722167157	-0.022762060727681697	-0.022762060731103883	-0.022762060732541278	-0.022762060732075165	-0.022762060744740978	-0.022762060808668955	-0.022762060811302373	-0.02276206081154968	-0.02276206081129643	-0.022762060806002453	-0.02276206080605229	-0.022762060804620583	-0.022762060806414717	-0.02276206080449842	-0.022762060804329996	-0.022762060803188586	-0.022762060802991962	-3.4587752271504054e-6	0.0007335039581662102	0.000308753067447617	2.014466924241537e-5	2.677471163604926e-8	3.265542328958132e-7	9.178351559259012e-6	0.0019982962495355867	0.0025933790980594215	-5.7927553145590975e-9	4.235805931371509e-11	-3.49818225298659e-8
93.0	3.872816386590511e-16	-3.6166333078198557e-16	-6.864073648935403e-16	1.2533236745828763e-15	-3.2287303926905055e-17	-1.486738473116587e-15	1.2754845717507775e-14	-3.0800962743851926e-15	1.7432344011441066e-14	3.367354249622866e-14	5.3499710976657726e-14	4.377351574964261e-14	1.2954838173719892e-13	1.3188544209723235e-13	3.6550735317373194e-14	2.4879702396916008e-15	1.7020737593195644e-16	5.389162392223954e-16	-5.628699338885675e-16	-1.0569681292753647e-14	-1.1756876589569318e-13	-1.4974002958435755e-13	1.2038406871293994e-15	3.222262350005042e-16	4.2363529418178745e-15	-1.1717806680911691e-14	8.368304052316295e-15	-4.783199055037083e-14	-1.0002416468685234e-13	-6.137424917604835e-14	1.236003425969995e-15	1.1747323019674015e-14	-2.1166221744863663e-13	4.8857206637829615e-11	4.8772455197866034e-11	4.8912363844499574e-11	4.8892025960284815e-11	4.887760703215811e-11	4.8800972538012863e-11	4.874803446510741e-11	4.866984011811679e-11	4.874288196850674e-11	4.866572195388564e-11	4.8817321771526224e-11	4.9053304548768726e-11	4.901835468610168e-11	4.908276227945423e-11	4.912458650867403e-11	4.905147377493374e-11	4.884450005665224e-11	4.8810690733838504e-11	4.902521524662905e-11	4.921385846140906e-11	4.9408705525984806e-11	4.937928917885212e-11	4.928101351906187e-11	4.9446218662166283e-11	4.931393292537922e-11	4.900633208860624e-11	4.8779709550091805e-11	4.893977030535482e-11	4.89869707410853e-11	4.8969464057035726e-11	4.903806200931913e-11	4.91516465197271e-11	4.8922020178279155e-11	4.905006782563186e-11	4.8976380254615e-11	4.9027190991665824e-11	4.8872858818155055e-11	4.871725338360097e-11	4.854962416012033e-11	4.845867317137665e-11	4.8274714677098745e-11	4.830474278803925e-11	4.834066486338957e-11	4.861931035668156e-11	4.864024508679481e-11	4.875000793366959e-11	4.8709600981262874e-11	4.87046426910664e-11	4.852591846849798e-11	4.8307781557068394e-11	1.1251673890824375e-7	-2.1406172933460577e-6	1.2469922062508787e-7	3.354070828521794e-7	1.0763104088777411e-8	1.7385974241387705e-5	1.6921572932670903e-6	-5.388039617258993e-7	7.618510237795484e-7	-0.00021811750839137285	0.0004608727938249401	2.0588545777373527e-8
94.0	-1.2810496791943435e-16	-2.456510385134882e-16	-5.963029746715283e-16	2.177957945261779e-15	-3.6199449220975324e-16	-1.0055752423249771e-15	1.3216162345350218e-14	-1.7080391480024868e-15	1.6645595741498604e-14	3.3695378637964534e-14	5.45553502509433e-14	4.24839291473983e-14	1.2993025818571012e-13	1.339746408050592e-13	3.5898809324983017e-14	2.4770760862279605e-15	4.607481491117451e-16	1.5590696092479587e-16	-5.055102767430938e-16	-9.283853489478168e-15	-1.1774342919974682e-13	-1.4987262027805335e-13	1.9362796810566094e-15	6.959330029909185e-17	2.8467346023268628e-15	-1.1646133777227222e-14	8.330425055601869e-15	-4.7834235062173136e-14	-9.973872628510925e-14	-5.992801757962774e-14	-5.581732599915414e-16	1.1648391667395382e-14	-2.1259448296506148e-13	4.8857010294016624e-11	4.8772584816850854e-11	4.891284290852966e-11	4.8892691495142315e-11	4.887672937872545e-11	4.880132280036707e-11	4.874786143666429e-11	4.866871620562757e-11	4.874283035348809e-11	4.866614875847978e-11	4.881797083014883e-11	4.905159134049393e-11	4.901902066673397e-11	4.908214963457133e-11	4.912479357515197e-11	4.9050540763631224e-11	4.884327649503114e-11	4.881058372650987e-11	4.902538363989535e-11	4.921352811880585e-11	4.940672241068544e-11	4.9378867906202295e-11	4.928090124459426e-11	4.94455198769897e-11	4.931397580099509e-11	4.9006723583680834e-11	4.877990951637829e-11	4.894042055384121e-11	4.89865663779316e-11	4.897038185085868e-11	4.903758737156568e-11	4.915185700720926e-11	4.8922207277704344e-11	4.905138904429527e-11	4.8976063334869134e-11	4.902771251245064e-11	4.887469817206555e-11	4.871663603489187e-11	4.854883908914842e-11	4.845939257583356e-11	4.827547172530273e-11	4.8305108456034507e-11	4.833953719168367e-11	4.861998364597016e-11	4.8640400356605664e-11	4.874858512472498e-11	4.8708307630039185e-11	4.870993830857926e-11	4.852616593875376e-11	4.830711394031924e-11	4.8159831943248325e-8	-2.5639167360524786e-6	1.6907618305249272e-7	3.6572660219045085e-7	1.2753146240105204e-8	2.1114112158941942e-5	2.485609747217936e-6	-7.968657236216736e-7	2.236202667090772e-6	-8.393783371145218e-5	0.00038124513801287847	2.660137599208429e-8
95.0	2.744189690217399e-17	3.7648583542830854e-17	9.818767386565867e-16	1.5613425909704807e-15	-8.136274705940631e-16	-6.473762149123669e-16	-1.2691423641074833e-15	-9.922440648087922e-17	-4.180226445240596e-18	-3.2824666625619277e-16	1.9057751641899137e-17	-1.5072334101920115e-17	1.2963698160934924e-16	-2.779775270911268e-15	1.3126536961680439e-16	-5.516317753654919e-16	-2.0630041352886953e-15	-2.8397053959906856e-15	-4.645984158607319e-15	-6.626523751335831e-15	-7.428342910371055e-15	-3.3878148526930272e-15	-5.5858191649076195e-15	-1.7876153641427552e-15	-1.0573538297831234e-15	5.743038187218912e-16	1.0134969663040395e-14	2.2517248390059747e-15	2.1076350645345533e-15	-2.011105924196483e-16	1.1157495302898158e-19	-5.997784409620809e-16	3.4841262131531196e-16	-1.9851451292971616e-15	-8.580704586777114e-15	-8.249372507522739e-15	-5.014242762011075e-15	-1.6362705639781596e-15	-3.6845230128600424e-15	-1.0076271163046791e-14	-1.2920922887534033e-14	-1.1643445514421712e-14	-8.561524762784794e-15	-4.820768749854591e-15	-1.3101030181367977e-15	-6.966665135803174e-15	-3.729854069140348e-15	-3.75661893344418e-15	-3.6570004355386773e-16	-2.71106330950765e-16	3.4902071200550064e-17	2.035996277821848e-15	7.494106802301084e-15	2.3270969883687957e-14	8.735401888606304e-15	1.1915095934191804e-14	-8.163797287619693e-16	2.0353680243995818e-16	1.2919087741233775e-15	5.093750802099956e-16	3.330665806971732e-15	3.1745355941916386e-15	5.975545292118537e-16	1.8855844307456337e-16	3.4409963989400793e-16	1.2141267997183252e-15	-2.001884407325973e-15	3.512702633125306e-16	-3.781920214360744e-17	1.7905624940720932e-16	9.020487863204848e-17	2.9874975644441903e-16	8.840269235377489e-17	1.9022620408615651e-16	9.011656067816013e-16	8.9812458068493e-16	-2.744866352028034e-16	-2.5665479166263116e-16	-2.324381527110176e-16	-1.7891269652022974e-16	2.4055799015207175e-16	4.70056291190097e-16	-2.132387502318291e-15	-0.3164928850735928	-0.32199497864106824	-0.3155011209428997	-0.34828161501023414	-0.3228183910391187	-0.3953183483755606	-0.31933177929571144	-0.3217085652195201	-0.31054812987943287	-0.3156702428772812	-0.16068309930618113	-0.002319660305705106
96.0	-4.075105583817511e-17	-2.530008031869172e-16	8.814052772867161e-16	1.603680231198754e-15	-1.3028425071419546e-15	-3.9182866994610797e-16	-1.121157595594546e-15	-7.423238357354321e-17	-3.111954604139246e-16	-1.890762112933107e-16	1.9259354745731059e-16	5.154591978286858e-16	-1.74493118998797e-16	-3.398099272434539e-15	-2.952979449012773e-17	-7.348877946611342e-16	-1.9773373981112212e-15	-3.1983772435457004e-15	-5.658923342392834e-15	-7.776650837048658e-15	-8.747583253513123e-15	-3.619732963352931e-15	-6.449757835602448e-15	-1.6664361232373525e-15	-1.380637120219094e-15	8.076849258677617e-16	1.1650904512840388e-14	2.5318858563699305e-15	2.469803941944408e-15	-2.776140678546423e-16	-1.3142834758787863e-18	-6.622849249948336e-16	2.7234571765983166e-16	-2.5292536989155205e-15	-9.71767188146849e-15	-9.506408071714362e-15	-5.617874364881118e-15	-1.8621519197206325e-15	-3.8987676447298574e-15	-1.1655256762259406e-14	-1.460162463741143e-14	-1.3827095241756342e-14	-9.57699579329769e-15	-5.509591777214064e-15	-1.38697529717564e-15	-8.075672376645297e-15	-4.2193692157447335e-15	-4.674230501240087e-15	-3.8419410436267354e-16	-3.946706611738171e-16	1.0233250766570722e-16	2.5393626034117254e-15	8.988187154316872e-15	2.7168037131337915e-14	1.0434439205906177e-14	1.3737988378148251e-14	-1.0451287657992582e-15	2.7586115308230473e-16	1.4954957372161725e-15	3.153331922060597e-16	3.620772851143732e-15	3.6774957902446765e-15	6.84487787362766e-16	3.1940361470168733e-16	3.8149160149076273e-16	1.3632329346017394e-15	-2.1083633643513295e-15	2.0895821183088993e-16	-1.7778177780757167e-16	2.93415782760616e-16	1.3444147473504033e-16	3.2435301418571493e-16	-1.6236039978205722e-17	3.57367338401331e-16	9.994121562608214e-16	4.86750466691774e-16	-4.60611179546786e-16	-2.31569461766862e-16	-2.9511315768348047e-16	-2.1938688101871897e-16	2.93077881088886e-16	6.669902380798923e-16	-2.5188442899584114e-15	-0.5000000000000031	-0.5000000000000026	-0.5000000000000022	-0.5000000000000024	-0.5000000000000017	-0.5000000000000024	-0.500000000000003	-0.5000000000000048	-0.500000000000002	-0.5000000000000032	-0.5000000000000028	-0.0010528276681868146
