# i	1	3	4	5	6	7	8	9	10	11	12	13	14	15	16	17	18	19	20	21	22	23	24	25	26	27	28	29	30	31	32	33	34	35	36	37	38	39	40	41	42	43	44	45	46	47	48	49	50	51	52	53	54	55	56	57	58	59	60	61	62	63	64	65	66	67	68	69	70	71	72	73	74	75	76	77	78	79	80	81	82	83	84	85	86	87	88	89	90	91	92	93	94	95	96
1.0	-0.46568438485301117	0.33944590050846213	-0.3394459005084636	-0.277350098112619	0.2773500981126167	9.795871877052683e-15	-4.55024151917639e-13	6.244643839497066e-14	-3.103203200772259e-13	7.858143827361388e-14	1.2736501327475154e-12	1.0650825590085054e-14	6.675704359724565e-13	-1.3728051269246135e-12	-1.1239623182946388e-12	1.5350002482922704e-12	7.18437670615163e-15	-1.1013465713629914e-12	3.3190687915165535e-13	3.2052908907297595e-12	1.5095529506073e-13	5.675097321957691e-13	-1.816992671987861e-12	-5.43330376094984e-13	2.8855414650812903e-13	1.3582988401244297e-12	2.2614086336906953e-12	-1.4569654919163137e-12	-1.0802213433093393e-12	1.2835861024112127e-12	-5.193970459344496e-13	7.302569508099748e-13	-1.1898274638086992e-12	-1.1713724212525831e-12	-2.1847985820011165e-13	-6.749771843355482e-13	4.891835292169109e-14	-2.1785690437810547e-13	4.187909411512042e-12	-2.7516721860089644e-13	4.67242014341167e-13	1.7328163992263717e-12	2.511164482648002e-13	2.7569369135820577e-12	-5.022666026401976e-13	-2.1365728501543735e-14	-5.480461111367864e-13	-1.5991569853892576e-13	8.155943705023638e-13	-7.08188316104843e-13	-3.3453164068789154e-14	-8.168733475747965e-15	-3.0523235378974885e-15	5.355024546805735e-15	-7.617216418540665e-15	1.9422055418099495e-13	5.727882257738407e-13	-8.640099044602613e-13	2.2718977206789114e-13	-6.089622506905431e-13	-3.6575550060831543e-13	-1.847950416232782e-13	-1.3007959654270877e-13	1.2334009397601692e-13	1.8488956926030653e-12	2.1942171245006397e-12	4.72461862720099e-13	3.848681314313418e-13	1.1450683237379305e-12	-4.043645701487486e-13	4.913918876891997e-15	6.025876466026928e-13	-3.077246400561374e-13	-1.9242276062428577e-12	-8.518849324361081e-14	-2.6334382221026714e-12	-3.7823895372346387e-13	-9.235205189592385e-13	1.1257656563871384e-12	6.161861786637289e-13	-1.1691783320602809e-12	-5.684575949394497e-13	9.586559580520238e-13	2.7261334839868355e-13	-6.411392179324402e-13	5.902689085588816e-13	3.845811535912878e-13	-3.2030552555562224e-13	-8.575160569973124e-13	-6.107562496049096e-13	5.598889222756356e-13	-5.385541530801252e-13	-4.688361572890393e-13	-1.66092800927665e-12	1.0574381718959243e-12
2.0	0.46568438485301106	-0.3394459005084622	0.3394459005084636	0.27735009811261907	-0.2773500981126166	-1.0000897496188116e-14	4.549768084057194e-13	-6.247779878430208e-14	3.0999013351695466e-13	-7.87495514549681e-14	-1.27371546781322e-12	-1.0483896819359975e-14	-6.674592502946604e-13	1.372650258508933e-12	1.1239626141734153e-12	-1.5350320934790288e-12	-7.187310535254128e-15	1.101214442532791e-12	-3.3188261756415197e-13	-3.2052866077925087e-12	-1.5110764952159005e-13	-5.676931356439703e-13	1.8169267573298592e-12	5.434115406851759e-13	-2.8870904315642313e-13	-1.358059558253487e-12	-2.261515017961444e-12	1.4571651556802452e-12	1.0801401703648536e-12	-1.2835607251102073e-12	5.192369907027979e-13	-7.302273736716726e-13	1.1898749869135806e-12	1.1712669481856138e-12	2.1841894356346056e-13	6.750079429738821e-13	-4.889444768027672e-14	2.1775825133456514e-13	-4.187696686567625e-12	2.7515288463260057e-13	-4.672310173148664e-13	-1.73269535296993e-12	-2.5100585866349436e-13	-2.7569863328663526e-12	5.02309776471468e-13	2.128723129363297e-14	5.47899022296057e-13	1.598116442433371e-13	-8.15573085623317e-13	7.080844257245346e-13	3.365997096998405e-14	8.170480405454587e-15	3.0563215225098825e-15	-5.393119056009206e-15	7.588539951470912e-15	-1.9428695637760478e-13	-5.726915966539669e-13	8.639702052472386e-13	-2.2732998303002282e-13	6.089623795278246e-13	3.6581264127610125e-13	1.8482413132648152e-13	1.2996219715551595e-13	-1.2332337889882845e-13	-1.8488982265281606e-12	-2.1941589678153263e-12	-4.723950022815502e-13	-3.848884726209251e-13	-1.1450563506378767e-12	4.0435073520358967e-13	-4.9834575089458716e-15	-6.026230292502409e-13	3.080085468337811e-13	1.9240764675665447e-12	8.53204250864357e-14	2.6334626368619144e-12	3.7822917082189555e-13	9.234400884557614e-13	-1.1259008924274089e-12	-6.161929992993003e-13	1.1692673790409516e-12	5.686091157611825e-13	-9.586247170310544e-13	-2.7269805588646334e-13	6.411186198178482e-13	-5.903597818041684e-13	-3.845965721335207e-13	3.2025679170292817e-13	8.574029029247668e-13	6.107872189970803e-13	-5.597579815852347e-13	5.387840034341642e-13	4.687902391771631e-13	1.6609387039666607e-12	-1.0575028598254007e-12
3.0	0.3781885949476205	-0.4728350919583913	0.4728350919583912	0.3781885949476243	-0.3781885949476205	-5.811135407167841e-15	6.10167295062487e-13	-8.905191029493391e-14	4.175891403331302e-13	-1.0258817776779989e-13	-1.7140151622224153e-12	-1.6140678534943776e-14	-9.026607567189881e-13	1.869891470846385e-12	1.510399775581848e-12	-2.086191271280024e-12	-4.920870071420144e-15	1.4759205129463039e-12	-4.432832245962981e-13	-4.330643567010663e-12	-2.0477747767333563e-13	-7.606488869584958e-13	2.4600096735540596e-12	7.369239787628777e-13	-3.908138045472821e-13	-1.8440323095042676e-12	-3.057440988790014e-12	1.9812810559606154e-12	1.460510388269745e-12	-1.7272998845235992e-12	6.995635620884513e-13	-9.931568101782373e-13	1.6165248603451521e-12	1.5757279002270257e-12	2.914061783546958e-13	9.1420631587514e-13	-7.091635672512111e-14	2.9580820377376865e-13	-5.634002708862728e-12	3.7052981983656003e-13	-6.283752602896924e-13	-2.3291099894179418e-12	-3.3950829361143433e-13	-3.74059530192061e-12	6.769220826554836e-13	3.096060845619307e-14	7.475617753875586e-13	2.2104015504663025e-13	-1.105046164677967e-12	9.621665233908218e-13	4.3473975620070704e-14	8.77192223282534e-15	-1.2109153300511192e-15	-4.701170835460875e-15	7.0264684657988355e-15	-2.613791372323763e-13	-7.813167081145492e-13	1.179108442471703e-12	-3.042562927389484e-13	8.187890596269795e-13	4.978171433694412e-13	2.504461522563441e-13	1.763349267253673e-13	-1.6670495786000055e-13	-2.490852600189285e-12	-2.954414645852073e-12	-6.386968442278457e-13	-5.187055914666333e-13	-1.5527762482967954e-12	5.461462387591355e-13	-9.679537263695544e-15	-8.195246709950594e-13	4.1140554187722156e-13	2.6067731692113473e-12	1.1831202691997042e-13	3.542323762749587e-12	5.143792834321707e-13	1.2534348256152867e-12	-1.5329239311791577e-12	-8.35017399700898e-13	1.5724734566831347e-12	7.653435410477779e-13	-1.3041782785846466e-12	-3.7168422737258326e-13	8.726375102213021e-13	-7.938504890058975e-13	-5.163619384599752e-13	4.302865301054688e-13	1.1676431970916e-12	8.164743242134476e-13	-7.548866858865243e-13	7.246530790540213e-13	6.356961132671606e-13	2.2611561447605215e-12	-1.430144226947446e-12
4.0	-0.3781885949476206	0.4728350919583913	-0.4728350919583913	-0.37818859494762425	0.3781885949476204	6.208386112823306e-15	-6.163931388653942e-13	9.016331290352512e-14	-4.213166534672024e-13	1.0375171224277041e-13	1.7310049465311707e-12	1.6274870906536757e-14	9.116495098898637e-13	-1.8883285774942358e-12	-1.5243120505221949e-12	2.105777363389146e-12	4.70248901503412e-15	-1.4898652403640843e-12	4.474685701051593e-13	4.370333887144397e-12	2.068139143819126e-13	7.677579926585707e-13	-2.482509851659866e-12	-7.436162763791078e-13	3.9476422527936954e-13	1.8611818345676373e-12	3.0855115877505282e-12	-1.999577277077702e-12	-1.4738444482455924e-12	1.742672243754456e-12	-7.058655076901806e-13	1.0023494093636796e-12	-1.6307340688792651e-12	-1.5897624455947484e-12	-2.9389488290750366e-13	-9.222239544768024e-13	7.15280425226545e-14	-2.984532695158593e-13	5.684078822658376e-12	-3.738908717729319e-13	6.340164923940014e-13	2.3498028565418592e-12	3.425087932290989e-13	3.773703330245965e-12	-6.829001811942327e-13	-3.1390410332690135e-14	-7.539300381112112e-13	-2.229185537718186e-13	1.1142302640729148e-12	-9.704695608734446e-13	-4.357708421797506e-14	-8.708499291777832e-15	1.1654372441439476e-15	4.508811399602952e-15	-7.111801209857434e-15	2.6349776274876635e-13	7.877950360647264e-13	-1.188709801403627e-12	3.0699305928696553e-13	-8.258502000210883e-13	-5.020472525474809e-13	-2.526303790522778e-13	-1.7774942358114192e-13	1.6806621315723664e-13	2.511117681608607e-12	2.9787489109414796e-12	6.441396983852297e-13	5.231177811875477e-13	1.5656339213927479e-12	-5.5092362670966e-13	9.732504717918635e-15	8.264991373650759e-13	-4.150573453011955e-13	-2.628087659917367e-12	-1.1942311131717584e-13	-3.5715564688929633e-12	-5.188258785324143e-13	-1.2640482559307655e-12	1.5456347290661711e-12	8.41984269443111e-13	-1.5856304791879383e-12	-7.717721675503547e-13	1.3149585707332916e-12	3.7466669798351665e-13	-8.79749665522258e-13	8.004081733840676e-13	5.205506634080295e-13	-4.3366042851458444e-13	-1.176932674753775e-12	-8.230959571048108e-13	7.610036613878038e-13	-7.306336506643176e-13	-6.407289627526974e-13	-2.2790334677235125e-12	1.4413834617313017e-12
5.0	-0.277350098112609	0.33944590050846446	-0.33944590050845874	-0.46568438485301156	0.4656843848530112	1.2337651632879815e-14	-4.364308437966056e-13	5.3994872747603725e-14	-2.7092873273456697e-13	5.616700801987882e-14	1.1301154103227124e-12	1.8850378320306906e-14	5.420612716524242e-13	-1.205882961630002e-12	-1.080803831252981e-12	1.3804356131053292e-12	3.602583333665751e-15	-9.566746505500639e-13	2.840284786923462e-13	3.228061701344779e-12	1.1821695303788452e-13	5.358740004069504e-13	-1.8355541870465004e-12	-5.521228837978521e-13	2.2907870957756295e-13	1.3325316402004756e-12	2.2698138009416298e-12	-1.4053354674838962e-12	-1.083094391818861e-12	1.2145754213029872e-12	-5.054376800691616e-13	5.837969040570899e-13	-1.1168122925193446e-12	-1.1587631971905295e-12	-1.9313834836112469e-13	-6.647226250700932e-13	5.92427712142578e-14	-1.9310733387521595e-13	4.099226401377713e-12	-2.591205374847867e-13	4.07701929900613e-13	1.7040501652779573e-12	1.9819774292416264e-13	2.7113218238829047e-12	-4.382097309940203e-13	-2.1263107996191214e-14	-5.31920289173106e-13	-1.5559991896914197e-13	7.972930331042888e-13	-6.228731085178367e-13	-2.6345575736227535e-14	-5.570195183351194e-15	-8.677063210553653e-16	7.0665581004860524e-15	-3.837081419491796e-15	1.743140030939165e-13	5.730239348803799e-13	-8.725816160674902e-13	2.225793303165807e-13	-5.471142848915342e-13	-3.236474102758854e-13	-1.4785783308344585e-13	-1.1401581496995778e-13	9.123098277502658e-14	1.7971536875064607e-12	2.183707325567368e-12	4.084072412081349e-13	3.5597452523296846e-13	1.042988119634626e-12	-3.4991957368815097e-13	7.0883922587313535e-15	4.924047212068341e-13	-2.596988067028117e-13	-1.9211412664465162e-12	-8.067449708752357e-14	-2.5869826710804696e-12	-3.3923958521963697e-13	-7.856734523589071e-13	1.0565480413459587e-12	5.157059009676346e-13	-1.0756750854234607e-12	-5.598542438183662e-13	8.82506956788962e-13	2.2574826694322515e-13	-5.751953667845906e-13	5.488227943380091e-13	3.47247036650344e-13	-2.8442776656099475e-13	-8.640341135957562e-13	-5.711190310716579e-13	5.054345781353711e-13	-5.03369964607381e-13	-4.2726610585965186e-13	-1.677434283966043e-12	1.0568930357995948e-12
6.0	0.277350098112609	-0.33944590050846457	0.3394459005084587	0.46568438485301156	-0.4656843848530112	-1.2330952370530779e-14	4.3641532201247435e-13	-5.4123580315890634e-14	2.7084693434197094e-13	-5.613715336807236e-14	-1.129982169704721e-12	-1.883382092058357e-14	-5.420214877704473e-13	1.2058493866037975e-12	1.0808124812867895e-12	-1.3804161507689026e-12	3.3828729306116314e-15	-3.6672325291594016e-14	9.51439024464357e-15	1.1546810493496476e-13	4.3807517476659914e-15	1.759583854500524e-14	-6.734702508571679e-14	1.458695380683481e-14	-7.22206629168713e-15	1.8837638720001837e-14	2.3861384348507305e-14	-1.5391296855406795e-14	-1.1846891805525762e-14	1.131799006779111e-14	-5.584671241539096e-15	6.5836306781958175e-15	-1.4125629346909495e-14	-1.8284326187217515e-14	1.1683766806397686e-15	-6.4249920965288045e-15	1.168724318781357e-15	3.3535059967970315e-16	-4.687440453129763e-16	2.2836922921561836e-18	2.133210794294821e-17	-2.4654835462913676e-17	2.133210794294821e-17	2.133210794294821e-17	-2.4654835462913676e-17	2.133210794294821e-17	-1.1185571585378691e-17	1.1807900117552222e-17	2.133210794294821e-17	1.1807900117552222e-17	-1.1185571585378691e-17	-2.4654835462913676e-17	2.133210794294821e-17	1.1807900117552222e-17	-1.1185571585378691e-17	2.133210794294821e-17	2.133210794294821e-17	-1.1185571585378694e-17	2.133210794294821e-17	7.045796204854209e-18	-2.4654835462913676e-17	-1.1185571585378691e-17	7.045796204854209e-18	1.1807900117552222e-17	2.133210794294821e-17	7.045796204854209e-18	2.133210794294821e-17	2.133210794294821e-17	1.1807900117552222e-17	1.1807900117552222e-17	1.1807900117552222e-17	-2.4654835462913676e-17	2.133210794294821e-17	1.1807900117552222e-17	2.133210794294821e-17	2.133210794294821e-17	7.045796204854209e-18	-1.1185571585378691e-17	-1.1185571585378691e-17	7.045796204854209e-18	-1.1185571585378691e-17	-1.1185571585378691e-17	1.1807900117552222e-17	-1.1185571585378691e-17	2.133210794294821e-17	-2.4654835462913676e-17	-2.4654835462913676e-17	1.1807900117552222e-17	1.1807900117552222e-17	2.133210794294821e-17	7.045796204854209e-18	1.1807900117552222e-17	1.1807900117552222e-17	1.1807900117552222e-17	-1.1185571585378691e-17
7.0	6.093254289599441e-16	-1.3304198147795679e-14	6.8142932556914476e-15	-1.0560918950423124e-14	-7.729737559646159e-15	-0.4656843848530103	0.4656843848530109	0.339445900508465	-0.33944590050846196	-0.27735009811261974	0.2773500981126135	-1.0210615917438513e-14	1.0706193785727535e-14	-5.889816565763644e-15	2.3385250504258354e-16	1.0934583012665205e-15	2.133210794294821e-17	1.1807900117552222e-17	2.133210794294821e-17	-1.1185571585378691e-17	-1.2002619445937966e-17	2.133210794294821e-17	7.045796204854209e-18	1.1807900117552222e-17	-1.1185571585378691e-17	2.133210794294821e-17	1.1807900117552222e-17	7.862844065413189e-18	2.133210794294821e-17	2.133210794294821e-17	7.045796204854209e-18	-2.478411620541854e-18	7.045796204854209e-18	-5.606419812121945e-18	2.133210794294821e-17	-2.4654835462913676e-17	2.133210794294821e-17	7.045796204854209e-18	-1.1185571585378691e-17	2.2836922921561836e-18	2.133210794294821e-17	-2.4654835462913676e-17	2.133210794294821e-17	2.133210794294821e-17	-2.4654835462913676e-17	2.133210794294821e-17	-1.1185571585378691e-17	1.1807900117552222e-17	2.133210794294821e-17	1.1807900117552222e-17	-1.1185571585378691e-17	-2.4654835462913676e-17	2.133210794294821e-17	1.1807900117552222e-17	-1.1185571585378691e-17	2.133210794294821e-17	2.133210794294821e-17	-1.1185571585378694e-17	2.133210794294821e-17	7.045796204854209e-18	-2.4654835462913676e-17	-1.1185571585378691e-17	7.045796204854209e-18	1.1807900117552222e-17	2.133210794294821e-17	7.045796204854209e-18	2.133210794294821e-17	2.133210794294821e-17	1.1807900117552222e-17	1.1807900117552222e-17	1.1807900117552222e-17	-2.4654835462913676e-17	2.133210794294821e-17	1.1807900117552222e-17	2.133210794294821e-17	2.133210794294821e-17	7.045796204854209e-18	-1.1185571585378691e-17	-1.1185571585378691e-17	7.045796204854209e-18	-1.1185571585378691e-17	-1.1185571585378691e-17	1.1807900117552222e-17	-1.1185571585378691e-17	2.133210794294821e-17	-2.4654835462913676e-17	-2.4654835462913676e-17	1.1807900117552222e-17	1.1807900117552222e-17	2.133210794294821e-17	7.045796204854209e-18	1.1807900117552222e-17	1.1807900117552222e-17	1.1807900117552222e-17	-1.1185571585378691e-17
8.0	-5.071159429946615e-16	1.3190610943773249e-14	-6.7926692616297055e-15	1.0771002438197417e-14	7.786710078016953e-15	0.4656843848530105	-0.4656843848530109	-0.33944590050846507	0.3394459005084619	0.2773500981126198	-0.2773500981126135	1.029753285959106e-14	-1.0700228284144995e-14	5.83147979126882e-15	-6.334339203923408e-5	2.756908260121425e-6	4.1129146858672533e-7	-1.6697536681721084e-12	-7.425902132420795e-7	-1.974865907716601e-6	-4.467953227311179e-8	1.1584303344470559e-6	5.286812784144187e-8	-3.2845980853920906e-14	2.1037294235923747e-7	-3.1648939436894407e-7	-1.6876689528221106e-7	-7.880776752362205e-8	-1.2536146731539507e-10	9.875026145120019e-11	4.617822436158991e-9	-1.1939256486708252e-8	-1.7240495792697292e-8	5.283273147711455e-9	7.87129985462932e-13	5.2950684411787646e-14	1.2288385137559994e-10	6.050558051561777e-12	6.579893393866406e-12	-6.565162547373584e-12	5.63715025847167e-13	-3.643539786226869e-11	5.21800732593832e-11	-7.057032181909881e-14	-1.3548819180288197e-15	2.0632422580142843e-14	7.032806151643084e-13	1.6603703134818984e-10	2.973800392178515e-12	-2.492338888000181e-12	9.503851051719743e-11	-7.17856591200622e-11	1.301442888127856e-13	-8.716551268250416e-13	-2.2366610292442963e-10	3.409280330490044e-12	-2.9303546539456105e-12	3.4174719500560214e-13	-3.5073679468987523e-14	-2.282951603657242e-13	-6.919100193334561e-12	-6.788791830244888e-12	1.7911365834100843e-11	5.42043558536042e-13	8.720117139705059e-13	-2.3422602799323616e-12	5.914862510543528e-12	1.469995579377341e-11	1.113156794551985e-12	-1.0705491099403588e-10	-1.2875984084963002e-10	-7.732649077592175e-10	-2.2913718061533743e-10	-3.153076142289204e-12	2.1702528603453e-14	-1.6233001595948064e-12	-1.6558666027596387e-12	-2.830201000304257e-13	-2.67514976983974e-12	-6.697190309005005e-13	5.118812880717729e-12	-2.2822094095520677e-14	-9.598380467040306e-14	6.26001441938995e-11	9.083581870500814e-11	-1.1795554540644197e-10	3.135813222469929e-12	3.593017031078804e-14	-2.7978446888677408e-11	-1.247983816226768e-9	2.149179524870754e-11	5.625928806388498e-11	2.466024927404927e-11	-9.473538947022222e-13	1.053609950250312e-12
9.0	4.456672875547287e-15	1.7459346311735366e-14	-4.597678132243374e-15	1.496091219220855e-14	1.689841093128968e-14	0.3781885949476237	-0.378188594947618	-0.47283509195839213	0.4728350919583916	0.3781885949476216	-0.3781885949476208	1.4224417077101083e-14	-8.520742443126751e-15	1.2774290907357703e-14	-0.00010705748799559469	4.853737230296103e-6	6.621199582446377e-7	-2.1215253988423485e-12	-9.155846985812257e-7	-4.738537222998182e-6	-8.996603758244392e-8	2.7972209200287607e-6	1.1378846777711068e-7	-6.00958380536331e-14	3.810848205479498e-7	-7.495478682198563e-7	-3.602639969891539e-7	-1.5420923289721427e-7	-3.8442886367381596e-10	2.1980971710083787e-10	1.0534509307670686e-8	-2.770420843241057e-8	-3.632301098887923e-8	1.0100032277530107e-8	8.763858512179107e-13	4.968854756383135e-14	1.9002834563252491e-10	1.1575830772021525e-11	1.6398121460070193e-11	-1.346060914807509e-11	6.34929332634138e-13	-8.390250232771705e-11	1.1571997362177126e-10	-1.4379143201739973e-13	3.502967668058528e-15	3.8435327838719414e-14	1.0201575172267767e-12	3.6920098691249014e-10	6.449011227754067e-12	-5.702488034940324e-12	1.9276367890491127e-10	-1.6286068152490945e-10	2.488002348388006e-13	-1.7799484696010162e-12	-5.425573887789633e-10	7.599263848963874e-12	-5.522377840872464e-12	9.595413243149003e-13	-4.513313027982805e-14	-4.828468713212825e-13	-1.184949690984688e-11	-1.6079094786101846e-11	3.687783024709773e-11	1.0613996814502572e-12	1.7044750173582539e-12	-4.353704052259952e-12	1.696760242765442e-11	3.436527236525752e-11	2.0842119739367163e-12	-2.3656923386081823e-10	-2.6836016675435185e-10	-1.6760716268224283e-9	-4.802200600005783e-10	-5.5232543324140065e-12	1.6572608811500147e-13	-1.5834232066869002e-12	-3.5733606217541106e-12	-6.913127836117925e-13	-4.683315927795397e-12	-1.6469560295830758e-12	1.1250807783467796e-11	-2.89138431965212e-14	-1.4112075128170322e-14	1.339069993313104e-10	1.6797789234626672e-10	-2.744358404393505e-10	5.818618288745048e-12	6.249588121051097e-14	-5.904210681973119e-11	-2.804297290526125e-9	5.172384208752197e-11	1.0755469452627222e-10	5.0550070157844567e-11	-1.276302480999692e-12	1.8682601129103454e-12
10.0	-4.667537788761791e-15	-1.7666075217047807e-14	4.6050615775579734e-15	-1.5243574814136122e-14	-1.7051905061512955e-14	-0.3781885949476238	0.37818859494761803	0.4728350919583921	-0.4728350919583916	-0.37818859494762136	0.37818859494762064	-1.4404237894411105e-14	8.417924329320778e-15	-1.2803450189105355e-14	0.00022448897152377902	5.242383089594337e-5	-3.886329812766596e-8	-4.61396562840634e-14	1.198382497708796e-7	1.2320555793243746e-6	4.3189205503576955e-8	-1.6494414856344803e-6	-1.2066250419175521e-9	1.1646606542268804e-15	1.9844641417116268e-8	2.3705419197247835e-8	-8.351655812401594e-8	8.671410980767989e-8	-4.2844039718984075e-9	3.9398057671676636e-10	5.9396373103548283e-8	-1.3284148322155141e-9	4.265915729853966e-8	-1.1362208475488644e-7	-1.310715728439784e-13	-2.435185084008759e-8	2.2118060740556028e-8	1.8903251387751256e-8	-1.3428319172665633e-8	-6.439738299620681e-10	2.7647379869084175e-12	-2.947248502269979e-8	-1.3365234299128331e-8	-3.915660277154192e-9	-3.9417648520153656e-14	1.952078688866498e-11	1.3515781030057117e-9	1.4973055332712952e-9	3.152073094987255e-10	1.2160371683572066e-9	-1.3367849969347172e-7	1.374870200865082e-8	1.0225327709311349e-10	8.194950266840391e-8	3.2517518267474073e-9	7.3049251208000695e-9	1.1615123726785852e-9	-3.4211876850953526e-9	5.988114457037036e-15	1.7941605772417371e-9	1.0110527414152541e-8	-5.294439458447994e-10	2.5651765049701856e-9	5.502916707889945e-9	-1.7236102085329676e-9	-8.378053877345098e-10	1.8273346472660497e-8	4.6165767731678045e-8	7.732988045599739e-10	-1.7759890640071813e-9	-4.1042179050777e-8	-1.0352697262647048e-7	-1.0484666386164687e-7	-1.1520080908691325e-9	-3.191847591750203e-11	-1.3449720693907056e-12	-2.628136272173316e-10	4.102798653188689e-10	8.365760515226649e-10	-1.1766239271511074e-8	1.57767928937544e-10	3.2226728632350713e-14	-4.7456964620185775e-14	-4.0252987654362874e-11	-1.500996333527154e-10	4.102087590756251e-10	-1.0791443256661963e-12	3.530723914509827e-15	-3.9183116448303466e-10	7.621984910031882e-10	9.217766519316492e-11	-4.7275462892803333e-11	-6.533950603717026e-12	-5.4425484685804155e-14	2.745531855214123e-13
11.0	-1.6044010418457819e-15	-1.8914981655949806e-14	6.130121302481297e-15	-1.0284020443570624e-14	-1.9104573710829396e-14	-0.2773500981126188	0.2773500981126128	0.3394459005084641	-0.33944590050846474	-0.4656843848530101	0.4656843848530104	-1.0343594775077618e-14	7.062668281498292e-15	-7.263942233774788e-15	0.0005270836923043642	4.6659463067955144e-5	-9.464504470126216e-8	-7.63591190461302e-14	1.0613244819849167e-6	8.455092347712472e-8	-4.454289423202722e-8	-3.6209706246700648e-6	-2.06876713205386e-9	3.4526648273829925e-15	1.7035877335907018e-7	4.241777599711708e-8	-2.3198677293293195e-7	-5.667991636739897e-7	-4.846442835860619e-9	3.9469006198086706e-10	3.4619944765618607e-7	-8.218432850171333e-9	-7.40499162727215e-8	-2.8117803512779493e-7	-2.9838805863622017e-13	1.1132708103940228e-8	7.63588784248632e-8	-4.3427365548260786e-9	-1.2810119731380447e-8	-2.417191824851904e-8	-2.960187436736735e-11	-8.871708033503774e-10	3.496704451363058e-8	-5.925945762493008e-9	-4.858914565394721e-14	4.284733641260433e-10	1.2211843521178424e-9	-6.232229975177839e-9	7.139454476346316e-9	8.49542116777949e-9	-1.4905252350632744e-7	4.627594477944014e-8	2.9226409837286387e-10	1.5517132043338417e-7	5.988987997662236e-9	1.692654717871524e-8	5.172818633843122e-9	-3.326644861620765e-9	8.130094377153752e-15	8.419151161184906e-9	1.5395976149235754e-8	2.2210235135452857e-9	-5.292566318439081e-9	1.7606151599181244e-8	-5.631854595049856e-9	-7.57742863111109e-9	1.3205241095492568e-7	2.856193393457454e-7	-3.217211064905617e-9	2.153946999774211e-8	2.316608503759337e-9	-3.7241214100193316e-7	-2.9307859433308396e-7	-3.4437187658929493e-9	9.764180426876846e-11	-6.476363026034783e-12	3.869625145142523e-9	1.6945104615647252e-9	-1.7480989645589606e-9	-7.471918566189195e-9	-2.07198485338721e-9	2.3948084083937444e-14	-7.382531490453364e-13	2.959437443606828e-10	1.8051289288757231e-10	-1.3708661477135033e-9	-1.247227228137677e-10	9.04731484794042e-15	-4.741992346460674e-10	3.7926978064649477e-10	2.9036892231280885e-11	3.566011321363926e-9	2.3048784211981425e-10	-1.4781404686949392e-13	6.335561603089184e-14
12.0	1.4878839844288125e-15	1.8916207159622294e-14	-6.1233314609015e-15	1.022447921458646e-14	1.9041977176868788e-14	0.2773500981126189	-0.2773500981126128	-0.33944590050846424	0.3394459005084647	0.46568438485301017	-0.4656843848530104	1.0232297227308986e-14	-7.0520814866930254e-15	7.3255957975295e-15	-0.0004808903918251525	-9.659165577593424e-5	5.750809376318771e-5	-1.4382355914726065e-8	-6.42978391903192e-5	-3.158946120504913e-5	-2.1459290406966475e-5	-2.2880715952300376e-5	-7.682777479407876e-7	-4.80214475845976e-9	7.136512533920393e-5	4.7829591086052756e-5	8.267655792592973e-6	1.2637842906916121e-5	5.033867314274293e-7	3.5898621899637145e-8	3.738604632084439e-5	2.4624948394400966e-5	1.2883316451871047e-5	1.0619802068531855e-5	-2.0150552735694536e-7	-2.365541267722527e-6	-6.718283147029905e-7	7.842398397417449e-7	6.590892221334941e-7	1.2314084393224527e-6	8.515903912330952e-8	-3.005551213415722e-6	-6.683810568813497e-8	4.5277633455260615e-7	2.92433613104296e-7	3.7866015755078504e-7	7.178746596245322e-7	8.96988743879056e-6	-1.6246638255393373e-6	-1.0152757943937813e-6	-2.7218969884178517e-6	-2.0047888940703584e-6	7.179201490856427e-7	-5.631365720790142e-6	2.0551683874252296e-6	1.2211149332046422e-6	1.1864516036056096e-6	1.0891016435084574e-6	-6.421338100489848e-8	1.3977870729934349e-6	-1.4758175696426922e-6	-9.758866016414155e-7	-5.60011680560232e-7	-7.084610745005925e-7	4.021165679181392e-7	-3.5473344538022505e-7	-4.285956212029634e-6	-2.883824360082039e-6	-5.949709591050232e-7	-8.168034140187745e-7	3.3558498426432496e-7	7.999093007732745e-7	5.787068282820729e-7	-1.257384803901117e-7	2.608554964272152e-7	-2.0021865652840864e-7	1.7859007426932383e-7	-3.1452711921016764e-7	9.181859173809519e-8	-2.771817966487774e-7	1.5174658148945405e-7	3.699282124402151e-8	8.678158551093876e-8	-1.3755437466999887e-6	-1.7102452771205207e-6	-1.1371647880578984e-6	1.0998499904118418e-7	-1.032823925933827e-7	2.666724629935706e-7	3.060732499714702e-7	-4.197652483377807e-7	-1.1625318748368485e-6	1.720204802779428e-7	-5.365284894544399e-8	1.462702061367125e-7
13.0	-8.714621826243073e-15	-2.8232967140570008e-14	-3.269837272959728e-14	1.3763221436757326e-14	-3.6503884999847614e-16	-5.408766248173665e-15	-4.666265536466466e-15	-7.532820939891731e-16	-2.0377696500232383e-15	7.190441600336294e-15	1.692115147102678e-14	-0.465684384853011	0.46568438485301034	0.3394459005084649	-0.1781574722391125	-0.152774349189174	0.025804599859170673	-1.3178553200494386e-8	-0.0019138979539651884	-0.0007073354441847707	-0.0006579405523888307	-0.00012410990227573157	-6.496353576900508e-5	-1.2393396068143415e-8	0.0002437864833182441	0.00010778415576970678	0.00010329935240362062	0.0001261819865373908	5.983605385000327e-5	1.6435617087680112e-6	7.012278878551513e-5	3.262677431836745e-5	3.816340241513751e-5	1.926700148231218e-5	9.208715291559779e-7	1.2370318117049127e-6	1.5298854838226005e-5	1.0528777644068241e-5	1.1938605824556211e-5	1.4096943286867818e-5	1.5594371982286107e-6	-7.0501476434872606e-6	3.886323888224645e-6	6.393894109575014e-6	1.9075873616088824e-6	2.8535909940201833e-6	-2.305634884099002e-6	4.8654002425846415e-5	-1.608254683068885e-5	-7.932191091218398e-6	-2.5940052317149008e-5	-1.6135553308573008e-5	1.169432079276072e-5	-9.918460661991914e-5	1.7371491696595684e-5	1.035251461167092e-5	1.4296715144488003e-5	1.547309980394649e-5	-7.0664492076361e-6	3.2527257321763136e-5	-3.0529051811923504e-5	-2.2813964684343855e-5	-1.4945251580746471e-5	-1.5215297283502273e-5	1.2919405249026512e-5	-9.234622707840016e-6	-8.444662942471993e-5	-5.4426509868102366e-5	-9.17873344131378e-6	-1.6115582767505975e-5	8.666113592107686e-6	1.6053590374186312e-5	8.159217221770996e-6	-3.1457421840634673e-6	7.120087592461919e-6	-3.7218654404290255e-6	4.434594825145699e-6	-9.825361473997197e-6	2.003034163561508e-6	-5.072705155812693e-6	4.946942806710139e-6	1.4643897301849182e-6	2.2832150395421126e-6	-3.1769183341476536e-5	-3.374390835362443e-5	-2.077888748930575e-5	5.49026709444547e-6	-1.295735094672949e-6	6.786522348909209e-6	7.1921542216233885e-6	-8.332887248391997e-6	-2.452542568932953e-5	4.938291678948251e-6	-8.291800014060733e-7	3.5041118988860996e-6
14.0	8.561114995037525e-15	2.8600999298008024e-14	3.249068298729355e-14	-1.3705133893761187e-14	5.967143353662566e-16	5.401130867479316e-15	4.710427885253427e-15	9.514028437094537e-16	2.023264086713086e-15	-7.274616332977774e-15	-1.7016593384351175e-14	0.46568438485301084	-0.46568438485301045	-0.3394459005084649	0.003770561971561015	1.0333337204159768e-7	8.901667071258563e-9	1.1847534704436697e-10	-2.7651334438156387e-8	-2.1146198652633843e-8	-4.0642320905249955e-9	-1.396248427365563e-11	-3.9571934572363687e-13	7.36062140708641e-10	-4.7586838152172376e-11	-8.281865439691275e-12	1.0386608904946507e-12	1.5740603399910504e-13	-5.769309048051521e-13	1.4176736784546508e-16	-7.79548668219085e-17	-8.349570321184956e-16	3.125664171878358e-15	4.730872548616147e-15	-6.670253165772629e-16	-2.837165047014308e-15	1.3083782498758122e-14	1.0459835209122733e-14	-5.848185983394825e-15	1.2690808619474092e-15	2.2169724632659044e-15	3.7968634109397685e-16	-1.0971417340200412e-14	-4.901105347214092e-15	3.5550956668794245e-16	4.002819555154298e-16	-6.200741014674e-15	4.9022353006363976e-15	9.08495699076208e-16	-2.716504072876799e-15	-3.7125259469225135e-15	4.827894886251606e-15	6.787284034029893e-15	1.5362430910844677e-15	6.387560551152927e-15	-1.3459099751243314e-15	-1.418547602046802e-15	6.540224413122444e-15	8.677938123220755e-15	6.2875092132420065e-15	-8.47085406664885e-15	4.941826562699698e-16	1.1747962550712735e-15	9.559654457150863e-16	5.206236544147562e-16	3.6134918424015694e-16	-2.420212148925671e-15	8.596351146259977e-15	2.8003397837210097e-15	6.3099053327051146e-15	1.6464169836986306e-15	2.0977822259898117e-15	-3.1789690267315e-15	-1.5190498311869313e-15	1.7744801473971861e-16	4.679665200133749e-15	-1.9474351536635616e-15	7.759764584209208e-16	-2.552153655764959e-15	-1.9663993963691713e-15	-7.781870679262526e-17	-2.6339897789801686e-15	7.864315933770908e-16	-6.113960317471561e-16	-5.73526143645013e-15	5.847208202417082e-15	-1.0883376092445863e-15	-2.3454314045097786e-15	-8.656021314377846e-15	-1.1872162642308655e-14	-1.6529599719127857e-15	1.1985965083135535e-15	4.299594876411442e-15	-9.68762214761465e-16	-2.0854971714287046e-15
15.0	5.929168038581109e-15	5.497024012799215e-15	4.0302791774889344e-14	-1.653801342268293e-14	1.7714681140738577e-15	2.032849306327988e-15	-2.050395811033187e-15	-2.9693607193129267e-15	-1.1544469921715737e-15	-6.562790513848852e-15	-1.8498797820126258e-14	0.37818859494762236	-0.3781885949476207	-0.4728350919583924	0.005422908939176759	1.8676298406493702e-7	1.242667359759212e-8	1.603854245337258e-10	-1.0175988738620773e-8	-4.715599255403272e-9	-5.790303121941403e-9	-1.9953822726500856e-11	-5.523707296942235e-13	1.1781907383962434e-9	-6.676128232980751e-11	-1.2853841885998781e-11	1.6059015782530765e-12	1.0887909671564056e-13	-8.200938571483048e-13	6.71441230256715e-16	8.478304586050372e-15	-8.580517382220967e-15	-2.7926075231699298e-15	3.416917518681357e-15	7.265948751952638e-16	-4.627032503678308e-14	1.652056025233482e-14	1.0414082076120742e-14	-4.71100256084142e-15	-3.155584178704641e-16	1.2636210657323432e-15	1.4236075350323358e-16	-1.4832660016182095e-14	-5.977396911893781e-15	7.723909210012199e-16	9.503663955561591e-16	-6.534331785114047e-15	8.376139069284716e-16	-1.865091438721474e-15	-2.586872647781934e-15	-4.479983930420353e-15	5.673102435770358e-15	3.830315807613816e-15	1.3731534315830541e-15	7.980587712342385e-15	-3.8746484343409464e-15	7.790377969018512e-16	5.917347242547952e-15	8.809186427053441e-15	5.979558948368395e-15	-6.529995425153431e-15	2.993749923109958e-15	-3.7090107419255834e-16	1.4162932508102225e-15	2.5185588798290553e-15	-1.612617741839595e-15	-3.97108380192198e-15	9.45943008586585e-15	1.4869521477865944e-15	5.34930683824979e-15	3.9424401911472785e-15	-1.6906680498945191e-15	-2.7946079788170473e-15	-4.667086576070178e-15	2.201007848198866e-15	5.3828865624656905e-15	-1.0237111862699225e-16	1.3801512349212535e-15	-5.5155207506230826e-15	-2.6765257195616135e-15	1.4350218772379669e-15	-2.724919187716346e-15	1.6037757220097973e-15	5.938979048171759e-16	-3.654186045444347e-15	4.557370264254604e-15	-9.264828119367595e-16	-2.074289666828887e-15	-1.25174905683487e-14	-1.429205608637685e-14	4.079166276677926e-15	2.5143943432985184e-15	4.201443586867263e-15	-1.7716000327699727e-15	-2.2846321490510053e-15
16.0	-5.9117801934487e-15	-5.250235443368099e-15	-4.03892175166151e-14	1.627896058300935e-14	-1.5557289085373339e-15	-2.0700266206000234e-15	2.0021010122998768e-15	2.9556090979722237e-15	1.1606421110845087e-15	6.615881450706652e-15	1.8310593640726273e-14	-0.3781885949476225	0.3781885949476208	0.4728350919583923	-0.45942690203505177	-0.3575616548368427	-8.263726527064707e-8	4.544403533661688e-11	1.0139755015460565e-10	1.5862814802279116e-9	-1.4472800722222603e-8	-1.1381780008819774e-8	1.7001864056712845e-9	-2.541945870724285e-9	1.815050152706012e-10	-2.59554236013893e-11	2.8984037145143807e-12	-7.864139884810245e-12	1.7957200272655072e-9	7.636928693876432e-13	-4.807508693105186e-12	1.2207060603899758e-11	-2.1911343560978824e-12	-2.1092366409328348e-12	-1.6249764024702985e-12	7.293799449571538e-10	4.408528179189207e-12	8.73447053099565e-13	-1.63020131561633e-13	-1.4333404650321815e-11	-2.6215238364870036e-11	-8.61530641563379e-13	1.5139677685078138e-13	4.3874039979684414e-13	9.059539189116476e-14	-2.0649415244959667e-14	-3.456176486620308e-13	-1.0943259623418509e-13	-7.776851244316824e-14	-1.9477222934127922e-12	2.3195173987603048e-11	-5.042085572343681e-12	-3.3003057784325343e-12	-2.2668988432456728e-14	6.923535200267925e-15	3.682205407017508e-15	-1.7887015146477474e-11	-1.1615440312932095e-11	3.240830611824822e-14	-1.0074057088986277e-13	-2.1778572825563802e-15	1.2896389068870827e-15	-8.862979700496664e-12	-4.4394558322863004e-14	9.182426685426853e-14	3.356474765953285e-14	3.492090709035342e-14	-4.766554621120037e-16	9.480764001029597e-15	-9.026937929311333e-17	1.919250553561821e-14	1.1278786891965003e-12	2.2132330260622423e-14	2.736496897408851e-16	4.003324928798208e-14	1.859371432467528e-15	6.249253440366059e-15	8.203100731975656e-15	-1.7104165685259328e-14	-3.0951463228726576e-15	6.314130830360065e-15	-2.4716448674714245e-16	1.3265687973757695e-14	-2.1675768891453954e-14	-3.29771589635956e-15	8.193705307588241e-16	1.852711399532953e-14	4.2651680037705046e-14	-2.48004424426333e-14	-8.403117300276776e-15	-1.8285111876934278e-14	1.6097766787503843e-15	-2.257549437567716e-15	-2.93188577442198e-14	-4.14237447907517e-15
17.0	-6.613775323978191e-15	-5.734984633378913e-15	-2.39730413494032e-14	1.3245563714654256e-14	-1.1942284166773417e-15	1.3696058252653033e-15	3.341894775658683e-16	3.682880030922329e-15	9.415757647175598e-17	9.183204544792919e-15	2.5965891808803237e-14	-0.277350098112624	0.277350098112613	0.3394459005084639	-0.3423980224145246	-0.45561459269367	-8.922693988691095e-7	3.1199534222309916e-11	2.8675895505641666e-10	1.4289791082168843e-9	5.566125214182474e-9	-3.36983491458574e-9	2.1669723009008976e-9	-1.339504567547275e-9	5.2136660526266935e-11	-9.707562537693281e-12	9.38127986874451e-13	-3.6113980547672974e-12	2.3013412797914927e-9	1.8329109312453074e-13	-5.1921821952987794e-12	6.280255423893823e-12	-3.618568562302155e-12	4.822351395070499e-13	-2.1307446700953333e-12	9.930215611580996e-11	-3.192253967190806e-15	1.6376520203564229e-12	3.524832033312457e-13	-1.1461706816312992e-11	-3.5532868462730774e-11	-3.7200357883122693e-13	-7.046380266300299e-14	7.166430791674341e-15	1.229083402893339e-12	2.9963475745419375e-14	-2.84120669476084e-13	9.895826660574116e-14	1.2733217890298184e-13	-1.5869078643114796e-12	1.9478797911047e-11	-4.3630062485905e-12	2.158893679656643e-12	-1.3081473889762903e-12	-8.634187668665537e-14	-3.2378419767995784e-14	-1.4386718108022486e-11	-9.736975099765595e-12	4.583269971521678e-14	-4.563737389785528e-13	-1.2310648911183097e-14	3.2790563643004334e-15	-7.1128032720742884e-12	-1.586822539522654e-13	1.4457361751963066e-13	1.0277601498075288e-13	-3.2048294189443405e-13	-1.2570129927764845e-14	1.914247409995979e-14	-1.4072965005007262e-15	3.2733758702944475e-14	3.2632785087607916e-12	1.2598715074786604e-13	4.933183003192123e-15	1.6703187221373946e-13	5.144189316044485e-15	1.3502243296664187e-14	2.146754665894706e-15	-1.0613993148750988e-13	-8.734603828202652e-15	3.247429795408314e-14	5.381297224560541e-16	3.3682523343489395e-14	-1.1010005682007329e-13	-4.368777140045867e-15	4.394746529685009e-16	-1.0504616916905786e-15	1.3283608781500883e-13	-5.717231679101756e-14	-3.296278109516608e-14	-3.831799678300527e-14	1.9193152306851658e-15	-4.1661158535282765e-15	-9.285755478917661e-14	-1.0944613023338535e-14
18.0	6.598090079017334e-15	5.824776686771512e-15	2.3969141592660385e-14	-1.318110110986202e-14	1.0427773402597106e-15	-1.3660344968164244e-15	-3.6043893137680736e-16	-3.771858637505148e-15	-8.353914337595383e-17	-9.00779601572323e-15	-2.7177154571220283e-14	0.268969307337299	-0.2689693073429161	-0.3291887378681323	0.22995373940137978	0.24533076050431135	-0.4510770910890705	-4.151191866850308e-8	0.0007086803652209219	0.00032599329131443493	0.00026507489659844785	0.00024004564809614558	4.233634444540302e-7	9.370523703096908e-8	8.984756944598973e-5	7.634366814115183e-5	1.8411053417928488e-5	3.39989179249226e-5	-1.7518583952326383e-9	7.451881858694309e-6	0.00012761557689507273	9.005527569461172e-5	7.600222310265366e-5	0.00010375815780148193	8.017368291029313e-7	0.0001378065722751103	-7.646075973258786e-5	-5.910296328273025e-5	-1.9017846754667947e-5	-2.2123455162366017e-5	-9.724746769547423e-7	8.22405968455397e-5	-3.734927669867269e-6	-8.898989246343553e-6	-2.8953883315102746e-6	-1.5479352480048694e-6	1.6736113709224488e-5	2.2060075728481044e-5	-9.363156982233722e-6	1.0839652661611199e-5	-2.2522580934848806e-6	-5.360951485950415e-6	-1.960517504367709e-5	-9.72058013939915e-5	-6.575564938742271e-5	-4.872882658054247e-5	-3.202706701274662e-5	-3.6287616720572675e-5	-2.246083212378053e-6	-2.2242027709613363e-5	1.6416744093034008e-5	2.1916183130278396e-5	2.9452777431036846e-5	3.4680343387857123e-5	-7.851155385496799e-6	2.1109549045166882e-5	9.435889248312375e-5	8.594763578094503e-5	5.364436549809962e-5	5.808077037920765e-5	1.9808424811356293e-5	2.7296241409329942e-5	3.5799971282295085e-5	3.2954136964131236e-5	1.1210522055941451e-5	1.4147135013345244e-5	3.2166782884435713e-6	3.2077637442176806e-5	2.5331442834020188e-5	2.0960041454686586e-5	8.896970524841819e-6	7.762714391562663e-6	2.4533197742735233e-6	5.260362480679936e-5	6.439117053217249e-5	4.56607252055596e-5	2.343344280734658e-5	2.1054555402399726e-5	8.051696978085194e-6	8.514282399018288e-6	2.075166291759346e-5	2.626993047614627e-5	7.982661460740865e-6	7.8763893198507e-6	1.980034298712787e-6
19.0	-2.1933888254957737e-13	-5.659909023107142e-14	-3.175788630096669e-13	-4.2024365560628953e-16	7.517389235957888e-15	2.8432435792512046e-14	3.876682891259383e-14	-5.346754429515104e-15	-3.2697570342199198e-15	1.8190886977524173e-14	-1.9992884306740053e-14	2.686839931334201e-15	9.348395189705041e-15	-1.3953402805895809e-14	-6.869295008638601e-5	-0.00014506004085634494	-3.8951491505133475e-5	-0.4510817656606883	-0.13309426963554402	-0.0880474756868449	-0.022089883432941416	-0.014559447011617481	-0.005700192690217023	-4.805570539300998e-8	-0.023175252773164488	-0.014634721382585232	-0.006821574885006945	-0.005807291489730885	-0.002588164509010863	-1.2732205965218018e-5	-0.0030974948050328886	-0.0026911491741212017	-0.0037169476683787898	-0.004169329740121097	-0.0028652710463809954	-0.00045236483836656434	0.000658658946124032	0.00038563118467886844	0.000639731524659037	0.0007012641961535093	0.0005561714162547965	-0.0004091650946389873	-1.9842629327358957e-5	5.876697713112689e-5	7.846300622226634e-5	5.6790245007638144e-5	6.019418786636885e-5	7.942125900555519e-5	0.00010886148545574787	-9.783127822568149e-5	3.4434494579889356e-6	0.00010029823011344454	0.0002997611737642071	0.001561971447016275	0.0010775771163989158	0.0007426108613526306	0.0007063686236290582	0.0007053368568079901	0.0004026127705158834	-8.765192373668368e-5	-0.00018080512877174536	-0.000309875250480483	-0.0004968782426545613	-0.0005806268985749543	-0.00020962986840242684	-0.0005061979808879036	-0.0013426417370537287	-0.0013712526553206947	-0.0012777139132739029	-0.001158516695206794	-0.0008857495685832111	-0.0009532509025444037	-0.0008231959300852893	-0.0006211002786453731	-0.0003863625750409365	-0.0003106899984246023	-0.00021652960653730267	-0.0005392476749704014	-0.0005731867345251515	-0.0004136636438326623	-0.00031380702679439373	-0.00021168307184690755	-0.00013754406696372026	-0.0007389452636554613	-0.0013397914474210164	-0.0008922396972898412	-0.0007403092002526116	-0.0005281162542202787	-0.00035315367500577874	-0.0003344475911216581	-0.0004447469818595059	-0.0003702405361905936	-0.00032380931302821743	-0.00019144413588873115	-0.00012233954500532216
20.0	2.227638166402748e-13	5.755448568069114e-14	3.2273602061795014e-13	2.9914829917330424e-16	-7.814624874751291e-15	-2.8373532565039642e-14	-3.904164375680439e-14	5.3853056930230214e-15	3.1249343249812867e-15	-1.854607333131529e-14	1.967229460997107e-14	-2.795341987618214e-15	-9.971578399663207e-15	1.2526035620810107e-14	2.5679574892329244e-6	-8.67470106271801e-10	-1.5997212858829052e-10	4.213775089920641e-7	-0.45458342168532156	-0.3413620394586748	-4.94488996556793e-5	-5.401415175402658e-7	-1.2396197444542085e-7	-6.5521301061605325e-9	4.7611063169548984e-9	1.144219790269888e-8	-3.005592001293992e-7	4.433942200571689e-9	3.963986349862199e-9	5.5488852715680485e-12	-3.064904679708443e-9	7.178462762042939e-10	5.856183076012632e-9	6.775574027357464e-11	-1.0585964581881874e-9	2.417286183644634e-9	1.8666844627378725e-11	-6.409322306490824e-11	1.2684251691903812e-10	-4.018567799709722e-9	-1.9295856886164563e-10	-1.2917903992218885e-10	1.812224777279086e-12	-2.7940943654834056e-11	-3.159214896359561e-11	-8.331396741354929e-12	2.930741228058845e-11	9.218208333705572e-12	2.9046055529742567e-13	-2.4893315759677658e-11	-2.355968061311693e-12	1.1717737603860381e-11	-5.305744200730438e-13	-6.925542593236283e-9	-9.72905281720466e-11	-3.077574474170752e-12	-6.472886123842715e-13	-8.686733255525509e-13	3.715430113746232e-11	3.7708598811604065e-12	-8.785914059659416e-12	1.013814535471409e-12	2.2334091353162203e-12	2.106395114169054e-14	-1.7699143487537807e-12	-1.3661215812725728e-11	1.0365395713561212e-13	-3.107333305300084e-14	2.375806404434651e-12	-5.101118966149289e-13	9.775130859739311e-14	1.94571299498913e-12	1.0560510787702223e-12	8.04155339365504e-14	4.318230143800484e-11	6.9430393559788e-13	3.055367474896117e-12	-2.1762790698834537e-12	-1.7261354298336214e-13	1.013240897759878e-13	1.6766828969856743e-11	4.0044037030138993e-13	4.683232713103542e-13	1.0074617090666548e-12	-3.9195704999163186e-14	1.4087313377385737e-13	-1.8714027087300516e-13	2.6582546285771946e-13	-2.874265451137376e-13	-1.1851656951917613e-12	-1.3613556464412394e-14	1.451772928622626e-13	-9.31878694275015e-13	1.1107761567583928e-12	2.055837258412336e-12
21.0	1.102925118375423e-13	1.6572542008881358e-14	1.3970730831769294e-13	1.37700921836233e-15	-2.3356417331099618e-15	-3.77901418688569e-14	-3.3042191954581094e-14	-6.37336148764744e-17	7.092905998705532e-15	-2.3241787989860623e-14	2.713260601562025e-14	4.988422134245974e-15	-4.131353973504806e-15	1.055947722637294e-14	4.524481011777765e-6	2.2224612736607765e-10	-3.593184429805727e-10	3.4406095795355777e-7	-0.3560475898038992	-0.4579888567943126	-6.499276966021741e-5	-6.956951457055847e-7	-1.5912982317865832e-7	-1.3064718785546099e-8	1.6480722051650052e-9	1.0671949996084772e-8	-4.118950410193105e-7	5.969199262124203e-9	5.205685712082041e-9	9.403059839773046e-12	-4.464419137997747e-9	2.4641530886837682e-9	8.413875268606269e-9	1.071423248414916e-10	-1.6198477996128444e-9	4.100546310109483e-9	3.274703900887318e-11	-1.1330580157007707e-10	1.9003966571245783e-10	-5.859498785096616e-9	-2.7216240465466536e-10	-2.166872767968811e-10	1.8623950418922594e-12	-4.970144829415713e-11	-4.609173482196266e-11	-1.21968207246073e-11	3.4943017959613154e-11	1.4253667133830923e-11	-4.0836442232146306e-12	-4.041026714762923e-11	-3.489634149966015e-12	2.060126912919246e-11	1.086080443666171e-12	-1.0602000968385082e-8	-1.4897812242553803e-10	-4.800035884474906e-12	-1.262857956417341e-12	1.0336769425752966e-12	5.304172782700673e-11	5.801531470167741e-12	-9.835448017157338e-12	1.5815041114815947e-12	4.250210577613454e-12	4.4511301142095354e-14	-2.57371904102974e-12	-1.7690891396918403e-11	-1.460940368489848e-13	-6.24841839041508e-14	3.322807329315152e-12	-7.602968999254242e-13	1.339260122514108e-13	3.463094583511568e-12	1.7049106438681788e-12	1.1975910636251832e-13	6.213635136875087e-11	1.0166302499814648e-12	4.5521073587128515e-12	-3.062896521892671e-12	-2.4877111000882027e-13	1.5360882053405507e-13	2.4814865422558547e-11	5.962097157604904e-13	7.090186128733742e-13	1.483514788076189e-12	-7.6337247326442e-14	1.9461793386942546e-13	-1.9302965488401158e-13	3.918413468910591e-13	-4.381102159223044e-13	-1.8589945330196385e-12	-1.6972666615045227e-14	2.2373611125070397e-13	-1.2726594716929923e-12	1.6682944174228978e-12	3.113082452615125e-12
22.0	-1.1029749176339105e-13	-1.647750790001699e-14	-1.3964043543730412e-13	-1.478472005866615e-15	2.418278474155169e-15	3.788812917857599e-14	3.328780315123391e-14	7.132215062368368e-17	-7.005158308634225e-15	2.336714057987041e-14	-2.727439389850526e-14	-5.014770502004919e-15	4.001432233710885e-15	-1.0644839282547583e-14	-1.6557320046230176e-6	-8.906547584075706e-9	6.071748480164735e-11	9.060364795926676e-12	-2.3148880782445376e-15	-1.8822975114746136e-15	-0.46013293415653783	-0.3747788528314873	-2.37713496815012e-5	-3.4222294935057355e-9	3.5067403973068016e-9	1.423463994872026e-11	1.818176829402275e-8	2.920218945434645e-9	-8.367095646246928e-10	-1.8201968031090894e-9	-4.854397311246995e-9	3.413031507154091e-10	3.516818404272267e-10	1.532289631502748e-12	1.1076388466063285e-9	-4.270833017475355e-9	1.4959140628761066e-12	7.36380575972339e-11	6.068541432656133e-11	-1.9303339127050747e-12	1.6987046362581447e-11	-3.1492026865008777e-10	-2.7608533626476657e-12	3.758487791209905e-12	-2.148638226022979e-11	1.0963631008097617e-12	-9.418696646388581e-12	9.797509987066236e-12	7.07317175163907e-12	-3.297878213268659e-11	-9.445499715858864e-13	1.4367725021483809e-12	5.5750341652196975e-11	1.5221939972004522e-9	2.1774924262549106e-11	2.8431933830308118e-11	-1.4963151684048065e-12	1.3272490015467052e-12	7.26164257116061e-13	4.735578753818528e-11	3.197008651226661e-11	-5.163652828157276e-11	7.181541179966369e-12	-4.821684384881578e-11	1.9639041710217253e-11	1.2413891961603639e-12	-5.208588540838235e-12	1.8684788571540982e-11	-1.929332510463426e-13	-9.025959140760133e-15	9.500523375314272e-12	-3.689845248575709e-12	-1.4411630626007015e-11	1.3200896400399493e-10	-4.1711078449930067e-13	1.615201662185782e-11	2.0388382924633627e-11	-3.929105956479924e-12	-1.2193854286741472e-11	1.3949277257099277e-10	-1.872740360728563e-14	-7.15565978096736e-12	-6.835740405890081e-12	8.20453192782525e-11	-2.542633249646703e-11	2.325441310317438e-12	-5.114490637487462e-13	2.6753109064460274e-12	-1.5173850606932892e-10	1.4823104558243908e-10	1.7265333191660378e-11	1.2594060924284962e-11	4.7084972016811045e-11	-1.78122004941811e-11	1.5308622724626034e-10
23.0	-6.70067559321549e-14	-6.939999450728542e-15	-9.094129763152998e-14	-6.211720882771401e-15	6.06785283320002e-15	2.2018112940279553e-14	2.566099456100772e-14	-3.740921754588584e-15	-7.649603718312625e-15	1.5273556594309307e-14	-2.056966907286486e-14	-2.612370175801348e-14	4.0114929506792363e-16	-3.0038509178312087e-15	-2.2365305354061158e-7	-5.317200882876097e-9	-2.4193884750177555e-12	6.5398072058619044e-12	-3.3380833284428617e-15	-1.36993128280598e-15	-0.3254995674486196	-0.4529686113129234	-2.5977704765093783e-5	-2.0996856261959932e-9	2.023691473681254e-9	5.1433217331324005e-12	1.625754498886884e-8	2.3352646362842477e-9	-1.0181035115804867e-9	-9.218765713452897e-10	-4.211362043756316e-9	2.3520014591113453e-10	2.1588358833109055e-10	3.396776074364581e-12	1.4003516912908233e-9	-2.058499927760115e-9	1.91621374148052e-12	2.8084190900440355e-11	4.063425929437234e-11	-1.3324834224504766e-12	2.2227577273043988e-11	-1.4171544854050784e-10	-2.5824717059301097e-12	1.6312118156195016e-12	6.430833864461765e-12	2.309687825941829e-13	-1.0676441306079952e-11	1.2564317723664617e-11	-2.024617423757481e-12	-7.632921155581532e-12	-2.818931534034756e-13	3.6934461913967554e-13	1.3790255337853587e-11	-1.4378399086640529e-11	-3.0308342208922873e-12	5.2035401106876924e-12	-1.4074652439897937e-12	2.8459927403584825e-13	1.1189562455131215e-12	3.728997541755463e-12	1.8670185203414352e-11	-2.453208786448467e-11	2.4049568234606545e-12	-1.1404939489222123e-11	3.1206299718608114e-12	-3.753600823078374e-12	-3.932757815310462e-12	1.0390705517289428e-11	-3.714269801699654e-13	-1.4131003525737575e-15	2.859893942833196e-12	1.3848669367699362e-11	-2.349821103429446e-12	2.826175472962874e-11	5.352041953961165e-13	-1.4205724559159966e-12	2.6423355994541304e-12	2.855539573742973e-12	3.873305484790152e-12	3.538541970418185e-11	2.8211748397455626e-13	-1.0070174914062973e-11	-8.996919322086189e-13	5.205824359382392e-11	-9.887262649663445e-12	4.925727571342152e-12	3.361177274158513e-13	1.2289891995129515e-11	-4.43933127219909e-11	5.7187261704814176e-11	1.1028064515765313e-11	1.668004755850058e-11	2.387071038070052e-11	-1.2414714275202303e-11	5.34832507823036e-11
24.0	6.692395500773295e-14	6.9872390632007255e-15	9.094880808599635e-14	6.230842951966633e-15	-6.037387531121385e-15	-2.2004177101277857e-14	-2.5721015076242116e-14	3.774993739239445e-15	7.751721965067282e-15	-1.5313049037065942e-14	2.059058034554345e-14	2.606508456086287e-14	-3.1397271213944866e-16	2.977711390317716e-15	-0.00046911258622675826	-0.0006011434314967693	-9.437967495335673e-7	0.0001396283265868028	-2.970289150158007e-5	-0.00016520716238902048	-9.556242797872437e-6	-0.00010604977625053869	-0.4550193175911661	-4.102823409259603e-8	-0.0006680986023317126	-0.00046906590841601386	-0.00012370578145817375	-0.0001944179949491917	-2.4213752256260797e-8	1.6795980534947112e-5	0.001429203425888483	0.0009159056410370082	0.0007450517919478266	0.0008288522569019098	1.4867013305918878e-6	0.00010933422005018019	-0.00011434508919943446	-5.8348201775277914e-5	3.4794611944786972e-6	1.6647368242722612e-5	2.4694436680656724e-7	0.00023261544237099377	9.4784534408712e-5	9.481213913725456e-5	1.3061182161072238e-5	2.4168427988657098e-5	3.1555191996379805e-5	0.0001357929616788301	-0.0001162769502445855	-4.73280182518035e-5	-0.00010653260530337812	-0.00012266861273305035	-1.5869811758435285e-5	-0.00027611120827096455	-7.236234403586075e-5	-4.9974610524825065e-5	1.0118961143184434e-5	1.721281828262389e-5	-4.044986251754643e-6	-4.167062600524695e-5	-7.780573450205819e-5	-6.873055695821514e-5	-3.9164602133551244e-5	-4.251048639626711e-5	8.803167814850746e-6	-1.429450219107965e-5	-0.00015032629913819056	-0.00013348425782258458	-5.815267973166938e-5	-6.695828606587092e-5	-1.1544312441512226e-5	-2.8465695158926404e-5	-6.112464191204994e-5	-5.425846807626346e-5	-1.4588903711266254e-5	-1.925263579884273e-5	-2.939418837239487e-6	-4.933922523230355e-5	-3.373301394133248e-5	-2.7125981873502556e-5	-1.1471050970891093e-5	-1.002926640520489e-5	-3.168147608846343e-6	-6.367946672219611e-5	-7.521181574977132e-5	-5.857814012243216e-5	-2.885519977610454e-5	-2.6678704465173195e-5	-9.692701173089096e-6	-2.3390161722467156e-5	-3.0505567663687392e-5	-3.3664630995578516e-5	-1.3175078235068274e-5	-1.2395754239068473e-5	-4.47693561070221e-6
25.0	1.7589665023217563e-14	6.293229252123473e-17	9.71390999442529e-15	5.844257823621932e-15	1.035612140558403e-15	-8.984789279503514e-15	-4.75185922238708e-16	-8.30077755956977e-16	5.464361651292329e-15	-1.3904680573280219e-14	2.1528429615240182e-13	-2.44377687769297e-15	1.3871740086222378e-14	-1.7855708033395043e-14	-8.472034225356307e-5	-5.65715131816886e-5	1.8387874965599074e-5	1.1630740183616787e-6	-2.6558632675584806e-5	-3.6499130603257176e-5	-5.420666252118917e-6	-9.354805503753476e-6	-1.1858631019194344e-8	-0.4387331816615412	-0.07888583974451972	-0.04030379026877191	-0.007908105727607737	-0.00581007966099656	-0.001441097337476202	1.0780331230333742e-6	0.020156992536544384	0.014619482152984576	0.010640188316386722	0.009798790655022252	0.004763822146145002	1.0701546510405403e-5	-0.0009760301685880723	-0.00024636862914500563	-0.0001607851987403729	8.796428586282492e-7	6.638281032798027e-6	0.00012667827208045804	0.0004906069041364905	0.0002010589734491906	0.00031183050404583185	0.00035027050926189103	0.00024322756957409445	-0.00012385815827227557	-0.0003192506856096956	-9.733315591686397e-5	-0.0005482078941810995	-0.0008867861668968612	-0.000562569002258159	-0.00028117256736123216	-0.00012983647854780762	-6.191323381333534e-5	6.652876269046844e-5	0.00016070289187163436	7.447985925530042e-5	-0.00029896665148020015	-0.0002791362159236041	-0.0002564608439799843	-0.00030663705783058517	-0.00031594676240238797	-0.00010503057654160519	-0.000220989217970644	-0.0006649719012578095	-0.0006416651556400969	-0.0006451095798704867	-0.0005629527012848462	-0.0004444784658759245	-0.0005775018954563652	-0.0004393928382958164	-0.0003170239743276206	-0.00021472233737947324	-0.0001689669061187096	-0.0001282105805657098	-0.00026212501271912555	-0.0002581377339232853	-0.0001839367372509851	-0.0001528116221684816	-0.00010768702735457046	-8.003751485823877e-5	-0.0002763573385782943	-0.0005429823478340761	-0.00040985170513628967	-0.00036027575459649875	-0.0002687226132489629	-0.0001970816620388795	-0.00018353069627276568	-0.0002221567359739022	-0.00019387498434711385	-0.00017427047967261166	-0.00011737890144840435	-8.575601571801167e-5
26.0	-1.7681062100460914e-14	-4.490286411838763e-18	-9.693416156882525e-15	-5.870171104470815e-15	-1.1745608123639313e-15	9.255043171445623e-15	3.520750522731045e-16	7.902533149481465e-16	-5.599881914574804e-15	1.3989999482349437e-14	-2.1857264976487165e-13	2.614353632764183e-15	-1.4245427669235872e-14	1.792141007937979e-14	-3.265589762057992e-8	4.165969461673439e-8	-9.537550671358172e-13	2.5537964386377256e-9	-3.917251698572199e-9	1.0266514363013452e-8	1.8965375009995532e-9	-5.535159498486601e-11	9.173695887927836e-9	-2.0315040236897948e-5	-0.47217336679589544	-0.38005407118790774	-6.581452000826254e-8	1.0386169566984001e-8	2.0995135420004225e-9	-4.905172888986302e-6	-1.8246634693944331e-7	1.5151736891506698e-8	1.0396899354890787e-7	-1.824436367670316e-9	1.0301685367037782e-7	1.1981217492511343e-9	-7.0572426393719024e-9	2.9069890333280583e-9	8.315477765552592e-9	1.1335500292502623e-9	5.9838538596559355e-9	8.590737855946373e-10	5.861534316008281e-12	4.155336191319161e-10	-1.1951729128152367e-10	1.1315797512844428e-10	1.7787752626539523e-10	-1.6533408445950347e-10	-8.298271677017312e-11	-1.1437370505450463e-11	-3.832327689851661e-11	-8.350835780578413e-12	5.832601409235007e-12	-2.3296386235206944e-9	-2.3716654072297386e-11	1.6205710214161445e-12	-4.3772989893068e-12	-2.2643337184710794e-10	-6.434146937234768e-11	8.896581406324015e-10	-3.142212945308343e-11	-3.633161379638965e-12	-2.638306485562562e-11	-1.233992892418018e-11	-8.504465232428849e-12	3.3617645297830637e-10	6.38124761659676e-12	1.5392964418547855e-12	2.370892897316498e-10	1.0769155803418774e-10	6.853413486963773e-12	9.194705688682765e-11	8.403086585260274e-12	-8.256240886077512e-14	-5.788161619032026e-10	-2.3060616852298287e-11	-1.5159925079603152e-11	3.977773088941526e-12	2.2047079156376863e-13	2.3542966908844796e-12	-5.2672441423064695e-11	-5.297594960982907e-12	3.7366826441908423e-13	-6.652433022851517e-13	2.0842066706866915e-12	-1.6868560440974919e-12	1.701607871220946e-11	-5.966272706847451e-12	8.5366791057273e-13	-4.192292957887135e-12	-3.982889697850657e-13	1.846595400859325e-12	-1.3845419798079019e-11	1.0817858459529579e-12	2.2057912610397535e-12
27.0	-2.4480430741035325e-14	6.346281677267636e-15	-1.1355478167043832e-14	-4.911193785065566e-15	3.419292048532404e-15	1.0451113803552708e-14	2.796727321537439e-15	7.818142712524528e-17	-9.542304550445148e-15	1.9481527715451096e-14	-1.006068593159896e-13	7.459695618282612e-15	-1.6540309215091314e-15	1.3004137645378336e-14	-1.6292882138248106e-7	3.2025476478277435e-8	1.6849542779345463e-12	2.283539112287972e-9	-4.4646031971223915e-9	5.485445490090023e-9	2.052806556839511e-9	-3.39352514768779e-10	6.984067392567296e-9	-1.4028054939164588e-5	-0.32772652460604673	-0.45401602960185833	-9.879278936770476e-8	5.0053972616452745e-9	2.2248080213725517e-9	-2.333966551160023e-6	-1.5184200749167188e-7	1.2372264375009026e-9	1.4571153792362219e-7	-3.843880224086579e-9	1.42206366246102e-7	2.191970694182341e-9	-1.1197596483772252e-8	3.798520440740967e-9	1.1886741247164592e-8	1.6313826954771597e-9	8.26651433878465e-9	1.559521646279737e-9	-1.1799438898022363e-11	7.194934710894345e-10	-1.6841859786230372e-10	1.6369762765333803e-10	2.8547665035689565e-10	-2.725612493124051e-10	-1.1241911894099811e-10	-1.3758371625724911e-11	-5.4358635625396275e-11	-1.1932429737697176e-11	5.603451914430699e-12	-3.609721291730059e-9	-4.1431878871288834e-11	1.6800254154670826e-12	-4.601941528657638e-12	-3.4445884190220245e-10	-8.738128464423378e-11	1.2677838184603607e-9	-5.0247160906801797e-11	-5.935197259360281e-12	-3.5750050359529235e-11	-2.087461372081249e-11	-1.431640665030739e-11	5.175870019621897e-10	6.27937931475107e-12	1.7325430401493997e-12	3.5433766899293004e-10	1.6084341501197176e-10	1.0648621589520387e-11	1.370953465506065e-10	1.2369341378987591e-11	4.747081106558651e-13	-8.510205158967018e-10	-4.006974776536916e-11	-2.4543305446786833e-11	5.787938425532684e-12	4.776846421708206e-13	3.782585316531267e-12	-8.772989617978774e-11	-9.574115317227624e-12	5.850281127620385e-13	-9.178514596206693e-13	5.668864355576424e-12	-2.985648936808598e-12	2.423408224861123e-11	-1.0646301814483394e-11	1.3796031163011628e-12	-6.280624094961045e-12	-6.90953462576846e-13	3.2666006797303424e-12	-2.5695924104137863e-11	2.7773843249631994e-12	2.9746188521021877e-12
28.0	2.459555847658055e-14	-6.40095299750435e-15	1.1711528054425632e-14	4.9291698714182035e-15	-3.331046786557677e-15	-1.041559991337712e-14	-3.003805426992661e-15	-2.940630014928418e-18	9.55761994866079e-15	-1.9621456758400634e-14	1.0081122594880844e-13	-7.403889212236723e-15	1.7330218494919668e-15	-1.2976028174443167e-14	-1.2360509386577624e-6	1.4448738956435619e-7	-7.526395842026032e-13	-9.07667192476213e-12	-1.2399914729079482e-11	5.139708925317995e-12	-3.2109894841267544e-10	1.3972613197877906e-9	-1.9507977189031808e-8	2.276337737735244e-9	6.04596670543247e-7	5.774682274457938e-7	-0.4801596321262135	-0.4327098215219962	-2.650796539991455e-10	-3.901660277141256e-8	2.8507789815139714e-10	-1.4612187059203366e-9	3.840145638082881e-8	4.927354388930089e-9	-2.2762247934854401e-7	4.357305315963047e-9	2.2856580960039945e-10	-3.7426091996610997e-10	3.489454006841494e-10	-3.3448542367769416e-9	4.516354190856311e-9	4.789037708451973e-10	-1.0741052594765428e-10	3.08292524559204e-11	-1.2646704726950603e-10	-1.226473024450658e-10	-4.454906396340256e-10	-9.312090767218591e-10	2.6575891131548417e-11	7.622809183097123e-11	1.3397123683780351e-11	-9.350912816967057e-13	1.9949058875278997e-12	-1.1737906266640072e-10	-7.297967846077472e-11	9.079660812502193e-11	-2.2189454481675738e-14	9.923673160120995e-12	-3.3101887490065627e-12	3.9827157453531087e-13	1.740868780598102e-10	3.1075331070423784e-10	-2.264455352425277e-11	-3.465894017716511e-11	-4.982583376232748e-11	-1.3312967541879924e-12	-1.1515624791968354e-10	1.3127738254030402e-10	1.1826858494322351e-12	-2.989365248093189e-12	1.4776172845574465e-10	-2.8789291062119292e-11	-5.365095495881018e-11	1.3261932543517005e-10	-9.027299366616166e-13	-4.927325672697079e-12	-9.98414752291378e-11	4.4523262478426856e-11	3.4598881749787076e-12	-2.00663329490037e-12	-1.653610327275908e-11	-4.64047334513099e-12	-1.977565873677646e-11	-2.5364476060479375e-12	-1.6277338669796656e-11	3.787515845207723e-12	2.7826180869011938e-11	-9.624491132037698e-12	1.6270354552976232e-12	5.167695750603775e-13	3.690084716180404e-12	-2.1246600118344427e-12	7.507549530536913e-12	1.072064304215595e-12	1.6328700494291267e-12
29.0	1.1161739832791e-14	-1.0113848326622003e-14	1.2291765744104175e-14	8.50907607216976e-15	-3.6628478884612656e-15	-1.4449512262060328e-14	-1.6187715948350849e-15	-9.031983370045203e-16	2.7231062926030064e-15	-1.5192628793959733e-14	6.046674459721406e-14	-4.451640564219968e-15	-3.948410549256706e-16	-4.122129860880808e-15	-1.1891530374346804e-6	1.5799102875129506e-7	-4.493306234081108e-13	-9.829305772805389e-11	-7.454835887707693e-12	3.2702983782159055e-12	1.5857923790335568e-10	8.012509419574832e-10	-2.4062361298258942e-8	1.41279190999983e-9	4.312022718293029e-7	3.6142853321941346e-7	-0.30373874341019874	-0.45183177398533425	-5.409409159084387e-10	6.4905092615656856e-9	1.3168012430034233e-9	-4.840360177001495e-10	2.2953085071562417e-8	3.191807246498917e-9	-2.788915431745369e-7	2.458159179322931e-9	1.8714061777144128e-10	-8.786542161328255e-11	-2.7410089929859865e-10	-1.2566956922247666e-9	5.6096424426655025e-9	2.86435779729281e-10	-3.003494329140726e-11	6.658231026808701e-12	-1.1888577783713274e-11	1.3538957735274581e-11	-8.829238256294874e-10	-4.206425389885259e-10	1.6661545472256945e-11	2.8326086216570874e-11	1.256238739650665e-12	-1.6280697178689735e-13	-8.977198170225932e-12	-5.5152078305022336e-11	-1.9186622290813137e-11	5.048497301730807e-11	3.5476103949834733e-13	-4.516344183742067e-12	2.5671604297357774e-12	3.6325606302591667e-12	-6.758147380899639e-12	1.4420184993971159e-10	-1.176030434149316e-11	8.552243155096709e-12	-4.814224861859184e-11	-5.756291869212895e-11	-6.9906809349876424e-12	6.586540168396786e-11	1.7028676066437883e-12	-1.0019947458603802e-12	2.984123383657501e-11	4.2500781186821236e-11	-1.076778641677794e-11	5.55050073087023e-11	-3.0270706219133476e-12	-3.4537207070311442e-12	1.523478829182523e-11	4.407292758764637e-11	1.0391476729839843e-12	3.752691134723611e-13	5.25580210292433e-12	-2.434439234287643e-12	-1.750815341114872e-11	-6.834107604084962e-13	-8.519971445128544e-13	-1.6613889522233525e-12	6.4555227105377994e-12	-1.3259629422756974e-11	2.8853738284498593e-13	1.5356084178982106e-12	-3.974050215719522e-13	1.3699358486794067e-12	-5.431937540943463e-13	-7.575372096973171e-13	6.502000595500001e-13
30.0	-1.121381649811223e-14	1.0144997038644583e-14	-1.2337070569425674e-14	-8.527070625260015e-15	3.663032163584742e-15	1.44030076006749e-14	1.645139511671455e-15	8.512637861152233e-16	-2.6900130737509732e-15	1.5097005649074295e-14	-6.049827340912318e-14	4.494717631468443e-15	3.8859648507170774e-16	4.050089872298319e-15	1.7387051890809054e-17	-2.4654835462913676e-17	-2.4654835462913676e-17	-5.606419812121945e-18	2.133210794294821e-17	7.862844065413189e-18	-2.4654835462913676e-17	1.7387051890809054e-17	2.2836922921561836e-18	1.7387051890809054e-17	2.133210794294821e-17	-5.606419812121945e-18	-2.4654835462913676e-17	-5.606419812121945e-18	-0.47785979781361837	-9.889833105554893e-6	0.0007281044554967242	0.0005255084027733126	0.00039215803170002377	0.00042840888254639065	2.5878309329267703e-7	3.597049250379498e-5	0.0009291906800703542	0.0006883572375875077	0.0003385635764992845	0.00042510808826212775	1.3775965645910004e-7	0.00012316273360369985	-0.0008901725287758655	-0.0008365622186833138	-0.00013071558513583792	-0.00023253988483954902	-0.00010113954975206384	0.0006202705393322219	0.0010648072355795657	0.0007464167237845519	0.0007048341873927924	0.0007919262955744439	5.270801004987428e-5	-8.295262000301478e-5	-0.00011008847062506078	-3.231039203229084e-5	1.2180093456362099e-5	2.4983335828503608e-5	6.7108495677358405e-6	-1.7915260139289437e-5	-4.229561373926758e-5	-3.51120002915936e-5	-2.3820951730633114e-5	-3.053579532333071e-5	1.4004354413823144e-5	-7.682255495444545e-5	-1.602885538517599e-5	-3.86628804009696e-5	-2.045616371087381e-5	-3.133765174579912e-5	-1.061114168965561e-5	-1.1964055585537957e-5	-4.6065711615682905e-5	-4.785902358299158e-5	-1.4873223291615173e-5	-1.862604049425577e-5	-1.4945231002569726e-6	-4.7753571903399904e-5	-4.440679403303147e-5	-5.123980815542389e-5	-8.468698543612859e-6	-1.4003503966442753e-5	-1.5055265429944158e-6	-6.925319251298641e-5	-9.696731937560369e-5	-7.668651535667764e-5	-1.2968723379362934e-5	-2.6679662952961614e-5	-1.9225426009822873e-6	5.710383393779079e-6	-2.4888736269699088e-5	-5.923474066296373e-5	3.562825509478396e-6	-8.272694621527222e-6	1.7063303377867792e-6
31.0	1.9376272156640296e-15	1.0210101799894501e-14	-7.040008354595082e-15	1.0300587035035882e-14	1.6071906670230897e-14	1.4849589705103727e-14	1.1419994541769937e-14	-2.0632373912406082e-14	5.766728580265486e-16	-9.189493316726766e-15	-9.323293115284154e-14	1.2292585106639994e-14	6.090977311925545e-14	-3.747976677332728e-15	-1.4385756602166515e-16	-5.5023600486680586e-15	-9.630844867177189e-15	-1.453535250915434e-15	-7.261896773398662e-15	-1.3159903145704109e-15	-1.529943853905918e-15	1.6370990249445854e-14	-6.182141631473651e-16	-9.052897139729271e-15	1.72829508125958e-16	-6.564296683304258e-15	2.9351087259028627e-15	-2.207725026387863e-15	-1.3045213028656392e-14	-0.45251562822309216	-0.17053525346729922	-0.1345392538513119	-0.03290101484146827	-0.028122545903858306	-0.008581462682867918	-3.891677467287281e-5	-0.011124551810260041	-0.007334399365925111	-0.004528210968236278	-0.0038861115567115504	-0.0019336566969876694	-0.00015858940188802343	0.0012339292286499867	0.0005646232322339842	0.0005929672263280616	0.0006430730847422043	0.0003868229087164869	-0.0006312412916164538	-0.0016369120211553983	-0.0007399888191389213	-0.0012889662627128353	-0.0017891837617285758	-0.0011311593098714554	0.001350316961055823	0.0007853720175484085	0.00029410760670672235	0.00026894244780625387	0.0001356183469575787	0.0001594989141701771	0.000683940713399684	0.0005026955330390261	0.0003558403957722766	0.0005176825318329969	0.0005521845890653146	0.00017951649666546508	0.0003915807801946976	0.000684618862330621	0.0006385174292464296	0.0007106424798258148	0.0006680041361450817	0.0005416362290790959	0.0007844512104218346	0.0005588420693842001	0.00038953956495112586	0.0003081054097226368	0.0002622770873151662	0.00021733347100626234	0.00033477249095865974	0.0003417093415347002	0.0002645808538393428	0.000227466372618191	0.00016993619572129833	0.00013322443177614276	0.00040137442268281445	0.0007723375154017908	0.0005441036325099568	0.00048926271561672	0.00037628056789213067	0.0002915881101257085	0.0002785381222555545	0.00031766192312142723	0.0002746607042543414	0.0002502593476321843	0.0001696117932641624	0.00013213665704167122
32.0	-1.8461007796094338e-15	-1.0158828874418917e-14	7.070597332391503e-15	-1.0528573830403658e-14	-1.6180420146995e-14	-1.4833281428283602e-14	-1.1761889141962387e-14	2.058784248846552e-14	-5.31457195831974e-16	8.970605370405822e-15	9.308918516386653e-14	-1.257916688425181e-14	-6.088853845813028e-14	3.839319850344208e-15	1.319973572831345e-15	3.067554135507899e-14	4.534599134783081e-14	1.6090549018088006e-14	3.710863428926001e-14	4.3752313219735884e-15	1.49757827947299e-14	-7.466040540808436e-14	2.1219647214586798e-15	4.266794276610924e-14	4.355954805624743e-15	3.0163827878546173e-14	-1.0194957074877641e-14	1.1353048229163074e-14	6.875968169197805e-14	-5.6929141476371894e-5	-0.45285478546481023	-0.33561213610477564	-2.4450814599436633e-5	-8.28078232821803e-8	1.2596648518447958e-7	-2.9018601608116532e-9	1.096015255416552e-9	4.678760648974826e-9	3.070542118538876e-8	1.0014069204779783e-9	8.655386658835002e-8	2.2555068359983903e-9	1.0964312770374872e-9	1.428899237854934e-9	-1.7106488240879237e-8	-1.4613575268486885e-11	-1.7545038990994357e-9	2.2650248091347127e-10	-2.431977050221597e-11	3.816958502025847e-10	2.9374759621508295e-9	2.285537933503892e-10	1.2488753156224621e-10	8.539360608819726e-10	-1.6885073777470665e-10	4.423078532672045e-11	9.565375247229788e-12	-4.2621315265069613e-10	-1.7315833765605488e-11	1.2496302236679238e-10	3.8226892522571203e-10	-7.73708165019866e-10	-4.9919086284394216e-11	-3.2089610901148426e-13	1.3363754221106011e-11	-2.5935213887283678e-11	-3.997523949595232e-11	-2.9561180735166906e-10	1.4049837546153436e-12	-2.1460266116251092e-11	6.940909541690226e-12	2.787959292772023e-9	5.295150016407047e-11	-2.518758201613543e-12	-1.0851307608138463e-12	1.0090896027462595e-12	-2.7013650488649773e-11	-2.426552826894854e-9	-6.10031010652708e-11	-1.0278772461327577e-11	1.7647352428057225e-12	-2.52472343177167e-13	-9.912015005298232e-13	2.2602121550141958e-12	2.6368093150228523e-11	4.679610698457725e-12	-6.387712955343473e-13	2.598109365838883e-13	-8.608210121658064e-13	5.729234208714072e-10	2.0713826092039105e-11	3.095696881152558e-12	1.248972198761382e-13	5.897159050594408e-12	8.11719533140444e-13
33.0	-3.0327544683371568e-15	-1.2890285292090265e-14	3.682653385649204e-15	-4.4632349070399845e-15	-2.3366299990913404e-14	-1.9264007169549912e-14	-4.168680654754781e-15	2.87842693333493e-14	1.4374073517282419e-15	1.6079359215578455e-14	1.3848458469390345e-13	-2.276552088047066e-14	-8.50735769926748e-14	3.5100745134936865e-15	2.1851657596378643e-15	4.401911213868479e-14	7.535033358883327e-14	1.4297083350922102e-14	6.044131879383739e-14	6.341168031508441e-15	2.021895454026184e-14	-1.1349560624610395e-13	2.3398894707188373e-16	6.214735606514417e-14	1.5339443563902234e-15	4.286693792606616e-14	-1.5440672744826182e-14	8.499289872023474e-15	9.6407935333389e-14	-4.7548355733296464e-5	-0.35819709872624866	-0.4578694972759589	-3.3465543379432594e-5	-1.1044226603463142e-7	1.6716695071784428e-7	-1.2388204762981615e-8	1.2427976972727553e-9	-6.648719919206304e-11	4.236641435452364e-8	1.4167470349312787e-9	1.1492768990844549e-7	5.333415937710505e-9	1.5677806478678755e-9	2.9500455779851674e-9	-2.4803920367544916e-8	4.150172793957266e-12	-2.1423467076982436e-9	3.173381373465053e-10	-1.4479697379554156e-10	8.235096970641355e-10	4.194708799875803e-9	3.262023554668355e-10	1.59352149907205e-10	1.327455823682643e-9	-2.6359251411498427e-10	1.6797708644507216e-10	1.4511651988954676e-11	-6.111028908421978e-10	-2.814783583999382e-11	1.96744599495359e-10	1.3803895814936541e-9	-1.2794755865731642e-9	-7.087424344826892e-11	2.4293039772452295e-12	2.945831260078243e-11	-3.628491001633851e-11	-7.32210855845288e-11	-4.5121255025093116e-10	-6.879456584582731e-13	-3.0716625391212106e-11	2.0335158364247607e-11	4.035445491462329e-9	6.813050053812915e-11	-1.696040504952252e-11	-2.569597351998458e-12	1.4045127551014056e-12	-6.96896360225321e-11	-3.6482567731333455e-9	-8.883109965499666e-11	-1.1861653451342648e-11	5.141864103683385e-12	1.8411754533496806e-12	2.1362605214382947e-12	5.239694947363035e-12	7.119203772247033e-11	1.9860204786666635e-11	-9.371407705788501e-13	1.3802727724837262e-12	-1.701169819685887e-12	8.658270045390911e-10	2.8848208739830032e-11	1.3800355642186754e-12	4.805754439901244e-13	1.0566870462467828e-11	1.3667710464350158e-12
34.0	2.9859176219309554e-15	1.3113917420974356e-14	-3.421274387933678e-15	4.443186282873639e-15	2.3714194686933144e-14	1.909271809983423e-14	4.312596947049169e-15	-2.911342912722959e-14	-1.2978206931248058e-15	-1.617227932759379e-14	-1.3973958236308315e-13	2.2887426597253215e-14	8.577892865394303e-14	-3.2130271675872423e-15	-2.065725096748012e-15	-4.4232646882975957e-14	-7.62037987412769e-14	-1.4405954106576523e-14	-6.118535506986246e-14	-6.498004497779997e-15	-2.0132641387761006e-14	1.1464679446574934e-13	-1.811870335133703e-16	-6.279048571514378e-14	-1.584235431347416e-15	-4.3191711106130113e-14	1.5545476646888988e-14	-8.43222898174605e-15	-9.732639862843861e-14	6.416761957874511e-7	3.448375917295847e-8	-8.363123963764177e-9	-0.4585801017765733	-0.3666111709724306	2.1442896621593052e-6	4.446643137175761e-8	-1.1921650204568996e-9	3.134676399118005e-10	4.375896680955533e-8	3.524984684415e-8	5.9559691513154817e-8	6.428889869104346e-9	-4.661554231736879e-10	9.010524695537489e-10	1.1815093235708434e-9	1.1326835534152194e-9	3.0365963002623135e-9	4.853690607296424e-10	3.911874943742478e-10	-1.9415226409339666e-9	2.5076441158433337e-11	-7.242463144874171e-11	-1.8619779538887556e-10	-8.18525049986242e-10	-1.65547908304554e-11	-3.5870563052608903e-11	2.4677171334906264e-12	-4.169087117427172e-13	1.739358756104908e-13	3.6371244274951407e-10	-2.0709502133930108e-11	2.2026300675192298e-10	2.159575335658373e-13	1.2276350049693087e-11	-6.678222229778747e-12	-3.681403706469947e-11	1.575782208168163e-12	1.222408529331022e-10	7.597283838912498e-12	2.293302530845871e-12	-1.2667504895981947e-11	-8.976284847675842e-11	2.122609023446158e-11	-5.539662087674951e-13	-8.607702936728836e-12	-2.5299967929415457e-11	2.7959446100338645e-12	4.1497163649000386e-10	-6.751980080436845e-11	-8.5334635341217e-11	-1.7054731005465873e-11	-1.3076101169413725e-11	1.770450415222819e-10	2.1793085132106122e-12	1.1219414529154998e-12	5.0847486638103526e-11	-2.149858124141856e-12	-5.214166570851641e-12	6.841373816916008e-12	5.068454147535978e-11	1.2224817356553263e-12	7.676070072667911e-12	1.3692086315966044e-11	-9.920102470630877e-11	-1.3367681854732784e-12
35.0	4.00920510637034e-15	4.772238564301948e-15	-4.9692076726744315e-15	-1.2614844892391335e-15	1.5637057483825556e-14	1.4644892489158335e-14	1.538023305194499e-15	-1.827928296878903e-14	-3.2121921369315352e-15	-9.203012133805561e-15	-1.0142212877798824e-13	2.6081675942550585e-14	6.509327298407012e-14	-1.8661080089338246e-14	-5.9531683583477055e-15	-2.886013950808697e-14	-5.422766870298851e-14	-3.8462119223704634e-15	-3.3565174207125894e-14	6.0909534307451725e-15	-2.3627847708680526e-14	7.262027253649538e-14	-3.2253318982953713e-15	-4.259639035622947e-14	-5.483480640991704e-15	-3.062700672322462e-14	1.1953715393480941e-14	-7.344357838924243e-15	-6.608196157627984e-14	4.632872790862784e-7	2.4483616385073688e-8	-5.882245939474554e-9	-0.325732958394041	-0.4522732059663255	2.8128208638957847e-6	2.7607533574292254e-8	-2.0269799661288498e-9	1.2743928919458533e-9	2.805018177707621e-8	2.3423709420690396e-8	7.012142451953961e-8	3.908375226400069e-9	-2.8261593258287644e-10	4.910691138487705e-10	1.961969747146515e-9	1.021735053202933e-9	8.53059911131552e-9	1.8415559515627666e-10	2.0069315713424608e-10	-1.2058857276420587e-9	5.793866929747802e-12	-3.7689651572280926e-11	-2.55236007017397e-10	-4.1974806786392865e-10	-8.099602888016893e-12	-1.2658789608713736e-11	6.843977899149499e-12	6.059246533822136e-13	-5.221445598887455e-12	1.2589010845925634e-10	-5.042693551325208e-11	1.1147557354822324e-10	3.61354162273004e-13	4.797912927543522e-12	-7.909867189700221e-12	7.321858309744767e-13	1.6750334151893973e-11	8.82911775730582e-11	4.791880346099715e-12	1.3769653740654742e-12	-1.1843649752292416e-11	1.2396406079420323e-11	4.142640436157976e-12	8.806098890315839e-14	1.811603183360663e-12	-6.210969684625736e-12	1.856310856615244e-12	2.324857492722096e-10	-4.963750783045659e-11	-3.7436703337860485e-11	2.505343291996586e-12	-1.751326740519824e-11	6.804238442552352e-11	-3.164542854250219e-12	1.9686008494069442e-12	3.383938087469583e-11	-5.130206729512177e-12	-1.744174849420594e-12	4.470431016259915e-12	2.9471213298012164e-11	-2.1738111107592483e-12	1.1388182857773045e-11	8.658246385669832e-12	-4.6724843632874574e-11	-3.684469397785188e-12
36.0	-3.999630211449337e-15	-4.897214093427522e-15	4.993892506956912e-15	1.143679973008602e-15	-1.564127477608929e-14	-1.461957671758886e-14	-1.5191550620161791e-15	1.8237759459198327e-14	3.135150967606904e-15	9.249631867712739e-15	1.0146694042288854e-13	-2.6191714394676628e-14	-6.510167745052765e-14	1.823239688502242e-14	8.6300004592634e-16	-9.549168075033897e-15	-1.3232272847868866e-14	-1.040080412721954e-16	-2.4342727877654873e-14	5.397866626050375e-15	-2.0654325194451177e-14	-7.033714537198507e-16	2.702288831952017e-16	-1.8381169513188876e-15	2.421120879065557e-15	-2.083699865624867e-15	-2.6710033202991996e-15	-5.352131113048822e-16	-5.5189528984144185e-15	0.0007246268063122102	0.00038950716138147614	-0.0002131290233580469	-0.0007126880625649882	-0.0023202339447127565	-0.45360302570573197	-4.5363673791940874e-5	-0.006278127096568527	-0.004583882237432198	-0.002051494095217601	-0.0023822072469155044	-2.416986733610913e-7	-0.00019312980128135957	-0.0005688635161586399	-0.0004950611318281611	-8.173624003098777e-5	-0.00010350870257483854	9.705418110854142e-6	-0.0002533451774158753	-5.740826392992091e-5	-8.275845110280218e-5	6.772398301727277e-6	9.63861405094548e-6	6.487572345709804e-5	0.000310747063263687	0.0001858569962609806	0.00020517764925382786	4.334303130478776e-5	8.520897140836931e-7	-6.313132722370145e-5	-0.000229649102763733	-0.00015113240318482806	-0.00017179036597973304	-7.077035662782886e-5	-3.279153455754228e-5	-9.80836213606392e-5	5.8277146837968066e-5	-0.00023036059458246384	-0.00029743552443434445	-0.00014813435988034846	-0.00010987192761651067	1.1076941038592611e-5	-0.00015487975180380578	-8.033859070574121e-5	-5.769107200982275e-5	-1.7791330865112912e-5	-1.550097050880103e-5	2.2787941978769617e-6	-7.627731468349985e-5	-7.091113630664631e-5	-6.122108488977941e-5	-3.8773119354108536e-5	-2.8565090695237912e-5	-7.796720042472793e-6	-0.00011644289611857516	-0.00011588598717521121	-9.641247809966732e-5	-7.341061589728175e-5	-6.0408418159564634e-5	-2.015946569348169e-5	-8.481270311806205e-5	-8.985026252271536e-5	-8.696796912853424e-5	-6.226409100080383e-5	-5.0973611475760015e-5	-2.6759653304559162e-5
37.0	-6.9673559070051294e-15	1.571736567133224e-15	-1.0232905982992225e-14	-4.671291699415111e-15	-6.644817548888481e-15	-4.200770399048705e-14	2.4079108406930486e-15	-1.154450375231695e-13	8.590014293649888e-16	1.6321150390629296e-14	-2.606666573392721e-13	9.734825394975803e-13	-5.891826238473685e-14	-3.081283019888378e-15	-2.5809614268284666e-13	-6.17287218165397e-14	-1.2450997676369948e-12	4.4949246751386494e-14	4.709432447463217e-15	5.870255431990902e-15	-3.539173936939616e-13	-1.2943808236239968e-13	-1.1126837732554452e-13	-6.741004368387438e-13	2.960547322018676e-13	-4.5909630880727425e-14	4.594692006811572e-13	-4.427899097076011e-13	-9.039003102820367e-13	-5.478786141878705e-7	-9.906095022215347e-5	-9.58199652831909e-5	-3.7132574231229125e-5	-4.693262508587058e-5	2.039431843854447e-7	-0.4502363494560647	-0.15419486447091638	-0.11666601063454826	-0.027642381886037293	-0.02307206650295037	-0.004858526710154145	-2.2797760251811455e-5	-0.0007225002075138156	-0.0017571206079212795	-0.00037173356063782264	-0.0006075720157233157	-0.0004444333958755952	-0.00011196825306124105	-0.0003168822960531932	-0.0002912397272999642	-0.000251182733108201	-0.0002622819493254406	-0.0003210350594289613	0.00029398941679772316	0.0005306935978447306	0.00046693798768333844	0.0005392332337918956	0.0006565877018515911	0.00047717275728408043	-0.0002584038944394751	-0.0004906824221498616	-0.0004264419308298349	-0.0005250586920929948	-0.0006340698099558343	-0.00017996414707371203	-0.0009527251106941124	-0.0011194834918560814	-0.0009207621024092282	-0.0010180332723198461	-0.0011134898198286354	-0.0008413692412233911	0.00014447266255778753	-8.297306790687455e-5	-0.00013246194531887513	-0.0001416625502906904	-0.0001556245553417939	-0.00012379459311321809	-0.00018179184237982103	-0.0002161999129239951	-0.00021692824564163054	-0.00021580030958236686	-0.00021681082694398435	-0.00018690709915130505	-0.0002689023444180329	-0.0005247925445437167	-0.0004967592215643479	-0.000492905205791899	-0.0004896767548592655	-0.0004191519412029825	-0.0004521164244621925	-0.0004611609415235299	-0.0004608307142306122	-0.0004408743078790131	-0.0004178328030732297	-0.0003720216632620532
38.0	7.0382029368204205e-15	-1.5809117320484883e-15	1.031541562625959e-14	4.611375298707399e-15	6.513164340500643e-15	4.21284849547327e-14	-2.367006092593676e-15	1.1727969173943118e-13	-9.767733798814223e-16	-1.630491632673702e-14	2.6493592227915563e-13	-9.886052851563486e-13	5.968706617518365e-14	-4.906070769446658e-15	-4.1567983335609126e-13	-1.0052412551063508e-13	-1.9949241939944952e-12	2.570111552677204e-13	2.527204720161746e-14	2.0832414035145488e-14	-2.095553797135344e-12	-2.4295596656465e-13	-2.0474945238539145e-13	-1.2664430120619672e-12	5.514320445937494e-13	-8.489304767980373e-14	8.629791047945735e-13	-8.316113117435466e-13	-1.690289391085077e-12	-4.656771032247859e-7	1.0558738740025925e-10	-1.1192102519951542e-10	1.460957566504883e-9	-3.406672852969114e-10	-2.4500169752464167e-11	-4.831383879298108e-9	-0.4547129111236257	-0.3459357152625145	-1.3751946095240128e-5	-2.9662859641262552e-8	-2.0298830778806354e-7	-4.6147868257753326e-10	-1.212741146296057e-7	-5.531434134414132e-8	-7.69133609699273e-9	2.05929288922459e-9	3.268029181283034e-7	4.7090155200799104e-9	1.5493851401970075e-8	-3.014087843822326e-9	7.432951975120641e-10	-3.4509829647004546e-10	-3.7216975013080705e-11	-1.2648273200217132e-9	1.0406332429213438e-10	1.5880274092392476e-11	3.94815606454398e-11	-3.101171741332077e-11	-1.0942969874178751e-10	-2.5392351557386253e-10	-4.0160696939406915e-11	4.889686867174247e-11	1.2176644630053435e-10	6.208998257487311e-10	-7.211844053214319e-11	-4.160739759609788e-10	1.4145545419983142e-10	-7.587390329437499e-12	3.192059885235091e-11	-1.191537476097804e-11	6.686501099155297e-12	-3.2069132523305543e-12	-4.0071344587535194e-10	-2.0521216696005275e-11	-2.077557636567717e-12	-7.07745572318183e-12	-3.3141492378624403e-12	-2.1406858923527756e-10	-9.84242873545683e-12	1.236307739284925e-10	5.919710497279952e-11	3.283176922479364e-11	-1.2821848087076984e-12	9.119351906521229e-13	-7.85584221774631e-13	2.8399219145346466e-11	1.2624378033512025e-11	5.291205591831971e-12	-7.378147270551864e-12	-2.232777449424298e-11	-1.9319175071214417e-12	-5.9094021558745425e-12	-1.5553524003371834e-10	4.8061253069517305e-11	-6.005275199545409e-11
39.0	6.1995905307031955e-15	2.205920089470241e-15	5.906061070371441e-15	3.711242778086415e-15	6.388769348651135e-15	5.3611728538483626e-14	-4.629133388723673e-15	4.6010468969666154e-14	-3.5396622364314268e-15	-2.084978668988646e-14	1.159376520668934e-13	-4.756097180576072e-13	4.0833037284104895e-14	-6.262454590413141e-15	-5.640135364146153e-13	-1.3547497577447536e-13	-2.7019564009910568e-12	3.5344291751095364e-13	4.2594691186500974e-14	3.3429394903317306e-14	-2.8186835830126432e-12	-3.3176889106355403e-13	-2.7587399714227567e-13	-1.7206635230385028e-12	7.42908342151519e-13	-1.1362841410069582e-13	1.1734393776213117e-12	-1.1308964003076996e-12	-2.2725039440680185e-12	-3.6028749054057124e-7	6.241313164632015e-10	-1.4850045254364552e-11	1.735053060118558e-9	-4.026315802820039e-10	-6.27352893277375e-11	-3.974792093650962e-9	-0.3501362153027187	-0.4574442270222218	-1.7984938047491828e-5	-3.706009650982847e-8	-2.5186691650847523e-7	5.430902219071254e-10	-1.3399448539416358e-8	-1.7870712852035515e-9	-1.1058831887667165e-8	2.7610028580435576e-9	7.295502701519092e-7	8.363350486916953e-9	2.389382848686733e-8	-2.218859547321566e-9	9.839908490775473e-10	-5.046792777324725e-10	8.444150714520195e-11	-2.0034636074443264e-9	1.6990360277674532e-10	2.5920006710810075e-11	5.8036271678968394e-11	-4.379716626132751e-11	-1.888124313382518e-10	-3.5535024299101463e-10	-6.832520427269236e-11	1.0356950972111492e-10	1.7387573635055965e-10	8.745714149657555e-10	-7.235517313549041e-11	-5.522352307605407e-10	1.3258541900081821e-10	-4.1419516449595284e-11	4.546418646383803e-11	-4.02730481956301e-11	1.4910074883090203e-11	-6.060016788584297e-12	-5.626271170831104e-10	-2.500256109128864e-11	-3.0203279572523908e-12	-2.1522746764877746e-11	-1.0297389605023443e-11	-3.600332815336737e-10	-1.1625892562432525e-11	1.7761803675111743e-10	5.897765669409771e-11	3.736479183145599e-11	-1.1475613528879165e-12	3.501377471392338e-13	3.617198671182512e-12	2.2355935106052536e-11	1.4028670709756098e-11	7.492425638791781e-12	-1.293321147626769e-11	-3.005541306729109e-11	-1.5288528941037448e-11	-4.827410755911434e-12	-1.839442041195578e-10	8.962776606056977e-11	-2.9446967633074035e-11
40.0	-6.117711522652509e-15	-2.2791984906658384e-15	-5.8099474564999994e-15	-3.75107589827931e-15	-6.324825228748103e-15	-5.377951198184838e-14	4.823785307891473e-15	-4.608404483411389e-14	3.69967141837624e-15	2.1043479032573896e-14	-1.1586432196271403e-13	4.756422277858453e-13	-4.0839306931681696e-14	6.340145553716319e-15	5.694788410261325e-13	1.3658795036285684e-13	2.726915614815608e-12	-3.566949768626032e-13	-4.328894955691538e-14	-3.37189524781335e-14	2.844910772576234e-12	3.3501595770669526e-13	2.785891430696075e-13	1.7367194249369468e-12	-7.497514364852132e-13	1.1470714674136026e-13	-1.1847484797032693e-12	1.1414485166125709e-12	2.294266410801379e-12	-3.91261051560015e-7	-4.092018043577865e-11	6.162057989014316e-14	-7.247250785269435e-15	-4.950542866290726e-13	-5.030383330015222e-14	-6.192704326096447e-12	-2.4172499449114216e-12	-9.664968606553976e-15	-0.46046381211214776	-0.3788971541055512	1.4001536827152184e-5	4.637828199322869e-8	2.4951880723446683e-8	-1.9603045559860497e-8	-3.256864601145178e-9	1.0274487628859339e-8	-1.5130725025347816e-6	-1.7034103720349808e-8	-2.7445045649240158e-9	-1.7328322582358682e-9	-1.4074428655082482e-9	1.211298365677543e-10	-3.817466596353692e-10	3.249917764044671e-10	-7.902166202784337e-10	6.789572985393848e-10	5.717365851986295e-12	2.650385616911933e-13	8.278506080081973e-11	-2.9038665594866677e-10	-6.727238581301833e-11	-1.2806604968589565e-10	8.28030681760913e-11	-3.238956617959647e-11	2.3479944584830367e-11	1.5844465694747637e-10	-2.853048702244522e-10	1.5977305213317345e-10	1.3796202347264834e-11	3.260063169506029e-11	-1.107976003490437e-11	5.339841235063889e-10	4.4095951538553524e-10	-1.1471464953978061e-10	-4.52799426491682e-13	-1.4432910858235069e-12	-1.2149008990934512e-11	1.7935953945004298e-10	-3.8759625594048936e-12	-6.914294398518231e-13	3.2843917220928884e-11	-1.6836181358565964e-11	8.052795555850825e-12	-1.780137044847156e-11	-5.574603519502507e-12	4.266377807921196e-12	1.441870617737221e-12	1.0414193079081914e-12	4.936811695266076e-11	-9.651644983963165e-11	1.3493131300303155e-11	2.4411356337598734e-13	1.4586002552054852e-11	4.701141788783322e-11	1.4473021052115326e-10
41.0	-2.3619569362807488e-15	-9.409386409751819e-16	-4.0210019062318e-15	3.433564184381409e-17	1.5158682014222275e-15	-4.2665680227495915e-14	5.700180123067667e-15	-2.7539254533213036e-14	1.2103739559202517e-14	2.1705231035016725e-14	-7.169988076996956e-14	2.9800017196830146e-13	-2.929985126464667e-14	-3.173958887535822e-16	3.5087399344562266e-13	8.343103657619596e-14	2.0060994525768152e-12	-2.6556655790068887e-13	-2.5115126128146372e-14	-1.990471650166191e-14	2.036899627629558e-12	2.0170442856113887e-13	1.687266102949153e-13	1.188798679481972e-12	-5.021775790418036e-13	7.903512395082605e-14	-7.338700394045496e-13	7.924289131908456e-13	1.4994689579770555e-12	-2.7233669889932405e-7	-2.791420575536139e-11	4.546621422596819e-14	-8.251619930102336e-15	-2.1354802214084638e-13	-3.8383397358729237e-14	-4.3121886822095124e-12	-1.649025850008783e-12	-7.026432840131348e-15	-0.3184969822105637	-0.45251924074840993	1.4536336975426718e-5	2.950427095087468e-8	5.401149603730879e-9	-9.627027940258824e-9	-5.832458884420391e-9	1.5672884860714243e-8	3.214003519969468e-6	-1.010963489167047e-8	-1.8188932123748074e-9	-1.1515771067505711e-9	-1.1238816995193576e-9	5.544483736596908e-11	-4.4131991403852896e-10	3.1903780418841604e-10	-2.445417243946611e-10	3.7401607801043425e-10	6.8569779107586355e-12	-4.514114072586467e-12	9.435817629940691e-11	-1.1491444238774655e-10	-3.3092688499328165e-11	-7.746256608292736e-11	3.293706859407694e-11	-1.5524637387215383e-12	8.700328185877533e-12	9.293641802756086e-11	-4.747350112965597e-11	6.902019877248743e-11	-2.1206612084243965e-13	1.3080049369155822e-11	-1.1984328491042023e-11	5.2112524280308166e-11	1.620187683464648e-10	-8.600594109763335e-11	-6.227232911923558e-13	-3.482046726795775e-13	-7.885507427734545e-12	-1.1526589041169185e-10	-3.3688029758475645e-12	6.178249942135266e-13	3.333353401603445e-11	-4.16135147112382e-12	4.642148226707982e-12	-8.0470395097532e-12	-3.790357428309475e-12	5.755308422963447e-12	8.48016613007552e-13	7.172011400063623e-14	2.006702937499175e-11	1.2132326722152016e-12	6.866568053687057e-12	-6.872746429074392e-13	9.575074530156715e-12	1.681735463177249e-11	8.12603186847501e-11
42.0	2.3943699527342423e-15	9.194925502115571e-16	4.021306356522466e-15	1.1206319591076192e-17	-1.574119030228258e-15	4.2627556295588316e-14	-5.7141311235596065e-15	2.7508537487654354e-14	-1.1938415830197806e-14	-2.1634303682966205e-14	7.17042189818545e-14	-2.9795675899240703e-13	2.9239457478556523e-14	3.2739719133085575e-16	-3.5082766576063096e-13	-8.338895033502265e-14	-2.00606403297523e-12	2.6552583141813365e-13	2.514870749362256e-14	1.9850451635353328e-14	-2.0368933722972158e-12	-2.016460357660525e-13	-1.6834302131636114e-13	-8.180908866999611e-13	3.4313093915846417e-13	-5.5256491123472253e-14	5.02032755022262e-13	-5.42124428661159e-13	-1.0350600756453536e-12	0.0007535763207087186	4.6128152436914047e-5	-8.13168701549675e-5	-1.020267091081758e-6	-2.665236958198354e-5	-4.07100847084685e-9	0.0004391863713624064	7.162847183809575e-5	6.57939384663133e-5	3.0968151292821025e-6	0.00010107854309684822	-0.45547733748979585	-0.0006294263066371272	0.004051581444064636	0.003603824559472998	0.0005256622968262898	0.0009018263029244926	2.7894207266717282e-5	-0.0006633522777299727	-0.0010463036322451206	-0.0014085488537363914	-0.0010093318507097856	-0.0011868715583438572	0.0003684018300222049	-0.0009101501242447244	-0.0005322194356836009	-0.0005869356133577711	-5.675848837274967e-5	5.717571092888333e-6	0.0001237174513547671	0.0005718064954550306	0.00036886229054254333	0.0004624830934504467	7.246195264039282e-5	1.0049898602748194e-5	9.91030093190574e-5	-0.00022174354773471514	0.0006156962175940512	0.0007866012290422156	0.00019651248525181058	8.678123241494265e-5	-6.408023927362488e-5	2.0864717822841653e-5	-0.000241042278096175	-0.0002235325296763662	-0.00010373576002156198	-6.665457560794528e-5	-4.131752261420447e-6	-0.00012978276145303528	-4.2055706552393845e-5	-2.4582876655481605e-5	-1.2421565467429854e-5	-4.006743119033728e-6	-2.290719621287895e-6	0.0001591380971989114	0.00020249374497345775	0.00016923322924298484	9.867371821586488e-5	8.351772363293087e-5	1.3093973967347331e-5	0.00014713650796196676	0.0001682747771554604	0.00017441942767964182	9.39321709735169e-5	7.67140535175676e-5	2.648319662839759e-5
43.0	-2.739016128943817e-15	1.2413862613909885e-14	-1.350588521565685e-14	8.956152686045322e-15	9.855961122420831e-16	-4.64596266202324e-16	5.7146398961225855e-15	-1.1960647600639768e-14	-4.968343566948611e-15	3.923733453792283e-15	-3.1272265985526343e-15	-6.8833750324643505e-15	9.291940606644779e-13	6.432301555953407e-14	-3.9488114878641995e-13	-3.9499902153234207e-13	-1.306959444726979e-12	-3.354328521310948e-15	-5.615277567471155e-16	-4.42412434453033e-15	3.749854771776617e-16	1.189289157610291e-15	2.9153934091415725e-14	1.1713464989382812e-14	1.7455063992250953e-15	2.6013017559973308e-15	-6.6096111914839376e-15	3.1647248801826724e-15	-1.3567769779972521e-14	-3.3051830946089837e-6	1.086439705924154e-5	9.11275019216246e-6	6.765736411686907e-7	2.464119463200276e-6	7.443075840577183e-10	-3.2092343047627803e-6	-3.884612740351534e-6	4.3272072434810876e-6	-2.8242094811708423e-6	-2.3762090742751187e-6	1.4801493003321648e-8	-0.4383344344989558	-0.09859747255441005	-0.06139134677861859	-0.010156559458202468	-0.008775318299841375	-0.0017008974732880863	-0.00012244064039740711	0.01169630642464937	0.010958198984500395	0.005456633519996096	0.006183192526630263	0.0037416705901378937	0.00026469505243057183	0.0008484734498397086	0.001125448166480141	0.0008543714323628396	0.001007427898018045	0.000668188605482459	-0.00030620539368587653	-0.0007954405895876348	-0.0008158312883211712	-0.0009440256648906546	-0.001090781217993656	-0.0004264522318883084	-0.002338470779133026	-0.0024641287377036207	-0.001680388416008064	-0.0018086085156023037	-0.0019903057088929412	-0.0012118302877870907	0.0010515789462150987	0.0006905816733173117	0.00047410250926681395	0.000512148271352722	0.0005118708383919685	0.0003915875251916964	0.00019223700054877437	0.00010693263978318383	4.07980619120475e-5	5.5380148271098546e-5	5.668070420512781e-5	5.290197991235793e-5	-9.538274861672229e-5	-0.0005406306172548636	-0.0005102019622970391	-0.0005226482119175252	-0.000528329805954014	-0.000414084174080672	-0.00046870940670741963	-0.000532086142086806	-0.0005506429879677235	-0.0005224891860188851	-0.000513843370055176	-0.000431895756824255
44.0	2.579224336205093e-15	-1.231113541983193e-14	1.3479770670183103e-14	-8.818286731945189e-15	-1.0154211987552043e-15	5.532364168171923e-16	-5.934890626487752e-15	1.1947734295610284e-14	5.07127868984517e-15	-3.945395590349743e-15	3.081581433709328e-15	7.067455151645164e-15	-9.434477448336164e-13	-6.55877946788259e-14	4.0078811011535787e-13	4.007643769954757e-13	1.3262855425235755e-12	3.3956718948754356e-15	7.965061206894939e-16	4.403963991325012e-15	-2.033341518680648e-16	-1.1071967844764682e-15	-2.9671885954521256e-14	-4.639046029373113e-15	-1.4989914243163566e-15	5.425866597549414e-15	1.6123026451095347e-14	-7.52229634047315e-15	2.166613111396844e-14	3.026662341224722e-9	3.7186053957154754e-8	3.2027800298443e-8	-4.200417715733599e-10	3.257774295196198e-8	-1.6931374105007328e-15	1.3634445560241764e-8	-1.9039676507267014e-9	-2.036854798348907e-11	1.5100593906718518e-9	-3.527843429329558e-10	2.0691629242089291e-10	-1.3485312332435953e-5	-0.47246439581403044	-0.38291564720617843	-4.95100020176513e-8	-3.372486840536646e-10	-0.00014186756339804578	-7.060590796302262e-8	-6.221220538115297e-8	-3.6793049756771836e-8	-6.33698603703985e-8	-1.4132479193549707e-9	2.6920663730584188e-9	6.748336415500526e-9	-2.110555414125177e-9	3.8429290024333303e-10	-2.4787692205123324e-10	-3.5056742344087246e-9	-1.5931123586079874e-11	1.1087985809872989e-10	2.7368004251830257e-10	6.416353267913009e-12	-1.7006495366174666e-11	4.329113676839553e-11	-1.0152473542297437e-10	4.6042192366414996e-11	7.786470686746563e-11	-1.720858721714198e-10	2.95676076536047e-11	-1.5309361982554977e-11	5.342277371270118e-10	4.273501602838274e-9	-4.987189168935742e-10	1.1354873096983069e-11	2.1780163805411356e-11	2.235416917886824e-11	-4.1929452088645926e-11	-1.276362386644253e-10	2.8041341051516437e-12	1.2260744623894375e-10	-5.633538609270152e-12	6.155099414075633e-12	-1.9872470146029717e-12	7.359267566065616e-12	6.494851236071452e-12	-2.5599978268263854e-10	6.223453671481545e-12	4.969360478625618e-11	-7.342205158172621e-10	4.640480344893369e-10	-1.1629990815533123e-10	-1.089986095895817e-11	4.58797183619867e-14	4.898483412657096e-11	7.106235777990567e-10
45.0	1.5566367743930405e-15	-1.3761212360632476e-14	1.5369277457089847e-14	-8.16255325253588e-15	4.150465287923454e-15	-3.719658140299037e-16	-8.362253291088925e-15	1.4173475777146614e-14	8.247818607438518e-15	-7.891644181898626e-15	6.141404386057553e-15	1.1711726292462672e-14	-4.567360850396712e-13	-1.990703707961261e-14	1.932792068373068e-13	1.9412149509144347e-13	6.424819925491296e-13	8.044633922790039e-15	-6.511616352816383e-16	3.1363308761909682e-15	-6.418487711684325e-15	-3.711049597577027e-15	-2.1240417409908923e-14	-1.3477788472661226e-14	2.399654884651098e-15	1.302765377275647e-15	2.1889748970629512e-14	-9.065541045238853e-15	2.617348404518509e-14	-4.1228647343109355e-9	-3.101878012540682e-8	1.6391269741121573e-8	1.8872687185428426e-10	-3.720373086312171e-8	6.581975880758485e-16	4.7821314978224925e-9	-1.2581840797796722e-9	-8.011642877353134e-10	1.059920416468134e-9	-2.6354120984033575e-10	3.8679058313420876e-10	-9.219625421589452e-6	-0.3259702329214031	-0.4539889689657016	-2.853593046375881e-8	-3.2002921018753133e-10	-9.490896477260583e-5	-1.4207616537012161e-8	-7.689586313555256e-8	-1.080596614842132e-9	-8.953740702306684e-8	-1.996162777676301e-9	2.89127464028807e-9	1.0521463457522247e-8	-3.5292568590615983e-9	7.235093473301567e-10	-3.6646658725312663e-10	-5.081466426063373e-9	-2.912082645880883e-11	-2.000965082214073e-11	3.9608221628756084e-10	1.794643861128115e-11	-2.6453916087109326e-11	6.121412505559762e-11	-1.3992707427449353e-10	6.487912366586568e-11	1.1574713829485276e-10	-4.407715218651154e-10	4.489456750338516e-11	-2.1641803504836777e-11	5.949567269318857e-10	6.028867247022912e-9	-7.745021160153387e-10	1.02586086353402e-11	3.649871425547175e-11	5.3735756478523266e-11	-6.668750081764588e-11	-5.4084132737429625e-11	8.625940238928583e-12	1.4242411139726144e-10	-6.989802827816784e-12	8.869821913755424e-12	-1.4119740668758262e-11	1.3999659064872882e-11	9.329319046001904e-12	-3.4832880395426977e-10	-7.108024284552365e-12	7.808936108100653e-11	-4.399971808096464e-10	5.174898492923091e-10	-2.527626573077824e-10	-3.0286218591344926e-11	5.4613411428379416e-12	3.739824736124804e-11	1.2201669143288488e-9
46.0	-1.7277677901292013e-15	1.3561306121271452e-14	-1.5295626390342096e-14	8.366160108413331e-15	-4.2439607372097125e-15	4.3377342085413606e-16	8.506587781516033e-15	-1.4209142686685075e-14	-8.273647595816805e-15	7.777920236319211e-15	-6.263954611116494e-15	-1.1634896888659235e-14	4.566584015309487e-13	2.001092357822706e-14	-1.9366082668493543e-13	-1.9413606401256634e-13	-6.424343814257765e-13	-8.054523815743432e-15	7.056455050934722e-16	-3.038061838950356e-15	6.36445914945727e-15	3.67966167975269e-15	2.1009585761292018e-14	1.358373682257539e-14	-2.3895618311730245e-15	-1.3721323699946403e-15	-2.1918845176139084e-14	9.018229122798288e-15	-2.6155925869042555e-14	1.2220621045291414e-6	8.282397025123684e-8	-1.4799266438807123e-7	1.3810903879423164e-9	4.965017837704573e-9	1.003810634616281e-11	-4.6377038929406985e-8	-1.3272819243838646e-7	-1.7755459251870242e-9	4.557781313973842e-9	4.849701385244447e-10	-2.212173341659223e-9	-7.912697094525391e-7	7.462283091847256e-7	1.972852726016779e-5	-0.480361151925471	-0.43505853203482747	-3.903448258194784e-5	-1.8848505723984403e-6	1.0787798487573756e-8	-7.701806849794297e-10	1.6024675082484835e-8	2.7217124953135783e-8	-1.410570821375201e-9	-9.970867884407526e-8	1.96984688550958e-9	1.0577648646641017e-9	-2.7403091718440577e-10	-1.1400633587289036e-9	1.9259364832275777e-10	2.757817547233703e-9	2.393114821485245e-10	6.463540590419189e-11	-4.0220801973689636e-11	-7.025054610137068e-10	-4.2936322940415225e-10	2.6924853818749377e-10	-4.926801177869735e-10	1.5723928344576696e-10	-2.950769770888948e-12	-2.4421993366432625e-12	1.1426293559513154e-11	-1.3348080140267192e-9	4.56142239159269e-10	1.549242989008342e-10	4.9874857248012966e-11	5.37698936273191e-12	2.959403026988534e-11	4.723219371566149e-10	5.53709867399982e-12	1.362073802500486e-10	1.6237083158311732e-12	5.3254404251355347e-11	-1.0685491500844208e-11	-4.317856165451434e-11	1.5440904114860245e-10	3.2088053656075735e-10	7.558952837013169e-11	-1.620103752791929e-10	5.660454824278945e-11	-4.030118728901059e-9	-3.445751221922567e-11	-2.685776699608189e-11	-1.4681940988114782e-11	2.7275034981117497e-11	5.331182011686972e-12
47.0	-1.5596886639878567e-15	1.5094684857753543e-14	-1.2032058762022693e-14	1.1399215577317811e-14	-5.680197685175844e-15	1.8277648620095855e-15	-2.3685332292307865e-15	-1.6929118839697864e-14	-3.0104601695377153e-15	5.649715026655852e-15	-3.178011403568617e-15	-1.3168552482910835e-14	2.853514701416742e-13	2.4010947716897535e-15	-1.1407675382083944e-13	-1.2151955289138455e-13	-4.0424816461546996e-13	-1.4725297987065788e-14	1.1215882739292381e-15	-1.6225436861667516e-15	6.106906300365842e-15	9.504677760943105e-15	1.2826712484099463e-14	7.088661398719441e-15	1.3237607449004382e-15	-3.893601510976804e-15	-1.758996700808172e-14	4.422501851217471e-15	-1.4876279019760265e-14	7.962755255882446e-7	5.345702234801852e-8	-9.225717304014048e-8	8.565450630902838e-10	2.9668966564421e-9	6.886936493477231e-12	-2.87769053218333e-8	-8.280476680816732e-8	-1.122991238012474e-9	3.0121431490173844e-9	3.189014793853801e-10	-1.9659264460182046e-9	-5.007789427290514e-7	4.928346712681361e-7	1.2240131984138321e-5	-0.30147652046655316	-0.4518275583450759	-1.4842492676004786e-5	-1.3859632805711466e-6	6.8603680299332474e-9	-1.4138810698374741e-10	1.96547253951332e-8	1.6664935932033256e-8	-1.439751319203875e-9	-6.097473821995625e-8	1.1513512560963455e-9	6.16740746337493e-10	-1.7414041824909073e-10	-2.8450399589764597e-10	2.091873956662388e-10	1.7823282092755402e-9	1.3408332498025938e-10	3.591608055451215e-11	-5.498015111671401e-11	-3.9827552510211003e-10	-5.219844769251073e-10	7.567749419946259e-11	-2.6895454704095346e-10	1.0043819732136314e-10	-3.5536112922888872e-12	-3.4218804472936353e-13	1.3651457413000632e-11	-2.2832223431045885e-10	2.567017712386414e-10	7.445691508801958e-11	2.8084671037274138e-11	5.563388663574401e-12	1.3255411378377908e-11	1.7992335593644708e-10	1.1567874157990623e-12	-5.12927329451162e-12	-8.408226479121195e-13	4.000465260138343e-11	-8.67475482355619e-12	-2.8557586919853432e-11	1.5510298098594172e-10	1.370737589475625e-10	4.5523987856635095e-11	-6.399117745538943e-11	2.5559603227090014e-11	-1.3679298402076008e-9	-9.904799089533667e-12	-1.587538237745781e-11	-3.729331574523548e-12	1.3423741145439973e-11	2.5548413435733624e-12
48.0	1.7251070943336964e-15	-1.514421594871706e-14	1.2018887572033687e-14	-1.1377875217411981e-14	5.6055186619001686e-15	-1.7291143778902572e-15	2.389358184167847e-15	1.6946927835938225e-14	2.9272019601944554e-15	-5.75487102540105e-15	3.154020688719498e-15	1.3210264723828813e-14	-2.8524982311764537e-13	-2.3356353284705418e-15	1.140655635542036e-13	1.2150993500157696e-13	4.0425143001788786e-13	1.4734321368519406e-14	-1.0825400507522732e-15	1.5471130916567036e-15	-6.166448736551379e-15	-9.517546461510607e-15	-1.2876761898878179e-14	-7.090133293821745e-15	-1.3603411981059942e-15	3.8891643685593304e-15	1.750878564247195e-14	-4.4386994939603e-15	1.4951474541959882e-14	2.133210794294821e-17	2.133210794294821e-17	-2.478411620541854e-18	2.691125971620487e-17	1.9021147611925387e-17	1.7387051890809054e-17	-1.907568368965719e-17	-5.606419812121945e-18	-2.4654835462913676e-17	1.7387051890809054e-17	2.691125971620487e-17	9.496939786529817e-18	-1.907568368965719e-17	1.7387051890809054e-17	-5.606419812121945e-18	1.9021147611925387e-17	1.9021147611925387e-17	-0.4577001638110407	-0.0016819146505170023	0.0007125515330031767	0.0005580856657976305	0.0004697582300805509	0.0005109996572029533	-1.5357119565614477e-7	3.582983899530893e-5	4.183544228799715e-5	4.2241536519120415e-5	2.4742318267070763e-5	3.13623238198839e-5	-5.21146197847828e-6	6.05824895699617e-5	3.687100050427954e-5	1.1385415270757458e-5	-1.641291544755167e-5	-2.325009248195334e-5	1.5996747946505797e-5	-7.412326000934498e-5	-0.0023604804722781674	-0.0020420722059251773	-0.0005752564400869062	-0.000697799092374534	1.2621189232563946e-5	-4.500034367063264e-7	1.8087049877545807e-5	0.00014588798394370031	3.50885825709779e-5	4.113616516517061e-5	-6.193446989704848e-7	-0.00027826133660175994	0.0003349114224559321	0.0008713454431429897	0.00010329989992861362	0.0001865070262944089	1.33239775048882e-7	0.0023870306047523975	0.002951023984818293	0.0022860746997343064	0.0004914772652031865	0.0006125885531090172	-6.0727422104186e-6	0.0007004328324568451	0.0009682208526197778	0.0014405330014687972	0.00015067261444965524	0.000213734617456138	-3.7836593110185155e-6
49.0	-1.5869313480771197e-14	9.450982793054212e-15	2.1296247213126807e-15	9.186096747498939e-15	-4.552773855286798e-15	5.232064291322572e-15	-1.545371238666372e-14	-1.0073772314516266e-14	8.447207664048274e-15	-1.7673722489228894e-14	2.4923517728206943e-14	-7.391442693192573e-15	-4.743104917813581e-15	5.044218860019223e-15	-1.306469453595394e-15	7.9780813398271e-16	5.006697766398848e-16	2.7665545384169066e-13	-1.8945962919274572e-13	5.32298265822293e-14	9.958581315426466e-14	6.502253165924715e-14	-2.513145154259142e-13	-1.4455281392600148e-13	9.433522182829138e-14	-5.171528435479514e-14	-2.6407421048318777e-13	2.1055670484335956e-13	1.6026494375035025e-13	2.6629892232282027e-15	1.8769939180286076e-15	-4.051697119353713e-16	2.9811451150017655e-15	-5.455023519054887e-16	-1.3201779836176807e-15	-1.8394722610416737e-15	2.894327736800048e-15	-7.524643127926039e-16	7.150639058962391e-16	1.4544331099819377e-15	-3.8322395182482636e-15	-2.1759320799601336e-15	-6.386760200810266e-15	-2.43114698038264e-13	-2.2234829511631396e-13	6.058492089121134e-13	-0.00046043813995586273	-0.45298808942790075	-0.15243763597449095	-0.13978214628478064	-0.027021196044856866	-0.025471825157902382	-0.006219781773599837	-0.0014126821770711578	-0.004016754259554161	-0.002948398153396164	-0.001027659646071386	-0.0010138005082349977	-0.0003929194245204552	9.332003986607461e-5	0.0004389380826030957	0.00044848072672270677	0.00034296384935718517	0.00039012768954570855	7.047632011314342e-5	-0.0001765034744288673	0.0013030874052936754	0.0012003502602932461	0.0012361207971780348	0.0013498112567756797	0.0006847967743367115	-0.0005901456989178322	-0.000368901866958754	-0.00012789044460503714	-0.00013304078404653832	-0.0001295000216486243	-8.069848567336164e-5	1.3175509187503686e-5	-1.3514692739606694e-5	-7.269739492566137e-5	-9.096432512206414e-5	-9.444534588812278e-5	-5.72892978896195e-5	-0.0001470548556670725	-0.00042732108672803684	-0.0003237823596779694	-0.0003727221198140693	-0.00034592609546911784	-0.00021889342716264185	-9.181159981738233e-5	-0.0001591028859722338	-0.00015236566641629686	-0.00012627446883067361	-0.00011112782110024835	-6.07589953929259e-5
50.0	1.5803702251915434e-14	-9.621623783473532e-15	-2.161099966844196e-15	-9.392094472096477e-15	4.476000336296264e-15	-5.116434016724459e-15	1.5734786340495502e-14	9.973686212617114e-15	-8.449491711374042e-15	1.7908128759534498e-14	-2.4860081961273895e-14	7.483570064927797e-15	4.9785840396542626e-15	-5.112621918678573e-15	1.3809091752106041e-15	-8.902818140158359e-16	-3.7286476652856023e-16	-2.806791809084321e-13	1.9046744846834137e-13	-5.3595993331515314e-14	-1.003080338965229e-13	-6.590139776978633e-14	2.548970251099767e-13	1.4619329455560893e-13	-9.584292976196757e-14	5.235121157036187e-14	2.678842377139717e-13	-2.1346049045271236e-13	-1.6244627683781892e-13	1.1474761043170815e-14	1.647177966813383e-15	2.0094854428563694e-15	6.323248323251178e-15	-3.0251085386907065e-15	-1.4198989705197835e-14	-1.3550549367639186e-14	2.0001229649014105e-14	-2.5172873911116612e-15	-1.1374436919506928e-15	3.070133514476242e-16	-1.2382590001893055e-14	-1.9160707305928434e-14	-2.443651954698607e-14	-1.0108441499203406e-12	-9.23678360922202e-13	2.5157032738521404e-12	5.2982060430295904e-8	-3.320842333555521e-6	-0.45193178721877864	-0.32895274852230794	-3.1444009708709374e-5	-5.534420906749424e-7	-3.734008815561427e-9	8.061288330180702e-8	3.91837201229705e-10	-1.7705534250835913e-8	-9.999498933481418e-9	-3.364633801171901e-8	-2.1676916136413154e-10	-3.0862625878739556e-11	-3.0563218489937567e-10	1.2004300392099304e-10	-7.762708907207369e-10	-2.1664774154762545e-9	1.3890914005813273e-11	2.4813190560439204e-9	1.0942358429993915e-9	1.0549973499980691e-9	-7.504158440515693e-10	5.914302975895769e-11	2.8513858191126087e-10	-3.820275260614143e-10	8.492818099703944e-10	-1.822141218561579e-11	1.970482716220052e-11	-7.340634247385064e-11	-1.524878293575511e-11	-5.654439179535672e-10	2.4192945489501637e-11	1.0577163314894547e-10	-2.1997965247248863e-11	5.962958941440188e-12	3.5652358938542076e-11	-9.724488020978308e-11	2.374437089531718e-10	-3.8359743147174405e-12	7.658232265870392e-12	-1.9211656029681e-11	-3.7626991388150546e-11	-9.432650684367776e-11	5.347667699024288e-11	9.89774522892789e-12	-8.97790697945741e-13	2.4413117271799057e-12	8.945138062399922e-11
51.0	1.483436326840959e-14	-9.558548002342171e-15	6.7981704665450895e-16	-9.683948911001137e-15	2.0716612560229652e-15	-1.0013053253175675e-14	1.43638005684201e-14	1.079957872348744e-14	-1.42900998714551e-14	1.691343927979403e-14	-2.910016245234108e-14	7.693249378391133e-15	1.1545885085869494e-14	-1.2276016241201827e-14	6.418377452955635e-15	-4.553997090349972e-15	-4.069033204271021e-15	-1.394882010727988e-13	8.947522698833873e-14	-3.57875806346766e-14	-9.151543760004685e-14	-2.9284305261506706e-14	1.2691182160198736e-13	9.373823733417927e-14	-3.495016864731226e-14	2.631598809612827e-14	1.3278315576259334e-13	-1.176285725926399e-13	-8.459177456078931e-14	1.2827462907905173e-14	-2.690393736528815e-15	3.529047050225649e-15	7.870699769905625e-15	-3.9152414653079845e-15	-1.2189226650752092e-14	-1.130892600303969e-14	2.7059923558837094e-14	-4.316940285634833e-15	-9.436366866647251e-15	3.208643065138638e-15	-1.481558012348227e-14	-2.9289910226431155e-14	-2.4147203475005102e-14	-1.373777244828202e-12	-1.2586207809364874e-12	3.3886594021134403e-12	-4.306428171149175e-6	-3.0372784251756205e-6	-0.36027820685900513	-0.4577963330131187	-4.4350304813234305e-5	-8.205023617285283e-7	-1.0762427937686957e-8	7.907369706770347e-8	1.2038550543632633e-9	-4.505169051354152e-8	-1.4112368881558067e-8	-4.629586565936843e-8	-2.6976828803304683e-10	1.5305032504552203e-10	-6.943792606823534e-10	1.8264786481608806e-11	-1.1616890859249741e-9	-3.2400870165909712e-9	-1.3537998885292164e-11	3.4885142874102008e-9	1.8447498693606062e-9	2.0627273801598877e-9	-1.1268252676192517e-9	7.516802820482493e-11	3.7859794983926757e-10	-4.876692409324274e-10	1.7303106280368954e-9	-4.077870518398782e-11	1.8966201011049496e-11	-1.187670514007431e-10	-1.4061684660761438e-11	-1.2197027410110553e-9	4.721393206629973e-11	2.3878643284709087e-10	-4.026577142899892e-11	4.895384297403551e-12	6.171147405652492e-11	-1.8195677810346957e-10	3.5309181508411226e-10	-7.577869900350729e-12	1.3522350409510233e-11	-4.417294385771785e-11	-6.899588358088517e-11	3.4745180265689145e-11	7.7497900908186e-11	1.6507991529201618e-11	-1.871629237351003e-12	8.580349139377494e-12	1.1577587386527363e-10
52.0	-1.479206656298356e-14	9.737439146218646e-15	-5.76159926114211e-16	9.724718495025518e-15	-1.9333510274786155e-15	9.974699434547747e-15	-1.437692458290072e-14	-1.0687250963358665e-14	1.4186756247503368e-14	-1.705469753411459e-14	2.922333607500378e-14	-7.67310269197993e-15	-1.1593204488398445e-14	1.2343477844495233e-14	-6.623004489118583e-15	4.597151816275741e-15	4.147266755387403e-15	1.3927110890898072e-13	-8.946677691058872e-14	3.578567897265271e-14	9.165886626920855e-14	2.944290628077272e-14	-1.267847441947453e-13	-9.400713055213405e-14	3.495689067923633e-14	-2.6316644567680246e-14	-1.3283158006763314e-13	1.1769359866157634e-13	8.466511230943019e-14	-1.2754955587301138e-14	2.644813977383574e-15	-3.9207460326565494e-15	-7.829085585821067e-15	3.843316306487268e-15	1.2278398596647845e-14	1.1178111902442864e-14	-2.7389957709468365e-14	4.2388889497096526e-15	9.534326828785317e-15	-3.4939571613592766e-15	1.4648186188462655e-14	2.939938898302531e-14	2.4216766497782712e-14	1.3862240947643188e-12	1.2697454127245176e-12	-3.4187081348292174e-12	0.0007167708519936079	-5.905259266691871e-6	-1.819657645696043e-7	-1.0567134171815499e-8	-0.4579838027165594	-0.36205522378456595	-1.7313261558079024e-5	-4.524579075139865e-8	-4.790460522936219e-10	2.5404384815337143e-9	-2.672427754477159e-9	1.8362401578826062e-9	2.845609800815352e-10	-2.288106602193426e-9	-1.6983812804756245e-9	2.632632186850236e-10	-9.110303673510272e-10	1.3610220774296782e-10	-5.868493821480922e-11	-3.4134682335364816e-9	1.7405733065455961e-10	8.649006816754417e-9	-4.359884778839024e-10	-6.059048504918441e-11	-7.35539112338114e-12	7.08566656942436e-10	3.976328929436898e-10	3.348474160363972e-10	3.5857406479754935e-10	4.262884246626061e-10	6.209209264460945e-11	-7.37034167655992e-11	3.399875252765312e-11	-5.913721024760432e-11	-1.0894736280444303e-11	-4.512718807840662e-10	3.4796365787672143e-12	2.895446731404236e-9	-3.062452925769512e-10	7.824992462819557e-10	1.0379909397766424e-12	6.286637254178225e-12	8.49408359628102e-12	-9.255417431451728e-10	-6.300679764289655e-12	-2.2830790570286113e-12	-6.177201363161891e-12	-3.357399334039134e-11	-4.737785765068502e-11
53.0	-1.3666304809055771e-14	7.432130811594827e-15	1.132672074995252e-15	4.5829978637898575e-15	-1.701416447333332e-15	1.4065905347628633e-14	-1.0800516648862794e-14	-8.705856390110112e-15	2.5492584539695428e-15	-1.3131184084282309e-14	1.8637945993747268e-14	-6.916384787838816e-15	-6.66306165292695e-15	8.881302466502099e-15	-5.946153907402922e-15	6.110567457954119e-15	3.1962486776518156e-15	9.288209451730834e-14	-5.5336166638258716e-14	2.2984546547173512e-14	7.015846698888724e-14	1.5521235681424832e-14	-7.761768275632933e-14	-5.324878540062355e-14	2.5246057967738826e-14	-1.846487693142602e-14	-8.336638123680547e-14	7.598547098359922e-14	5.913148769474402e-14	-5.759843524082808e-15	-4.020687890769354e-15	-6.761121699228591e-15	-8.808377934614844e-15	8.799656130709372e-15	1.0141655776463926e-14	1.0591296816716678e-14	-1.7674473246126585e-14	4.25137111742612e-15	8.166641525422439e-15	-5.0771786669561625e-15	7.194271382000807e-15	2.444397549572082e-14	2.1453139300101525e-14	8.345930718109203e-13	9.31295030883147e-13	-2.4642238624562176e-12	0.0002849827773283502	-3.4126104121706693e-6	-1.2896251333434703e-7	-7.435807202895065e-9	-0.32656472984560814	-0.4519504004983947	-1.643558899867981e-5	-3.020201051828301e-8	-1.3263763730995196e-10	1.362839123324521e-9	-9.16223319767105e-10	8.590787468417864e-10	1.2151738234527187e-10	-1.081584787168468e-9	-1.1065927857928794e-9	1.7537588724380454e-10	-1.7545753839554675e-10	1.1761837180994054e-11	-4.2547864716323856e-11	-1.1759600938219867e-9	8.189798207073273e-10	5.706312152852047e-9	-9.513457706682993e-12	-2.2901119178150237e-11	-9.194035302245609e-12	1.6370195903040697e-10	1.5223916833069016e-10	1.8106019712799702e-10	1.1375419240649399e-10	2.575446708952877e-10	6.069569315380496e-11	1.865719022878965e-10	7.589470594433894e-11	-3.637479377930865e-11	-4.517205898513803e-12	-1.5974223310412195e-10	3.2033632929837035e-12	1.0921744696047127e-9	1.180050506075154e-11	4.5928823683090806e-10	9.034521816831374e-13	6.296093831839853e-12	1.5791938612602906e-12	-6.00286637357743e-10	7.87071863342862e-12	-1.4957187548342819e-12	-2.9302242876536093e-12	-2.117986634266002e-11	-2.0651590972701762e-11
54.0	1.365155183593953e-14	-7.36740379207925e-15	-1.1279241325714288e-15	-4.550311376017369e-15	1.7830127010907036e-15	-1.4053718285932894e-14	1.0762334169327726e-14	8.766586142171983e-15	-2.4456699738875383e-15	1.323194958923799e-14	-1.8783450111395658e-14	6.965729521284242e-15	6.70289527883636e-15	-8.855632869623425e-15	5.903138420105459e-15	-6.186994584281846e-15	-3.2428677397023933e-15	-9.286943522430874e-14	5.531497596488034e-14	-2.2877887822547905e-14	-7.020173039605365e-14	-1.5434683729393124e-14	7.757560536610441e-14	5.3226600692372416e-14	-2.519362869676508e-14	1.8470626362913828e-14	8.329108539319741e-14	-7.595191073631695e-14	-5.906288075521648e-14	5.741545249885916e-15	3.975473062378889e-15	6.640623275835051e-15	8.798149016864375e-15	-8.655413008117668e-15	-1.0159716102684487e-14	-1.061728978243805e-14	1.766861867793891e-14	-4.181691480016289e-15	-8.169227682602747e-15	5.153448316634381e-15	-7.223485072376761e-15	-2.4492547003097952e-14	-2.1429110681297748e-14	-8.345720940056826e-13	-9.313056935352555e-13	2.464124480151133e-12	-0.00012984958678573954	0.0004192932269101081	-7.585625536757996e-5	-0.00019043117939300405	-0.0006712838985333964	-0.0007817278136404947	-0.45302231330062026	-0.001174680004929635	-0.007652350496477204	-0.006081957427448873	-0.003945794066091766	-0.004431349485308867	0.00011764326658000194	-0.0018857182635312378	-0.001362380306780377	-0.0010012977667050312	-0.00021279115074086965	-0.00013619995713384572	-0.0002130792475424348	-0.0012424109847078881	-0.0023068402674517666	-0.0021171990877397982	1.028316470697175e-5	0.0003022834629648501	0.0003036005441328046	0.00025641895539155657	0.00022526907007602032	0.0002358795081878264	7.5804485628550874e-6	3.4148700470737904e-5	-1.359131388533247e-5	0.00020983206713912273	-6.990261849502678e-6	-7.564473267957766e-5	-1.7247986228618675e-5	-3.978450677453212e-6	-8.802453551519119e-7	-0.0006119760125016516	-0.0008214828296871374	-0.0007666031576419452	-0.0003528597522860887	-0.00020080046589814998	4.3055638176654866e-5	-0.0001195227384678693	-0.00019556922292666103	-0.00025607149744538054	-0.00010230803205967512	-7.160619959808463e-5	-2.0409569771800615e-6
55.0	6.968725248183745e-15	-4.75975946957083e-15	-2.4218944173028443e-15	-1.2622467171106139e-14	-3.1109973216190577e-16	1.6598240537098492e-14	-5.273189958719647e-15	5.675509112625196e-15	2.403393676278498e-15	5.050275162018828e-15	5.975137930283214e-15	5.403218220645643e-15	8.767113385773916e-16	-5.9616999030154246e-15	1.4100544261122692e-14	-3.4771575684502965e-15	1.1304087651492679e-15	1.5436514422417683e-14	-6.303823352659274e-15	7.879085880000291e-15	2.858021929851404e-14	-3.367907414661642e-15	-7.1882384137205e-15	1.6669819491179533e-15	1.0813187686277323e-14	6.6048516262796875e-15	5.739470525653093e-15	-4.39298806258023e-15	1.7087321842840617e-15	-3.781450772651119e-15	-3.727423217008034e-15	-6.253718770442157e-15	-1.1746506557946407e-14	-2.684249949330546e-15	1.2185639022317849e-14	-1.7110530193954935e-14	-1.6064343115534716e-14	-8.390892104763246e-15	-5.753231977516872e-15	-1.7589776721765953e-14	2.419823572469415e-15	6.733684940733099e-15	4.728653764884193e-14	-2.519831493479868e-15	2.076428514652164e-14	1.3299418942434999e-14	7.122649024708642e-10	-4.8986576356705914e-5	-3.146787600523348e-5	-2.3614241154501033e-5	-7.759638720249687e-5	-5.822838666128348e-5	0.00023234016428529957	-0.4528497604687108	-0.1416553831882432	-0.13028493538120556	-0.024347858962170125	-0.023577325587597724	-0.005600934619507166	-0.003634456393892251	-0.013042225715667193	-0.011759340530538875	-0.0042641911626811625	-0.004407507377367515	-0.000572693910650827	-0.0049968004556797925	-0.013385854359365835	-0.00890252163529696	-0.0054157241894514305	-0.005819193563676241	-0.002245698569556138	0.0006859132597090355	0.000893253731348427	0.0005860314989881832	0.000508272360149092	0.00042993771431938606	0.00023411448463262686	9.044378567047039e-5	-1.2015847384478278e-5	-0.00010766564481636548	-0.0001207233790714208	-0.00013803091825004624	-5.5341009169518305e-5	-0.00012698018797452777	-0.0011798388890321896	-0.0010094914943251355	-0.0010272167552278287	-0.0011216237394090082	-0.0007245571147133404	-9.750202532883335e-5	-0.00036716807075391447	-0.0004876577311643942	-0.0004522905995746457	-0.0004761603919115375	-0.0003078680642136472
56.0	-7.089158470506216e-15	4.550702160162095e-15	2.3485355492996857e-15	1.248508343139872e-14	8.577806749880392e-17	-1.6462506939622312e-14	5.103885732230553e-15	-5.79923055709607e-15	-2.278860888414875e-15	-4.9207733829052405e-15	-6.0452277439076985e-15	-5.6152397049099974e-15	-8.7595232161527725e-16	6.196199086508368e-15	-1.4223937910899198e-14	3.416641163804443e-15	-1.2060306539470145e-15	-1.527446552719215e-14	6.002195356481106e-15	-7.593583747026322e-15	-2.889935744375227e-14	3.2300292517860035e-15	7.073837110995734e-15	-2.015196260613635e-15	-1.0885434168832495e-14	-6.831030285512202e-15	-5.617293880042572e-15	4.382610494027302e-15	-1.839402993505629e-15	3.922720744025028e-15	3.748100259501216e-15	6.393059172542718e-15	1.1660434831038007e-14	2.5265360876805617e-15	-1.2463394937592946e-14	1.7118235992207496e-14	1.5999381533536824e-14	8.065519420969448e-15	5.8166875232805506e-15	1.7525516158076563e-14	-2.3840789573179045e-15	-7.043273913038032e-15	-4.755519300739019e-14	2.4533811992068436e-15	-2.0996718877551467e-14	-1.3420029529511869e-14	-1.2947925159399516e-11	-9.158709219333073e-6	3.741180346908048e-9	3.952366208907399e-9	1.080718219850729e-9	-1.1333904438218061e-12	-6.439511824546106e-10	1.6763998977688954e-8	-0.4520943488081636	-0.3306713288157411	-2.81083972501262e-5	2.0862697167424343e-8	2.0476156319254418e-10	-5.0288124839070626e-8	-1.2225711611173606e-8	-1.2175289834043812e-9	5.463013082941608e-9	-1.014272420070384e-9	-3.4359958043107186e-9	-5.964566603831264e-9	-2.4135390794884396e-9	7.364677504265841e-10	2.7159651058943544e-9	-3.410678802467693e-10	4.780152547450489e-10	-9.488713238953665e-10	1.0420506691007139e-10	-3.5896009681297484e-10	4.1291218656676604e-10	-3.3452021781076895e-11	-1.5862715970965396e-10	-1.6032797038036185e-10	7.081786836933756e-10	-1.3969380273796093e-11	1.4562938349727778e-11	-1.5168938883304283e-11	-1.6144540726985714e-10	1.1411483073912106e-10	-1.2310134412101618e-10	-8.925657456753444e-12	3.242613730177439e-11	1.2537765372104407e-11	4.4226808160719367e-10	5.849533758583536e-10	6.800799408964498e-10	-5.042033626317069e-11	-6.297635444827937e-12	-3.3848313662372986e-11	-5.779941619547257e-10
57.0	9.602843829087718e-16	5.611174702320241e-15	-6.455449658544122e-16	1.630598008300002e-14	7.320506083199463e-15	-1.938255944429555e-14	-3.0336179299335508e-16	-1.1972954973884676e-14	1.865021258734332e-15	-8.040563569171885e-15	-4.801724167853123e-15	1.7508574819717118e-15	-6.007974641067083e-15	4.7768118772369635e-15	-6.750217741479462e-15	2.7275835397460197e-15	-2.837382480884176e-15	-2.4639952433636687e-14	8.901536504632382e-15	-1.1616827911572142e-14	-1.3013290864808013e-14	1.0299361114079412e-14	8.39961770138757e-15	-2.8814874446952144e-15	-2.037741908703749e-14	-5.0253188618202764e-15	-1.2615147101640996e-15	4.352574649804817e-15	-2.0717725428303324e-15	5.1970662891138455e-15	1.6321308774471556e-15	4.464325894182515e-15	2.3526454498459228e-14	3.2973302834423147e-15	-1.7070608709861397e-14	2.53562353016807e-14	2.3784203590444232e-14	1.4013848490339529e-14	1.2423951294671056e-14	1.9187595643371467e-14	-2.4719750462773568e-15	1.3556447704125373e-14	-2.6882433415424318e-14	1.3777855780751402e-15	-2.244364767603699e-14	-2.4612873058989598e-14	-1.150164014409106e-11	-7.72101304965834e-6	1.2996549548449432e-8	5.540758678142882e-9	1.5069594023644879e-9	4.845361319683287e-13	-1.0758173772899169e-9	1.108398478622232e-8	-0.35943416446807724	-0.45779048999277305	-3.896901021287697e-5	9.055989695283455e-8	3.388088190162331e-10	-4.8494216087063354e-8	-2.115709503039131e-8	-2.224752441241116e-9	8.139988005506283e-9	-1.380825257071514e-9	-3.795258982058096e-9	-7.813555413079923e-9	-2.2829160189506555e-9	1.6469877755682138e-9	3.0230249411400603e-9	-4.806604721862798e-10	5.681332612061123e-10	-2.0927409730497375e-9	4.874098243929904e-10	-1.5065558935696234e-9	6.035606492912999e-10	-4.289097261972306e-11	-2.420391931669811e-10	6.549012088928916e-10	9.404899502487976e-10	-1.538567717608046e-11	2.0937359571640383e-11	-2.8874938735656112e-11	-3.5355115115113317e-10	2.796691591823914e-10	-9.43762071232029e-11	-1.3847427691468802e-10	4.867971397915216e-11	3.230304197055212e-11	3.670448636894247e-10	1.929545416460212e-9	1.8699692938030231e-10	-1.1853739175460594e-10	-6.848234587445323e-12	-6.186446878798215e-11	-1.0190158563552212e-9
58.0	-8.78282067418567e-16	-5.548568236843088e-15	7.011384343571972e-16	-1.6408857421214625e-14	-7.434128240394843e-15	1.9582905767531938e-14	2.3243229544144537e-16	1.2123171756547242e-14	-1.897599598228775e-15	7.885164239885763e-15	4.915766545804339e-15	-1.6510814126198695e-15	6.115499638507631e-15	-4.826556298555277e-15	6.666480032166181e-15	-2.8417739434687047e-15	2.8571259255133996e-15	2.4517703839041363e-14	-8.909785724958621e-15	1.173947621251859e-14	1.3232607820875222e-14	-1.030248344648301e-14	-8.375210681498148e-15	2.797888689940552e-15	2.061505223305299e-14	5.007948882338893e-15	1.2365879417024248e-15	-4.590241135399188e-15	1.9288437357807452e-15	-5.227471607128756e-15	-1.8425040472535823e-15	-4.30292754884425e-15	-2.3668284204721564e-14	-3.30262767519781e-15	1.7249675257175058e-14	-2.5374509529981298e-14	-2.378902508774175e-14	-1.4102156744673199e-14	-1.2371092433715146e-14	-1.9375356687746316e-14	2.5106966940957368e-15	-1.3693580379159341e-14	2.6749895390445452e-14	-1.315572611877163e-15	2.231820904847562e-14	2.4885422342002586e-14	1.1501650783564036e-11	1.4934000015451861e-5	1.5142115598538302e-7	2.8314766965425724e-9	-2.5550657224590515e-9	-4.271682818381829e-10	1.494310562500751e-8	-4.6308420830120085e-9	7.1178602023273294e-12	2.1725291866278978e-9	-0.4581774246761773	-0.3632762327600083	-3.784017700882558e-5	2.3591463754530595e-8	1.1702951239195912e-9	8.076119843925253e-9	-7.772159943493183e-8	-7.204250594115265e-9	-5.246020972999627e-9	1.4995224434620829e-9	2.303996772287135e-9	-2.189523018826982e-10	7.933451056436219e-10	1.6841888657923854e-10	3.646651289412886e-11	1.4455051280947662e-9	-4.151900701737859e-10	-1.6021740822491473e-9	-1.0892192651268049e-10	6.609179823103009e-11	3.668968383568575e-11	-4.1005485890515665e-10	3.553099416205092e-10	1.9254657990292003e-10	-1.0677806427649042e-10	-2.4909774504016663e-11	-1.016193254415216e-11	-1.114645850595804e-9	2.0513184210079257e-9	-5.061797918923355e-11	-2.010976754219484e-12	6.731654930718612e-11	1.3649746126681638e-11	-1.8036551986347232e-9	5.100833315872117e-12	1.1393063604771373e-11	3.480204304650933e-11	5.71584661873818e-11	-2.9226653220695227e-10
59.0	7.361004280498237e-15	-1.0991674724699895e-14	-2.8660548139378544e-16	-1.4437074004346866e-14	-6.266119662243022e-15	1.372920749376898e-14	3.3607503596357182e-15	1.1055978459261198e-14	-1.7369804554283988e-15	7.90122493895983e-15	9.483225927510018e-15	1.878535547153405e-15	9.626701526598728e-15	-5.695270075168341e-15	3.7518530663357165e-15	-5.942607476047209e-15	3.2687144480646175e-15	1.2240779641906447e-14	-6.0699810954147506e-15	6.48515376083163e-15	1.2888617679639371e-14	-1.7382418153478333e-14	-1.0776479764307733e-14	-1.2133158309943143e-15	1.955865526675209e-14	5.305850781912277e-16	3.200857928690859e-15	2.7332843551471775e-15	1.1121037795932171e-15	-4.578778055030992e-15	-9.444105703338696e-16	-1.940405813113214e-15	-1.6217644387591676e-14	-9.099924536959722e-15	1.238104645046559e-14	-2.7262672178578098e-14	-1.7376476867492804e-14	-1.1893409822861699e-14	-1.1733590705428281e-14	-1.3961378791248764e-14	-4.309884592974847e-16	-1.4749025523393426e-14	1.1869956552026004e-14	4.050281878188589e-15	1.8445284104449866e-14	2.1014620163889944e-14	1.0662113509770598e-11	1.0607530928032775e-5	1.0790081454457074e-7	2.0091561613355116e-9	-5.64726053555879e-10	-2.7740310589502087e-10	1.145059584459707e-8	-3.1669854046589143e-9	-1.9383641128524726e-9	1.677205612152781e-9	-0.3254808142066499	-0.45210644512881204	-3.5299763897204866e-5	8.927796500979968e-9	1.1014293678546666e-9	5.179975483400586e-9	-1.8288533199606738e-8	1.7311471635300118e-9	-6.6495418862210995e-9	1.8505366326832812e-9	2.643125108810693e-9	-2.914996497009333e-10	7.320998609105757e-10	7.923620168097371e-11	4.407696946122166e-11	7.591818890085327e-11	-3.2744752739782405e-10	-9.832380308566238e-10	-3.0580124741525575e-11	2.7560633453661452e-11	1.0076244343598156e-11	-4.682767044983001e-11	1.7813482329796086e-10	1.26814598301317e-10	-3.855313920908315e-11	-1.0030325849999122e-11	-1.4517989915022135e-11	-5.04430068781215e-10	1.1602727937926932e-9	-3.8042049878155895e-11	-4.83088680986713e-13	3.163081185898094e-11	4.7964602589735e-12	-8.301753556074942e-10	-9.314896722770218e-12	1.0553461591133743e-11	1.537860442916492e-11	3.8777371354989964e-11	-2.17800278129709e-10
60.0	-7.462371651082867e-15	1.086667973481296e-14	3.067450432834671e-16	1.4551212589928068e-14	6.275302309053831e-15	-1.3636655479914046e-14	-3.4405220192097745e-15	-1.099756062024017e-14	1.6262128767905998e-15	-7.897843009810157e-15	-9.553812980166425e-15	-1.8532076988657024e-15	-9.611153501630472e-15	5.674401569584511e-15	-3.762023691169685e-15	5.8525484201739615e-15	-3.2980752312911442e-15	-1.2295883404100541e-14	6.159415430735255e-15	-6.569812303072655e-15	-1.290141487696342e-14	1.737568552946957e-14	1.0866774393499398e-14	1.2231355472727945e-15	-1.9448866070169718e-14	-5.242787914709044e-16	-3.15739161585463e-15	-2.742001721086438e-15	-1.076876599633818e-15	4.624057277897244e-15	9.90505191241117e-16	1.8984027684956018e-15	1.632521200699391e-14	9.124233543879509e-15	-1.2449002610812626e-14	2.725750784541355e-14	1.727267991046557e-14	1.1860543576786776e-14	1.1713028823504633e-14	1.3927354937387534e-14	4.3879459892645417e-16	1.4649218392990325e-14	-1.1921713870634377e-14	-4.026433208198397e-15	-1.8440087644468744e-14	-2.094860266215213e-14	-1.0662095694057058e-11	0.00014402683473168157	0.0013566380360702055	0.0014044559377854506	0.001809499327516338	0.0020453020403081684	0.000152893851405463	-9.814726034038873e-5	0.00011989157923816833	0.00010668533562974631	0.00032943712935654286	0.0003778754930644511	-0.4530897092527834	-0.0017465703971161438	-0.012012759776677413	-0.009483049192157433	-0.004318540728667728	-0.004666456385050527	-1.63896866506497e-5	-0.0017243223410555837	0.00090251321504848	0.0014877997100795537	0.0004850522051006991	0.0003859111651508775	2.7770562844353126e-5	-2.4173881479762907e-5	-0.00031166164546380526	-0.0007502851604285467	0.0003510041356820897	0.00024596932297108685	5.976877025786136e-5	-0.00034131649620379413	0.00011650612221626967	0.00011359594027487163	0.00011229056071091617	4.8009069557787475e-5	1.4261785061764445e-5	0.00042482743181329374	0.0008865161724042366	0.0009031598769770961	0.00038009733113704674	0.00011578455481710571	-7.635241926166375e-5	-0.00016146723993645514	1.8801400913138295e-5	0.00013637394080734912	4.861997147950183e-5	1.4770663261731877e-5	-1.9423523897621645e-5
61.0	-5.856048533846561e-15	1.0777171000362563e-15	-1.1781987879871463e-14	-4.948176890268227e-15	4.222890681222072e-15	-1.715244019342257e-14	-2.282787961093759e-15	-3.576207997034503e-15	7.612205218031476e-15	-5.733161894007906e-16	-7.592040903203715e-15	1.3658635951496595e-14	-4.154243343768886e-15	-1.0866025119149418e-14	-6.557468823045746e-16	-3.795409206092257e-15	5.493096462602264e-15	-8.65558571416133e-15	2.3471080238921688e-14	-1.565607532357535e-14	3.152059724834161e-14	2.0500513977487276e-14	-4.57881819705098e-15	2.1504081339352973e-14	-5.453198408913756e-14	-3.882689978691519e-14	1.1966198889190062e-14	1.2994226207013873e-13	1.532442938160413e-14	2.8241878250457422e-14	1.0925790032696271e-14	-9.010709459988124e-16	-1.2638473269660688e-14	4.839983130971909e-14	-1.2427190193982616e-14	1.3142101048016655e-13	-1.0594226233858282e-14	3.482837776803189e-14	-1.387373973386297e-13	-8.097268423191128e-15	3.7466432960115396e-14	-3.099773180900641e-14	1.080390049790212e-13	-1.551915545751555e-14	4.780307216939259e-14	5.747695013597672e-14	-6.083235288209315e-14	0.00010297019222003801	6.708720084984315e-5	5.992990274259582e-5	7.886358205939635e-5	7.306807710335885e-6	0.00023576674503314997	2.427683621034795e-5	3.123369081100244e-5	2.4651370753710378e-5	4.155299176476326e-6	2.5812460073186076e-7	0.00015186278474719824	-0.45255057784633934	-0.12792539166921243	-0.11338827204711183	-0.018812843398768465	-0.017653669775025034	-0.002922065578674451	-0.006450751270152646	-0.01430745846684951	-0.005489589882226786	-0.0017557321682994298	-0.0012409312236275252	-0.00039724985925407476	-0.0022265242840451968	-0.004580291171874044	-0.003663681783910473	-0.0021187599952411738	-0.0021304455080248044	-0.0007670690374793965	-7.088451394616948e-5	8.770122277345071e-5	0.0001391329801149891	0.00012269124344841556	0.000142117802273019	6.474283385588927e-5	0.00011218003506358498	0.0015990887432868815	0.0011584843587892717	0.0012308755407584217	0.0013739723048894386	0.0007250843144194832	1.5610715688389728e-5	0.00042273433731100565	0.0005370939851488428	0.0005785053776157314	0.0005970257780433542	0.00031497462750136406
62.0	5.889367305575634e-15	-1.0195745197280837e-15	1.1870246607203085e-14	4.98965694511141e-15	-4.288338568472257e-15	1.717969134441238e-14	2.199214050905294e-15	3.398721392148182e-15	-7.881186759238933e-15	7.067258670487297e-16	7.592368831493587e-15	-1.3349776978018513e-14	4.04800699171553e-15	1.0757773738193406e-14	6.906460821048664e-16	3.583876146196515e-15	-5.499096679853826e-15	8.612562642519319e-15	-2.3686111061298832e-14	1.5673395479478315e-14	-3.18063654297205e-14	-2.0755221584210387e-14	4.723242733991476e-15	-2.1936530458216047e-14	5.4613975154275474e-14	3.86359580775586e-14	-1.1920637092773223e-14	-1.2984598206585376e-13	-1.5469509791701858e-14	-2.8187273649967784e-14	-1.0838781735115851e-14	8.102978763440391e-16	1.241003407407545e-14	-4.83738110827496e-14	1.2180455423176323e-14	-1.316357289032211e-13	1.0398117986606604e-14	-3.501920354559851e-14	1.3867520441016342e-13	8.018086243334139e-15	-3.7317517361070375e-14	3.0850786856890666e-14	-1.0815095128081445e-13	1.534759059744271e-14	-4.800549301532488e-14	-5.756627327433358e-14	6.074467089465543e-14	1.505708243904132e-7	5.758603459113946e-12	-2.291102434488723e-12	5.0261424841723235e-12	-3.55691493788363e-10	-1.2016204929272716e-9	2.0854679776530748e-10	-2.2518486581313527e-9	1.6575442268730093e-11	1.8553510982229358e-9	-3.994824195514789e-12	-1.1009863295665465e-12	1.3022855273020075e-8	-0.45253500020377624	-0.33324903713857795	-2.9519967794179323e-5	-2.7476469233504937e-7	-2.2547251706460568e-8	-1.8062042062236416e-7	-4.668341271226427e-9	-4.618576348471104e-9	6.905464669371023e-8	-6.419215056545996e-10	-2.0538985666022643e-10	4.179146651660487e-9	-4.6572370676850694e-11	5.716600098088844e-10	-5.949299671490873e-10	6.562260113015208e-11	3.10513301807141e-9	1.9010335663032346e-11	2.5527549723406254e-10	1.948561898517631e-10	4.1061902320692454e-10	1.8739125656336106e-11	3.049958244477421e-10	4.3893825087024017e-10	-3.336641139067449e-10	1.0548906599021038e-10	4.7321391972296985e-11	-1.4856586554698719e-10	-7.06765928290383e-12	-3.6157850031641033e-10	-5.268882209404525e-12	-5.156212909451294e-11	1.152658455863846e-11	-7.080955561748376e-11	9.67648319348837e-13
63.0	8.337773176439644e-15	-1.6249362826781877e-16	1.7290481174456996e-14	5.394576209832529e-15	-5.6734970433966845e-15	2.51402113884107e-14	1.0292068263694199e-14	5.964159446578222e-15	-6.769379950136175e-15	2.8919347396374555e-16	1.0648814710605682e-14	-1.1624645337764422e-14	6.702236185912513e-15	1.3484041524346416e-14	2.046248187537202e-15	8.315664277117744e-15	-1.6092815314246454e-15	8.505112258471952e-16	-3.452200873645372e-14	1.698872161736544e-14	-1.2348085897903551e-14	-1.1312059162897549e-14	6.161669027215824e-15	-1.2753968761940417e-14	7.858716436829766e-14	6.285619409608261e-14	-1.1968361447857948e-14	-1.7348663076150542e-13	-2.292258422183258e-14	-4.769846645478962e-14	-1.5089320367556112e-14	-3.7904955634459365e-15	2.01590174761505e-14	-7.21911214131573e-14	1.8141061268755845e-14	-1.619025492982159e-13	1.4560419011646648e-14	-2.4389214902262056e-14	1.907558420464843e-13	1.2120572660376664e-14	-5.28574216331129e-14	4.270838604024548e-14	-1.4886125151290332e-13	2.0390297126265514e-14	-2.725402224930519e-14	-6.672106886381521e-14	8.685293739581704e-14	2.970158001382665e-7	-3.3278484219699065e-11	-1.5850767889567692e-12	1.2513643856273243e-11	-7.558603974317595e-10	-3.5820049474098102e-9	1.7775772774493805e-10	-3.4609789180680414e-9	9.611709637824122e-12	2.0364580966071227e-9	-4.832545123700373e-12	1.4518067996440917e-10	1.1100473645093877e-8	-0.35804434838138083	-0.45785307656021157	-4.044594816401257e-5	-3.6734708597251636e-7	-2.8227362979862075e-8	-1.9835753489704374e-7	-9.514813431232262e-10	-9.746545784485824e-9	9.841324569346451e-8	-9.403164908246327e-10	-3.586135067774631e-10	5.643678906291582e-9	-6.803815180508706e-10	1.0674066768415252e-9	-1.0351824913787176e-9	1.2543894869652596e-10	4.1618346462377275e-9	-3.2364710843042677e-10	6.658465897445077e-10	7.590728927033466e-11	6.177981427534249e-10	2.085883163359048e-11	4.2800885302393063e-10	8.598664842216677e-10	-6.218426999096051e-10	2.0461919991797792e-10	5.425620470452152e-11	-2.643126317098981e-10	-3.507027331402021e-12	-1.2077873843674462e-9	-3.72791893694919e-11	-8.761316402617155e-11	2.2019147883952733e-11	-1.072439617128827e-10	-5.470884358095528e-12
64.0	-8.441859161396432e-15	3.641635844873404e-16	-1.729188419768519e-14	-5.4268336675277005e-15	5.679282876555194e-15	-2.5294243593796084e-14	-1.0298275019299308e-14	-6.128362488162208e-15	6.8204889416353054e-15	-1.297859239936639e-16	-1.0601896740864108e-14	1.16609320344044e-14	-6.789777256753905e-15	-1.3544060554189905e-14	-2.1516871621304374e-15	-8.240143361466359e-15	1.5484764203195578e-15	-7.654935746297211e-16	3.4717713863419814e-14	-1.6943111917344158e-14	1.238817737131549e-14	1.1459719278397542e-14	-6.371632223034625e-15	1.281475082211351e-14	-7.922245224642483e-14	-6.3397587019864e-14	1.1901266980005838e-14	1.7502804125027634e-13	2.3251899665637535e-14	4.825741389150272e-14	1.532820952760034e-14	3.829619742383124e-15	-2.0386310515316123e-14	7.283897424544528e-14	-1.8426807479874774e-14	1.6325664429561448e-13	-1.47842873598487e-14	2.442070650713853e-14	-1.922594365973893e-13	-1.2531767927897238e-14	5.295908437051242e-14	-4.2904210370358897e-14	1.501101712909574e-13	-2.04304303348034e-14	2.7374144265567395e-14	6.718471420773538e-14	-8.747405290177609e-14	-1.1931854966223246e-6	-6.3613353590429296e-9	-1.4118182359158804e-10	-1.5377285649487382e-11	2.6092753114256504e-10	1.071115573146479e-9	-1.549189091031613e-9	5.474433853048436e-9	2.447751520572875e-10	-8.995282651850174e-10	4.6850902009872526e-11	4.5857357578176896e-9	-1.542923839905438e-8	-4.8349271465428515e-9	1.3953221122135465e-9	-0.45846773050737416	-0.3654427380627902	-4.728067784620291e-6	-5.254988082478374e-10	-2.131149338604221e-9	1.360840561735008e-8	-8.239735014307073e-8	1.7346745156806277e-8	-3.2416315395968284e-9	-8.715714372371746e-10	1.0835410944409196e-9	-6.586371761371845e-10	3.082694040062736e-9	1.6832761079630447e-10	-4.2285295893320865e-9	4.557174393766545e-9	3.9806528196529755e-9	-1.270503961890679e-9	-3.310932179154217e-10	1.3132939192320596e-10	-1.437990017338228e-10	-1.7772322729183936e-9	7.608437413035543e-10	-9.954403577684365e-10	7.783977489626939e-11	1.3847565204613921e-9	-1.174935117777871e-10	-4.733916339072488e-10	-9.440637832018169e-11	-5.798155483315809e-12	4.311148182415935e-12	-2.925543952634452e-11	-1.0377702572438695e-11
65.0	-6.2218742362791745e-15	-6.148312589624967e-15	-1.2147888977708743e-14	-5.479681985688534e-15	4.40726214111808e-15	-1.853818514213003e-14	-7.662386802373758e-15	-1.1315082150368789e-14	1.2216658771312214e-14	-6.601071343883564e-15	-7.614323455401848e-15	1.0733181174464491e-14	-7.932755340942398e-15	-7.411236276953287e-15	-1.0692227000248148e-15	-6.667479205575054e-15	5.739383428482005e-16	2.0429281768621198e-15	3.237300892429661e-14	-1.1526280078748409e-14	1.13439192493391e-14	1.1015063449812261e-14	3.9556939219162294e-15	7.330979647940522e-15	-5.870574678425206e-14	-5.07203831247051e-14	1.0218622089181768e-14	1.0858846781895216e-13	1.6852780073477212e-14	3.326969983640096e-14	7.458847359795909e-15	-5.772747473210048e-15	-1.2556772745762704e-14	5.186531697482698e-14	-3.027303468008656e-15	1.2422027523103727e-13	-4.215739921727818e-15	1.2375505087936166e-14	-1.4395188238932935e-13	-6.724522386881616e-15	2.8419390540338156e-14	-4.7108331564909666e-14	1.1304143553993263e-13	-1.9408053653305735e-14	1.9530180403948207e-14	4.6799391382255245e-14	-5.970229416884709e-14	-8.509298049470944e-7	-4.608144031813993e-9	-9.82503164995003e-11	-3.160051521978943e-11	1.7470283010814473e-10	7.436503441300149e-10	-1.0552491074632474e-9	5.7036078912901e-9	1.5181836396532395e-10	-6.332703438846894e-10	2.1856513251837825e-11	3.5680821154188503e-9	-1.1125290332557356e-8	-2.5687416422541547e-9	1.7441555490375093e-9	-0.32318081916393177	-0.452260148125151	-4.121453278232741e-6	-6.076395185562145e-10	-6.283080624626043e-10	9.118390313400271e-9	-2.7720251784824737e-8	9.285626034416649e-9	-2.4959411746574007e-9	5.099957818012904e-10	1.0273725541158033e-9	-1.445192422024109e-10	9.572376398310741e-10	7.279673123239037e-11	-4.577856828337202e-9	3.475736608346708e-9	2.4638385562845465e-9	-8.654357020797089e-10	-1.3246298150703626e-10	7.023417304419322e-11	-1.5409241524853785e-10	-9.418288379895762e-10	7.610541154359041e-10	-5.86942747911047e-10	3.2601149082208486e-11	7.514890613546806e-10	-9.137065825348385e-11	-5.384101844666243e-10	-7.17177475072639e-11	-7.825489134505791e-12	4.417829554347337e-12	-9.320306571152673e-12	-5.2818480799186694e-12
66.0	6.429420913814409e-15	6.1229879884433574e-15	1.2137026117109711e-14	5.431718820366908e-15	-4.431902050886798e-15	1.84272534988994e-14	7.665921049626772e-15	1.1319524936067026e-14	-1.2229841975683298e-14	6.6633248284265975e-15	7.66269982936696e-15	-1.0725569425560251e-14	7.986733041178243e-15	7.440104103151327e-15	1.0328511327433802e-15	6.623629638337988e-15	-5.787396203730833e-16	-2.0145779096096397e-15	-3.241851231906002e-14	1.1555820618179218e-14	-1.1351779492549434e-14	-1.1012916091536905e-14	-3.9687964458177884e-15	-7.327471962553602e-15	5.88388697293163e-14	5.0736641369787396e-14	-1.0296476042996178e-14	-1.086666501043858e-13	-1.6917063205676148e-14	-3.329471305884199e-14	-7.436687548178886e-15	5.7846272071703504e-15	1.2594887794816458e-14	-5.1831409056488206e-14	2.9052888595058604e-15	-1.242107596878313e-13	4.311781350180811e-15	-1.2330571970390485e-14	1.4410573920079334e-13	6.525089803612275e-15	-2.8392928556752104e-14	4.7379682214124986e-14	-1.1293916344680169e-13	1.9376461934614918e-14	-1.8518302592884455e-14	-5.0726356362920724e-15	6.249221987932721e-15	-0.0017059826125361542	-0.0018906983322192431	-0.0017694606299274553	-0.0007024751761687066	-0.0007326843220285838	-1.6817879083043814e-7	0.003759214634176561	0.005573544489665257	0.0052294048475469285	0.0044149327491984445	0.004826839076387253	3.3456266771178357e-6	-0.004306162212625962	-0.008405676929746394	-0.006981999966159716	-0.01331197845550454	-0.014211391350306716	-0.4533900196427368	-0.0010965213261269673	0.0004025428360072955	0.0004390129993052934	0.00010913828355627511	0.00011670778626773304	-8.644459685877581e-7	5.095650712245952e-6	0.0008357238091356131	0.00119132129940318	0.00023024079009086517	0.000250392310721991	-8.311770334160923e-7	8.608591925678334e-5	0.00027825774374384403	0.00021896265889416585	3.94410872046019e-5	2.9498160799971447e-5	4.733679726776839e-7	0.003175914485930095	0.0060913423864415945	0.003706023978141002	0.0009402879580452601	0.0009575754810872435	2.6167310186625685e-5	0.0008295142607763535	0.00027154623619075023	-0.00024153802082136022	-5.545282325123837e-6	-2.518694862596521e-6	6.062790586520048e-6
67.0	1.699232160375583e-14	-7.193641850216985e-15	-5.341046065823254e-15	1.932105045390768e-14	7.35230928680842e-15	7.0800999688853474e-15	-3.9586564819898434e-15	-5.9784122196013725e-15	4.2373256958841164e-15	8.989123387204761e-15	2.0751633274143212e-15	-3.1815854840428618e-15	4.379440302235504e-15	2.2634333744390394e-16	-2.644329188941074e-15	2.5018087452185217e-15	9.707406688274608e-16	1.2022089236145362e-14	1.423972855468623e-13	-3.616206060739758e-13	1.839140982521928e-12	2.7079427033141145e-13	-3.5782723103952617e-13	1.9302658325394715e-13	-1.764107564421745e-13	7.798405408801898e-14	-4.5828855478241115e-14	5.67497420474393e-14	2.1362670371074936e-15	1.0380052275445815e-13	-9.536759468289663e-14	-5.816708811717855e-15	4.545869079377682e-15	1.5705014408976787e-12	1.450552675243902e-12	1.837684740618353e-12	-1.2884213516289164e-12	2.6833317118553983e-12	-2.2736451545358904e-14	3.897572110730311e-13	9.063620015187875e-14	6.785920512385367e-14	1.925855356693815e-14	-5.905127730610845e-13	-8.80792380049642e-14	5.879916168599915e-14	-2.6948514732149945e-14	0.0001857347658080155	0.00014841187419935737	0.00014217579331405702	4.799592866664862e-6	1.1031172392037943e-5	-5.975860012343301e-6	0.00014396318449043954	0.00012624294832179686	0.0001298115128669833	1.3578158978563164e-7	2.3288722633105034e-6	-3.243817834921711e-6	9.862321632781317e-5	0.00020122349563151998	0.00014172378143023732	-2.1568872602814786e-7	-8.141818168752051e-7	1.0571247514425045e-6	-0.45166593144688827	-0.06060922310482336	-0.05493703109121177	-0.006867705034821274	-0.006165738216864044	-0.001189577177077607	-0.003566462426623073	-0.015098597392395476	-0.011275706841224928	-0.00312092055238478	-0.002722257048668299	-0.0007720348860376468	-3.97285330913239e-5	0.0029982274457577653	0.0022725546159197674	0.001181288321445516	0.0011232950570679928	0.000399051716186358	0.0001747658863232557	0.001492468123581715	0.001246600324268198	0.001257834542227588	0.0011529648405017557	0.0004644227544312992	0.00015144781332745004	0.0005869602326788255	0.0005950687724235024	0.0008926252739605068	0.0008428173373195281	0.0003806109752817351
68.0	-1.7054369283398106e-14	7.344057514409466e-15	5.164503208432696e-15	-1.9353215297949147e-14	-7.443159009792538e-15	-7.204225948414143e-15	3.955891300472357e-15	6.050772197891336e-15	-4.374401180658701e-15	-9.167542369915334e-15	-2.103018946904761e-15	2.9758206778570836e-15	-4.270746126922858e-15	-2.426798212760181e-16	2.8477427550460694e-15	-2.6504283582976447e-15	-1.0510501434250993e-15	-1.2094909747079235e-14	-1.4470993206402005e-13	3.670340542348571e-13	-1.8663447527707802e-12	-2.7473434315235056e-13	3.6298010137065407e-13	-1.957649619667072e-13	1.7863572057487247e-13	-7.875064803483422e-14	4.680624546386955e-14	-5.750733114273544e-14	-1.9897049425682837e-15	-1.0493322116250759e-13	9.655509375115635e-14	5.838298174226077e-15	-4.6160350153956596e-15	-1.5707599527572806e-12	-1.4507208842505084e-12	-1.8377264605526537e-12	1.2882867336276114e-12	-2.6833586582758e-12	2.275825440698083e-14	-3.9011891791803386e-13	-9.082280699983619e-14	-6.785197025099741e-14	-1.93828851952586e-14	2.634325849191057e-12	4.1381174864692354e-13	5.402222045168603e-13	-2.396091218552419e-13	-2.137399005362104e-7	-7.016706317108414e-10	-1.0653457274599796e-11	-2.8135441927052504e-11	-3.7106410287816634e-13	4.584420052181023e-12	1.883143553028351e-9	2.5110440527076974e-10	-2.0937668018407457e-10	-1.2621221296903044e-11	6.084919518276682e-12	-8.82926020643901e-11	-5.6632717539814384e-9	-1.2074741022510352e-9	-2.447975926085268e-9	1.2185706081544725e-8	9.558458583594706e-11	-3.332261839750719e-10	-2.054525229203091e-8	-0.4535852584785847	-0.3368202331293571	-5.7121786547364545e-6	-1.2186015355161224e-7	3.5431155576071176e-9	1.393005703598823e-7	-1.1320972059143428e-7	8.70415587181903e-9	2.6077348150666986e-7	1.9751720276975395e-9	-8.515581542494236e-9	-1.6074976156144853e-10	-1.1511624449488168e-9	9.072345187835162e-10	5.084885025083889e-9	9.129572038007197e-10	3.1555792672306434e-9	-2.600297134048325e-10	-5.493775279746984e-11	3.00609239936265e-10	-7.17798283721875e-10	1.0131077885809189e-8	3.073970379060998e-10	1.967476342810295e-9	9.39167894417868e-10	-3.130131001562057e-11	-3.091184740866491e-10	1.0055769602062208e-10	1.502249602607504e-11
69.0	-2.1755362649607757e-14	5.617801729543004e-15	1.0249383336618596e-14	-1.7467971240295276e-14	-1.1520277923590467e-14	-7.978800583039526e-15	-3.393254909969104e-15	4.606853946196861e-15	-3.6712956682260746e-15	-1.3767350241119195e-14	1.5959420134392463e-15	4.326178345155354e-15	1.7581161184569216e-16	1.0279774412154205e-15	5.978100001796731e-16	-8.944620845197986e-15	-8.137172196238471e-15	-1.4272219367615464e-14	-5.235130974601072e-14	1.8013336905666165e-13	-9.1004490640932e-13	-1.375586589140476e-13	1.8084143989407477e-13	-9.289108238983266e-14	1.122718586738615e-13	-5.651691303788346e-14	6.899781802402971e-15	-3.495906265803518e-14	-8.918780899177964e-15	-6.976190359061501e-14	5.85300681209137e-14	1.1122855066393905e-14	-2.8605809434013227e-15	-2.105631158740314e-12	-1.9524072766293784e-12	-2.470202639304514e-12	1.7326798251116487e-12	-3.639990734018121e-12	3.18295649175959e-14	-5.122263287489693e-13	-1.2306975008762617e-13	-9.347031004286466e-14	-1.4246130888054723e-14	3.537885496877156e-12	5.588188003975494e-13	7.27379321755289e-13	-3.2544666491951913e-13	-4.836937745707171e-7	-7.262439401718461e-10	-5.9681140193797456e-12	-4.595168301827906e-11	-4.468948121178288e-12	1.527525196896574e-11	8.700930361086189e-10	8.055286273523176e-10	-2.464135053127222e-10	-3.467769925740075e-11	4.466848971418382e-12	3.660860756610997e-10	-4.6626881490687675e-9	1.2541772872593956e-9	-1.7740677037859427e-9	1.168164662248779e-8	1.1562092321476218e-10	-2.042658188543308e-10	-1.70808412898411e-8	-0.3541841442724939	-0.4579061377868481	-7.608689611205554e-6	-1.5830952983937697e-7	5.509089742634239e-9	1.5924897346347574e-7	-2.1329216560096873e-7	5.853925368931713e-8	3.629507849521842e-7	2.6444348239071476e-9	-1.2593673177011435e-8	-4.1871148295659965e-11	-1.077164508975001e-10	-2.6732133812796903e-10	6.6735668836852976e-9	1.3710056368387686e-9	3.883411552813372e-9	-4.680447046356742e-10	-1.1297296215420232e-9	1.3106073061019463e-10	-1.264589790915426e-9	1.4759727700563934e-8	4.79803299780138e-10	1.3331284841155616e-9	1.1219688308978603e-9	-9.523638556956706e-11	-4.400120177753513e-10	1.815168198875149e-10	1.0053516584216787e-11
70.0	2.2017407974330144e-14	-5.580387838197698e-15	-1.0411261785092586e-14	1.7329787490429758e-14	1.1584771098828845e-14	7.806006793176078e-15	3.411363077522592e-15	-4.634132152104244e-15	3.601862602280592e-15	1.3687942528526844e-14	-1.687706085851052e-15	-4.284649254321504e-15	-6.405982125002402e-17	-9.397652524130762e-16	-7.136029070920043e-16	9.113278311302059e-15	8.215495449162995e-15	1.409756141517735e-14	5.219563933237774e-14	-1.800429198197176e-13	9.100112779825296e-13	1.3751431085214528e-13	-1.8085621041664714e-13	9.281642566234339e-14	-1.1245475288364143e-13	5.671757636576528e-14	-6.824761145336356e-15	3.494549853303808e-14	9.05353409774431e-15	6.993523766805251e-14	-5.842241941565217e-14	-1.1077499446663231e-14	2.978985332359065e-15	2.12392084924306e-12	1.9700357298475243e-12	2.4926425159568354e-12	-1.7487662489228476e-12	3.672058006657359e-12	-3.202849087745443e-14	5.168261373613163e-13	1.238770760241997e-13	9.445329589096313e-14	1.4741987212984042e-14	-3.5699661128787414e-12	-5.639152325173647e-13	-7.335262907862511e-13	3.2830587250635664e-13	-8.147290001388863e-6	-1.3056520096499239e-7	-5.1331671424814674e-9	1.1172375141908713e-9	-4.315775510199401e-10	1.339299254035262e-10	1.8259504798916804e-8	5.165009508809749e-9	1.9295919251289093e-10	-2.8980806693792538e-9	-2.9505275823013234e-11	-1.762862278296045e-9	9.85182532641423e-9	2.12220378706873e-9	-3.097319124395068e-10	-4.4018496188529215e-8	3.7185466805040527e-9	-1.971102565257305e-8	-2.5655149379146673e-8	4.30315457075619e-9	2.931473030870285e-8	-0.45932105842535575	-0.3715197356205671	-1.7768547600186715e-7	-6.5476050094838995e-9	5.043351957239368e-9	-3.2232867220519524e-8	-1.1373253235332514e-8	6.324619116077829e-8	2.917408356277031e-9	-1.4524413292496377e-9	-2.939119749448186e-9	9.24995708938605e-9	8.579224005925136e-10	-6.1505359012777675e-9	2.9798805645663987e-9	-5.3727737552966924e-9	7.922241913952678e-10	8.112090739259482e-10	-5.804205914781947e-10	2.90362400641144e-10	-2.6461646328805636e-11	1.3607009723633642e-9	-8.269647511285061e-11	5.014332599373307e-9	4.0407421739569377e-10	7.291177910885854e-11	3.5363462517696823e-10
71.0	1.5595311529481855e-14	-9.170621349371056e-15	-5.759939446469685e-15	1.1729134556345042e-14	1.0518778874743086e-14	4.315433239706938e-15	5.1938293992067904e-15	-8.35226004708272e-15	2.954696988851536e-15	1.0004882329727575e-14	6.620655768167006e-15	-4.958449236243443e-15	-1.9206646208641497e-15	-1.697586902394597e-16	3.0439493423940672e-15	6.143844974075379e-15	5.34726888657128e-15	8.800930542484133e-15	3.3980431714840965e-14	-1.1459294357336077e-13	5.684220844035633e-13	8.632388996023023e-14	-1.1461568639804952e-13	6.015567827197772e-14	-6.751357162560159e-14	4.1011128197507905e-14	-2.0668848500882827e-15	2.1976886610351427e-14	6.24019377427862e-15	4.277157498015574e-14	-3.654101229094204e-14	-1.0506193120840323e-14	-3.2293372196248326e-15	1.5588156262181502e-12	1.29514244595726e-12	1.647941274877057e-12	-1.1292391908152146e-12	2.6169827906245855e-12	-2.4287706940957702e-14	3.688278539295883e-13	9.241286986919555e-14	5.1244369863092325e-14	-7.750680045411768e-15	-2.4430040417511198e-12	-3.569587483552423e-13	-5.295511832333953e-13	2.1189158243906854e-13	-5.599458374418286e-6	-9.011757636069468e-8	-3.545313938004127e-9	7.070613624447001e-10	-2.91951963102842e-10	9.872014806438268e-11	1.2365791399353482e-8	4.040412712967898e-9	1.4545948956671303e-10	-2.6835163147310576e-9	-2.889867696587493e-11	-1.2488271559083905e-9	6.775533043311692e-9	1.0257030673734444e-9	-1.7759379544686854e-10	-4.6503507087696937e-8	2.1301477939797533e-9	-1.593144066198487e-8	-1.832727672516956e-8	3.544651746756252e-9	1.8553306238726726e-8	-0.31675626103366095	-0.4521685115445815	2.696188721472531e-7	-7.824473743941834e-9	5.0687736192822406e-9	-2.198005638563062e-8	-1.2814592657791058e-8	2.981097395528187e-8	6.780997112248443e-10	-1.022468055560626e-9	-1.891957445551092e-9	5.999609685830592e-9	3.733779886041779e-10	-2.1460477721645388e-9	1.5976160127353805e-9	-2.631990801880458e-9	6.688115058969218e-10	6.329704688030651e-10	-3.8888717460927133e-10	4.341568844385489e-11	1.4312095872684905e-12	1.1960755085326444e-9	-7.108883846384173e-11	2.1225246429698644e-9	1.845405936604752e-10	3.383125760570744e-11	2.43969608085757e-10
72.0	-1.5589636182248486e-14	9.156985547118016e-15	5.8066671807099045e-15	-1.1789104745328998e-14	-1.0527457262886878e-14	-4.357879072201349e-15	-5.318173268337402e-15	8.456236966451936e-15	-3.056767202587898e-15	-9.988546405970402e-15	-6.5537736926696435e-15	4.973497450355027e-15	1.89874466565343e-15	1.7447116279333506e-16	-3.0018623424571666e-15	-6.1038559308573456e-15	-5.21753753987525e-15	-8.850433909175844e-15	-3.404327086019254e-14	1.1463385021706207e-13	-5.685266990616645e-13	-8.645684980348733e-14	1.1456375384599005e-13	-6.016735269910007e-14	6.746286630366372e-14	-4.104175140500071e-14	2.0766790419141945e-15	-2.2006155018957347e-14	-6.241765685466523e-15	-4.2704660044017597e-14	3.651140454833039e-14	1.0492154587178041e-14	3.270641480690497e-15	-1.5587981540212559e-12	-1.295173665052775e-12	-1.6479065575765677e-12	1.1293150761055768e-12	-2.616943975924122e-12	2.4297102170714848e-14	-3.6881014376512144e-13	-9.240935435876057e-14	-5.1360728654768975e-14	7.679674379727623e-15	2.442998312413494e-12	3.5249007804587614e-14	5.367766033559127e-14	-1.9445071854446964e-14	-0.003223275541789799	-0.0029679627590791916	-0.002865012181788643	-0.000597752111833097	-0.0005588579645955658	-2.9898445860856773e-6	-0.002733454686255594	-0.003012038690493718	-0.0028130489227634393	-0.0010434974508987055	-0.00114250184176685	1.3627476169622252e-6	0.004288969329939241	0.005556189218688342	0.0046359293002076	0.004365196499382799	0.004726514994395801	2.6303575477962687e-6	2.436162704150742e-5	-0.004137614143973091	-0.0023491567300657486	-0.0026831468104041903	-0.0023360939117967688	-0.45516381024337	-0.0012084177644264326	0.008848919829465706	0.01688856633122099	0.002509336914831612	0.003970106744481367	1.3691265541827628e-5	-0.001292558269232747	0.001345422679553989	0.0012232503197506298	0.00021171398565594506	4.374020667253169e-5	-9.465254768505734e-7	-0.0008273974874631517	-0.0026367340954605825	-0.0022162570146713706	-0.0016634099324435744	-0.001953688038059233	-0.0002645773603172963	-0.0005612987897778536	-0.0009166161337564557	-0.0002564417351740415	-0.0007341124953019511	-0.0005786922061071549	-0.0001675249927936192
73.0	-2.2263301665737818e-14	-4.62588924711152e-15	4.915947383335021e-15	6.66834804792664e-15	-5.709545464091786e-15	3.862064654532332e-15	-3.470358836347947e-15	-6.107711483409177e-16	3.770347072080288e-15	9.523903686983107e-15	-8.115371922960932e-15	-6.092552289271894e-16	3.7510600872284906e-16	2.216011990982109e-14	-1.4176231062622169e-15	-2.7462642763865763e-15	1.4862195235299015e-14	8.913508323630577e-15	8.855783463270477e-15	6.469405424616273e-15	-5.449657408618493e-15	-1.9507784595872774e-15	8.843197269036481e-15	5.556029068756606e-15	1.7791195870899525e-14	3.501360626038494e-14	6.872121534668542e-15	4.182883993649295e-15	-3.103375967298841e-15	1.68682855400082e-14	1.507688097039638e-14	-6.1787699174950874e-15	1.399019156368351e-14	-7.270147667300397e-15	3.6983408439990214e-15	8.143666211573536e-15	-3.195720500953013e-15	2.055439379146595e-14	2.8024090988401898e-15	-1.4590057349915622e-14	5.524842439024242e-15	-6.279463164475127e-13	3.182099413168093e-13	2.1581136276988095e-15	7.353548199134763e-15	9.904806938464266e-16	-1.6896929227171122e-15	2.7443182756398497e-5	-1.8301344629045265e-5	-1.662049540060312e-5	1.9838818910689072e-6	7.482875269510724e-8	8.598688538381468e-8	-1.6134403451482382e-5	-2.0455604854825785e-5	-2.2236439711542275e-5	1.053123183225035e-6	-2.58709981918002e-7	-1.8862092012439873e-8	-5.543710426116155e-6	2.8741858911733818e-5	3.5257072946187805e-5	-2.088521257686885e-6	1.1711772604850528e-7	-1.0780195716720421e-6	-0.004007044582638095	-0.009539205714130965	-0.009133252289727946	-8.672643696094809e-5	-0.00010540632597931938	-3.091823729587568e-7	-0.44928098189225046	-0.08687626823490417	-0.08930030135555574	-0.01049683305038549	-0.008126602795840277	-0.0008665140832004313	9.148976906433782e-6	0.003247083041619059	0.001359230096390012	0.00020714870279091616	0.0006903184545709578	4.572588475064663e-5	2.420106024875375e-5	0.000642902960792564	-0.00421997692660534	-0.002252564569022188	-0.003128124380611355	-0.0006908190264150901	2.0271775100518385e-5	-0.0019076962397550576	-0.001728029604881987	-0.0014596773794516703	-0.001533339314791852	-0.00048780039624309637
74.0	2.2115859882514367e-14	4.3947770902922135e-15	-5.007074457063327e-15	-6.7648150481756135e-15	5.58946084746415e-15	-4.027498776157133e-15	3.5532034567096616e-15	5.912826941231767e-16	-3.788051359259492e-15	-9.546251485667576e-15	8.075607931326122e-15	6.692389562696697e-16	-4.525379326534835e-16	-2.2404007180184255e-14	1.5790087984540127e-15	2.8720441955713783e-15	-1.505569467885984e-14	-8.947667947124456e-15	-8.926662443215814e-15	-6.502305426462885e-15	5.170869374442889e-15	2.0530147936949154e-15	-8.820010514373972e-15	-5.633118706140264e-15	-1.7939082554575e-14	-3.520890956438222e-14	-6.848603745284754e-15	-4.263032842310028e-15	2.9750108227560667e-15	-1.674840923959888e-14	-1.5022417987513157e-14	6.122897685392033e-15	-1.3896438507754388e-14	7.23379109895672e-15	-3.640473822271209e-15	-8.122745105192977e-15	3.1299217397396426e-15	-2.0744944194884403e-14	-2.8896176096575123e-15	1.4648522554705898e-14	-5.568273201079077e-15	6.27950743322218e-13	-3.180722016151036e-13	-1.975078404595366e-15	-4.53217111123552e-15	-2.1452900876996163e-15	2.3006306256895165e-15	-1.7640357366590965e-7	4.2446686497524813e-11	6.984201266511431e-9	1.3418748919042255e-9	6.986961502992635e-11	7.104891909623904e-12	2.1946285143382733e-9	-3.5121300978713892e-9	-6.29279281074763e-9	4.362022169208206e-8	2.540319201702008e-10	-5.330199866059965e-9	-1.2589085718766847e-8	1.0259466685047161e-8	-2.1581455647816005e-8	5.153685511468776e-9	-1.4146248234726926e-8	1.1437839895362564e-9	6.5082974833927585e-9	3.617621799860337e-8	5.125677913189613e-7	6.641762121885103e-7	9.741943036219854e-9	6.407170191329877e-10	3.9498197291863626e-5	-0.4742047227159535	-0.3565953722262628	-3.311517594754099e-7	5.018005667251218e-8	-3.8372416321124797e-10	-1.8820364843303047e-10	3.1888985277008563e-7	4.4621356270361716e-9	-5.115381830682907e-8	6.78765937991582e-10	1.3402026427549924e-9	5.832367675132342e-10	-5.927266587085922e-9	-1.4909358536898829e-9	1.734635279311016e-9	2.202652791160768e-10	-5.47451240057941e-13	-1.3663858843547995e-10	2.1795306449940902e-10	4.093962477355646e-10	9.874588219880061e-10	-2.2353494681671326e-10	3.293152392547471e-11
75.0	2.9766912876616e-14	2.782337740688378e-15	-5.6650843398841386e-15	-8.496576880363836e-15	6.005483105416428e-15	-5.9998762621396636e-15	9.138695463011414e-15	-4.5111482818666234e-15	-1.4657702783205476e-15	-1.7446148084634918e-14	7.310035307667722e-15	2.979451572944519e-16	6.275925416755919e-15	-1.4693195221879528e-14	4.838680305851618e-15	-1.4186384176106747e-14	-1.5247516716726874e-14	-5.871306054281357e-15	-1.1239222584198437e-14	-9.957646097220114e-15	6.952842887573806e-15	8.5022158860293e-16	-1.0089421137491856e-14	-1.0841177414097737e-14	-1.6853652969099256e-14	-4.802175168067615e-14	-1.2483335763984159e-14	-7.061989832997582e-15	3.931019224019374e-15	-1.3410020505785885e-14	-1.2885091816718753e-14	4.327190753899401e-15	-2.148711217855807e-14	1.1388734795096904e-14	-1.0385385204216629e-14	-1.2574419056105646e-14	5.675580998828177e-15	-1.1278129646336088e-14	-6.515165268971011e-15	1.6455187719749277e-14	-7.0642631867967194e-15	8.435024809723444e-13	-4.352577001104845e-13	-6.7984723802420925e-15	4.6475831495819644e-17	-5.872977498571571e-15	3.645345635952874e-15	-4.113099696750231e-7	4.151043359662643e-11	1.0998886944839944e-8	-4.3133446425435435e-9	9.940679398525216e-11	-1.482365593459275e-12	5.399075739020965e-10	-4.9160342159849975e-9	-5.570651437891895e-9	3.942127636975778e-8	8.474808000071016e-10	-5.025896927398185e-9	-9.60502198377183e-9	-3.775151634287729e-9	-1.0819689651227572e-8	-6.4099735019323e-10	-1.0677088690210007e-8	1.0587812000189965e-9	4.9531831924497884e-9	4.133334846475728e-8	3.954612752005889e-7	7.935043379360358e-7	7.924099871951127e-9	-5.89276683114563e-10	3.332241875019181e-5	-0.3561278571182058	-0.4589156624727538	-4.4356987038243183e-7	5.827030103489572e-8	-6.605360463152846e-10	-3.334742731222833e-11	1.523740476328389e-7	4.460531605121785e-8	-6.262639205821804e-8	1.0397001086232242e-9	1.477078808573927e-9	7.184615988639009e-10	-1.0803819204802391e-8	-3.08122795749952e-9	2.5919571364598323e-9	2.994438052025824e-10	5.492330050967563e-12	2.5511379516679747e-10	2.342957134412853e-10	2.0056186633612627e-9	1.5031827787688911e-9	-3.3072814185570225e-10	3.8927217677564924e-11
76.0	-2.9852744039944015e-14	-2.7888550843475562e-15	5.533227099153736e-15	8.720294469614867e-15	-5.873972496243924e-15	5.9239802720174964e-15	-9.157379904789691e-15	4.544445284494916e-15	1.4893165253058561e-15	1.7508180659031344e-14	-7.168258105179803e-15	-3.4922032277183015e-16	-6.557333580573654e-15	1.462419446033262e-14	-4.792403925639871e-15	1.4151340181006759e-14	1.5164814511162943e-14	5.8819057729519594e-15	1.1179854140276335e-14	9.95111840645754e-15	-6.94962444110882e-15	-6.826927955961303e-16	1.0024717051450328e-14	1.0883909113443466e-14	1.707015193882704e-14	4.818333192742448e-14	1.2441119633915043e-14	7.137608003819232e-15	-3.884279030768465e-15	1.3477204769764522e-14	1.2924896703402997e-14	-4.291923796828697e-15	2.1643203188386106e-14	-1.1308641012610323e-14	1.034217759803649e-14	1.2456297013958612e-14	-5.650052858398445e-15	1.1099750638969612e-14	6.430831020802428e-15	-1.648371730644309e-14	7.061935877162564e-15	-8.512842396393872e-13	4.3911057155697527e-13	6.8407977298222e-15	2.3638993113527463e-17	5.904963888817084e-15	-3.771489819780155e-15	-1.2862917634292347e-6	1.4777320246384636e-9	-9.634404465000397e-9	1.772613192952132e-7	-2.301988968998397e-10	4.0423303679493706e-8	-8.335894602906914e-8	-1.882550936097645e-9	-4.130565378202023e-10	4.393637084259223e-8	-1.4342304982480751e-8	9.754679954630445e-9	-9.338428655353179e-8	-9.942282770666893e-9	-5.2098490769148e-9	-2.8081862350359994e-8	2.4799727569137742e-8	2.411700675039762e-9	-1.8603599352918213e-7	3.33146238678327e-8	1.862184464699863e-7	1.0435113243456977e-7	3.0622278299722494e-7	2.633246799638839e-8	-8.34439454774273e-8	8.887967657129474e-7	7.040255633375028e-6	-0.4793705232960874	-0.42610050543178574	-1.4502678166972219e-9	3.030557167619286e-8	-6.2034960914426366e-9	2.6055809770805892e-8	-8.407378992586378e-8	-6.990784872872972e-8	-2.0143522994380405e-9	2.0849564172381867e-8	2.0105480684532506e-9	-9.338502914708325e-10	5.103119243528059e-10	-2.2731735879404697e-10	-9.798857332794246e-11	2.959564692557549e-9	2.9562321951319e-10	2.024675973225527e-9	-1.0481676818082546e-9	-5.718894928724477e-11	-6.777833887410889e-10
77.0	-1.3807773398474588e-14	-3.101126127846719e-15	5.21917832928291e-15	7.0092543078667506e-15	-4.377030574541427e-15	4.687669919618768e-15	-7.084870218104561e-15	1.2073609340207978e-16	2.3869794313973974e-15	1.953920509840245e-14	-6.383419119401742e-15	-3.1959537257427144e-15	-5.293025123839786e-15	9.861228734570679e-15	-1.3721574459730014e-15	1.4400640456228988e-14	1.820884782027171e-16	6.257802763621545e-15	6.856068559450595e-15	9.892635004557137e-15	-4.575847111881735e-15	-3.5467601732680567e-15	5.715046845657484e-15	9.930459827245272e-15	1.1084812072642843e-14	3.0326012086097845e-14	9.024223539233815e-15	3.7525580519040246e-15	-4.387516795377054e-15	6.823678493043199e-15	1.0061353135392321e-14	-5.736951112588624e-15	1.5276261086494663e-14	-8.117317460441752e-15	6.338107348856056e-15	1.0091278909745665e-14	-9.605989980005805e-15	9.267526190939077e-15	5.713940854360105e-15	-1.3327909619636738e-14	6.666971662162189e-15	-5.956900245592943e-13	2.9977345670842146e-13	3.4686652621053693e-15	-2.5283551731535074e-15	5.051113974560988e-15	-1.3987818385614286e-15	-4.960017700489308e-7	9.483380381417789e-10	-1.472732818915125e-8	1.263080535887045e-7	-1.6703119902477025e-10	1.7195254202006156e-8	-6.958447017235702e-8	-4.079480466999402e-9	-1.9778106557369968e-9	3.368020318348083e-8	-2.746457398253644e-9	1.502665338589247e-8	-7.056466411843701e-8	-1.7216169337947636e-10	-2.3850912742442457e-9	-1.9300251321934742e-8	1.4707375291745688e-8	1.875217756988825e-9	-1.1940695609959242e-7	1.810243563627535e-8	7.155376683456668e-8	3.945160039168308e-8	1.8252707920320971e-7	1.8794279058452105e-8	-5.8243162455515055e-8	5.6307813427281e-7	4.331852701948123e-6	-0.3005631364370167	-0.45099482725441487	-2.3438223201308534e-7	2.028202608465941e-8	-1.724088887798497e-9	1.8162140728912915e-8	-4.553525689119705e-8	-3.104608110933154e-8	-1.919431453172757e-9	1.4480332306129655e-8	1.4966262988050275e-9	-6.404446206076017e-10	2.2282945642652975e-10	-9.259378032018521e-11	-1.1053081255927384e-10	1.925580215953607e-9	1.3551007789604274e-10	6.36747018014321e-10	-4.747180812091191e-10	-1.0866029463469416e-10	-7.641530236615125e-10
78.0	1.3753499344270581e-14	3.0298879270700562e-15	-5.165960191524533e-15	-6.947239941221857e-15	4.351607345361281e-15	-4.717393123870009e-15	7.052585671867955e-15	-1.4647343578169981e-16	-2.4390136915851196e-15	-1.9571669711283527e-14	6.400636295947771e-15	3.2164413958227015e-15	5.1735439542844244e-15	-9.909798067921961e-15	1.2673158228716827e-15	-1.450033511352227e-14	-1.404960088972996e-16	-6.246746616225941e-15	-6.827507817578794e-15	-9.882425469732343e-15	4.453891172369372e-15	3.5563377946111824e-15	-5.734355931880105e-15	-9.987400101648097e-15	-1.1152983142684416e-14	-3.0266617634914154e-14	-9.017816837881562e-15	-3.842794218908611e-15	4.369240187878206e-15	-6.8354959956723776e-15	-1.0034782713620486e-14	5.621452990996588e-15	-1.5204078129985753e-14	8.124884814026111e-15	-6.26622458518317e-15	-1.0042175919889146e-14	9.647616400842037e-15	-9.35170635981892e-15	-5.725006302720982e-15	1.3358904439051815e-14	-6.692700700986414e-15	5.957307849474228e-13	-2.9965522948744006e-13	-3.485873886356751e-15	2.440851106223886e-15	-5.0665064309855344e-15	1.3901326966521537e-15	2.1158353800979755e-15	-2.061225173497694e-15	2.13561259729261e-15	-2.712832340473973e-15	-2.1441453024211194e-15	-4.4286026406554186e-16	-5.610329832327364e-17	3.270069957108237e-15	2.1684857214652553e-15	1.196768733749449e-15	1.0703252201476906e-15	-1.3202567362918557e-15	-1.416976878496065e-15	1.0639490039469603e-15	1.468241889221709e-16	-5.455235984394088e-16	1.0132152169429415e-15	-6.15748121769028e-16	-1.1658839196918335e-15	-2.249704263046297e-16	3.315666619369107e-15	1.3060310757202458e-15	-8.119293792185275e-16	1.0069956167440348e-15	-5.4271614924997315e-15	-2.7293658516909146e-15	-3.847868769679294e-16	-7.643758595259486e-16	3.091140905621644e-16	-0.45551511855552246	-0.018895069615181573	0.022986947268634737	0.023342398007784152	0.002726823633951945	0.0024997358134760746	3.109466002107487e-8	-0.0019799368572641558	-0.0032248640501331516	-0.0034765721517999336	-0.0013794928161724588	-0.0004885235177393093	-0.00023403946385366204	-0.0005997549135570607	-0.0020713486561816504	4.7932340216902605e-5	-0.0008896654962652992	-0.0013231186570553713	-0.00010602543865144716
79.0	8.117225159955643e-15	-7.326118130991662e-15	-2.494469697520431e-15	1.4383569245416573e-15	1.2989913453788325e-13	3.4785623874826084e-14	3.04443316752336e-13	1.6677999718456704e-13	1.0035836522943311e-13	9.289109215684259e-15	3.812171430980685e-14	3.3216725314756957e-13	-7.211594954407378e-15	-1.2800628858914545e-13	2.1851912006512285e-13	6.258615187085191e-14	-3.0524985819405685e-13	4.1721695476468515e-13	-2.710897799197649e-14	-2.8694137695815216e-13	5.988878977153107e-13	-7.343139656559196e-14	1.9767171708659993e-13	1.3087465231732623e-13	4.74398719170348e-13	-1.572070999611442e-13	-5.17262606323683e-13	-3.7547977633161917e-13	1.3598301952468407e-13	-1.2092442765407458e-14	-6.644684307747145e-16	-6.496267476980649e-13	9.657875936353908e-15	-1.5587356225569877e-13	-3.050897526775539e-14	3.167678135487661e-13	7.028727540815598e-14	-2.3845207153827834e-14	7.140508259576934e-14	2.5858899904283227e-13	-1.4301937907216128e-13	-3.0453384207570583e-13	-1.175767726486695e-13	-1.8074044940215294e-13	-3.9997881786276913e-13	2.9561833043917837e-13	-5.823292216843414e-13	1.2731246255690234e-13	-1.1139545552298255e-14	-4.0600757467243994e-14	7.508790680429596e-14	2.4145610010666483e-14	-6.077440239729117e-16	3.900455741884328e-15	3.846280327541466e-14	-1.8448409431149286e-14	-1.927547530386808e-14	1.8072978374818246e-13	-2.6098683372636508e-14	-4.5601933942510596e-14	3.054820113354297e-14	8.736840435400723e-14	-6.562710345927961e-15	2.4042654384379315e-13	8.510159667683845e-14	-2.721193608213005e-14	3.008561206432108e-14	-2.1946859566202385e-14	4.792587070237219e-14	-2.7637093588431477e-14	-1.3023429491786841e-14	-1.0721812282550709e-13	-1.7203884146570142e-13	-1.0028717768491017e-13	3.118320276177936e-14	4.837766467106554e-14	1.1851341901348996e-6	-0.4382562276127375	-0.11722989289505961	-0.06982156381423316	-0.007955806422064421	-0.004810196753853716	3.706176180122961e-5	4.641913469768407e-5	0.009289110518739537	0.005663357479389707	0.0011950848387284568	0.0011829891108986192	-0.0004818367149606702	2.4329076697823724e-5	-0.006308954615874622	-0.005467275803399401	-0.002558849400728414	-0.0037643413987372724	-0.0008727501824465652
80.0	-8.172481810736382e-15	7.440784320646469e-15	2.4588537099634488e-15	-1.5413197558529584e-15	-1.2982373596686951e-13	-3.47483060453052e-14	-3.044396449160141e-13	-1.66621698467735e-13	-1.0043898978163085e-13	-9.35473862435133e-15	-3.811509005280992e-14	-3.322148185934063e-13	7.050602152315204e-15	1.280396848470891e-13	-2.186066989892094e-13	-6.27764718711883e-14	3.051605835368755e-13	-4.1770290284751866e-13	2.7060294473952224e-14	2.866193483516622e-13	-5.990477336578331e-13	7.344177772242675e-14	-1.9779882048640814e-13	-1.3085372902321078e-13	-4.741887024993942e-13	1.569393244251061e-13	5.175223578202986e-13	3.752523239103585e-13	-1.360476235973675e-13	1.194053487920761e-14	5.758805476211472e-16	6.497158948062732e-13	-9.697066697931574e-15	1.558513574521721e-13	3.021462703228132e-14	-3.1681468432122515e-13	-7.026270927860758e-14	2.3927104709943856e-14	-7.118027598354749e-14	-2.5848346710482537e-13	1.4306287064310018e-13	3.045049024478916e-13	1.1745748397685645e-13	1.8122936951072797e-13	4.001047365716011e-13	-2.957817495255872e-13	5.821266561296345e-13	-1.7022982035345205e-13	2.1686847211972043e-14	6.240585241989513e-14	-1.0452174164199463e-13	-3.4330863179059794e-14	8.81920497540236e-15	-1.0687207580044931e-15	-6.661955107266457e-14	1.9182438077836735e-14	2.4544743475859452e-14	-2.5555833650476533e-13	3.214219733966123e-14	9.171526972359597e-14	-2.8360524872380495e-14	-1.144165760864321e-13	2.753499536696939e-15	-3.3725543261670524e-13	-1.2904910185654764e-13	7.778102906120396e-14	-2.8772253870605744e-14	3.7406966352693613e-14	-6.457293929610567e-14	3.4441028152247145e-14	2.4412694891792036e-14	5.074648172036077e-13	1.7085112032080557e-13	1.6620637217438564e-13	-3.787818077195092e-14	-5.4214105622225584e-14	-2.049947952388463e-7	-2.4239988902704095e-5	-0.4726737588245666	-0.38388352234252804	-3.1008402960920184e-8	-6.7735348346404155e-9	-4.549788890387677e-9	-2.6457089502947666e-6	-8.498781688734536e-8	1.6998206817532276e-8	-5.5021597351511495e-8	1.5678063871009913e-9	-5.039580012955434e-10	6.884781636671029e-11	3.6728038260296173e-9	1.0158640538047319e-9	2.5057961065807356e-10	-2.1442867961533277e-9	1.1646178167950377e-10
81.0	-5.977320450343915e-15	1.3561454890803342e-14	-2.2489103062253225e-16	-3.732381251253367e-15	-1.7676296151549234e-13	-6.026952596556629e-14	-4.152038740410792e-13	-2.2666110119888932e-13	-1.4429779811342644e-13	-1.72073975181682e-14	-5.643097049294425e-14	-4.553448913228654e-13	5.62397818646568e-15	1.6784097285286781e-13	-2.9305810827526296e-13	-9.496934489686356e-14	4.1300054296011675e-13	-5.377126028216709e-13	3.9848216298082347e-14	3.858108850187373e-13	-8.032305065722559e-13	9.796157916587033e-14	-2.6933587947483015e-13	-1.9419786303846966e-13	-6.367098503895623e-13	2.140963393488368e-13	7.003671903958115e-13	5.041103902417669e-13	-1.8799576886484975e-13	1.1555926514116364e-14	7.2718736449509e-16	8.757934856447693e-13	-1.711098768312181e-14	2.1369944684167412e-13	6.17490136508091e-14	-4.284328482904699e-13	-1.0682308926641954e-13	4.0325313679011054e-14	-1.1373590358591707e-13	-3.5045434606593337e-13	1.9697736371873378e-13	4.116866780799966e-13	1.5631225507638728e-13	2.1749296481515134e-13	5.530956629817851e-13	-4.028636068282055e-13	7.870175021388906e-13	-1.714501882878993e-13	2.417940062805214e-14	6.714129012232855e-14	-1.0940256352606922e-13	-4.429309632695243e-14	1.157164924246216e-14	6.963611063626072e-15	-5.788500437830858e-14	2.380956693336987e-14	2.910922386363646e-14	-2.5399352993712026e-13	3.0810534062621434e-14	9.118723595157681e-14	-2.6151278031536114e-14	-1.194243655922688e-13	8.245691533380711e-15	-3.4341052028003326e-13	-1.294547622428918e-13	8.22227979101388e-14	-1.8271771572934486e-14	4.14374952341959e-14	-6.688599822145215e-14	3.324669406090017e-14	3.267593781028326e-14	3.938632679064746e-13	1.7000907015741017e-13	1.502413381244226e-13	-7.087084038918976e-14	-7.1556840785846e-14	-2.1880324636612903e-7	-1.661819738779926e-5	-0.3256977982848441	-0.4540726102227113	-7.445096510443563e-8	-2.152821467436235e-9	-5.0318081922087635e-9	1.2485548075780738e-6	-1.3282123755104682e-7	-2.6807408306742034e-8	-8.221890018250762e-8	2.3219394739035967e-9	-1.01600546695818e-10	-2.3595550812370615e-10	4.807054639745925e-9	9.989032672441812e-10	-2.508742226466287e-10	-3.037443546421205e-9	1.7333050067670293e-10
82.0	5.896857147003192e-15	-1.3686688494819796e-14	1.7514574047215914e-16	3.5214818688857634e-15	1.7855161161830082e-13	6.101879748572587e-14	4.1919967129599027e-13	2.2881768905296517e-13	1.4564629324841606e-13	1.7462012137103605e-14	5.709876850024328e-14	4.597972756673239e-13	-5.6729178036226e-15	-1.6955692677137866e-13	2.960806295338859e-13	9.585788682456384e-14	-4.167438728457536e-13	5.42681546789724e-13	-4.026255068957443e-14	-3.894325070955455e-13	8.10464783319379e-13	-9.906188449480896e-14	2.718982416972109e-13	1.9594112888211804e-13	6.429000784434025e-13	-2.1628483038673495e-13	-7.067547920325073e-13	-5.090898779156858e-13	1.8954756361012083e-13	-1.1667833629097591e-14	-8.060332531900515e-16	-8.83736489429362e-13	1.7337074552001422e-14	-2.1560533160956377e-13	-6.257068050367874e-14	4.320778698848856e-13	1.0781008136257564e-13	-4.0872384109789395e-14	1.1475007340193354e-13	3.537727274285403e-13	-1.9900312795021806e-13	-4.1541717164712e-13	-1.5788900233839e-13	-2.1919754421713678e-13	-5.579818725594913e-13	4.065784879551491e-13	-7.939136077306181e-13	2.029073187393635e-13	-3.01916870051559e-14	-8.521155339089212e-14	1.3145137797975059e-13	5.5493785187273565e-14	-1.505290227623444e-14	-1.0321943580996884e-14	6.587254293730448e-14	-3.017006764653919e-14	-3.6261793594013714e-14	3.090301320785324e-13	-3.799116793935662e-14	-1.16917417072652e-13	2.6646222502644423e-14	1.4941985376174194e-13	-6.628099839936038e-15	4.222968159641844e-13	1.542653219762158e-13	-1.1481417477048381e-13	1.8754944498618306e-14	-5.184643620692234e-14	7.55356099444652e-14	-3.987088350715578e-14	-4.5234122963203674e-14	-4.5240296439958096e-13	-3.15374998780182e-13	-2.0570251956270209e-13	7.192630726039549e-14	7.17179175303945e-14	-1.3171231191505946e-6	7.305889723037655e-7	1.9400442414264217e-6	-1.6337894490773738e-6	-0.48042898428208086	-0.4356495977503623	1.2428056375949633e-9	-2.1645785398814286e-6	1.5059892874563218e-8	3.543864333123278e-9	-5.104538528637646e-8	4.004305878149322e-8	3.851523620907035e-10	1.1744420549467445e-9	-6.136224842112412e-9	3.4660366205210067e-9	9.029649089204796e-9	-9.252983267553761e-9	-1.6387541843043972e-9
83.0	4.8366373069484605e-15	-7.0953671263757345e-15	-3.44638478981703e-15	1.370009788524117e-15	1.2409672627889037e-13	3.664956881388404e-14	3.0479863696672285e-13	1.5152167662559244e-13	1.0779189230705168e-13	1.249744235776596e-14	4.091325946686783e-14	3.344181667469142e-13	-6.050344374457295e-15	-1.0805860789309e-13	1.8162782056703452e-13	6.373736963773092e-14	-3.0887504739443374e-13	3.6145738207557236e-13	-2.8441884595089106e-14	-2.6602833416708e-13	5.871653958068949e-13	-6.074460632807388e-14	1.757604558652329e-13	1.3535488930211335e-13	4.24120300977471e-13	-1.5374626474233138e-13	-5.192661127546426e-13	-3.552974821572912e-13	1.2220764798544438e-13	-4.726066923330091e-15	6.773151065102444e-15	-5.747227385465071e-13	1.2022178225945619e-14	-1.4015069209079008e-13	-3.385837349620486e-14	3.083887189266375e-13	7.112030527008533e-14	-1.9413835915208475e-14	6.793711123345111e-14	2.2106366804782018e-13	-1.2548610080277732e-13	-2.7997598477497327e-13	-9.974737387131706e-14	-1.4230717167556772e-13	-4.056276481794933e-13	2.7141797584817785e-13	-5.772467582428059e-13	1.39600542102722e-13	-1.1636899156107814e-14	-5.617852355034707e-14	1.0084745992452652e-13	3.818237469895794e-14	-1.1212408753981003e-14	-6.686811671484089e-15	4.894113636182054e-14	-2.207474732813105e-14	-2.5230246763931102e-14	2.27024996259289e-13	-3.523332740855012e-14	-8.584434186516131e-14	1.3237673449793353e-14	1.2014151519559564e-13	-5.564069561981198e-15	3.1498579436340284e-13	1.1458514424120194e-13	-8.98612156938146e-14	1.0965218803643727e-14	-3.4127607319193056e-14	6.110895631721522e-14	-2.3053198403282282e-14	-2.981066402753561e-14	-3.380192993046263e-13	-2.321443188075983e-13	-1.4728605172160818e-13	3.7061005755259625e-14	5.617087816212457e-14	-9.085157073074895e-7	4.630317388680839e-7	1.0861105376671025e-6	-8.983190615144371e-7	-0.3009800252778206	-0.4518918792182939	9.735372977978774e-10	-1.4792350713106947e-6	9.412310189774438e-9	2.356757057250302e-9	-1.3975174112932772e-8	2.4459842920955777e-8	1.902381355090548e-11	6.686562260923637e-10	-3.5008904565687683e-9	2.1189141321952994e-9	4.101658118326324e-9	1.2557167877093306e-9	-1.3284086999276384e-9
84.0	-5.043415557826375e-15	7.215600796004304e-15	3.4206516477708544e-15	-1.329400560543364e-15	-1.2419147442052867e-13	-3.665856161527841e-14	-3.0480950114925564e-13	-1.5140543926406262e-13	-1.0781516597860367e-13	-1.2441122805551446e-14	-4.078898487727341e-14	-3.3442433296091463e-13	6.127154668901331e-15	1.0803641834590364e-13	-1.8173348414126144e-13	-6.374283788431835e-14	3.0884267368513826e-13	-3.613572926472283e-13	2.8337319696117033e-14	2.6599150364921675e-13	-5.870596789063359e-13	6.085408663971856e-14	-1.7578405065652266e-13	-1.3544966419039563e-13	-4.2406923676693384e-13	1.5371370202600488e-13	5.194721037319271e-13	3.5522380563364235e-13	-1.2212632964871488e-13	4.719750027460339e-15	-6.78111023094286e-15	5.747324695792855e-13	-1.1928645055366752e-14	1.4020215747046375e-13	3.355996646090308e-14	-3.0837996027102893e-13	-7.112581446281198e-14	1.9610818158307078e-14	-6.794236623071226e-14	-2.2115810743308843e-13	1.256222095898832e-13	2.7999201579299774e-13	9.968210192526244e-14	1.4225170704092138e-13	4.056506246226288e-13	-2.7137463347449327e-13	5.771991344614044e-13	-1.3956811933822253e-13	1.1656108579489046e-14	5.612342663538783e-14	-1.0092170968213924e-13	-3.821284327399397e-14	1.126539661249182e-14	6.687243837844739e-15	-4.901211216918566e-14	2.215195744729762e-14	2.5204722248183158e-14	-2.2710093994454618e-13	3.5186881740629476e-14	8.586079916613033e-14	-1.3216886209156428e-14	-1.2022044659158017e-13	5.469303984130851e-15	-3.15020648659504e-13	-1.1449713645632948e-13	8.982078031680809e-14	-1.099380516208473e-14	3.4212210672900466e-14	-6.103027418955991e-14	2.294665553081619e-14	2.982181099517638e-14	3.379426245164954e-13	2.3218870278255894e-13	1.473438458358311e-13	-3.712644557775997e-14	-5.613085970970829e-14	-2.726803886580252e-20	1.9021147611925387e-17	-1.907568368965719e-17	-1.1185571585378691e-17	-1.3496531916401306e-17	2.2966203664065283e-17	-0.4779029493832026	-0.015209588402443016	0.003593582742702916	0.0030121207267004347	0.0007842908128297355	0.00038689465561307217	6.296962752057426e-7	0.0009175175704043734	-0.0018403689654078927	-0.0021973724117685615	-0.0003751217137374272	-0.000382236206278325	-3.20418290493699e-7
85.0	-1.077201439604854e-14	-7.841868048665818e-15	1.975064582614747e-14	1.9448052375050862e-14	3.1756885426394608e-15	1.7253589458530977e-14	1.4571276430432656e-14	3.942315070725131e-15	-6.3854254898146415e-15	-2.6484867330845984e-14	-6.872901075375529e-15	-4.347370843076415e-15	-3.740451354732028e-15	1.8572910096486895e-15	-1.720721684569314e-14	-4.763671208391848e-15	7.676666801702393e-16	1.591617533572812e-14	2.1072296120760783e-14	1.7298324828731581e-15	-2.966690913884482e-14	4.524497939679315e-15	3.400610918191818e-14	1.7074866131986784e-14	-4.491255209253222e-15	1.7308877143374672e-13	-2.2422251643325774e-14	2.6701732677990606e-13	9.633278323429429e-14	-9.598196518222773e-15	1.656231536947915e-13	-9.391516002856549e-14	2.3674753761693404e-13	-1.797089799609115e-15	6.54249687133217e-13	-3.6520317034174603e-13	-5.701287093260629e-13	-1.1122398968651893e-13	-3.456353002141638e-14	-9.362263549918004e-14	3.338044049674724e-13	-1.0923275103666823e-13	-3.22539365439333e-14	-3.466362454485819e-13	-8.443342928876788e-14	7.411068303891849e-14	5.248989816330695e-14	-2.847335987228236e-13	-3.6039151419583245e-13	-2.2607291256489047e-13	6.265670071818214e-13	-3.4420148492828754e-13	1.5948124888177097e-13	1.479750853319026e-14	-7.324109959354754e-14	-5.240066227651331e-14	-3.168744469331115e-15	1.495969769456023e-14	-1.1966693013248318e-14	-2.5519309751033873e-14	1.1080679817743195e-13	8.945384439100123e-14	8.18801676195996e-14	-7.660056202283652e-14	-3.263090155915489e-14	-1.4682348518128125e-14	-5.289649203932962e-16	-9.377012554082338e-14	1.1865954767175536e-13	1.2125234708058157e-13	1.1893848271535407e-13	1.0734555186111317e-13	-2.2052642364425552e-13	1.1087591739682022e-13	1.3704832456327046e-14	-1.7617704075293584e-13	-2.7016276652084657e-15	1.849353670331472e-14	2.7023519938869763e-15	-4.202256235399967e-15	4.429942963107403e-15	-2.485237601498345e-15	-5.775564891530452e-16	-0.45029693429024936	-0.056696778928736716	-0.04444830648203242	-0.004911475627615502	-0.004455313692378436	-0.0007170025722895032	-5.2799071823773986e-5	0.028151677937447658	0.006920918573387103	0.0013161757921817088	-0.0007701514537758342	-0.0012238768084070536
86.0	1.0523708123253697e-14	7.718883771382212e-15	-1.9798140743652384e-14	-1.96607286597995e-14	-3.188682065942711e-15	-1.7201276991708736e-14	-1.4487296072314527e-14	-3.8713405283276096e-15	6.327945552759835e-15	2.6471105673657523e-14	6.847238055973665e-15	4.388871357773656e-15	3.761735266944118e-15	-1.823227248425878e-15	1.728368806307097e-14	4.638015848605498e-15	-7.916569327175604e-16	-1.584878204412415e-14	-2.134446526718709e-14	-1.6602623882098122e-15	2.9857224883736935e-14	-4.56042265534791e-15	-3.4352028701898836e-14	-1.7013328592517047e-14	4.474767055661306e-15	-1.7568437674245668e-13	2.296487762105662e-14	-2.7117601822413374e-13	-9.764567443258234e-14	9.863414998377659e-15	-1.6780956306299185e-13	9.512570089127954e-14	-2.4026298435628795e-13	1.8275923096045903e-15	-6.635491464611564e-13	3.7036283883633605e-13	5.783059315791394e-13	1.130623459252311e-13	3.5272526596538034e-14	9.45767902713434e-14	-3.378582703549757e-13	1.1082012163247584e-13	3.239738744593534e-14	3.4941236711887014e-13	8.558899829863093e-14	-7.457804238795197e-14	-5.3917696640198954e-14	2.8922483490366925e-13	3.6504840132642877e-13	2.2994467329225165e-13	-6.323470399936881e-13	3.486237923337138e-13	-1.6069391950166641e-13	-1.4983072067160218e-14	7.359797079739433e-14	5.317728436169898e-14	3.0969718436844636e-15	-1.527783121470609e-14	1.2442620467100228e-14	2.5120413948300148e-14	-1.1091843081428647e-13	-8.973947490655723e-14	-8.133094184029022e-14	7.641971638236972e-14	3.327469923831467e-14	1.423930565207979e-14	4.1252918476029093e-16	9.397885471267175e-14	-1.1937930238573643e-13	-1.2178212233943402e-13	-1.1973698138776182e-13	-1.0675922231950341e-13	2.219360242472344e-13	-1.11707790433572e-13	-1.2382939980069586e-14	1.772752349013231e-13	1.4526001400571914e-14	-1.0977068203053937e-13	-1.8130328636693548e-14	-1.070270663580414e-14	-2.677404450699755e-14	1.1412908322026624e-14	-2.850546782248512e-15	-1.25860641209152e-6	-0.454541195987635	-0.34686225200273363	-3.211018741598676e-6	-8.764011120995919e-8	4.113364172521096e-9	-6.904440778004884e-10	-3.6444548310126537e-8	-3.814656840757031e-8	-1.6702914984244635e-8	-1.2756461984523187e-10	-8.907695211614223e-11
87.0	9.28109595637962e-15	1.4668625166214694e-14	-1.8901054739424273e-14	-2.305179283511004e-14	-7.697491732552404e-15	-1.7837295823063106e-14	-1.2856642806859213e-14	1.1357834625827008e-17	9.859836830051365e-16	3.303049718133302e-14	9.029163467053681e-15	7.476269964771609e-16	7.129818887172186e-15	-8.400703310302378e-16	2.0573887034104573e-14	2.838904992684052e-15	-4.134066435149387e-15	-2.5150294485343746e-14	-2.7848639445485197e-14	4.820030721279256e-15	2.1373584614220202e-14	-2.999344176377963e-15	-2.7104871041137875e-14	-1.6010703241442974e-14	3.714644819504864e-15	-8.368891932997356e-14	2.5903027061116538e-14	-1.1843681293814993e-13	-5.517857524992504e-14	7.703403988268557e-16	-8.056148618953195e-14	5.62757830327625e-14	-1.1189228132820883e-13	-9.114613017564094e-16	-3.24268684148066e-13	1.7587004996353228e-13	2.70084497633345e-13	4.738252136869021e-14	-4.5399549520983154e-15	6.566071910048274e-14	-2.0890672779511704e-13	5.995699660345729e-14	4.756547851016028e-14	2.934419064511153e-13	4.7169800371947924e-14	-7.533323302427974e-14	2.0493878613697978e-14	8.228835469692843e-14	1.8428950198146772e-13	4.552639901762625e-14	-4.663412537285058e-13	1.7096147143009389e-13	-1.4567029627898423e-13	-4.004282837771423e-15	7.092591874952085e-14	2.566737589581315e-14	-3.4105909919189037e-16	9.263013078564179e-15	-1.1303357595623207e-14	5.733151312928671e-14	-1.3453200281905066e-13	-9.594718695089879e-14	-1.5010390434465062e-13	1.1793219393942793e-13	-1.4958269172200008e-15	4.861315340469516e-14	2.650177667286462e-15	1.0978309846803368e-13	-1.1059385977231617e-13	-1.2450739331838638e-13	-1.0975271766835418e-13	-1.8469771389841767e-13	1.9989323164864958e-13	-9.869150993079012e-14	-1.0100065213511913e-13	1.6541993087161258e-13	2.0502610375630397e-14	-1.5102563079146425e-13	-2.5081045487495684e-14	-1.884660682486523e-14	-4.516479939899051e-14	2.0534520539214644e-14	-4.421389727361791e-15	-9.836312970254865e-7	-0.34855989025979117	-0.45724424132491803	-4.2618180155146185e-6	-1.1095540999083018e-7	4.8770713031136096e-9	-4.060754640774231e-10	6.259500482071833e-8	3.608175897162978e-8	-2.336783426402535e-8	-1.6527188934842793e-10	-5.442896253603173e-11
88.0	-9.448603938549243e-15	-1.4664835625636794e-14	1.8792694066795928e-14	2.3002532024591273e-14	7.396767798096419e-15	1.815083754193764e-14	1.2834320472326564e-14	5.436588380089479e-18	-9.821867398172565e-16	-3.3244735020100976e-14	-9.018904337154344e-15	-5.85771396092798e-16	-7.0555183661631425e-15	7.61515620970055e-16	-2.0587105721052256e-14	-2.9195343194618158e-15	4.202921565476113e-15	2.5128325714538988e-14	2.7768460208577266e-14	-4.741838886218967e-15	-2.1435582776141307e-14	3.144109963785625e-15	2.7072098475525025e-14	1.6229071362176853e-14	-3.689396721150469e-15	8.369153843787818e-14	-2.5901613044028165e-14	1.1825573365112698e-13	5.528248905985178e-14	-6.763756099283139e-16	8.061796320314752e-14	-5.6439072682528886e-14	1.1169903769676085e-13	1.0313374081356172e-15	3.2443703328734926e-13	-1.75619501764097e-13	-2.699807139914243e-13	-4.725913653673723e-14	4.9101589969808955e-15	-6.594899780418096e-14	2.0956629369879466e-13	-5.996045093110623e-14	-4.804104529394855e-14	-2.9509703873619934e-13	-4.715848377236838e-14	7.580584498809217e-14	-2.1233032510471562e-14	-8.163503697354601e-14	-1.8426287590734434e-13	-4.4854516003947694e-14	4.685014791305461e-13	-1.7113542985923535e-13	1.4645051862414202e-13	3.818966299869389e-15	-7.13491331458106e-14	-2.5808985438032536e-14	4.0247223992995665e-16	-9.522496137917078e-15	1.1524428266708819e-14	-5.787096267131707e-14	1.3551487584956188e-13	9.662400434500258e-14	1.5140993046400883e-13	-1.1892152374116824e-13	1.7167359021530043e-15	-4.912077403969353e-14	-2.454293946338294e-15	-1.1065565670231918e-13	1.1128402057475761e-13	1.2536075787068907e-13	1.1034450020836722e-13	1.8650252993840652e-13	-2.0099782495227236e-13	9.912014308196615e-14	1.0232412863199823e-13	-1.6654192498004388e-13	-2.0549178964168153e-14	1.5226991509412642e-13	2.5271236563930563e-14	1.8711187128481783e-14	4.5585366129651896e-14	-2.07286670888273e-14	4.717911515754729e-15	-5.5560594532957935e-8	-2.5137206034340244e-10	3.12343070443516e-11	-0.4605661645921108	-0.3798877440575781	1.8062103511950958e-6	-2.362621317325185e-9	2.3297694824805654e-8	-2.258147436249594e-9	-2.5845900767888518e-9	-4.310470385891169e-11	-1.3128960026102674e-10
89.0	-6.814219049536519e-15	-1.165432336417706e-14	1.5570256457349665e-14	1.1006769709725317e-14	2.9826739228313138e-15	5.2779082609880776e-15	1.1434150973015407e-14	2.988091182398975e-15	-2.9616534103166863e-15	-1.9595107156462603e-14	-5.711499582486796e-15	-1.6556967972384605e-15	-4.982334121713706e-15	4.942790250010361e-16	-2.199796992421932e-14	5.202464143351575e-17	1.2896152536768834e-14	2.0452088651057735e-14	1.4704889845692502e-14	-1.9036777912139672e-15	-1.244387071086786e-14	7.298017329831884e-15	2.166329289622003e-14	1.0813760323004771e-14	-1.226812930347791e-15	4.986777739096534e-14	-1.455227563632916e-14	6.353832063732356e-14	3.703484016549319e-14	8.47542627321967e-15	5.4688368008121426e-14	-4.018042541316473e-14	7.066831926245272e-14	4.352723694625097e-15	2.0339136530564703e-13	-1.1242711706651384e-13	-1.655064710076402e-13	-2.7768113971092037e-14	-3.49322140642675e-15	-4.4538695347024393e-14	1.2976936302727049e-13	-3.243313635659513e-14	-2.6595119675034938e-14	-1.9092893466090025e-13	-2.9868818663089916e-14	5.4595300928186025e-14	-1.7209735142952293e-14	-4.739620768599736e-14	-1.1591933941146487e-13	-2.1752454356140213e-14	3.126462558101768e-13	-1.1000070594855406e-13	9.987710200683002e-14	2.6109498632404887e-15	-5.154240988806676e-14	-1.3833726674790879e-14	-7.011493101451616e-15	-2.150686856913533e-14	1.7284964168744302e-15	-3.6887386782125035e-14	9.815833750404704e-14	6.274564092330383e-14	1.0689977812673465e-13	-8.787089611162337e-14	2.8547118347381675e-15	-3.413397136041164e-14	-6.546187733519711e-16	-6.623025688539107e-14	6.794345683000786e-14	8.219491673061099e-14	6.905126274166826e-14	1.3247233540556665e-13	-1.4200221882448225e-13	6.771332827567257e-14	6.845568118221616e-14	-1.0878078815584966e-13	-1.0743759344131036e-14	1.0823040891025714e-13	1.7765197404720152e-14	1.562172315037946e-14	2.752453223100913e-14	-1.340510729934757e-14	2.645021246825919e-15	-3.864578668734061e-8	-1.6724774628023922e-10	2.1484189829514387e-11	-0.3169073640354266	-0.4525833750620888	2.068037382966395e-6	-1.7697780731799984e-9	2.2924486296157405e-9	-1.0131882507000905e-9	9.893014913354276e-9	6.262231321922333e-10	-3.414466349729259e-10
90.0	6.852624682354554e-15	1.1620568602633464e-14	-1.5588678083699692e-14	-1.1039317203227149e-14	-3.0043156095673404e-15	-5.186638283688801e-15	-1.1467442286663378e-14	-2.966912860097559e-15	2.9569526733877754e-15	1.9471014180197958e-14	5.75357352450259e-15	1.6062138677263155e-15	5.118317531741637e-15	-4.769002540773901e-16	2.2000668998381428e-14	-2.366568855960925e-17	-1.2872080168353219e-14	-2.0505315467069503e-14	-1.4621546220891982e-14	1.897033486819254e-15	1.2301744648604101e-14	-7.309667113645207e-15	-2.1708618113738028e-14	-1.0870666893444817e-14	1.1819753699705656e-15	-4.996967285631643e-14	1.4594750815303748e-14	-5.1132982624330444e-14	-3.510665544042449e-14	-6.455202109493459e-15	-4.796612376947344e-14	3.556229589144106e-14	-6.236844151456108e-14	-1.150051974044026e-14	-4.0608115501127435e-15	1.8234049973829736e-15	5.520978507470549e-15	-2.13699022264241e-16	1.9283760577338957e-16	2.534693277931457e-16	-5.054786538716954e-15	4.2851181270946845e-15	-3.1745255488881928e-15	5.776138485442559e-15	6.891645505393634e-16	-7.016304976737895e-16	-1.6220046970817231e-15	9.297444656339733e-17	3.335497119198751e-15	2.9992414014569787e-16	-1.2030772106955486e-14	2.2172293544634413e-15	-3.930050517071047e-15	-2.6206572811429726e-15	3.3242917346777057e-15	7.135051095393852e-16	6.196459874585036e-16	9.475626600885953e-15	-5.508212653526512e-15	-5.110729983183242e-16	-7.97680558622594e-17	-4.802636611033757e-15	-3.4059393431212777e-15	2.256654176193436e-15	1.1060457090316528e-15	1.2659232388470156e-15	3.7564933064209095e-15	2.7353030307454285e-16	-1.590336428992582e-15	8.094563256559872e-16	-1.3647407786420107e-15	-4.440546626770999e-15	4.167975507917677e-16	-8.039281013071293e-16	-1.1795222702201333e-15	2.6861891310065874e-15	1.3070070167332332e-15	-5.0729444998723504e-15	2.986812600299832e-15	-2.4917892057947477e-16	-4.299033041802897e-15	1.0337635853010228e-15	4.5390424124487466e-15	-0.001745371530828825	-0.0008331603438727073	-0.0003325511594826861	-1.1801085550586783e-5	-2.6999825218750603e-5	-0.45548679761423344	-0.03074543865575556	0.02490610116402017	0.025344487381604157	0.003166237032170404	0.0028369213694651586	3.799995977522691e-7
91.0	5.6381601214960274e-15	6.1764079020416494e-15	-3.588856361625036e-14	1.099846760470458e-15	-2.2863151458398723e-14	5.659718796698287e-15	3.539887655956783e-15	1.9210969599714063e-15	3.863156170115618e-14	4.806076560234754e-16	1.6140880362766075e-14	5.964393723084495e-15	3.2110939733668457e-14	-4.6892288300066836e-14	-9.550860984898838e-15	-4.8305006119773136e-15	1.4658112589942478e-14	-3.1576467011446266e-14	5.318316378149063e-14	-2.1692650529279083e-14	-4.21505691263494e-14	-5.145866339229973e-14	3.793704703198056e-14	6.728068965440319e-15	3.529383304032273e-14	-1.669978910042656e-15	6.015496513465375e-15	-1.516443313071094e-14	-9.800369500113712e-15	8.302491932315317e-15	1.2523512664177673e-14	2.4814402433967688e-14	2.184083791934602e-15	-3.5302456889340957e-14	-7.547259780617372e-14	-1.1233672043781693e-14	-9.667461404464723e-15	1.5863843892485965e-14	-5.677924223811956e-14	5.1589628671243866e-14	-6.998330236443862e-14	-5.880881907579533e-15	3.744919566697438e-15	-2.2255498718771394e-14	-3.2673622136087965e-14	-4.0807059714555987e-14	-9.890776879204522e-15	-2.278908905566843e-14	-6.471798900495031e-14	-6.974989866448314e-14	-4.705918997127433e-14	1.361730347064588e-14	9.453984838477042e-14	-3.332725870437508e-14	-3.377060924675329e-15	-5.029135078084856e-14	4.688729966112765e-15	5.619393054871405e-14	5.794611562740109e-14	-1.3732524451186018e-14	-4.764318190390972e-15	3.821631147612888e-14	4.948680554774027e-14	1.097660471819177e-14	5.923718311033831e-14	-9.231553811660765e-16	1.0777247167037764e-13	-1.0435546711849342e-14	6.768665297591485e-15	-4.277696153819074e-14	1.3537269398070283e-14	-2.2440451504563747e-14	8.972875743739703e-14	-2.2794931468281322e-14	2.2193935273145032e-14	9.566921538467167e-14	3.981327081970659e-14	1.840175340164281e-14	9.15810130161939e-15	4.189732669083796e-15	1.6733349267339137e-14	-1.5669630336182555e-14	3.28797061236767e-14	2.6781245384543553e-5	2.3440175928190136e-5	7.946884585443101e-6	7.284725115797588e-7	3.6599469558256496e-7	-5.648854865987338e-7	-0.4382514572387608	-0.0996032843594444	-0.056344684084749956	-0.005387649905075382	-0.0033201228999233	0.00014290332136855473
92.0	-5.318788056126962e-15	-6.598408276889883e-15	3.649108956155494e-14	-7.822875852222538e-16	2.3147975215050213e-14	-5.289651260279436e-15	-3.654277242554836e-15	-1.94239420475135e-15	-3.905402567100582e-14	-6.985212538071899e-16	-1.6339250221365593e-14	-5.829666366283332e-15	-3.2493090414335996e-14	4.7824096904519835e-14	9.631103551749204e-15	4.695460744556676e-15	-1.473665735070094e-14	3.19773024600975e-14	-5.376264082753441e-14	2.198662475615217e-14	4.2824054255592874e-14	5.220976592871539e-14	-3.85433730679432e-14	-6.577885688121673e-15	-3.5520614601407397e-14	1.5810802621363888e-15	-6.217501759615585e-15	1.5956320642299702e-14	9.391706207535585e-15	-9.388762466031713e-15	-1.2605543617758715e-14	-2.5396159919425042e-14	-2.050032215744454e-15	4.0515305020185354e-14	8.463153661616352e-14	1.3322570658715977e-14	9.759392244179216e-15	-1.7342735149467143e-14	6.524098215242625e-14	-5.931149132195637e-14	8.030462228842538e-14	5.859978202464221e-15	-4.527309656931034e-15	2.4957525443000567e-14	3.792414236760219e-14	4.95113486325309e-14	1.0251813431579212e-14	2.6509114805210597e-14	7.165242095270156e-14	8.003119808953605e-14	5.3326593596562516e-14	-1.3972646165998545e-14	-1.0701810937019448e-13	3.8590863964149016e-14	3.432295594140267e-15	5.806199493711165e-14	-2.975671204720699e-15	-6.309648091433227e-14	-6.555840711487591e-14	1.4043219764639862e-14	4.833101505788763e-15	-4.5100296663608665e-14	-5.675103531882776e-14	-1.2888773663390004e-14	-6.946099607627693e-14	6.238563970333122e-16	-1.240812180628168e-13	1.1003909065641864e-14	-7.980054190745618e-15	4.749369000390332e-14	-1.5483995515754143e-14	2.6082434759543756e-14	-1.0454071325425102e-13	2.6636175788843927e-14	-2.522563763524832e-14	-1.0999472427271512e-13	-4.5887696148839106e-14	-2.137765944853855e-14	-1.0371430537788374e-14	-6.407643011088699e-15	-2.0010352885809154e-14	1.8116850982044593e-14	-3.689591022180383e-14	4.00875642723909e-9	2.39748146890107e-7	1.207989002715867e-8	-1.3767934852132758e-10	-4.410844296151345e-11	-1.3151932666439003e-11	-4.686127225834015e-5	-0.4726492092187934	-0.38391555674498984	-1.0364829433103004e-7	-7.349540958939382e-10	6.687357367316755e-10
93.0	-7.99199294374762e-15	-7.975243483994161e-15	1.9063014345469273e-14	-5.1258114940044545e-15	5.514106004996452e-15	-1.241281253096153e-14	-2.718321806585763e-15	-1.1593192991407976e-15	-2.710342259602678e-14	6.527894308388895e-18	-2.2593520610689667e-14	-3.869262668196243e-15	-1.2235677409954546e-14	8.89932407399486e-15	1.1230159631673379e-14	1.9129582491637145e-15	-1.9919528818471754e-14	1.4062545029763005e-14	-2.1086516384856178e-14	8.490532441716347e-15	1.7737792175754993e-14	3.056277425346593e-14	-1.0312126664299839e-14	-2.3693850177091343e-15	-2.2491370755334115e-14	3.453839513991476e-15	-6.4967615334722265e-15	5.392558069984002e-15	3.610761571762483e-15	-7.386956554786052e-15	-1.3652110032365358e-14	-2.3423754202243586e-14	-3.639177609613356e-15	5.366699535984286e-14	1.1670564016887426e-13	1.5960740290520528e-14	2.1614652669677853e-14	-2.94922212658038e-14	8.998180612857745e-14	-8.189982817854364e-14	1.1275867520962277e-13	2.496338652971048e-15	-7.460507868230365e-15	5.148605053655039e-14	5.4674305101391166e-14	6.716301707887235e-14	1.1787852736748919e-14	3.644305567426967e-14	9.862921172987226e-14	1.1302016182625458e-13	5.90455942497871e-14	-8.479449132538785e-15	-1.4013375565847176e-13	5.2653537389673725e-14	2.448531140167464e-14	7.849877940455403e-14	-3.610983818738816e-15	-9.639483360076946e-14	-8.670477237341924e-14	2.9320288884551784e-14	1.982273898899378e-15	-6.484106323464434e-14	-5.907200720005344e-14	-1.0874878427844909e-14	-8.469328796786083e-14	2.5196301446962198e-15	-1.4560676081891211e-13	1.4006875875998195e-14	1.3912887065182457e-14	3.787466834032168e-14	-1.765641398268319e-14	3.239145419521947e-14	-1.5096971679246953e-13	3.819143073384469e-14	-3.8127133440853405e-14	-1.3496010858523628e-13	-6.016509625782654e-14	-3.3903649636063633e-14	-1.7608803805220867e-15	-2.180106694190121e-14	-2.4823206257984554e-14	2.4939966995244105e-14	-4.808320175209069e-14	7.05751893102287e-8	-1.4265493588615603e-7	1.4024920560546176e-8	3.298520968068982e-11	-7.850679333035722e-11	7.634462322207444e-10	-3.2128025699477236e-5	-0.32562564982198705	-0.4540603467789555	-1.3587625390215916e-7	-9.111979431594434e-10	8.195631468233114e-10
94.0	8.118808992507103e-15	8.216169622071227e-15	-1.8942082845397042e-14	5.40855846492179e-15	-5.543954788216252e-15	1.2563612878592942e-14	2.6515920978215675e-15	1.238724820649486e-15	2.7017631389762708e-14	5.626842149227248e-19	2.2640668883525332e-14	3.8949698399340704e-15	1.2414071241496337e-14	-8.680438361563007e-15	-1.1370114340312213e-14	-2.0336188855884554e-15	2.0085037343179346e-14	-1.4024061465174272e-14	2.1096565895912334e-14	-8.499750271698011e-15	-1.7773792344459398e-14	-3.053534298200551e-14	1.0284146924538752e-14	2.472961385160371e-15	2.2488590831581307e-14	-3.3049213632838515e-15	6.4438540681704825e-15	-5.2426384449269205e-15	-3.663337256554113e-15	7.367777407796939e-15	1.3730545389351693e-14	2.3553747434218393e-14	3.703832638537288e-15	-5.4012275048987867e-14	-1.1771699073076338e-13	-1.626244442924155e-14	-2.1818868830868238e-14	2.97910356644847e-14	-9.071215798524058e-14	8.269217917311356e-14	-1.1374397947631225e-13	-2.510844197708991e-15	7.100316491379537e-15	-5.180533696619838e-14	-5.50192424346693e-14	-6.777257179551188e-14	-1.1841814838556103e-14	-3.6560662687691506e-14	-9.941087516748773e-14	-1.140210136129035e-13	-5.923972721281274e-14	8.731651821292593e-15	1.4098857451569847e-13	-5.2795661576540506e-14	-2.4708536598805773e-14	-7.913320572952615e-14	3.761800776039375e-15	9.711596074593457e-14	8.74294991949656e-14	-2.964500055658252e-14	-2.0605215451579023e-15	6.559049544183627e-14	5.955114780434894e-14	1.061780273518863e-14	8.530038002721611e-14	-2.625372266179367e-15	1.4667678653873012e-13	-1.4217879437043455e-14	-1.3921292998996872e-14	-3.821873824976264e-14	1.8165444580292348e-14	-3.259269612548358e-14	1.5210534481305995e-13	-3.8430537022933037e-14	3.836863160140993e-14	1.3598968410988622e-13	6.061271729998603e-14	3.416255816473041e-14	1.602612268088992e-15	2.2045776101732756e-14	2.5001689591157834e-14	-2.4889580033320495e-14	4.8400873042764896e-14	8.178817088226215e-7	-9.14217276398279e-6	5.419380356989684e-7	-8.027809974117322e-9	1.8431562966745534e-10	-1.2419177766844703e-8	5.735092767107753e-6	-8.246651287368751e-7	-4.715200158557875e-6	-0.48043482426397427	-0.435693239205528	-1.3464379185358442e-8
95.0	4.1490409587849356e-15	5.636469423492048e-15	-1.448199760719343e-14	2.068178959897791e-15	-1.022811766608765e-14	1.4777886867031792e-14	2.79600289551672e-15	9.131571226025884e-15	1.9674686877817542e-14	8.949514294395675e-15	1.6786613242731643e-14	8.07494105933658e-15	9.40930037215845e-15	2.2927636177452308e-15	-3.680046936123744e-15	-6.8397092126072376e-15	9.834745040168174e-15	-8.670549895111768e-15	1.0122307046543726e-14	1.51143343076748e-15	-1.0498869182900811e-14	-2.1267165889587692e-14	-3.1000707749745196e-15	7.32261472399461e-15	1.5587163556669946e-14	-2.076057906075763e-15	4.655410224709175e-16	-2.9099542022392005e-15	6.87105528983875e-15	1.3285000634059223e-14	1.2763173188894735e-14	2.3711784652442304e-14	-6.6611085202991054e-15	-3.2813828341423e-14	-7.900622832483494e-14	2.304338744206872e-15	-1.0997630342077067e-14	1.846108300700412e-14	-5.840880720862789e-14	6.015465356489256e-14	-7.397444917775915e-14	-1.4948161389080668e-15	-3.4269990530910162e-15	-4.908004583497359e-14	-3.7908457606622386e-14	-4.377069861232425e-14	-1.4910947529191147e-14	-3.104569143529623e-14	-6.108416122019518e-14	-8.246930904043108e-14	-4.5636615272286366e-14	-1.206572904579943e-16	1.0793838334413787e-13	-3.0401093467292966e-14	-2.0037368651446974e-14	-5.116702351972843e-14	-1.6848301814218287e-15	7.076854194862304e-14	5.95046808797209e-14	-2.7954107517412538e-14	6.577632887684256e-16	3.503726793500408e-14	4.3473950313753785e-14	6.203555171209997e-15	6.477298124235651e-14	-8.434964825164642e-15	9.805417290344321e-14	-2.1083973781592075e-15	-8.503251723796892e-15	-4.0833514235327356e-14	1.54648162876882e-14	-2.4158474759371636e-14	1.1168147340611599e-13	-2.276738627145846e-14	2.013900664777855e-14	9.789652797688393e-14	4.485140127582896e-14	1.7629140176214007e-14	-4.086570026150759e-17	1.9137328797827536e-14	5.998149764185874e-15	-1.7449779461377638e-14	3.015203024685514e-14	4.927222872308917e-7	-5.811966651946393e-6	3.430052074157689e-7	-5.232257052268181e-9	9.530420354088523e-11	-4.951286679066992e-9	3.5752994441034845e-6	-6.40358438678834e-7	-2.922698784832745e-6	-0.3009509993070625	-0.451903481486239	-9.82038770131602e-9
96.0	-4.1546775306270895e-15	-5.6507121317847255e-15	1.4336099654487775e-14	-2.0256683777207776e-15	1.0230440256473032e-14	-1.4743866423588503e-14	-2.8267140767548307e-15	-9.37917983768769e-15	-1.962253545063916e-14	-8.947961519828342e-15	-1.6720031882442444e-14	-8.088856711845522e-15	-9.371194846569491e-15	-2.1819901213503825e-15	3.624130877996117e-15	6.797793832660214e-15	-9.766853013072119e-15	8.682375429007667e-15	-1.010898956456685e-14	-1.4962147136973183e-15	1.0595724124047746e-14	2.141148612524318e-14	3.1554383245426068e-15	-7.239495205822494e-15	-1.5715666724329457e-14	1.9178675579223977e-15	-4.747471422063654e-16	2.811101328941289e-15	-6.8113252795730884e-15	-1.3252298580456309e-14	-1.2717078327953997e-14	-2.3689430991661156e-14	6.439382075783502e-15	3.279941118502382e-14	7.902864599414041e-14	-2.4131722396691298e-15	1.1086810111856336e-14	-1.8519899986236758e-14	5.86211218478425e-14	-6.021405347583295e-14	7.392209397984997e-14	1.4639544589887186e-15	3.343439377065575e-15	4.89247381691078e-14	3.796219797161598e-14	4.3751595216299116e-14	1.50514262476171e-14	3.10891796608526e-14	6.100215694115432e-14	8.235591188140786e-14	4.5539989314846816e-14	2.0772638112130776e-16	-1.0797280621425884e-13	3.030466409846373e-14	1.9995666160016602e-14	5.1050279472018704e-14	1.6598112585836557e-15	-7.088045619448573e-14	-5.949729238052144e-14	2.795083629117996e-14	-6.360565235912299e-16	-3.5069144365992205e-14	-4.344096947670061e-14	-6.203455971164096e-15	-6.458198890727713e-14	8.497704057812208e-15	-9.817008283069469e-14	2.2021688713978618e-15	8.635819026580965e-15	4.082001773766556e-14	-1.5377380883027978e-14	2.4011584702581915e-14	-1.1163303775927933e-13	2.2926336479734652e-14	-2.0225212410374344e-14	-9.781487320083057e-14	-4.489369812548508e-14	-1.7659278163981322e-14	-8.719592880900371e-17	-1.9126575269277964e-14	-6.124896334759801e-15	1.751017045854849e-14	-3.024632568421021e-14	-8.706226293834561e-14	2.5453501641449224e-16	-2.0982927112801528e-15	9.496939786529817e-18	1.344199583866959e-17	9.496939786529817e-18	-2.696579579393692e-17	-2.338228369891351e-18	2.2966203664065283e-17	5.551883734389736e-18	1.9021147611925387e-17	-0.47790306345867145
