# i	1	3	4	5	6	7	8	9	10	11	12	13	14	15	16	17	18	19	20	21	22	23	24	25	26	27	28	29	30	31	32	33	34	35	36	37	38	39	40	41	42	43	44	45	46	47	48	49	50	51	52	53	54	55	56	57	58	59	60	61	62	63	64	65	66	67	68	69	70	71	72	73	74	75	76	77	78	79	80	81	82	83	84	85	86	87	88	89	90	91	92	93	94	95	96
1.0	1.0314012822946562e-19	7.667971864598817e-17	6.992971453453341e-18	3.029842479461771e-19	4.96552225105944e-16	9.474371736150734e-16	5.911427923156382e-17	-1.3877847725681017e-16	1.0405020788240367e-16	7.921932388709264e-17	1.0479334555827143e-16	4.839275557586258e-17	2.1244040870274135e-16	4.2362712578129355e-17	1.2987782868156405e-16	5.367817993857874e-17	1.482547540539495e-16	2.1363746013646424e-17	5.453382022165423e-17	-5.605876623748197e-17	-6.415377256913908e-17	-8.941861573715966e-17	-1.6234624820530316e-16	-5.569149405065808e-17	-2.301264965495398e-16	-2.6573729851773903e-16	-3.26640118520528e-16	-3.1024138595091935e-16	-3.271091822316102e-16	-3.339127201552496e-16	-2.4779982797356453e-16	-1.9992701476759092e-16	-9.273113772231484e-17	-1.9489914297857408e-16	-3.3813421886429146e-16	-4.3145916880099297e-16	-4.2210155280997566e-16	-3.714501490586396e-16	-4.782447728936849e-16	-5.625796211315035e-16	-4.790783875795897e-18	5.700283469438924e-17	2.1751613392417704e-17	-1.6476078501742052e-17	1.6014899521899832e-16	4.186331868062239e-16	8.49581351555594e-16	8.257838927058208e-16	8.551036124916389e-16	8.650722735701255e-16	8.731519457741768e-16	9.124355810229894e-16	8.69314518327897e-16	1.0102385833979656e-15	1.0009123101659228e-15	5.315056446022307e-16	5.657012045263828e-16	4.3704360570627865e-16	2.8394722190418343e-16	1.2862519277445135e-16	1.6686629260837688e-16	2.728714002794412e-16	1.8991312679878821e-16	1.1432961407456972e-16	1.9020275619400388e-16	3.2631884880213104e-16	1.554272030404566e-15	1.5661990607728489e-15	1.3658632907015368e-15	-2.3435340061685687e-16	-5.759143242812324e-17	-6.176542130137931e-17	-4.446872987090313e-16	-5.7773307540706195e-16	-5.682351550583779e-16	-5.461504347417625e-16	-5.905076763429134e-16	-7.344669475388359e-16	-6.650053053847756e-16	1.5560591713694095e-15	1.261887299021967e-15	8.808181577001208e-16	4.1781724878992894e-16	5.048589437467022e-16	3.2081199470986363e-16	2.611662075904611e-16	1.7517024702130022e-16	1.5173470170716636e-16	2.0779740741278664e-16	2.0719231649058127e-16	4.596063876767915e-17	6.875706947741e-17	1.5264329578191883e-16	2.48139837428084e-16	1.4852496391189772e-16
2.0	-1.3756551244973326e-19	4.083395104024388e-17	-4.208358981521409e-18	-3.3563364180729136e-24	2.974165007276719e-16	1.1439623277609468e-15	9.615890523814147e-17	1.5252325115611043e-16	3.1965476559519694e-16	1.521599392658218e-16	2.5202414604715205e-16	2.917950150703622e-17	2.8102436292711684e-16	-8.55733827568972e-17	-4.581178795592965e-16	7.60913974815698e-17	2.3605911112874897e-16	-1.4294890981678356e-16	2.8150398555590166e-16	1.7023606678406947e-18	-6.168571495060303e-17	-5.713653671735301e-17	-1.414673638298483e-16	1.4636999794735175e-17	-2.9442519648058962e-16	-2.457289073120752e-16	-2.686969180223616e-16	-2.308733713746258e-16	-8.947290300080918e-17	-9.584729336911194e-17	-1.9819058239271358e-16	-1.847214996929441e-16	-9.916307389590205e-17	-1.6768353332730437e-16	-3.028591931955743e-16	-1.3324722786443e-16	-2.123056332717916e-16	-3.237041189181721e-16	-3.896924045463888e-16	-4.815842199211002e-16	2.4806820640065597e-17	7.429352084968801e-17	-7.525232362249888e-18	-1.204935990715718e-17	1.4800085464277463e-16	9.996745229852589e-17	7.447519010220525e-16	7.050202682861671e-16	7.446934888989698e-16	7.52834297071751e-16	7.644825515020855e-16	8.866930627665825e-16	7.428884133383073e-16	8.808200652581361e-16	7.610088916114938e-16	4.620602034536619e-16	4.922894543822046e-16	3.8100776440825523e-16	2.4674644214379865e-16	9.399384675635543e-17	1.493229645356517e-16	2.3726412404399325e-16	1.860496691962739e-16	8.408538173339891e-17	1.6759017829303363e-16	2.4186223626194093e-16	1.3802350437319673e-15	1.2063892299327551e-15	1.0371905335271088e-15	-1.9943816364387356e-16	-6.022794113329818e-17	-7.444723582137752e-17	-3.8949807553676297e-16	-6.021382137292437e-16	-4.946813038867648e-16	-4.793729313087476e-16	-4.469830063794977e-16	-5.727850589919145e-16	-5.628461760326033e-16	1.3559651802281783e-15	1.0991304002773208e-15	8.136137501300761e-16	3.5938890466192524e-16	3.219454050976307e-16	2.828569745909022e-16	2.095033372888142e-16	1.8992622771754025e-16	1.3316389042494006e-16	1.8126097809567958e-16	2.487000354659697e-16	3.317429294591386e-17	7.717307959818564e-17	8.50715756393042e-17	1.8569254419683118e-16	1.2221070764381052e-16
3.0	7.957502328152652e-15	2.4313649672345436e-15	2.069569221408516e-15	9.641311078769324e-15	1.845243315923938e-14	-3.759204963870441e-16	1.021915175249776e-15	3.5177211021472766e-17	3.906814182810573e-15	1.9991226742053725e-14	2.1194965791597572e-14	1.5485286301150767e-14	1.615616964530649e-14	1.5012610134610156e-14	2.6312608697802884e-14	4.5793118039532717e-14	4.9443294512946986e-14	3.810953259133725e-14	-2.1183381471343997e-13	3.609342961293725e-12	3.7160827721459e-12	3.75842086740498e-12	3.781849609547124e-12	3.750426030665694e-12	3.776627604287352e-12	3.78040393291349e-12	3.763587091906691e-12	3.81026454552939e-12	3.800228912786187e-12	3.659362202552172e-12	3.617968014989943e-12	3.673121065305259e-12	3.64106628002988e-12	3.605002578091272e-12	3.657929006458389e-12	3.630531272587381e-12	3.6174972937475202e-12	3.6119351226925046e-12	3.5360897592573906e-12	3.505161700353541e-12	3.6003483788193033e-12	3.6474034935876745e-12	3.5773775527955337e-12	3.656419743499066e-12	3.6340957943547553e-12	3.6864572144284e-12	3.688974315760059e-12	3.668123975325284e-12	3.688305237113832e-12	3.683384879770946e-12	3.6874745286324845e-12	3.671702146801102e-12	3.8437482379201704e-12	3.843576229445029e-12	3.85000065895668e-12	3.830351683203794e-12	3.882393538529379e-12	3.9136788892945874e-12	3.715135789591864e-12	3.60147638898562e-12	3.5237193946747327e-12	3.4953801438016106e-12	3.4905722535220383e-12	3.5808040462318972e-12	3.5113177579267607e-12	3.453962219562675e-12	3.516146954962807e-12	3.5137702204955823e-12	3.5774032910551717e-12	3.568114618419909e-12	3.498324615144488e-12	3.491412459617305e-12	3.4102620843797524e-12	3.3325256625467043e-12	3.1503932500390174e-12	3.1692356981708325e-12	3.2094257261461096e-12	3.404351405687025e-12	3.48770507481706e-12	3.4600638321551518e-12	3.574671813840217e-12	3.761420929090905e-12	3.5153810609453138e-12	3.549579578837644e-12	3.5241114433234158e-12	3.4837255716978066e-12	3.459646950738691e-12	3.4753988985754323e-12	3.456911022696938e-12	3.3203968003853446e-12	3.1406261154469686e-12	2.953057719098893e-12	3.133388026524585e-12	3.2374388602752627e-12	3.0180033754745777e-12
4.0	8.786943578624535e-15	6.583700503121823e-15	9.211847223260274e-16	7.47554783064151e-15	1.4262057682883166e-14	-2.5296785906923075e-16	9.40537782186273e-16	6.387225068863738e-17	3.839367244772752e-15	2.0466517752874503e-14	2.1268840623088073e-14	1.5311400101377288e-14	1.621514347474937e-14	1.4539527561296244e-14	2.6273905987604715e-14	4.51512771327969e-14	4.8935406094254816e-14	3.837171466018539e-14	-2.1184052184090963e-13	3.6097211898494304e-12	3.715023402626462e-12	3.7580346291159156e-12	3.781153999715415e-12	3.750091556426561e-12	3.7766746542404834e-12	3.780378512326546e-12	3.7623750207857954e-12	3.810146324692622e-12	3.799441979405285e-12	3.6581369337924766e-12	3.6188222669617244e-12	3.6754089836873196e-12	3.64111644402937e-12	3.604443682439258e-12	3.6577776822086004e-12	3.629378579904381e-12	3.6176485532799327e-12	3.6125882667895622e-12	3.5363181687510957e-12	3.5042585037721934e-12	3.599785080997984e-12	3.6477262096094275e-12	3.577009733837684e-12	3.657015945502562e-12	3.6339486755173998e-12	3.685043913255469e-12	3.688831304165454e-12	3.6682389490614625e-12	3.688177109300384e-12	3.683993112554545e-12	3.687656833752872e-12	3.670695027997358e-12	3.844745878299837e-12	3.844272870245542e-12	3.850173549548129e-12	3.830583154238897e-12	3.882054178100399e-12	3.91316217166206e-12	3.715409858709978e-12	3.6016502213855958e-12	3.5233989237922556e-12	3.495878982397978e-12	3.491971370313111e-12	3.580032975835142e-12	3.5109511974022332e-12	3.453917105678262e-12	3.516240084288401e-12	3.513043114015823e-12	3.575170314083149e-12	3.5691448743177083e-12	3.49770782351631e-12	3.491658790384561e-12	3.4105535898151573e-12	3.3324161695337553e-12	3.1498360700287156e-12	3.1691841049045433e-12	3.2081239918360187e-12	3.403713355189774e-12	3.488087637685947e-12	3.460455225532633e-12	3.5746708920953404e-12	3.7616550009519644e-12	3.5157788038671864e-12	3.5510885067846565e-12	3.5230651331890362e-12	3.4832741717909875e-12	3.4596063556414275e-12	3.476041992944849e-12	3.4580652769230513e-12	3.320666657373921e-12	3.140987306648983e-12	2.9530934459876274e-12	3.133899501398716e-12	3.2370321822429813e-12	3.0174118329983858e-12
5.0	1.6811463409914756e-29	9.065197141860377e-18	-1.3329995391461013e-18	2.9488387379864723e-18	-2.754063382331805e-16	-9.584202707069719e-17	-3.2673349497585523e-16	-1.8572108938697988e-16	2.569199142858094e-16	-1.5288006615916123e-16	-4.412449225377272e-14	-6.71391906171305e-11	-7.35446252443449e-7	0.3289759867912823	0.32897598679335177	0.328975986793321	0.3289759867933505	0.32897598679350026	0.32897598679347556	0.32897598679354284	0.32897598681310647	0.32897598681358475	0.3289759868064489	0.3675671933478883	0.36756719334777194	0.36756719335022014	0.3675671933502879	0.36756719335028576	0.3675671933496738	0.0008748937104908365	0.0008748937023377522	0.0008748937021174735	0.000874893701921507	0.0008748937018806834	0.0008748937019214271	0.000874893701952798	0.0008748937016731287	0.0008748937015874878	0.0008748937014065737	0.0008748937006582087	0.0008748937005999078	0.0008748937006198	0.0008748937005225447	0.000874893701049413	0.0008748937013158157	0.0008748937015631184	0.0008748937015975164	0.0008748937021552691	0.0008748937025641006	0.0008748937020460983	0.0008748937020803901	0.000874893698871828	0.0008748936989320166	0.0008748936989886706	0.0008748936991131697	0.0008748936987801165	0.000874893698904346	0.0008748936983665884	0.0008748936984224217	0.0008748936982380471	0.0008748936984384355	0.0008748936984792619	0.0008748936984542181	0.0008748936982945259	0.0008748936982845983	0.0008748936984085892	0.0008748936983195304	0.0008748937003540265	0.0008748937002249369	0.000874893699979635	0.0008748936998684098	0.0008748936997153621	0.0008748936997366241	0.000874893701132648	0.0008748937009567921	0.000874893701004636	0.0008748937003192834	0.0008748937002497571	0.0008748937010146994	0.0008748937008047734	0.0008748937005358413	0.0008748937009827733	0.0008748937009770364	0.0008748937009890118	0.0008748937010707635	0.0008748937007956642	0.0008748937004644239	0.0008748936997308846	0.0008748936998699565	0.0008748936992722645	0.0008748936996451072	0.0008748937000783941	0.0008748936997404303	0.000874893699409017	0.0008748936988609918
6.0	2.7679812364063888e-30	1.1250748743106168e-17	-8.000513667971693e-24	-4.409693312801766e-31	-3.0328082000899126e-16	1.3944253634270362e-16	-1.7010671076936815e-16	-1.235270677158474e-16	1.4916373334146423e-16	-3.191246238961484e-16	-5.104730507830907e-14	-7.707220405056469e-11	-8.4425440079158e-7	0.3776474812366974	0.37764748123907194	0.377647481239037	0.37764748123907116	0.37764748123924335	0.37764748123921366	0.37764748123929015	0.37764748126174996	0.3776474812622994	0.377647481254107	0.4219481978213204	0.4219481978211855	0.42194819782399456	0.4219481978240733	0.42194819782407206	0.4219481978233699	0.0010043328977878034	0.0010043328884281892	0.0010043328881748736	0.0010043328879504705	0.001004332887903678	0.0010043328879511138	0.0010043328879863417	0.001004332887665993	0.001004332887567843	0.0010043328873593712	0.0010043328865008301	0.0010043328864343783	0.001004332886456296	0.0010043328863445322	0.0010043328869490241	0.0010043328872554398	0.0010043328875390372	0.001004332887578885	0.0010043328882187901	0.0010043328886884843	0.00100433288809311	0.0010043328881327522	0.001004332884449478	0.0010043328845186258	0.001004332884583517	0.0010043328847263219	0.001004332884344516	0.0010043328844873065	0.001004332883869222	0.0010043328839338022	0.0010043328837211392	0.0010043328839516048	0.0010043328839991492	0.0010043328839701793	0.001004332883786694	0.0010043328837755954	0.001004332883918024	0.0010043328838155534	0.0010043328861509342	0.0010043328860027238	0.0010043328857214566	0.0010043328855934878	0.001004332885418004	0.0010043328854418443	0.0010043328870452293	0.0010043328868429302	0.0010043328868982633	0.0010043328861117583	0.0010043328860299568	0.0010043328869095798	0.0010043328866686902	0.0010043328863593912	0.001004332886872982	0.0010043328868662865	0.001004332886880744	0.0010043328869740141	0.001004332886658108	0.001004332886278362	0.0010043328854355456	0.0010043328855961603	0.0010043328849092606	0.001004332885337382	0.0010043328858345421	0.0010043328854464786	0.0010043328850667154	0.001004332884437817
7.0	3.4843500033528512e-15	2.39522336515535e-15	1.6330542251114666e-15	-1.0823664380839181e-15	1.8034333650104714e-14	3.879878437763509e-15	2.816904407540629e-14	2.6568107522862957e-14	2.7247196868647282e-14	2.685235358014952e-14	5.9214754497624e-14	6.600077874168592e-8	2.3456063153436555e-7	-0.32369823126978947	-0.32369823126618225	-0.32369823126620606	-0.32369823126628333	-0.32369823126741815	-0.32369823126749786	-0.32369823126770636	-0.3236982312297838	-0.3236982312219025	-0.3236982312360169	0.48544419855936205	0.485444198559347	0.48544419855993765	0.4854441985599487	0.4854441985599653	0.4854441985598862	-0.4990319343003622	-0.4990319343004194	-0.4990319343004079	-0.49903193430042564	-0.4990319343004427	-0.49903193430044634	-0.4990319343004464	-0.4990319343004682	-0.49903193430048814	-0.4990319343004897	-0.499031934300489	-0.49903193430048115	-0.4990319343004998	-0.4990319343005173	-0.4990319343005208	-0.4990319343005083	-0.4990319343005109	-0.4990319343005063	-0.49903193430050624	-0.4990319343004717	-0.49903193430046555	-0.4990319343003978	-0.49903193430039167	-0.499031934300389	-0.49903193430043963	-0.4990319343004357	-0.4990319343004481	-0.49903193430044335	-0.49903193430044784	-0.4990319343004403	-0.499031934300434	-0.49903193430042764	-0.4990319343004536	-0.4990319343004639	-0.49903193430019255	-0.4990319343002019	-0.49903193430021986	-0.4990319343002069	-0.4990319343002091	-0.49903193430026144	-0.49903193430029974	-0.49903193430029225	-0.4990319343004081	-0.4990319343004104	-0.4990319343004119	-0.4990319343004146	-0.49903193430041953	-0.4990319343001373	-0.49903193430011533	-0.4990319343001163	-0.49903193430005	-0.49903193429997117	-0.499031934299981	-0.4990319342999735	-0.49903193429995846	-0.49903193429997306	-0.49903193429999126	-0.49903193430004444	-0.4990319343000473	-0.49903193430003884	-0.49903193429999965	-0.4990319342999902	-0.49903193430002435	-0.4990319343000669	-0.49903193430008663	-0.49903193430009507
8.0	3.230983076796582e-15	1.9785224546229115e-15	1.9186836090332553e-15	-8.919799154838551e-16	1.6173200491375813e-14	8.680257909489123e-15	1.002439676113245e-14	1.93610956853358e-14	2.0111247954140885e-14	2.1874405942172256e-14	4.696047825358561e-14	5.749454794932782e-8	2.0433027897154542e-7	-0.28197975716890294	-0.28197975716576207	-0.2819797571657822	-0.2819797571658482	-0.28197975716683793	-0.2819797571669069	-0.2819797571670888	-0.28197975713405593	-0.281979757127187	-0.281979757139484	0.42287978124518544	0.42287978124517217	0.4228797812456872	0.4228797812456966	0.4228797812457095	0.4228797812456409	-0.4347163192753513	-0.434716319275401	-0.4347163192753917	-0.4347163192754052	-0.43471631927542226	-0.4347163192754266	-0.434716319275425	-0.4347163192754422	-0.43471631927546145	-0.4347163192754621	-0.4347163192754616	-0.4347163192754553	-0.4347163192754728	-0.4347163192754862	-0.4347163192754885	-0.4347163192754784	-0.4347163192754816	-0.43471631927547766	-0.4347163192754763	-0.43471631927544413	-0.43471631927544047	-0.43471631927538157	-0.43471631927537707	-0.4347163192753746	-0.43471631927542037	-0.4347163192754167	-0.434716319275426	-0.43471631927542137	-0.43471631927542465	-0.43471631927542015	-0.43471631927541365	-0.4347163192754087	-0.4347163192754309	-0.4347163192754402	-0.434716319275206	-0.4347163192752119	-0.43471631927522747	-0.43471631927521576	-0.43471631927521803	-0.4347163192752663	-0.4347163192752952	-0.43471631927529236	-0.4347163192753916	-0.4347163192753938	-0.43471631927539345	-0.4347163192753989	-0.43471631927540366	-0.4347163192751601	-0.4347163192751388	-0.4347163192751348	-0.4347163192750799	-0.4347163192750111	-0.4347163192750188	-0.43471631927501264	-0.4347163192749988	-0.4347163192750132	-0.4347163192750274	-0.4347163192750744	-0.43471631927507626	-0.4347163192750702	-0.43471631927503834	-0.4347163192750253	-0.4347163192750568	-0.43471631927509474	-0.4347163192751099	-0.43471631927511933
9.0	-5.91854556286216e-16	9.343763247636368e-16	7.900082406633822e-15	3.0756508192867196e-16	-4.844405715032022e-15	-6.3531230697311014e-15	-5.271684357558622e-15	-3.3314647863379872e-15	-8.873097414174532e-15	-3.569384861967349e-14	-4.155812085400066e-14	-5.644176315210601e-14	-1.852951826474746e-13	-1.7259783209482906e-13	-1.4424887754702464e-13	-1.2976115715276364e-13	-2.0925048103098514e-13	-9.471843238890714e-12	-9.47935950964786e-12	-9.507945109754368e-12	-9.67824307099081e-12	-9.760711546105756e-12	-9.767192536307208e-12	-9.706043301733302e-12	-9.567367834330976e-12	-9.456207572920812e-12	-9.344498966611996e-12	-9.426845216987995e-12	-9.401662547502733e-12	-9.499045063650909e-12	-9.488205037171515e-12	-9.60158877442336e-12	-9.521934734511215e-12	-9.548785913504152e-12	-9.507397300103824e-12	-9.5042041311226e-12	-9.418594212742398e-12	-9.44822753083044e-12	-9.381201920264723e-12	-9.345969905971605e-12	-9.139265850884177e-12	-9.083328772846552e-12	-8.918199196209157e-12	-8.935782504390591e-12	-8.92355562722819e-12	-8.851616751226919e-12	-8.869476401104746e-12	-8.80999669029712e-12	-8.848494477636541e-12	-8.800493634104676e-12	-8.743158371291196e-12	-8.72245701093381e-12	-8.647381960494893e-12	-8.5392642307879e-12	-8.706219297270118e-12	-8.752439101897298e-12	-8.700500985948363e-12	-8.69539855476973e-12	-8.749368892507472e-12	-8.643968132903607e-12	-8.731876118988303e-12	-8.747637060698988e-12	-8.80863048530932e-12	-8.731983947001024e-12	-8.804085344892073e-12	-8.893372092093943e-12	-8.885997146381783e-12	-8.863813000970913e-12	-8.929578113364485e-12	-8.852328056128934e-12	-8.818500837189608e-12	-8.779284256099418e-12	-8.833763853730038e-12	-8.830083045747645e-12	-8.894092006541438e-12	-8.914863485864331e-12	-8.839372206552309e-12	-8.70512081535092e-12	-8.801428603505852e-12	-8.890053884698685e-12	-8.90422350419532e-12	-9.015292863742764e-12	-8.992258502965225e-12	-9.078560601830367e-12	-9.041236681294071e-12	-8.956123211493878e-12	-9.01302297462816e-12	-8.982397997185725e-12	-9.066526821668199e-12	-9.149127533578312e-12	-9.055883587817923e-12	-8.957751702948913e-12	-8.85193746674675e-12	-8.791894574379563e-12	-8.665944812372991e-12
10.0	-5.842329241020951e-16	6.294842567528238e-16	7.77566971346842e-15	5.571763064814666e-16	-5.2410888600380944e-15	-8.239200228470293e-15	-6.847190313192059e-15	-9.143502418445723e-15	-2.9519635242226822e-15	-2.7581592656875188e-14	-3.202594994055077e-14	-5.633260963276896e-14	-1.8626719082260705e-13	-1.7264835261143737e-13	-1.4475328832447101e-13	-1.2928015932194926e-13	-2.0925780375178591e-13	-9.471716225152125e-12	-9.478844681156728e-12	-9.509181515777316e-12	-9.678004721930225e-12	-9.760925306178742e-12	-9.768508378402636e-12	-9.706947473471662e-12	-9.569118676599989e-12	-9.456690864551973e-12	-9.345502412464144e-12	-9.427720372811034e-12	-9.403114186805082e-12	-9.499169612839575e-12	-9.487783980480741e-12	-9.60200766705778e-12	-9.522476018512465e-12	-9.549421745945228e-12	-9.506456862848901e-12	-9.503964064335769e-12	-9.418627072305541e-12	-9.448719541684319e-12	-9.380909394939189e-12	-9.346597815595735e-12	-9.139920418308676e-12	-9.083126332314595e-12	-8.917974228533683e-12	-8.935384285813537e-12	-8.923161734310028e-12	-8.852941218480597e-12	-8.869649740029485e-12	-8.810032778747804e-12	-8.847952528755234e-12	-8.8005287681224e-12	-8.742417746378547e-12	-8.722169156439562e-12	-8.649664637142205e-12	-8.538912210014434e-12	-8.70612381150486e-12	-8.7527846712762e-12	-8.70049707190191e-12	-8.694942922129227e-12	-8.75070779148958e-12	-8.644096664280648e-12	-8.731735178026046e-12	-8.747751061530773e-12	-8.80888797400459e-12	-8.730076996787367e-12	-8.80100674246399e-12	-8.891860779199462e-12	-8.886308851091317e-12	-8.864385457287874e-12	-8.929727247207987e-12	-8.851109255750087e-12	-8.820471697361988e-12	-8.779370254557949e-12	-8.833060540038265e-12	-8.829717976226914e-12	-8.894471649151286e-12	-8.91541386697359e-12	-8.841806199031041e-12	-8.704960301483675e-12	-8.799937771740776e-12	-8.891177286773549e-12	-8.9042111782184e-12	-9.015268123570242e-12	-8.991436724915089e-12	-9.07930762605845e-12	-9.042489847412466e-12	-8.956194351628655e-12	-9.012743472364447e-12	-8.981879411375049e-12	-9.066150599632204e-12	-9.14922700794747e-12	-9.0560265953155e-12	-8.957778808571584e-12	-8.852335538988366e-12	-8.791657183910201e-12	-8.663910181506209e-12
11.0	2.1233532158696185e-18	-3.286331798280376e-13	-3.3611696653280896e-13	-3.4208466383263624e-13	6.087414453890196e-13	5.560680519554951e-13	5.559164403660174e-13	5.096628679525052e-13	5.024487323811912e-13	2.441390676719688e-13	4.167986014086486e-14	4.897743317102058e-13	4.776079543653145e-13	4.609064294396277e-13	4.916544638494143e-13	4.615575755502309e-13	5.305380140074368e-13	-5.810331573325028e-9	-5.810464287278283e-9	0.0001426817986560781	0.43328881825092186	0.4332888182508937	0.43328881825090004	0.4332888182508946	0.43328881825089377	0.43328881825089555	0.43328881825089516	0.4332888182508902	0.43328881825088805	0.4332888182508817	0.43328881825088605	0.4332888182508823	0.4332888182508889	0.43328881825085874	0.43328881825086224	0.43328881825086146	0.4332888182508621	0.4332888182508647	0.43328881825086635	0.4332888182508495	0.4332888182508455	0.4332888182508452	0.4332888182508356	0.4332888182508304	0.43328881825083826	0.43328881825083904	0.43328881825083176	0.43328881825082544	0.4332888182508013	0.43328881825076226	0.4332888182507564	0.4332888182507538	0.4332888182507367	0.4332888182507354	0.43328881825073556	0.4332888182507293	0.4332888182507379	0.4332888182507427	0.43328881825075083	0.43328881825076027	0.43328881825075727	0.4332888182507482	0.43328881825074944	0.4332888182507515	0.43328881825075544	0.43328881825075083	0.43328881825074406	0.43328881825074345	0.4332888182507332	0.4332888182507383	0.43328881825074755	0.4332888182507466	0.43328881825074533	0.4332888182507469	0.43328881825075505	0.433288818250753	0.4332888182507295	0.4332888182507331	0.4332888182507327	0.4332888182507457	0.4332888182507518	0.4332888182507536	0.4332888182507471	0.43328881825074916	0.43328881825075033	0.4332888182511363	0.4332888182511294	0.4332888182511277	0.4332888182511269	0.4332888182511239	0.43328881825112364	0.4332888182511208	0.43328881825114984	0.4332888182511341	0.43328881825113624
12.0	-3.547803851740223e-20	-3.7741658700763227e-13	-3.858245070472362e-13	-3.9188297821298194e-13	6.985013725076565e-13	6.968344180053814e-13	6.969382724725968e-13	6.978389089860584e-13	6.878166121524499e-13	6.878484794494637e-13	1.862106560395847e-14	5.625246076403732e-13	5.485310804872719e-13	5.291556999256167e-13	5.633586411598361e-13	5.296332462482094e-13	6.086269844045392e-13	-6.669961589465178e-9	-6.670113527560217e-9	0.00016379135269465147	0.49739323668112956	0.49739323668110436	0.49739323668110774	0.49739323668110064	0.4973932366811003	0.4973932366811016	0.497393236681099	0.4973932366810948	0.49739323668109664	0.4973932366810864	0.4973932366810913	0.49739323668108604	0.4973932366810936	0.497393236681059	0.49739323668106333	0.49739323668106283	0.49739323668106444	0.4973932366810668	0.49739323668106833	0.4973932366810484	0.4973932366810449	0.4973932366810412	0.4973932366810367	0.4973932366810277	0.49739323668103774	0.4973932366810378	0.49739323668102897	0.4973932366810223	0.49739323668099633	0.4973932366809508	0.49739323668094176	0.49739323668094104	0.497393236680921	0.49739323668092034	0.4973932366809149	0.4973932366809134	0.4973932366809216	0.4973932366809293	0.4973932366809365	0.49739323668094676	0.4973932366809443	0.49739323668093394	0.49739323668093327	0.4973932366809338	0.49739323668093727	0.4973932366809362	0.49739323668093094	0.49739323668092794	0.4973932366809157	0.49739323668092494	0.4973932366809265	0.49739323668092994	0.497393236680931	0.4973932366809331	0.49739323668094043	0.4973932366809364	0.4973932366809151	0.49739323668091445	0.4973932366809205	0.4973932366809309	0.49739323668093954	0.4973932366809403	0.4973932366809351	0.49739323668093427	0.4973932366809324	0.49739323668137786	0.4973932366813709	0.4973932366813666	0.4973932366813679	0.4973932366813673	0.49739323668136676	0.49739323668135943	0.4973932366813922	0.4973932366813786	0.49739323668137814
13.0	-1.887135733794933e-9	1.3975183899198773e-8	1.3975189103382836e-8	1.3975187236636345e-8	1.3979266645216369e-8	1.397928022701031e-8	1.3979281235566618e-8	1.3979268794586331e-8	1.3979286666909011e-8	1.3979281001705027e-8	1.3979321143531545e-8	1.6642875996374116e-12	1.457451822207106e-11	1.4576883010819426e-11	1.4578478099632674e-11	1.457698530062545e-11	1.4589580499267543e-11	-3.145985396508763e-7	-3.1459877618972816e-7	-0.0001230588131986681	-0.4867516310599817	-0.4867516310598778	-0.4867516310598361	-0.4867516310598259	-0.4867516310598426	-0.4867516310597506	-0.48675163105972263	-0.4867516310596825	-0.4867516310597118	-0.4867516310596347	-0.4867516310596517	-0.4867516310596328	-0.4867516310596442	-0.4867516310595386	-0.4867516310595577	-0.48675163105958685	-0.48675163105967284	-0.48675163105969094	-0.48675163105967717	-0.4867516310596029	-0.48675163105953906	-0.4867516310595941	-0.48675163105956054	-0.48675163105953306	-0.48675163105947994	-0.4867516310594848	-0.4867516310594171	-0.48675163105937225	-0.48675163105929853	-0.48675163105907954	-0.48675163105901703	-0.48675163105907737	-0.48675163105904745	-0.4867516310590372	-0.48675163105904895	-0.4867516310591674	-0.48675163105914676	-0.48675163105908387	-0.4867516310590709	-0.4867516310591629	-0.4867516310593829	-0.4867516310593719	-0.48675163105932145	-0.4867516310592897	-0.4867516310593342	-0.48675163105939817	-0.48675163105952485	-0.4867516310595467	-0.48675163105943514	-0.4867516310594202	-0.4867516310594224	-0.48675163105945246	-0.4867516310594688	-0.4867516310594612	-0.48675163105949115	-0.48675163105939806	-0.48675163105937186	-0.4867516310592957	-0.4867516310592996	-0.48675163105931685	-0.4867516310593267	-0.4867516310593851	-0.4867516310591205	-0.48675163105908525	-0.4867516310590958	-0.48675163106044816	-0.48675163106050107	-0.48675163106048236	-0.48675163106053215	-0.48675163106054165	-0.4867516310605963	-0.4867516310605468	-0.4867516310607616	-0.4867516310607633	-0.4867516310607293
14.0	-1.6439198232358154e-9	1.2174051793628324e-8	1.2174056248759007e-8	1.2174054638667914e-8	1.2177608410912392e-8	1.2177619309057849e-8	1.2177620848930003e-8	1.2177608692164951e-8	1.2177625966163513e-8	1.2177619964228743e-8	1.217765560926713e-8	3.679122380104052e-12	5.172990522466519e-12	1.0649055871552518e-11	1.064994066425034e-11	1.1631147980192375e-11	1.1641681593893235e-11	-2.7405284091770967e-7	-2.7405304679360643e-7	-0.00010719889981215869	-0.42401871085129855	-0.42401871085120757	-0.4240187108511701	-0.4240187108511617	-0.42401871085117676	-0.42401871085109505	-0.42401871085107234	-0.42401871085103565	-0.42401871085106246	-0.4240187108509958	-0.42401871085100973	-0.4240187108509933	-0.4240187108510032	-0.4240187108509126	-0.42401871085092807	-0.42401871085095416	-0.424018710851028	-0.42401871085104564	-0.4240187108510315	-0.42401871085096654	-0.42401871085091175	-0.42401871085095827	-0.4240187108509299	-0.42401871085090687	-0.4240187108508607	-0.4240187108508657	-0.424018710850807	-0.4240187108507675	-0.42401871085070164	-0.4240187108505106	-0.424018710850459	-0.42401871085051135	-0.4240187108504826	-0.424018710850476	-0.42401871085048515	-0.42401871085058823	-0.4240187108505659	-0.4240187108505161	-0.42401871085050574	-0.42401871085058446	-0.42401871085077686	-0.4240187108507661	-0.4240187108507225	-0.4240187108506952	-0.4240187108507334	-0.4240187108507885	-0.4240187108508992	-0.42401871085091947	-0.4240187108508215	-0.4240187108508089	-0.4240187108508084	-0.4240187108508361	-0.42401871085085086	-0.42401871085084253	-0.4240187108508722	-0.424018710850789	-0.4240187108507672	-0.42401871085069914	-0.4240187108507012	-0.42401871085071785	-0.4240187108507283	-0.42401871085077775	-0.42401871085054643	-0.4240187108505159	-0.4240187108505249	-0.424018710851704	-0.4240187108517503	-0.4240187108517339	-0.4240187108517772	-0.42401871085178516	-0.4240187108518321	-0.42401871085179027	-0.42401871085197756	-0.42401871085197873	-0.4240187108519503
15.0	5.1457242539317636e-15	3.255940925395509e-14	6.466023812654375e-14	7.197383941327176e-14	7.638052899955195e-14	6.328884896597844e-14	5.073714655757296e-14	1.6886871268138568e-13	2.078070227230152e-13	1.8995819302519023e-13	1.7932038328945505e-13	1.2150048070227008e-13	1.2218594349668668e-13	5.471447361779084e-14	5.0696724669326e-14	1.9830033832922374e-13	2.2650222689392414e-13	7.48413338575287e-12	7.360943562862076e-12	7.40911851343378e-12	7.520813776764429e-12	7.421833113624691e-12	7.2444411712757215e-12	7.239766028628232e-12	7.217308898651934e-12	7.252336599529918e-12	7.224384135913354e-12	7.151207296020756e-12	7.112393030272478e-12	7.177396377405201e-12	7.188098627692033e-12	7.134199221108592e-12	7.08294295908048e-12	7.119265356053729e-12	7.120327483571593e-12	7.157871671573536e-12	7.192064061223715e-12	7.17698864507739e-12	7.198410442804646e-12	7.1174198338534034e-12	7.068551973276069e-12	7.034632908094528e-12	6.85167564192152e-12	6.8141828969429234e-12	6.887016878347142e-12	6.991830989719317e-12	7.057908355116351e-12	7.167423394959502e-12	7.1975979320971074e-12	7.224695773398236e-12	7.317921543957329e-12	7.2434684647749155e-12	7.225814992144064e-12	7.232731775493844e-12	7.2044102437095545e-12	7.2501552753937525e-12	7.304236034506323e-12	7.392697661520243e-12	7.373214501570984e-12	7.332044104771544e-12	7.318827176759736e-12	7.430432788220775e-12	7.469752997718733e-12	7.342305353847746e-12	7.374838488095429e-12	7.337494281229713e-12	7.417854133639362e-12	7.432492449969761e-12	7.431484730039224e-12	7.457906267491249e-12	7.484391910509583e-12	7.577825354703392e-12	7.586149277567621e-12	7.532326277618256e-12	7.517149018045523e-12	7.498345917723545e-12	7.496320405824517e-12	7.424873757419133e-12	7.353663100085929e-12	7.324368823729476e-12	7.232066061883989e-12	7.306672627331696e-12	7.285390131817022e-12	7.224807238235375e-12	7.223852039762498e-12	7.163545152771757e-12	7.102648378316426e-12	7.084145613773299e-12	7.101137816387152e-12	7.043609572823065e-12	7.026764800875905e-12	7.087238404947609e-12	7.117341505703765e-12	7.1362916172620305e-12	7.231568916995107e-12
16.0	4.372587904772254e-15	3.2595997279610513e-14	6.497244074525251e-14	7.030423106332868e-14	7.628472624196561e-14	6.34526032850783e-14	5.072271154477015e-14	1.690999902836174e-13	2.084343851721318e-13	1.8915273030794263e-13	1.802965317376196e-13	1.5729091539746488e-13	1.585205411386951e-13	1.4751223720667498e-13	1.8657555379056927e-14	1.5267705982416872e-13	1.7461176502940599e-13	7.482201008836286e-12	7.360995606646295e-12	7.409102132869644e-12	7.52088809685826e-12	7.422667562555922e-12	7.244545467374767e-12	7.239596131390742e-12	7.2172267121983845e-12	7.251629203975726e-12	7.223388867636654e-12	7.152380368425269e-12	7.1121844902948816e-12	7.1790622387170274e-12	7.1876356992835745e-12	7.1324771770343464e-12	7.082224282149675e-12	7.119702843060647e-12	7.119729986228545e-12	7.1579497410643266e-12	7.193515424508826e-12	7.177172102375818e-12	7.198659198588431e-12	7.116119970522607e-12	7.067222458348762e-12	7.0346388334024325e-12	6.851547862874105e-12	6.814620043560831e-12	6.886650869237793e-12	6.991948254986345e-12	7.059983288606705e-12	7.167534621038098e-12	7.1974964986057e-12	7.224395562706752e-12	7.317754753673843e-12	7.243069204116773e-12	7.225641631833128e-12	7.234654617829036e-12	7.20588818277402e-12	7.2501480101752576e-12	7.304202538682811e-12	7.391953910692289e-12	7.376179515905316e-12	7.332036358581787e-12	7.319654543945597e-12	7.430636792170094e-12	7.469137010617744e-12	7.342684891510661e-12	7.374232900794362e-12	7.337774870608971e-12	7.418211673585264e-12	7.432374544033717e-12	7.431172314747e-12	7.45831994454215e-12	7.483961692497954e-12	7.579475237434041e-12	7.586610315232603e-12	7.531051081708216e-12	7.515671724306647e-12	7.497256626126016e-12	7.496226776992987e-12	7.424394384177729e-12	7.354049995841438e-12	7.322947002872666e-12	7.232108475101253e-12	7.306941127508103e-12	7.285431260621265e-12	7.222248527752771e-12	7.225893977627496e-12	7.163947052664797e-12	7.103055723133549e-12	7.083492864714318e-12	7.101374549504779e-12	7.0442372563629115e-12	7.027284961217291e-12	7.08482914676367e-12	7.115772313358303e-12	7.1377197749220934e-12	7.231426617984489e-12
17.0	3.1731688031217984e-14	1.062264690570455e-12	2.4501754838110884e-11	2.464246199690719e-11	2.506658741204238e-11	2.8959098260454126e-11	2.855974746746778e-11	4.876705906374088e-11	4.834645569205708e-11	4.5296547602970385e-11	4.08973472029752e-11	3.7455022438135154e-11	3.74550216309118e-11	3.4289980816655424e-11	3.429457727230177e-11	1.6662869377033976e-11	6.143651573187679e-14	7.72198000282744e-13	7.739815112884326e-13	5.950797827135299e-13	6.924269681114177e-13	7.207320340733561e-13	6.249346119059317e-13	-8.554336442576312e-10	-8.537078640198974e-10	-8.49937305359347e-10	-8.478831379441834e-10	-8.493681724705548e-10	-8.494846451413891e-10	-8.496713187841865e-10	-8.480105443507411e-10	-8.480278797833691e-10	-8.481316554262747e-10	0.011447316764007844	0.011447316419997395	0.01144731642002216	0.011447316416043494	0.011447316415725935	0.011447316415928178	0.011447316415970172	0.011447316414600785	0.01144731641482404	0.43430373875284006	0.43430373875284617	0.43430373875285544	0.43430373875285233	0.43430373875284883	0.43430373875288536	0.43430373875272205	0.43430373875275746	0.4343037387527515	0.43430373875274986	0.43430373875238876	0.434303738752686	0.4343037387526906	0.4343037387526932	0.43430373875270223	0.4343037387527049	0.43430373875260175	0.4343037387526066	0.4343037387526038	0.4343037387525732	0.4343037387525722	0.43430373875269296	0.4343037387526917	0.43430373875269646	0.43430373875268985	0.4331031935297579	0.4331031935297535	0.43310319352975435	0.433103193529758	0.43310319352976023	0.4331031935297544	0.43310319352976284	0.43310319352976623	0.43310319352975685	0.4331031935297608	0.43310319352976034	0.43310319352976745	0.43310319352976684	0.4331031935297683	0.4331031935297675	0.4331031935297653	0.4331031935297768	0.43310319352977716	0.43310319352978005	0.43310319352978116	0.4331031935297907	0.43310319352979804	0.43310319352979554	0.43310319352979276	0.4331031935298014	0.433103193529813	0.4331031935298041	0.43310319352981375
18.0	3.654868170383707e-14	1.2201123851404906e-12	2.8126395988143692e-11	2.8288539424727673e-11	2.877528702637292e-11	3.3243186602201474e-11	3.278527704537975e-11	5.598210760015568e-11	5.5499497418966524e-11	5.199807364446329e-11	4.694792322634266e-11	4.694013119257862e-11	4.694034007005467e-11	4.694010585821629e-11	4.6946602451092135e-11	4.6946459794730066e-11	2.7776093709358953e-14	8.866000154546804e-13	8.882389171408326e-13	6.828171896472904e-13	7.946999337593231e-13	8.272297380493508e-13	7.172527321329708e-13	-9.819937541096585e-10	-9.800127939705925e-10	-9.756840921520782e-10	-9.733265923323984e-10	-9.750309188492607e-10	-9.751649582238248e-10	-9.753789426408066e-10	-9.734718153399256e-10	-9.734918390292056e-10	-9.736113811929965e-10	0.013140929783391278	0.013140929388484688	0.013140929388513804	0.013140929383946263	0.013140929383582134	0.013140929383814334	0.013140929383862378	0.013140929382290459	0.013140929382546452	0.4985583131201268	0.4985583131201341	0.4985583131201409	0.4985583131201385	0.4985583131201331	0.49855831312017723	0.4985583131199903	0.49855831312003124	0.4985583131200243	0.49855831312002175	0.49855831311960963	0.49855831311995	0.4985583131199551	0.49855831311995646	0.49855831311996923	0.4985583131199709	0.4985583131198535	0.49855831311985815	0.49855831311985666	0.4985583131198213	0.49855831311981724	0.4985583131199556	0.4985583131199557	0.49855831311995524	0.49855831311995596	0.4971801490661758	0.49718014906617086	0.4971801490661704	0.49718014906618024	0.49718014906618085	0.49718014906617586	0.49718014906618063	0.4971801490661845	0.49718014906618024	0.4971801490661797	0.49718014906618024	0.4971801490661896	0.4971801490661872	0.4971801490661898	0.49718014906618824	0.497180149066188	0.4971801490661977	0.4971801490661983	0.4971801490662018	0.49718014906620533	0.49718014906621494	0.49718014906622326	0.4971801490662207	0.4971801490662219	0.49718014906622776	0.4971801490662345	0.49718014906623204	0.4971801490662418
19.0	3.474567851313015e-11	3.1607717733922075e-11	2.896627742499408e-11	2.89009929676472e-11	2.6591675885827963e-11	2.75018865879762e-11	2.5593971190854824e-11	3.408159931965081e-12	1.032157664367898e-11	1.1487422423356333e-10	1.0908626896294982e-10	1.0915229393106832e-10	1.0945649236531295e-10	1.0958093058147701e-10	1.09721676237014e-10	1.0949200527643133e-10	1.0946389215205225e-10	3.627264467322564e-14	3.04501599353465e-13	3.27341034766111e-13	3.269560788960224e-13	3.209136229110243e-13	3.0844715174521097e-13	4.6334846469719527e-7	4.633504509404751e-7	4.6334754382248753e-7	4.63354776776246e-7	4.633549443519007e-7	4.633546965027113e-7	4.633536502849401e-7	4.633549390918827e-7	4.633550142978658e-7	4.6335509455833964e-7	-0.4732562680771791	-0.47325626809892046	-0.4732562680988855	-0.47325626809960347	-0.47325626809957844	-0.47325626809950777	-0.4732562680994295	-0.4732562680994056	-0.47325626809935734	-0.36512815780646224	-0.3651281578060589	-0.3651281578059706	-0.3651281578058385	-0.3651281578052303	-0.36512815777613444	-0.3651281577503446	-0.36512815776176366	-0.36512815775855145	-0.36512815775612206	-0.3651281576696701	-0.36512815760625517	-0.36512815761162554	-0.3651281576118584	-0.3651281576103969	-0.3651281576089471	-0.3651281576340854	-0.3651281576333873	-0.36512815763174306	-0.36512815788265296	-0.36512815788206315	-0.36512815788449127	-0.3651281578841053	-0.3651281578841652	-0.36512815788449005	0.48885526602569285	0.48885526602568374	0.48885526602565055	0.48885526602560375	0.4888552660256296	0.4888552660256079	0.4888552660256462	0.48885526602565615	0.4888552660256656	0.48885526602558654	0.48885526602555507	0.488855266025333	0.48885526602531293	0.48885526602532736	0.48885526602530965	0.48885526602530993	0.48885526602533136	0.48885526602534024	0.488855266025342	0.4888552660253208	0.48885526602537466	0.4888552660253768	0.4888552660254022	0.48885526602534585	0.48885526602533136	0.4888552660253355	0.4888552660254261	0.48885526602549056
20.0	3.0267722215302356e-11	2.7533600513849758e-11	2.5233398057135546e-11	2.5176610267373155e-11	2.31640400122423e-11	2.3957523625421043e-11	2.2295433406133354e-11	2.9692365450516432e-12	8.991376712718796e-12	1.0006886257440856e-10	9.502679979013526e-11	9.508451321978841e-11	9.534999461084126e-11	9.545793322870701e-11	9.558049901981571e-11	9.538082880742092e-11	9.535639315697396e-11	7.984606926959426e-14	1.0903435078609006e-13	2.3909472695311746e-13	2.391608106238994e-13	2.558225444384625e-13	2.460380030264046e-13	4.036317622697882e-7	4.0363349258853695e-7	4.036309605846084e-7	4.036372604283964e-7	4.0363740705431757e-7	4.036371913194613e-7	4.0363627961822127e-7	4.036374022943343e-7	4.036374678285549e-7	4.0363753777244364e-7	-0.4122626405080382	-0.4122626405269757	-0.4122626405269458	-0.4122626405275721	-0.41226264052754913	-0.4122626405274877	-0.41226264052742034	-0.4122626405273996	-0.41226264052735684	-0.31807016328113086	-0.3180701632807807	-0.3180701632807024	-0.3180701632805876	-0.3180701632800581	-0.318070163254713	-0.318070163232246	-0.3180701632421942	-0.3180701632393955	-0.3180701632372792	-0.3180701631619679	-0.31807016310672453	-0.31807016311140474	-0.3180701631116086	-0.31807016311033537	-0.3180701631090722	-0.31807016313096986	-0.3180701631303626	-0.31807016312893044	-0.31807016334750443	-0.31807016334698907	-0.3180701633491038	-0.31807016334876737	-0.31807016334882	-0.31807016334910404	0.4258512277435783	0.42585122774357076	0.4258512277435411	0.4258512277435009	0.4258512277435221	0.42585122774350365	0.4258512277435378	0.42585122774354595	0.42585122774355394	0.42585122774348666	0.42585122774345713	0.4258512277432652	0.42585122774324824	0.42585122774325995	0.42585122774324313	0.4258512277432447	0.42585122774326384	0.4258512277432721	0.4258512277432728	0.4258512277432539	0.42585122774329925	0.42585122774330253	0.4258512277433236	0.42585122774327605	0.42585122774326073	0.4258512277432678	0.4258512277433461	0.42585122774340045
21.0	-2.1245205194734748e-15	1.3945448031312316e-13	1.3635457084084506e-13	1.5178862243719008e-13	9.662389054116676e-14	6.853155492360781e-14	7.457137703339036e-14	6.781374349973113e-14	6.249374674721152e-14	6.263810276217763e-14	7.886306700326879e-14	1.5475362584667254e-14	-1.3573246165595398e-15	9.91343966259502e-16	-6.390040346259034e-16	3.858018077814662e-15	3.4604320650352e-14	2.97438852908484e-14	2.7495620971113888e-14	1.2612801323232738e-14	1.1286836591769655e-14	4.199675678333314e-14	5.227380714800534e-14	5.4677726405050615e-14	3.163745659387721e-14	2.0200096009984026e-14	2.946288964996655e-15	1.1467030222301923e-15	-9.096968338241032e-16	2.1371419722559322e-15	2.9544940791139235e-15	-3.850397788279521e-16	1.3189853104750901e-15	-5.732557068738361e-14	-2.839520230333696e-14	-2.6939051547699958e-14	-2.456308403919244e-14	-2.7416812920358816e-14	4.37165390172618e-15	-9.58211027419842e-15	-1.3708382277332327e-14	-3.719258695823036e-15	-4.3292396315952445e-14	-8.608620063223785e-14	-1.3909978906238823e-13	-1.0495006779649243e-13	-1.0660727113695407e-13	-1.3187443158773004e-13	1.7376986854428393e-14	3.069696125792938e-15	1.7200744408558077e-15	-9.548637257824629e-16	-6.781046304995897e-15	-1.364512816828576e-13	-1.403172377496795e-13	-1.5912861394877035e-13	-4.431700822055098e-14	-8.575908976556209e-14	-7.145363405823292e-14	-9.110186604531008e-14	-6.790189133175351e-14	3.0494271597509275e-14	2.7113073951640955e-14	5.138634981085939e-14	1.2110668245211315e-13	3.96383265524902e-14	7.698490390912026e-14	1.8374105324506073e-13	1.987536587619217e-13	-4.492273896802383e-12	-4.430125204795426e-12	-4.450034246325944e-12	-4.489750193066614e-12	-4.66884713385737e-12	-4.637576883500328e-12	-4.647532478367281e-12	-4.55774123997686e-12	-4.4690407588697266e-12	-4.470748053125986e-12	-4.351552527935045e-12	-4.3960448874464585e-12	-4.247730431898602e-12	-4.31402131290667e-12	-4.2707166943832315e-12	-4.3512778508267484e-12	-4.366931401123322e-12	-4.224513750494499e-12	-4.1909856182067146e-12	-4.180195023192605e-12	-4.218488840438424e-12	-4.280549823991121e-12	-4.161104124827662e-12	-4.166635414453908e-12	-4.2053452224138866e-12	-4.311639106147042e-12
22.0	-1.9123287572571092e-15	1.3902837254158442e-13	1.3683324956992792e-13	1.5154696627299977e-13	9.681959173648078e-14	6.850564229742621e-14	7.496575660370941e-14	6.773429511435909e-14	6.259705041256348e-14	6.28890331432374e-14	7.89912711315787e-14	1.5740980474307316e-14	-3.9850466896780397e-16	1.0755347188009838e-15	-3.085424788295243e-16	4.059691228985029e-15	3.41977862657028e-14	3.950771011454692e-14	3.557332210135263e-14	3.3756621858407295e-14	4.548216435477623e-15	3.205805278809566e-14	4.0286300959882265e-14	5.275408279028892e-14	3.216075635641648e-14	2.0328567645966315e-14	2.4675022620416785e-15	7.50127566226736e-16	-3.4717065960029494e-16	2.263614288714619e-15	2.6265365342640844e-15	-1.527439242769787e-16	1.5562010998891413e-15	-5.741795102309135e-14	-3.014038784587263e-14	-2.803811243182825e-14	-2.383288754586054e-14	-2.7143276780123676e-14	4.73017205275369e-15	-9.29421111147974e-15	-1.4149975655907407e-14	-4.108459895518582e-15	-4.3182318197906285e-14	-8.610581524491857e-14	-1.3944092714596206e-13	-1.0553088242785632e-13	-1.064512568584054e-13	-1.3076604437556796e-13	1.7259730454367705e-14	2.302058820645857e-15	1.715466128171663e-15	-6.918235738660333e-16	-4.389602143327392e-15	-1.36437895132884e-13	-1.4116186716876562e-13	-1.5993576865896576e-13	-4.4455024915753436e-14	-8.608202604763418e-14	-7.093084228008858e-14	-9.107932855515814e-14	-6.835590092589689e-14	3.120934317607696e-14	2.729804517216874e-14	5.171675885954141e-14	1.2213608302672116e-13	3.9629583566763715e-14	7.682466700112727e-14	1.850363338602937e-13	1.976311960470837e-13	-4.492010388323367e-12	-4.429208997116557e-12	-4.452897305328971e-12	-4.489629532807199e-12	-4.670046404448827e-12	-4.636579202354576e-12	-4.647460856081476e-12	-4.556963975095365e-12	-4.469027257634806e-12	-4.469157316400917e-12	-4.351787905976218e-12	-4.395979294440258e-12	-4.24887686592216e-12	-4.31355233756881e-12	-4.269880787262256e-12	-4.351064528992049e-12	-4.367281916615106e-12	-4.2240997587798776e-12	-4.190585097687881e-12	-4.180173404412842e-12	-4.219955334659212e-12	-4.2807012834660494e-12	-4.160485985138969e-12	-4.166718996629489e-12	-4.203937751778129e-12	-4.310445621460544e-12
23.0	-3.4467992129479957e-15	-2.999534586914396e-15	1.7580677320397107e-15	2.5453483301547044e-15	2.6172851275031808e-16	-2.7201126268220773e-15	-2.9994261438158336e-15	5.3895127108947684e-15	5.1851764246630596e-15	7.96400499305112e-15	-8.898372738689208e-13	-7.063755127341959e-13	-6.737176258231761e-12	-9.47120794922226e-12	-1.0105145367573186e-11	-8.875629179854867e-12	-8.01970604485294e-12	-7.345528381558463e-12	-7.345277277792543e-12	-6.725149801465852e-12	-6.722217696850286e-12	-3.2666643130931275e-12	-4.841168019181866e-14	-5.490254676077646e-13	-6.605719546548464e-13	-5.501883470232676e-13	-5.490822327683697e-13	-5.342500476646315e-13	-4.807957646828689e-13	3.1603496904931145e-10	3.161168998380344e-10	0.000375536224644594	0.00037553622458134386	0.00037553622458250075	0.0003755362243963567	0.0003755362238906399	-0.34856730030872446	-0.3485673003133998	-0.3485673003135958	-0.42738331647881656	-0.4273833164788199	-0.42738331647882	-0.4273833164788194	-0.42738331647882	-0.4273833164788197	-0.4273833164788164	-0.4273833164788306	-0.42738331647883265	-0.42738331647883426	-0.42738331647883376	-0.42738331647883715	-0.42738331647883965	-0.4273833164788424	-0.4273833164788285	-0.4273833164788342	-0.4273833164787814	-0.4273833164787727	-0.42738331647874483	-0.42738331647879896	-0.42738331647882777	-0.42738331647883926	-0.42738331647795336	-0.4273833164779167	-0.42738331647792904	-0.4283151230034161	-0.42831512300335584	-0.42831512300327296	-0.4283151230032773	-0.42831512300327085	-0.4283151230070967	-0.42831512300719643	-0.4283151230071173	-0.42831512300714614	-0.4283151230069555	-0.4283151230070812	-0.4283151230071969	-0.4283151230096057	-0.4335756455766257	-0.43357564557663447	-0.4335756455766376	-0.43357564557663664	-0.433575645576639	-0.43357564557663336	-0.4335756455766378	-0.4335756455766347	-0.4335756455766308	-0.4335756455766352	-0.43357564557662764	-0.433575645576627	-0.43357564557663125	-0.4335756455766367	-0.4335756455766399	-0.4335756455766405	-0.43357564557663975	-0.43357564557664385
24.0	-4.121347124952359e-15	-2.731977374395227e-15	1.834074156086537e-15	3.1788472217823276e-15	4.504429949068844e-16	-2.760046786814731e-15	-3.1789184524044104e-15	5.8612633609698196e-15	5.964820241871486e-15	8.547548173964432e-15	-1.0220712619273447e-12	-8.111290293853028e-13	-7.734334581764742e-12	-1.0872635781076833e-11	-1.1600278776368237e-11	-1.0188796781407243e-11	-9.206081007816598e-12	-9.205670147758358e-12	-9.205601765720329e-12	-9.206259694166812e-12	-9.202097569867733e-12	-9.203581911939807e-12	-2.184139349529368e-14	-6.290809144959496e-13	-7.582567361199864e-13	-6.316618670729902e-13	-6.290292323063532e-13	-6.140075950666513e-13	-5.518340935007937e-13	3.627913630132117e-10	3.6288621677024677e-10	0.0004310962351181668	0.00043109623504594083	0.00043109623504717563	0.00043109623483339736	0.0004310962342532436	-0.4001372996460715	-0.40013729965143774	-0.40013729965166134	-0.4906140249476948	-0.4906140249477002	-0.4906140249476994	-0.4906140249476975	-0.49061402494769857	-0.4906140249476982	-0.490614024947695	-0.4906140249477101	-0.4906140249477139	-0.4906140249477154	-0.49061402494771644	-0.49061402494772	-0.4906140249477228	-0.49061402494772655	-0.4906140249477118	-0.4906140249477157	-0.4906140249476556	-0.4906140249476459	-0.49061402494761136	-0.4906140249476744	-0.4906140249477088	-0.49061402494772083	-0.49061402494670553	-0.4906140249466626	-0.4906140249466771	-0.49168369082345514	-0.491683690823388	-0.4916836908232885	-0.49168369082329344	-0.49168369082328844	-0.49168369082768204	-0.49168369082779606	-0.4916836908277042	-0.49168369082773444	-0.4916836908275213	-0.4916836908276616	-0.49168369082779534	-0.4916836908305607	-0.49772249967129983	-0.4977224996713019	-0.4977224996713038	-0.49772249967130366	-0.49772249967130633	-0.497722499671302	-0.49772249967130305	-0.4977224996713025	-0.4977224996713028	-0.4977224996713032	-0.49772249967129556	-0.4977224996712958	-0.4977224996713047	-0.4977224996713037	-0.49772249967131166	-0.49772249967130816	-0.4977224996713085	-0.49772249967131477
25.0	-3.573842241556529e-13	-3.6062822185372477e-13	-3.644243997308892e-13	-3.6698493794434673e-13	-4.019032114620732e-13	-3.487720215417619e-13	-3.4969599788059573e-13	-3.3995081821880636e-13	-3.3314547867311824e-13	-3.296844949003402e-13	5.8171574852136946e-12	6.5948315091705126e-12	8.844481050587268e-12	8.305851654337426e-12	8.254002784194286e-12	5.656339714967164e-12	1.0893560631882146e-11	8.87185383228201e-12	8.275653152698332e-12	8.090089202270014e-12	7.911944536779985e-12	8.034408148627614e-12	8.024138829018218e-12	5.4545459087520484e-14	4.756526443560769e-13	4.56914041661738e-13	4.585445197061243e-13	4.571113276178854e-13	4.655063374952452e-13	-1.5190563794489838e-7	-1.5190543451899593e-7	0.00011741967854007848	0.0001174196787026104	0.0001174196787295186	0.00011741967853839928	0.00011741967877947715	-0.1879375173032928	-0.18793751732580305	-0.1879375173262338	-0.39653483929803107	-0.3965348392980852	-0.3965348392978112	-0.39653483929780686	-0.3965348392978439	-0.3965348392978451	-0.3965348392978578	-0.39653483929776817	-0.39653483929780736	-0.3965348392977896	-0.3965348392977904	-0.3965348392975146	-0.396534839297567	-0.39653483929756167	-0.3965348392975854	-0.3965348392976198	-0.39653483929454497	-0.39653483929448924	-0.39653483929418576	-0.39653483929496536	-0.3965348392950634	-0.3965348392950917	-0.3965348392892688	-0.3965348392934096	-0.3965348392929979	-0.33316055223366214	-0.33316055223233737	-0.33316055223049323	-0.3331605522299597	-0.3331605522298286	-0.33316055230288766	-0.3331605522992554	-0.33316055227811336	-0.3331605523027118	-0.33316055229643937	-0.3331605522982218	-0.33316055230245306	-0.33316055224401653	-0.49829284309440736	-0.49829284309440464	-0.4982928430944114	-0.4982928430944173	-0.4982928430944204	-0.49829284309442035	-0.4982928430944211	-0.4982928430944203	-0.49829284309442623	-0.4982928430944252	-0.49829284309441746	-0.4982928430944161	-0.49829284309441657	-0.49829284309441685	-0.4982928430944296	-0.498292843094429	-0.49829284309442673	-0.49829284309443284
26.0	-3.114827014895533e-13	-3.1428626074233953e-13	-3.173533250393563e-13	-3.201566911620559e-13	-3.504842613573313e-13	-3.040972489397398e-13	-3.04684138937775e-13	-2.968104688414438e-13	-2.909715125841814e-13	-2.8761051458643806e-13	5.0678181463239615e-12	5.74506676841066e-12	7.705135744918172e-12	7.2353028947267076e-12	7.1907303552790325e-12	4.927860354974692e-12	9.489586093349102e-12	7.728738144605077e-12	7.209032212320173e-12	7.047564323897734e-12	6.893032039638154e-12	6.998813982499933e-12	6.990029969002891e-12	1.200844948655913e-13	1.689244031908142e-13	3.3385774049144725e-13	3.350359352450117e-13	3.6472247500347e-13	3.7178797478898545e-13	-1.3232792396596085e-7	-1.3232774639527062e-7	0.0001022865411154687	0.00010228654125639725	0.0001022865412800304	0.00010228654111310948	0.00010228654132331605	-0.16371598721508063	-0.16371598723469005	-0.16371598723506536	-0.34542912778870033	-0.34542912778874874	-0.34542912778851154	-0.3454291277885055	-0.3454291277885381	-0.3454291277885398	-0.3454291277885516	-0.3454291277884739	-0.3454291277885073	-0.34542912778849216	-0.3454291277884923	-0.345429127788251	-0.345429127788298	-0.3454291277882929	-0.3454291277883129	-0.34542912778834306	-0.34542912778566515	-0.3454291277856156	-0.34542912778535245	-0.34542912778603224	-0.3454291277861167	-0.34542912778614154	-0.3454291277810686	-0.34542912778467677	-0.34542912778431606	-0.2902225670142977	-0.29022256701314314	-0.290222567011537	-0.2902225670110715	-0.29022256701095744	-0.29022256707460026	-0.29022256707143684	-0.290222567053019	-0.2902225670744472	-0.2902225670689833	-0.2902225670705361	-0.29022256707422217	-0.2902225670233175	-0.43407248270583026	-0.4340724827058284	-0.434072482705833	-0.4340724827058391	-0.4340724827058421	-0.43407248270584187	-0.43407248270584103	-0.43407248270584137	-0.4340724827058471	-0.4340724827058456	-0.43407248270584026	-0.4340724827058386	-0.43407248270583826	-0.434072482705838	-0.4340724827058499	-0.43407248270584925	-0.4340724827058466	-0.43407248270585186
27.0	5.684060012517905e-15	1.482798676373318e-14	6.830807484165965e-15	3.1025012626338037e-14	3.5999861971109084e-14	3.834200858947971e-14	4.881299250110266e-14	6.10899748970913e-14	3.6362039343434156e-14	3.245780189514019e-14	2.4888444389603445e-14	-1.8156309375235685e-15	5.145961683646912e-15	7.22506500985781e-17	-5.620935086884399e-15	-2.3840652838894268e-15	-2.1015048312218634e-15	-3.468395522392293e-16	-2.984287909990071e-14	-4.128984010859436e-14	-4.692957441784562e-14	-5.619171454209312e-14	-5.3706935516252206e-14	-2.927864612529089e-14	-3.009420221769137e-14	-1.420716016523632e-14	6.5738087791430324e-15	2.7364003273870183e-14	2.5549632226213197e-14	2.5026318221232736e-14	2.5711531537267673e-14	-9.590737946507913e-15	-1.2216322166856611e-15	2.5228906348570605e-15	-2.3104949031143195e-16	-6.066555573540771e-15	-1.982951868952469e-14	-1.58910022296604e-14	3.519574220231084e-14	1.4617998996343596e-15	8.485990129318451e-17	2.2892178847947827e-14	6.74882283003064e-17	5.4339866751579524e-15	8.845216614904611e-15	4.5228134750117304e-14	4.6292725789815395e-14	9.220191540978294e-14	1.0596526152579987e-13	1.1371106039903345e-13	1.3872604962692263e-13	1.427504477921168e-13	1.7478591835512473e-13	1.7320277042038575e-13	2.0160289387719177e-13	5.114858136491136e-12	5.261756044363117e-12	5.267777808760896e-12	5.3725821942546985e-12	5.516823163978331e-12	5.529820349072962e-12	5.428686581602034e-12	5.460382208305631e-12	5.524851186949129e-12	5.478944228622455e-12	5.5245574706084034e-12	5.594316122642145e-12	5.457163743223748e-12	5.570208248740093e-12	5.570230316727315e-12	5.550358505551175e-12	5.6493875301748724e-12	5.565558201574798e-12	5.53402483859279e-12	5.4322790852590524e-12	5.364333275904435e-12	5.247231530984234e-12	5.113504888267198e-12	5.100244712880006e-12	5.0285263044507584e-12	5.032992524246287e-12	5.1293434650288e-12	5.194090703111118e-12	5.183339152259416e-12	5.105169441057143e-12	5.195994407681506e-12	5.138120935875503e-12	5.100186225432767e-12	5.2048996508665985e-12	5.143414772423893e-12	5.023548699639909e-12	4.874388818014743e-12	4.919739950353416e-12	4.865421118723307e-12	4.873228384179776e-12
28.0	5.778313587740655e-15	1.386644634640639e-14	6.7987189950603995e-15	3.0686694249150227e-14	3.61535324405607e-14	3.8269191949357545e-14	4.848617630170293e-14	6.117074523478768e-14	3.632554947528586e-14	3.197365971246887e-14	2.482784693580491e-14	-6.456987082583342e-16	5.608209870945065e-15	-1.26394199427484e-16	-4.91005328810229e-15	-2.5892497375265977e-15	-1.941378784489158e-15	-4.417534304610746e-16	-3.0200492553939756e-14	-4.179668503859147e-14	-4.7640885311457e-14	-5.596835576353704e-14	-5.317974037443496e-14	-3.7233950362688184e-14	-3.9135059542994384e-14	-3.8304816479601836e-14	2.4641896017147962e-15	2.1194542512702616e-14	1.96354218793912e-14	2.5678612057934855e-14	2.5654920875268858e-14	-9.193000190601162e-15	-1.0947396375691348e-15	2.5610371707366793e-15	-1.056594998142618e-16	-5.6297327245687806e-15	-1.9982335586827414e-14	-1.534753904113259e-14	3.4690460251823284e-14	2.1884501916588706e-15	1.6479413745749268e-16	2.1949777607523192e-14	4.315304081737348e-17	5.6484624697397215e-15	8.704595324848582e-15	4.519356580250091e-14	4.626663649499124e-14	9.226160330065158e-14	1.0528454904391694e-13	1.1369701611411845e-13	1.386938065082415e-13	1.4297672202124748e-13	1.749487104198237e-13	1.7323252022819977e-13	2.0182650376000858e-13	5.1133656726555036e-12	5.260934217883605e-12	5.26783266569671e-12	5.371803649851787e-12	5.5168093913502594e-12	5.531799024746605e-12	5.426680440131964e-12	5.4599238979811505e-12	5.5245982384819865e-12	5.479011655081644e-12	5.524604819045376e-12	5.593449435492585e-12	5.457015696959507e-12	5.5677684614735995e-12	5.570404056060098e-12	5.550220535747305e-12	5.649542090603383e-12	5.5658046098715256e-12	5.534041164675437e-12	5.4351689817817355e-12	5.364858663924008e-12	5.247637233834984e-12	5.112492580242431e-12	5.0983540418201994e-12	5.028658221395307e-12	5.033042778847239e-12	5.1280678803851465e-12	5.195259211172181e-12	5.182397577081656e-12	5.105187100276803e-12	5.1955626751222956e-12	5.137310447386674e-12	5.100590572357285e-12	5.204920142786306e-12	5.1434889289199586e-12	5.024469935495594e-12	4.8733323194757295e-12	4.918974233599292e-12	4.866878598943595e-12	4.873202709025937e-12
29.0	1.3917987294183135e-16	-2.0957256683127384e-16	-1.1952501228688751e-15	-7.0846548152696354e-15	-8.196744150537943e-15	-6.299067302236861e-15	-7.871809077887407e-15	-4.110956588748545e-15	-3.649525444927762e-15	-1.214352727648822e-15	-8.306916056005001e-16	-8.262104724605151e-16	4.789672367217923e-15	1.6275800825991526e-15	1.6527420153821865e-15	-1.4474236349913514e-15	-3.265636861902765e-15	-1.5527173105979802e-15	-2.3925853233359616e-14	-2.251153915913729e-14	-4.756074364687184e-9	-4.756150410161956e-9	-4.756185078471177e-9	-4.356622260582613e-9	-4.356621823215272e-9	-3.988439976878445e-9	-3.9884462998106235e-9	-1.9378862804703868e-9	-6.825564914479626e-13	-7.799611328476628e-12	-7.7641229031391e-12	-7.682426771248536e-12	-8.324396789872418e-12	-8.24698583181731e-12	-8.185497370801101e-12	5.018880307967498e-9	5.020043592675691e-9	5.0199133253454915e-9	5.019691859300101e-9	5.02194845746048e-9	5.0221802828860995e-9	7.4484387375934364e-9	-1.2816545815202907e-6	-0.4344653387426518	-0.43446533874265436	-0.43446533874265425	-0.43446533874265	-0.43446533874265425	-0.4344653387426514	-0.434465338742654	-0.43446533874264875	-0.4344653387426521	-0.434465338742654	-0.4344653387426509	-0.4344653387426515	-0.4344653387426509	-0.43446533874265325	-0.43446533874265314	-0.4344653387426522	-0.4344653387426544	-0.43446533874265353	-0.43446533874265675	-0.4344653387426565	-0.4344653387426515	-0.43446533874265336	-0.43446533874265514	-0.43446533874265514	-0.43446533874265675	-0.4344653387426586	-0.4344653387426542	-0.434465338742657	-0.4344653387426553	-0.4344653387426547	-0.4344653387426561	-0.43446533874265325	-0.4344653387426542	-0.43446533874265747	-0.43446533874265536	-0.43446533874265647	-0.434465338742657	-0.43446533874265936	-0.4344653387426573	-0.4344653387426575	-0.43446533874265775	-0.4344653387426582	-0.43446533874266025	-0.4344653387426595	-0.43446533874266124	-0.43446533874265847	-0.4344653387426611	-0.43446533874266213	-0.43446533874266047	-0.43446533874266374	-0.4344653387426638	-0.43446533874266546
30.0	-1.1278161495579296e-17	-4.468464204611138e-16	-1.1393196238387778e-15	-7.858589696104042e-15	-8.794700622321536e-15	-7.247190858344872e-15	-8.764823189985571e-15	-4.779943143123996e-15	-4.003288970172144e-15	-1.3844208512901475e-15	-5.849098310916798e-16	-6.798555017173385e-16	5.493524008898865e-15	1.6975199788767432e-15	2.0673349589246373e-15	-2.2870476690344425e-15	-3.939058803770757e-15	-2.1086106904277106e-15	-2.7671694239123776e-14	-2.586731561020059e-14	-5.459727893317372e-9	-5.459815326820734e-9	-5.4598557936848575e-9	-5.45985339284891e-9	-5.459852406113294e-9	-5.459851085123236e-9	-5.459859968176166e-9	-5.4598601503860235e-9	-3.1324423033435226e-13	-8.954276833341044e-12	-8.912373427561217e-12	-8.819160698604538e-12	-9.556050267391673e-12	-9.46709371983685e-12	-9.396145094547554e-12	5.761415793502051e-9	5.762750564441621e-9	5.762601776657535e-9	5.762347591330602e-9	5.7649375843297885e-9	5.765203604218364e-9	8.550423938286627e-9	-1.471273417938756e-6	-0.49874382158144465	-0.4987438215814462	-0.49874382158144354	-0.49874382158144276	-0.49874382158144565	-0.4987438215814442	-0.4987438215814445	-0.49874382158144404	-0.49874382158144337	-0.498743821581446	-0.49874382158144304	-0.4987438215814439	-0.498743821581444	-0.49874382158144576	-0.49874382158144454	-0.49874382158144476	-0.49874382158144687	-0.4987438215814453	-0.4987438215814453	-0.4987438215814459	-0.49874382158144553	-0.4987438215814455	-0.49874382158144576	-0.4987438215814446	-0.4987438215814488	-0.4987438215814491	-0.4987438215814482	-0.4987438215814478	-0.4987438215814474	-0.49874382158144653	-0.49874382158144775	-0.4987438215814473	-0.4987438215814464	-0.49874382158144753	-0.4987438215814484	-0.4987438215814501	-0.4987438215814506	-0.4987438215814505	-0.49874382158145186	-0.49874382158145025	-0.4987438215814511	-0.4987438215814511	-0.4987438215814534	-0.4987438215814532	-0.49874382158145275	-0.4987438215814521	-0.49874382158145253	-0.49874382158145436	-0.49874382158145375	-0.4987438215814551	-0.4987438215814545	-0.4987438215814545
31.0	-3.0640005785401887e-18	2.554052692056368e-16	2.4538471026012925e-14	2.2063059374683025e-13	2.1410919289415016e-13	2.1368802829160502e-13	4.144158070016119e-14	3.8779165533724285e-14	3.9410343774386463e-14	3.8217904163754586e-14	3.780702541194791e-14	3.0699449958612554e-14	-1.0866676388280799e-15	1.2787182935707416e-18	6.369055439451018e-16	1.4016715390646578e-15	8.314727005974186e-16	1.7290854644273271e-15	-6.712642159632991e-15	-4.758392360200392e-15	7.309519086806539e-10	7.31093975990267e-10	7.309443539028933e-10	7.310431135852496e-10	7.310293619608322e-10	7.309919280598036e-10	7.308966217260677e-10	7.308988451713691e-10	7.309284840489408e-10	1.1207019583464904e-13	9.600676465732297e-13	9.579916953091014e-13	9.583315329684682e-13	9.635195029498279e-13	9.387962490773788e-13	1.908011498286146e-6	1.9080121720865552e-6	1.9080122530839677e-6	1.9080124665688918e-6	1.908021318065364e-6	1.908022226095707e-6	0.5000000000000001	0.4999999999999999	0.5000000000000003	0.500000000000002	0.49999999999999895	0.49999999999999867	0.5000000000000014	0.4999999999999999	0.4999999999999999	0.49999999999999944	0.49999999999999895	0.5000000000000017	0.49999999999999867	0.4999999999999998	0.4999999999999993	0.5000000000000001	0.4999999999999996	0.4999999999999993	0.5000000000000012	0.4999999999999998	0.4999999999999998	0.4999999999999999	0.4999999999999998	0.5000000000000001	0.5000000000000009	0.4999999999999985	0.5000000000000012	0.5000000000000017	0.5000000000000009	0.4999999999999999	0.4999999999999991	0.49999999999999883	0.4999999999999999	0.4999999999999991	0.4999999999999985	0.49999999999999895	0.4999999999999998	0.5000000000000001	0.4999999999999999	0.4999999999999993	0.500000000000001	0.4999999999999991	0.49999999999999944	0.4999999999999993	0.500000000000001	0.5000000000000009	0.5000000000000014	0.5000000000000008	0.4999999999999998	0.5000000000000003	0.5000000000000001	0.5000000000000014	0.5000000000000001	0.4999999999999999
32.0	-1.023707979035224e-16	1.2532596649188407e-16	2.1288530218725617e-14	1.9200670178251355e-13	1.8613932495683118e-13	1.8665637959158882e-13	3.654714797617958e-14	3.381060581841421e-14	3.4253446423087684e-14	3.342619824158917e-14	3.3258807952040875e-14	2.666095982116974e-14	-9.925788729705053e-16	-1.154555493764514e-17	5.009068033944398e-16	1.114909245793767e-15	6.809248246873578e-16	1.7242882311592617e-15	-5.904175898272306e-15	-4.138076364215121e-15	6.367463913550377e-10	6.368704722436158e-10	6.367396054673286e-10	6.36825845582603e-10	6.368145213362074e-10	6.367810587007797e-10	6.366974346021178e-10	6.36700351449468e-10	6.367258940468984e-10	2.458429085810115e-13	3.409242853399545e-13	6.998968332282908e-13	7.002196508271168e-13	7.687714009275003e-13	7.492112058237607e-13	1.6621055263296204e-6	1.662106112953937e-6	1.6621061833434954e-6	1.6621063694572674e-6	1.662114080183143e-6	1.6621148714306792e-6	0.34534708504396305	0.33092167768144737	0.33894030104574846	0.32020985439349736	0.32346985640499093	0.3163793944658319	0.332695990216584	0.3285421514942781	0.331204899129537	0.32259397980878485	0.32397590341049276	0.31763782093229465	0.3287268419242701	0.3267183122408388	0.327693969268808	0.3233965418826663	0.3240344976979794	0.31895162012135964	0.32553233450878244	0.3248518178666212	0.32527765285539684	0.3232405725165522	0.32371855263062477	0.3204564426816984	0.3249120213934527	0.3242476072363078	0.32452390484109495	0.32315633689958617	0.3234922104756302	0.32169850699910824	0.3244907665368224	0.32397332168554693	0.32415596420545983	0.32312612396624785	0.32330993408914643	0.3223875527760708	0.3238794933576925	0.32356849385789493	0.3236673139130071	0.323002599601934	0.3231651320620403	0.32246062584009727	0.3229758310629828	0.32346708832493726	0.32353903378490306	0.3230081176259334	0.3230926859484807	0.32270339040170654	0.3235765730313628	0.3233534077069502	0.3234051472312805	0.3229852338722976	0.32304149718167174	0.32284484154649595
33.0	1.5498468028632609e-15	-3.018606621638269e-15	-5.245109880558102e-15	-1.3826771506828536e-14	2.359564236554183e-14	5.408096059703793e-15	-2.3414915758545042e-15	-6.461012738796746e-16	-3.7403026648782424e-16	6.2674367640554934e-18	-4.330056062978329e-15	-1.3020258147055272e-15	4.821418675499857e-16	-5.037393477988584e-14	-9.438711541284158e-14	-8.393710158363806e-14	-8.586361113595215e-14	-8.330478420666783e-14	-6.80936000265625e-14	-4.670519539991519e-14	-5.738557511765896e-14	-5.86802793738017e-14	-6.271551826934995e-14	-1.3675915338680752e-13	-8.277271550325303e-14	-7.578978427649635e-14	4.5146134259602145e-15	3.029097823089646e-15	9.613591251704638e-16	-2.0560153345103192e-15	-8.427960089870398e-16	-3.1136370882217167e-16	3.488134844245005e-14	1.379671278724301e-13	1.621806740567797e-13	5.908758931610451e-12	5.838759661529588e-12	5.735203386902666e-12	5.717524603857218e-12	5.715415447005306e-12	5.642528598709063e-12	0.0003587078467761316	1.8133136531897645e-5	-6.097153206660431e-7	-9.8654316545628e-8	6.24673195774108e-8	1.710971446573882e-12	1.2652970284071145e-10	-1.267180423537859e-9	2.05211387120155e-11	7.287433957198094e-10	6.576335288978691e-11	-1.7109500174356121e-12	1.5220491594326745e-10	2.0225107154204606e-12	3.847093618166711e-14	-1.9670843489702804e-9	-3.584575340758581e-10	-7.060038692374932e-13	1.7870488229699435e-7	1.5930470683020196e-8	1.04555752561746e-8	3.4522777902366153e-9	4.375157190989608e-10	1.0436857807345956e-12	-2.1002716055441263e-9	-1.079399036171203e-8	-5.047235071296645e-9	5.802150110431712e-10	1.8762010349677854e-9	5.809186529553469e-12	-2.7437954953858767e-11	-1.4766650067978443e-10	1.8860696400953983e-9	-8.566030749095506e-10	-1.1518485035463775e-9	-5.281729862407221e-12	3.6700396630136377e-11	1.2463581743366746e-9	-5.455181133175657e-9	-2.3992920655391546e-9	6.719335630029178e-9	6.6843069753259906e-9	-2.677867159493746e-7	2.912911402995011e-7	8.155051262671542e-8	8.815970812955187e-7	4.050095307674879e-7	3.2261498348988854e-10	8.916551732930972e-7	6.822136392950816e-10	3.3335516389966264e-9	-2.047462222768511e-11	1.2248195910906771e-8	-1.2725052988450904e-9
34.0	1.492831288649367e-15	-3.038014282688569e-15	-4.67826561415783e-15	-1.3328282047947733e-14	2.3513810572169187e-14	5.015332043368914e-15	-1.7472784927334765e-15	-8.051288229693115e-16	-4.749375811543249e-18	-1.2578214490661615e-16	-4.822426357849992e-15	-1.5833779143566278e-15	7.342788055066483e-16	-4.955998600698924e-14	-9.389245036728437e-14	-8.408936967901674e-14	-8.579921894145369e-14	-8.345054749427478e-14	-6.814503574772489e-14	-4.678278947162966e-14	-5.771575744276798e-14	-5.842363799903526e-14	-6.349515861233226e-14	-1.3653660820910483e-13	-8.279320359639971e-14	-7.592858548552448e-14	3.5298580700262084e-15	3.752922391122903e-15	6.999279785912396e-16	-3.4894139392256913e-15	-1.0236935802003263e-15	-7.980553484719848e-16	1.2694116558441027e-14	1.0613889232433131e-13	1.2493946602749765e-13	5.90856227783356e-12	5.8406203530213325e-12	5.734419009864e-12	5.7168422544409285e-12	5.715247402066389e-12	5.642885242907521e-12	0.0002926813783861047	1.5117424707581804e-5	-5.308468400528436e-7	-8.599905928100305e-8	4.6879758973124994e-8	5.114698334236656e-12	5.564741747541658e-11	-1.1344152192687859e-9	1.3541462310492452e-11	5.359955430990968e-10	-4.468779550905377e-9	-9.331325695935097e-13	1.0879805738719653e-10	-3.3886688862077327e-12	3.563544864343572e-14	-1.1255498167653077e-9	-5.209664921013239e-10	-5.387191874829662e-13	2.516376367200436e-7	-1.8539117150677512e-8	6.972852484241357e-9	1.6197040540493547e-9	-1.1694540652347103e-10	6.482822483723167e-13	-1.5851988771618073e-9	-2.7733508753948573e-8	-1.2458501429862187e-8	1.0998657692224376e-9	4.279732453231901e-9	4.652594628151713e-12	-2.508466522213197e-11	-3.3093676456119863e-10	1.2079959696584367e-9	-5.088384947735683e-10	-8.044286913013153e-10	-3.3581301805666194e-12	2.9407976527795967e-11	2.287549262416829e-9	-4.987340737782256e-9	-1.0395147706008214e-9	7.62388732719743e-9	3.6326899057917645e-9	2.673967975168304e-8	-1.860167392475367e-7	1.0458577602014512e-7	5.822935550844018e-7	5.373197935247191e-7	2.995453888642034e-10	9.702015330433893e-7	3.9572111107286896e-10	5.736455302483239e-9	3.685548516812059e-11	7.794922294092646e-9	-4.5604264649205774e-10
35.0	-6.547319310972187e-17	8.400748537475333e-17	3.5206158799142707e-16	-1.2909839476645205e-13	3.2396584603715354e-13	3.198651490757372e-13	2.5220474276783575e-13	2.508273109398091e-13	2.4987221370392946e-13	7.532753647310051e-13	7.559124833851225e-13	6.527792794013662e-13	6.519923162141567e-13	6.553650419363127e-13	6.5106230929155e-13	6.631915341560419e-13	6.62324799412495e-13	6.039713457602796e-13	6.066322110807677e-13	6.03991871788379e-13	-1.9834730268292626e-12	-3.930556524104502e-12	-4.1456623548360194e-12	-3.4847504295912485e-12	-1.0823710949056274e-10	-1.0919098284535811e-10	-1.1156846691468136e-10	-1.1173878823736584e-10	-1.1104612787690942e-10	-1.0171778951011782e-10	-1.0171742289852936e-10	-9.312054255334277e-11	-9.311289815425742e-11	-4.524118045362711e-11	-1.286293997876474e-13	-9.111495602583746e-13	-8.965956519809639e-13	1.8324583776045098e-7	1.8324545780412555e-7	1.8324548330478882e-7	1.8324603871178492e-7	-3.099223536953236e-6	2.385614658185945e-6	8.319413565100395e-7	1.7577092947231573e-6	-8.821562983913702e-7	-4.3608338984684785e-9	-1.89393956184425e-9	-2.916577093456789e-7	-9.99616710025702e-8	6.018551460559798e-8	1.7326424616507756e-7	1.968516418642407e-10	-1.16707785115536e-8	6.33865438924951e-8	2.1852513712891748e-8	2.045310796299398e-8	-1.544962110420133e-9	-2.838220525992234e-10	1.30531300273799e-8	1.335684904116545e-7	-7.398998429778395e-8	-3.698349691760831e-8	2.3775252388674253e-7	2.244070446376178e-10	1.2395154533423991e-12	-2.852277544985279e-10	-4.474152781184976e-9	-8.133551161900359e-8	-1.6420366959158326e-8	3.987337880375687e-12	2.48822631608245e-12	3.1012019141276325e-10	1.0389082299166155e-9	1.942908314279252e-11	-1.0922573892904879e-10	-5.1655535518287796e-12	1.809342697481154e-11	3.5664111908941114e-10	3.860321501437793e-10	-9.028726728595146e-11	1.1384354699918797e-10	2.546472909073137e-11	6.531055203517415e-11	8.472528017609772e-8	2.8462678899655635e-8	-1.7482413648680898e-10	1.760615597454989e-10	-5.233306257847833e-12	-4.954765980729225e-10	1.9954309053339868e-12	-4.628161184768302e-11	7.426276851317447e-13	-1.0359411278933566e-11	2.7147625127164906e-12
36.0	-1.1251631293540377e-17	3.0853582870781536e-16	4.525067622017408e-16	-1.4799233185700051e-13	3.715571808897477e-13	3.674808078935546e-13	2.897615219394224e-13	2.884358998617412e-13	2.8709720241652093e-13	8.652021458504074e-13	8.672803256492936e-13	7.486234261388007e-13	7.483208719316931e-13	7.5211937232417e-13	7.476852201715224e-13	7.611972760555549e-13	7.594763796348772e-13	6.931183761350198e-13	6.957987165583936e-13	6.932448022971378e-13	-2.2770663961782826e-12	-4.511725592492417e-12	-4.758669464777175e-12	-4.000293724920073e-12	-1.2425060954222725e-10	-1.2534542432433274e-10	-1.280738580721577e-10	-1.2826997503273113e-10	-1.2747522633309238e-10	-1.2747589100893812e-10	-1.2747484648549005e-10	-1.2747465550692573e-10	-1.2746408853920016e-10	-1.2746388999637077e-10	-5.80149351086441e-14	-1.0458581309146014e-12	-1.0292889357234298e-12	2.103567793812528e-7	2.1035634311708426e-7	2.1035637280763613e-7	2.1035700991657233e-7	3.394901455382384e-6	2.8476458207842426e-6	7.997739429725387e-7	1.2631379830592144e-6	-5.298459301474176e-7	-4.087455722854997e-9	-1.7430064476703193e-9	-2.6402330910446636e-7	-1.5268161832429107e-7	-2.543538698755897e-7	-2.2753886325479512e-7	1.948332006898579e-10	-1.791595456094707e-8	9.59439817296761e-9	4.883522037387074e-9	3.536246106372208e-8	-5.873094152352679e-9	9.709643398548087e-10	1.2858434769637966e-8	1.1927779428796196e-7	-6.243791610626402e-8	-5.2600135954663195e-8	2.0692993189894583e-7	2.2233507515536516e-10	2.0455749923748878e-13	-1.8053393173372086e-10	2.8028315597595187e-8	-3.0993208887297643e-7	-2.8785752526582203e-7	3.9683363745653816e-12	1.4046142943251037e-11	-6.04188483305264e-10	-4.409635814323735e-9	1.7785777801961513e-11	-1.3204795154696872e-10	-5.088525250034753e-12	1.827907620323985e-11	1.5980985583511986e-9	-1.301161814615191e-9	-1.335422933819573e-10	1.3089171309050695e-10	1.4665278133213807e-11	1.3978745588225918e-10	-3.5760213421945786e-8	-4.4170543064661584e-8	-1.2330825385795747e-10	8.815340745732021e-10	-7.589607842705196e-12	1.6863772937263534e-9	-6.587457133374291e-12	-2.3384395115948854e-10	7.626708069068382e-13	-2.2469532240447228e-12	3.1106325902037125e-12
37.0	1.5597838260472054e-16	-1.4531335341968612e-16	-9.156179580646938e-17	-8.27510184972515e-13	-9.454651079332084e-13	-9.456316253313402e-13	-1.1457228644368112e-12	-1.1484699826017689e-12	-1.1461412828649113e-12	-3.0106609942331533e-13	-2.9817920946369255e-13	-3.5369034542631865e-13	-3.5488917194870717e-13	-3.610409380242382e-13	-3.5821699621387236e-13	-4.295244485788298e-13	-4.231313448737758e-13	-1.64898955066152e-13	-1.8335771213260115e-13	-1.7899348166104444e-13	3.3148218887800556e-10	4.3553366424818685e-10	4.3613414034614284e-10	4.3537249165958957e-10	4.320453749193103e-10	4.331947894608684e-10	4.32941631585655e-10	4.333329855747372e-10	4.351376263552677e-10	4.349140951679869e-10	4.348813580302457e-10	4.347648407088796e-10	4.3478196700128976e-10	4.347693825070752e-10	4.346909541806717e-10	5.236581477283811e-14	4.884960421107811e-13	-3.3892032164623143e-12	-3.42601898294997e-12	-3.432160171251325e-12	-3.4161186284969333e-12	3.088482041172603e-5	5.35114903713872e-6	5.2001402752160485e-8	4.7189997253995723e-8	3.324470619137028e-8	1.2244432598645504e-10	-1.3550462221723838e-9	1.2244261940649577e-10	1.3579445833618743e-12	1.7765797113170782e-10	-2.099151767733236e-11	1.0277746082617992e-12	-5.343976549316452e-13	-8.907362982645732e-14	9.736966321186144e-14	-8.60721384450966e-9	-7.97838273416401e-9	-6.116577538566552e-12	9.754535730096056e-10	-2.848213456842702e-10	1.505054547749972e-9	-1.251603451083061e-8	-4.2418157711054e-9	-1.0176453891936652e-12	3.4798621982666706e-12	-6.522483678243199e-11	-6.427290820487803e-11	-5.667860225683184e-11	-7.849412360724484e-9	-2.8212522700915e-12	1.327086093536674e-12	-9.314211030413616e-11	6.603461255520857e-11	2.5268584764621683e-11	-1.17593203078129e-8	9.827662289310104e-14	-1.3869162418373007e-14	-9.814080475520045e-12	-4.0979438374422576e-11	-4.80714993785175e-10	6.703594973197222e-9	2.260239235032163e-11	3.4274692087087416e-10	-3.125964187181568e-10	-5.333765032889609e-10	2.6473095595010154e-9	-6.921374921179669e-8	1.947344648929451e-11	-1.3620646239387075e-8	1.0728236061834356e-9	-2.75910258876358e-9	-4.654806521208908e-14	4.896359727126723e-9	-9.431491779929576e-13
38.0	4.29672370099499e-16	-2.102411867625086e-16	-3.5548412200250867e-16	-7.205687618247657e-13	-8.233103511936724e-13	-8.23765022589887e-13	-9.982328692989696e-13	-1.0009881183649558e-12	-9.98607814101473e-13	-2.625061145731649e-13	-2.6048578524512224e-13	-3.0811548784171877e-13	-3.097390307539569e-13	-3.1480658275664097e-13	-3.122910181272497e-13	-3.7454085938845615e-13	-3.6886115317353927e-13	-1.4358309560439366e-13	-1.6027175673321145e-13	-1.5654889994336927e-13	2.8876182381470034e-10	3.794018223284516e-10	3.7992407864336144e-10	3.7926143763070553e-10	3.7636324256890404e-10	3.773644907697569e-10	3.7714296229226426e-10	3.774849107135187e-10	3.7905711952553553e-10	3.788620768525562e-10	3.788332429281209e-10	3.787326009421174e-10	3.7874699893954105e-10	3.7873585243491744e-10	3.786674974669312e-10	1.2098775468049675e-13	1.7359328792172231e-13	-2.4756631648728433e-12	-2.5024815726261384e-12	-2.738716454688524e-12	-2.7250473326557376e-12	3.0156734301897892e-5	3.7274227907215695e-6	3.4725315737805686e-8	4.797696341874495e-8	-6.236149628941928e-10	2.337418532831965e-11	-2.438195302691013e-9	8.530249213879566e-11	6.3931471425961705e-12	1.8154808376922526e-10	1.9178878218281234e-10	6.962376556704775e-13	-1.895836361382868e-13	-1.1939318476133685e-13	3.08132061600558e-14	1.1030853109167814e-9	-1.4366289223537263e-10	-4.2963004237858604e-12	7.647112176346646e-10	7.187795627945118e-11	1.8158956030500144e-9	-3.377380969230519e-9	3.782017392526353e-9	-7.71762117230166e-13	2.81978559643855e-12	-6.385658622882955e-11	-3.662846829814218e-11	-1.76873822960355e-11	-8.88985189057061e-9	-2.0002172150635556e-12	-1.5190865182724045e-11	-4.868333089429055e-10	1.0445690519401318e-10	5.054198509352824e-10	7.993141522750373e-9	7.283401105625166e-14	-3.11785833509746e-13	-4.140711680453404e-12	-6.062906427477302e-11	-1.8275532018747665e-9	8.877259707758675e-10	1.6391092922062537e-11	6.384655340160788e-11	-6.284805483967826e-10	6.789308531570615e-11	-6.409855553227328e-8	-1.1772373364358195e-8	2.837282017872531e-11	-1.9472172702605246e-8	-6.713646843506778e-11	-8.247869556003104e-10	1.6091063836456919e-12	2.651880072167238e-9	-1.845273648659034e-11
39.0	5.582365985622055e-15	6.540069004927667e-15	6.899620521696234e-16	-2.9775428549541882e-15	-1.1667520697140635e-14	-3.061510661481243e-14	-2.4375803593950245e-14	-3.948476191895466e-15	-1.8789288120555748e-16	-1.6947145120293114e-15	-5.037114382159174e-16	2.460434580583596e-14	4.498695907313465e-14	5.3515720436624505e-14	1.5243515082360717e-13	1.1941365073484572e-13	1.142369035489408e-13	1.427752296788539e-13	1.3756157426490035e-13	1.3215561204137485e-13	1.9118956689118755e-12	4.817796674218567e-12	4.703281713611913e-12	4.783198513791544e-12	4.742008104073611e-12	4.8383067945402634e-12	4.811166373021304e-12	5.003438213315003e-12	5.080903358934732e-12	5.038077278829996e-12	4.974214937880799e-12	4.97017965793171e-12	5.049007268565852e-12	5.123565418242238e-12	5.01076687723883e-12	3.5469470258442802e-12	3.5480080520056473e-12	1.5612385320653354e-12	1.4487976559610071e-12	5.7116268018377685e-12	7.653546062979048e-12	-5.746187240368931e-6	2.3274261853283568e-5	1.1969827388123624e-6	-1.2553178419645209e-7	-4.957217846499788e-9	-2.2255584224846035e-8	6.10651523223775e-10	-2.3127203129740714e-9	-3.3789051536968085e-8	-1.0320686570382985e-8	-6.138723417554815e-8	2.075876528202485e-10	-2.3819092185281644e-9	8.097265466270657e-9	2.336078293111183e-9	2.029689625042052e-9	-3.752766865810002e-10	-4.802458825750142e-10	-3.3133393627139797e-9	1.5180148536328724e-8	-2.7171375245708167e-8	-1.1506578733862754e-8	7.538972611203358e-8	6.150799291177633e-12	-2.4161781113510542e-14	-1.6987203923545593e-10	-1.6193838417475965e-11	4.35151544951842e-8	8.031761028534064e-8	1.8479532485228476e-13	1.0217708502407416e-11	7.753091831411836e-11	7.0961413826702e-10	1.6634542278281985e-12	-6.710688194058318e-12	-2.1229620556769378e-12	-1.1921312400916481e-12	-2.2081108102481933e-10	1.2587283113958631e-9	-1.359691946321561e-11	-1.090982383908343e-11	-2.002797537628752e-14	-9.196593162225908e-14	-1.8116634962070016e-9	5.230886348739478e-9	-1.927187813706609e-11	6.121017100458353e-11	-5.581152854957789e-13	-7.741545836813353e-10	-2.825552131664402e-13	1.393001777021209e-13	2.966660063860051e-13	7.293762944982527e-13	-1.398407038472307e-13
40.0	5.6820707871044785e-15	6.094515762613901e-15	4.3264576731877263e-16	-3.327390309724137e-15	-1.2751667908622927e-14	-3.125189967684061e-14	-2.4338557382148376e-14	-3.909933086304248e-15	-1.7530430001397308e-17	-2.8605474368037415e-15	-5.106532874023527e-17	2.4704949979933083e-14	4.450108419023222e-14	5.3602946839719695e-14	1.5223286944236622e-13	1.1938436894547144e-13	1.13887630692249e-13	1.4256774913809823e-13	1.3761144785055592e-13	1.3289840199803443e-13	1.9201246457472665e-12	4.817611361736938e-12	4.703570441469907e-12	4.783047428581474e-12	4.742559872831133e-12	4.838241297264259e-12	4.809714920936658e-12	5.003761737941796e-12	5.081178042995452e-12	5.038620828898509e-12	4.97215559771248e-12	4.970247957897784e-12	5.049229325045841e-12	5.123796417573942e-12	5.011639966832194e-12	4.6007818619273454e-12	4.602970754967765e-12	4.206899062315151e-12	5.375742287924927e-13	4.402636551416307e-12	5.899698926208265e-12	1.996702649125775e-5	2.32513516040305e-5	1.5665772328031248e-6	-8.857832361707988e-8	-6.357435592873756e-8	-1.7506629182875012e-8	2.6818712594598075e-10	-1.0297360566715747e-7	-1.1043268549661598e-8	3.874218982493704e-9	1.2607817354125059e-8	1.732732546743332e-10	-3.127088905415576e-9	-4.810072352917481e-9	1.6757093838164928e-8	3.753127597285196e-9	-2.1381221859001843e-10	-1.046213211123612e-9	9.167712885087314e-10	2.4417767298874288e-8	-5.349016895331807e-8	4.37856454438605e-9	-1.0634219834526605e-8	4.985721874056279e-12	3.76016068201743e-15	-6.212288242263724e-11	1.6914718611431788e-10	-1.0949822290772665e-8	1.0064065747424024e-8	1.5865805727911683e-13	4.696880845806706e-12	1.8364465746288253e-10	9.780825724204248e-10	3.8898933710559637e-13	-9.092527263948935e-12	-1.8886867090693446e-12	-4.389142251609181e-12	1.448414491686685e-10	1.984798988983348e-11	-1.2882984413501037e-11	-2.120173940100927e-11	-1.4641750979337646e-14	-1.3174940463309735e-13	-1.1360739252115653e-9	8.733950304383448e-10	-1.1302655477296633e-11	-4.098182537817247e-11	-3.5807191747714135e-13	6.431503664276878e-10	-2.8889829291897887e-13	6.523147766935441e-14	2.6934785092242213e-13	6.125439752521649e-13	-9.363407408071295e-14
41.0	-5.446638625726961e-16	-1.7238314180865404e-17	5.962105124396268e-17	-1.117141659109984e-16	1.441990183218018e-16	-2.0837508902881305e-15	-2.6353803708941605e-14	-3.0505546270286985e-10	-3.0599862919896623e-10	-3.061316206718661e-10	-3.0563959656731127e-10	-3.0529848060091293e-10	-3.051022073374939e-10	0.0014319180321816622	0.0014319180301792605	-0.3481055371196584	-0.34810553711962094	-0.3481055371196835	-0.3481055371192015	-0.3481055371189252	-0.43532191097593215	-0.43532191097593176	-0.43532191097593126	-0.43532191097592904	-0.4353219109759323	-0.43532191097593176	-0.43532191097593215	-0.4353219109743659	-0.43532191097436884	-0.4353219109743688	-0.4353219109743649	-0.43532191097436584	-0.4353219109743703	-0.43532191097436657	-0.4353219109743648	-0.3987510560694316	-0.3987510560694327	-0.3650523645663949	-0.3650523645663991	-0.1773698047411501	-0.3026044036382891	-0.01351064274138976	-0.0001454969566017646	0.0012594187315222388	0.0013682305415110528	0.0010470772165712882	-1.332257283975281e-8	1.2824066961522181e-6	4.3249929080737553e-8	-1.0442959822144053e-7	-4.474136010217703e-5	-1.5094492876596532e-6	-1.2402556125126962e-7	-5.794615295625965e-7	-2.0342649530660177e-6	-4.70135747553371e-8	-7.731197586666772e-7	-1.6552336507850163e-7	7.569391834388491e-9	-2.4906295617853284e-8	4.1327538347476386e-7	2.0186459347461953e-7	3.961181912155224e-8	1.706139641121109e-8	-3.02235642907114e-9	-1.0667750720675035e-7	4.291545261530511e-9	-1.1100238790540419e-7	-6.621982304028181e-9	1.8422492889567142e-9	2.474947801891344e-9	-9.108455029675148e-8	2.8355020145812068e-8	-3.933831085458353e-10	-9.231904968064867e-10	-1.025914664577543e-9	1.936645305953883e-10	-1.134791744301026e-8	-2.5466774532103952e-9	-3.298591276135257e-8	1.379633302335358e-9	-2.1687820135795197e-7	-1.0190291730894811e-7	5.789593443733203e-9	-4.670255552449568e-9	-5.650285813246553e-9	3.4942541949306378e-9	1.143487529855889e-11	1.0790945852117052e-10	5.984334500791172e-10	-5.380431199714138e-10	-2.56273074230206e-10	-1.7466048553107222e-10	-3.002806547915222e-11	-2.003052171667751e-10
42.0	-7.766282341143885e-16	2.5939761964117427e-17	4.663609351248605e-22	-1.899012760917077e-16	5.397930012108003e-16	-2.6028179519486737e-15	-3.0030253239686284e-14	-3.5018846635300133e-10	-3.5127039803536e-10	-3.5142272443750064e-10	-3.508586271232302e-10	-3.504664887750991e-10	-3.502419962665385e-10	0.0016437681165279228	0.0016437681142293177	-0.39960721929893117	-0.3996072192988877	-0.3996072192989602	-0.3996072192984077	-0.39960721929808896	-0.4997271223674678	-0.49972712236746875	-0.49972712236746886	-0.4997271223674683	-0.4997271223674684	-0.4997271223674688	-0.4997271223674687	-0.49972712236567157	-0.49972712236567396	-0.49972712236567224	-0.49972712236567207	-0.49972712236567246	-0.4997271223656729	-0.4997271223656723	-0.49972712236567074	-0.49972712236566796	-0.4997271223656673	-0.4997271223656689	-0.49972712236567046	-0.4997271223656667	-0.1364514498944701	-0.01651739593418455	-0.00017729731970685778	0.0015818562289256872	0.0016022550545186196	0.0013142433510567833	-1.4234352762976415e-8	1.527592595340026e-6	6.346635210534804e-8	-1.4947285040227235e-7	-5.200324821216477e-5	-1.780693001267978e-6	-1.423627012105324e-7	-6.858521361942278e-7	-2.3958379359002593e-6	-5.4713102604301145e-8	-9.029652820231381e-7	-1.9432707682372927e-7	8.981895485519423e-9	-3.097057373632909e-8	4.7104977991161224e-7	2.574528052085077e-7	5.450703407337138e-8	2.98347122859338e-8	-3.545224364968333e-9	-1.2543276689169695e-7	2.4803193102038078e-9	-1.4274970528411618e-7	-6.407063639336741e-9	-3.4316827648947682e-9	2.9114349969755747e-9	-1.0914982430089597e-7	2.981275943308172e-8	-2.591848864630804e-9	-1.1170365395629872e-9	-1.2099718525997115e-9	2.0416108098636452e-10	1.1233139437521341e-8	-5.1925995888759125e-9	-3.7848416476128776e-8	1.3983787950979098e-9	-2.5375012262767e-7	-1.1915460299066593e-7	6.837176759458128e-9	-4.958118021851639e-9	-6.6143059408766375e-9	4.133017089321504e-9	-2.920493812829425e-10	1.534761792052751e-10	5.982344426886609e-10	-6.289935441220996e-10	-1.716245385935305e-10	-2.1685587721829e-10	-3.16508079299685e-11	-2.842424016838497e-10
43.0	-1.442932382110166e-16	-1.5335386984281977e-16	-1.2420540891090516e-16	1.835264963540652e-16	-3.53954515880817e-5	-3.5395451383538785e-5	-3.5395451490729876e-5	-3.539549464131692e-5	-3.539548895659514e-5	-3.539549147457257e-5	-3.539549303772498e-5	-3.539549266980034e-5	-3.5395492570706346e-5	-0.0013502974969759052	-0.0013502974965578951	0.29933312156401337	0.2993331215638942	0.29933312156375924	0.2993331215619536	0.2993331215623328	0.295328397226082	0.2953283972260923	0.29532839722728715	0.2953283972271258	0.295328397226951	0.2953283972268699	0.2953283972289406	0.29532839628513136	0.29532839628542024	0.2953283962827448	0.2953283962829174	0.29532839628307206	0.2953283962825105	0.29532839628259117	0.29532839628332314	0.29532839627801666	0.2953283962782468	0.29532839627835095	0.29532839627979934	0.29532839627979973	0.19440181432195347	0.007198086002527739	0.024110807627944923	0.034473161440522815	-6.737871201938238e-5	-2.52325001005622e-7	3.1772416515937195e-6	-1.2657506192572046e-5	2.9099929386584124e-6	-4.850663331224459e-5	-3.1550851273743644e-6	5.508081137708207e-7	-7.5842855720486495e-6	-2.860032956023348e-6	4.410496263154929e-6	2.579142108735177e-6	-3.176509975132105e-6	-4.6713524348246874e-7	2.7590285843033496e-10	-1.2399779861863205e-7	-2.5981111801293576e-7	7.958443713899377e-7	2.6878691651733146e-8	3.398986641873855e-7	-1.8576592460317405e-7	4.972832690417375e-7	5.521137080173379e-8	-3.0250141806869065e-8	-7.595632891079427e-9	4.1870490195637e-8	-6.408223872866311e-9	4.74696378692052e-8	4.901776499241399e-8	8.506815764373476e-10	-1.3147211845414861e-9	1.0663744405872689e-7	2.7681000179195605e-8	5.302269998561572e-10	1.4186610682835166e-7	-9.439424560579286e-9	1.5032171208170114e-9	-4.482352093966455e-9	2.3389918654347335e-8	-7.912034354969536e-9	1.976580375689509e-8	6.203811725898411e-8	-7.172958781965523e-9	-6.164750300617252e-10	-3.6163365020081205e-10	1.8841316437769337e-10	-1.6430110783904346e-10	7.673529848725886e-10	-4.068257253172255e-10	3.608587860681827e-10	1.6486898955325753e-9
44.0	-4.3116694333518506e-16	-5.278511062049012e-16	-2.5218862183775257e-16	4.1893395330682905e-16	-3.0833658881287625e-5	-3.0833658704400244e-5	-3.083365879676483e-5	-3.083369638609852e-5	-3.0833691434074724e-5	-3.0833693627889434e-5	-3.083369498930256e-5	-3.083369466870829e-5	-3.083369458248653e-5	-0.0011762701291551732	-0.0011762701287912503	0.2607548413228168	0.2607548413227126	0.2607548413225945	0.2607548413210232	0.2607548413213514	0.25726624890169386	0.2572662489017041	0.25726624890274497	0.2572662489026037	0.2572662489024523	0.2572662489023805	0.257266248904186	0.2572662480820142	0.2572662480822667	0.2572662480799367	0.2572662480800846	0.2572662480802205	0.257266248079733	0.2572662480798018	0.2572662480804406	0.2572662480758171	0.2572662480760209	0.2572662480761113	0.25726624807737236	0.2572662480773764	0.16934716072022937	0.016524094257922988	0.008308682520916127	0.02340459101601719	-4.60878179799018e-5	-5.436271139279936e-7	2.4439431573061763e-6	-1.1856600637236104e-5	1.9725890270247864e-6	-3.7158978921484e-5	-2.2735891129805923e-6	4.091279965890438e-7	-5.868033793480431e-6	-2.3338244178588274e-6	3.244036622714464e-6	1.966024737305474e-6	-2.257776144967308e-6	-3.367823519765669e-7	5.264055354018611e-10	-9.743402247866157e-8	-2.252399225228279e-7	6.290548738281051e-7	-6.671472586754053e-9	2.462187866980157e-7	-1.349834180278595e-7	3.701931613842892e-7	4.289011417870541e-8	-2.3105363305070292e-8	-5.98938836900198e-9	3.009799731193037e-8	-4.642366304682169e-9	3.3467297745845005e-8	2.9170340065522662e-8	-2.6261235152567437e-9	-9.50972983766539e-10	7.7133562706349e-8	1.990798758308439e-8	-1.9389054699554747e-9	8.161812968425826e-8	4.211367631798343e-9	1.2624739513421586e-9	-3.2118745477858246e-9	1.680125336136541e-8	-5.779341518893941e-9	1.3597980056925225e-8	-3.586446739067467e-8	-4.912876830860851e-9	-5.257761863218224e-10	-2.96982233057061e-10	1.4873385704977754e-10	-2.2200047200303105e-10	6.24829916393087e-10	-3.4134932652345416e-10	2.2996966364170707e-10	1.22856094909989e-9
45.0	-1.727460511851981e-14	-6.96675224494375e-14	-1.1455974019068186e-13	-1.351474851447949e-13	-1.4681533991728005e-13	-1.7173551212994476e-13	-1.892235291774474e-13	-1.6834396690194067e-13	-1.804955790100711e-13	-1.4524276225957958e-13	-1.709493513283364e-13	-1.9438507772095797e-13	-2.7050366678356264e-12	-2.749426714678397e-12	-2.6856513325959086e-12	-2.732845041581786e-12	-2.735440026950987e-12	-2.6711595110576654e-12	-2.6450900324230962e-12	-2.5923558439145523e-12	-2.6786336409529713e-12	-2.5472638329929473e-12	-2.4727502457405502e-12	-2.4587201351725572e-12	-2.300090120151269e-12	-2.405383625377883e-12	-2.357459928983502e-12	-2.364817447347531e-12	-2.396065449434444e-12	-2.377453483494454e-12	-2.3926609883479508e-12	-2.349670756160636e-12	-2.399631667140641e-12	-2.4975741872424607e-12	-2.5450031140706802e-12	-2.500095464458933e-12	-2.510676780688986e-12	-2.4949435463517444e-12	-2.56218446416321e-12	-2.7031286156536802e-12	-3.168205705204952e-12	-5.463740066368876e-6	0.00011948107362583223	1.1485176965207598e-6	2.5340599267239454e-5	6.646960386956408e-6	-1.862362534213549e-7	-3.7105359252986745e-6	4.750278010240904e-6	-4.179927945759606e-7	7.582499723898745e-9	1.1852358727016614e-7	-9.566387605541724e-8	-1.3603625050504353e-6	2.6490970520798454e-7	-1.6804650580459437e-7	1.0462689319365747e-7	-3.0558025135241297e-8	2.764711670899293e-8	5.773338790173732e-8	4.2043920315358147e-7	3.613826473274721e-8	9.245899723998596e-10	3.7162118995399934e-9	2.402333067199251e-9	1.076629265184253e-7	-3.653219143291789e-8	-3.335250441217652e-8	-3.3538831705891237e-10	-3.136691863644143e-11	-7.49048617859435e-9	-1.0863941331155909e-9	-9.87744042165204e-10	-5.771207258617585e-10	5.05147763964652e-9	3.2411901385387493e-9	-1.982707888324339e-9	5.027027810929096e-10	3.2710090092147565e-10	-1.500288308421895e-10	1.4771583142970221e-9	3.966708355706092e-9	5.851988924734629e-9	1.2125972517703078e-9	-2.7344700208341346e-11	1.058700772668151e-9	3.3906832244634376e-10	-7.984671649137978e-11	2.0982090834270647e-10	2.0077072397786322e-10	4.205950949041997e-10	1.1125809300572723e-10	3.7125201258093565e-10	2.3957516893582773e-11	-1.0947858773830942e-10
46.0	-1.7298487919272772e-14	-6.955217586105128e-14	-1.1367783910152623e-13	-1.3618180459630035e-13	-1.4699500275863712e-13	-1.7337239531150403e-13	-1.8888455819290597e-13	-1.6980037753481735e-13	-1.8016490203725446e-13	-1.4481074948455268e-13	-1.6956747763595532e-13	-1.9443908871135618e-13	-2.7052570886203924e-12	-2.7487171604230383e-12	-2.6858508295624463e-12	-2.7315128784106018e-12	-2.7355969662486384e-12	-2.6722357074944384e-12	-2.643931667371503e-12	-2.5918872718967356e-12	-2.679441029479513e-12	-2.5482725692718735e-12	-2.4714893650597113e-12	-2.459112763731409e-12	-2.298825740953049e-12	-2.4055255463093507e-12	-2.3576575393529654e-12	-2.3654045926183632e-12	-2.3966633193981672e-12	-2.3778005422597686e-12	-2.3905197497827464e-12	-2.3506188312636144e-12	-2.3999766593404222e-12	-2.498110215512179e-12	-2.5447833456298714e-12	-2.5000546212707595e-12	-2.511127037699397e-12	-2.4941278475070347e-12	-2.562049043075701e-12	-2.7032738680251814e-12	-3.167891182145813e-12	-7.861942002430929e-6	0.000162270263963648	1.2092051896991603e-6	9.06797844828548e-6	4.837203087145633e-6	-1.722303291591022e-7	-4.0265004732098505e-6	4.687537340170306e-6	-2.0518623236059348e-7	-4.248339369860378e-9	1.1220860902357062e-7	-8.088037671242227e-8	-1.3837881593631568e-6	2.5846963519782847e-7	-1.6813911160409042e-7	1.0088123987772514e-7	-2.986399686799027e-8	2.3082942195133776e-8	6.045681763487643e-8	3.933380840078146e-7	3.591421002030968e-8	4.106598431422289e-10	3.5277459616446246e-9	2.1229960785888155e-9	1.0388046013464817e-7	-3.421014272463003e-8	-3.168274802123198e-8	-3.3923447147244294e-10	-2.2205973934960258e-10	-6.9808929956695924e-9	-9.035294579388758e-10	-7.906627249583224e-10	-2.947932648494586e-10	4.799893694780499e-9	3.0382586509153823e-9	-1.872116909961434e-9	1.8678693704366506e-8	1.1633233484028387e-10	-1.0542040166196671e-9	1.3819753489230917e-9	3.0441034022005748e-9	5.4864403838409325e-9	1.2733954983220068e-9	1.8138978198311522e-10	1.9112555827633199e-10	3.718410977511793e-10	-2.787953927695078e-11	2.0181877672534082e-10	1.4581189233134533e-10	3.85794587568236e-10	7.809610236021656e-11	3.417792623730769e-10	2.2046981146323083e-11	-8.720649638992092e-11
47.0	2.0034916192472744e-16	1.0761084063241546e-16	1.67641971820256e-16	7.124878986993314e-16	3.074983968044299e-16	-8.768071847339846e-16	-9.191912309104674e-16	-2.816294085037038e-16	1.5177020375340737e-16	-4.3248579320945315e-16	-2.6730864710691677e-16	2.433203613673088e-16	3.2631259607973113e-16	-1.0917898447751631e-16	-5.804685345777164e-16	-2.6657153152708767e-16	-6.36212695679555e-16	-2.8807457435625697e-15	-6.890105461953662e-15	-6.0495153756291866e-15	-3.7265504899013534e-15	-4.391776331842688e-15	4.552492638146321e-7	4.552474896334801e-7	4.5524702978864233e-7	4.552473124931588e-7	4.552445721567212e-7	4.552447508339144e-7	4.552465719813032e-7	4.5524679803725196e-7	4.5524667517010106e-7	4.552462244717981e-7	4.552464711592325e-7	4.552462238950991e-7	4.552459752749603e-7	4.5524702400607535e-7	4.5524677590518875e-7	4.552471532776473e-7	4.6722525178684396e-7	4.672252681792868e-7	4.557478046381143e-7	0.002180794213003631	-1.956981363072854e-5	2.2978935545255023e-7	-0.0009287371942671015	-0.0002649223332708569	-0.000263666274535668	4.158127079134017e-6	1.0367654410953132e-5	4.052051898984066e-5	-0.00039193974202131294	-0.0002982572508849872	-2.27603211733802e-8	-3.2405853738790984e-6	1.4956540268960417e-6	9.568901508717228e-8	1.1112252433255237e-5	-2.49932159682071e-6	1.2601287957567231e-6	2.9975787889173904e-7	2.334334904413561e-7	5.600256816533937e-8	-1.0199614777081402e-6	-3.0258170026902416e-6	-2.2703253364529288e-7	-1.2349831197043717e-5	-1.0115057648970373e-7	-7.887205765153652e-7	-5.335639145972837e-9	1.3454541119651167e-6	-2.560958574876772e-7	-1.369540938581945e-7	-9.884314932728855e-8	4.431487299800516e-8	-6.78857433169262e-8	-1.5923437857913375e-6	3.197389939557455e-7	2.004814333897089e-8	-7.582208151559203e-8	4.625211528943676e-8	7.344079075280852e-9	9.723664574969237e-9	-2.0598664241552318e-7	-1.4685020545625525e-7	1.4366620894195392e-7	7.562620071118234e-8	-1.8645649245258553e-8	2.6092926476758126e-8	4.66317442290766e-9	1.727775360543633e-5	4.388323212939665e-8	-1.9579468475079938e-8	2.052137358651863e-9	1.8498921736386859e-9	-2.0434796668263463e-8
48.0	2.4309484237643237e-16	-9.971214262366007e-17	2.44522521089578e-16	4.701174074822983e-16	2.9390575405372915e-16	-1.0551151292980644e-15	-8.330014893396229e-16	-3.095992507031353e-16	9.746495365029779e-17	-4.448857904528158e-16	-1.418701639151039e-16	8.33124645804692e-17	3.942972960616998e-16	-1.260949371374562e-16	-7.133789562843018e-16	-2.1566944967956466e-16	-6.740991894795581e-16	-3.232321806103362e-15	-7.932158164311994e-15	-6.985998229787316e-15	-4.328523327626585e-15	-5.035688002131777e-15	5.226026963980458e-7	5.226006605314426e-7	5.226001321271473e-7	5.226004564712572e-7	5.225973107130297e-7	5.22597515587993e-7	5.225996063199806e-7	5.225998653144045e-7	5.22599725044759e-7	5.225992070888476e-7	5.225994904516277e-7	5.225992062360822e-7	5.225989221317717e-7	5.226001256748602e-7	5.225998406159121e-7	5.226002737796176e-7	5.363505142812762e-7	5.363505319971398e-7	5.231749958357658e-7	0.0028305066243244207	-2.4843312559611378e-5	2.8872449027626926e-7	-0.0013629406650323493	-0.0007725353407545729	-0.00011475170598033424	5.50686337270181e-6	1.3623876214182355e-5	5.50274339189724e-5	-0.00048769606329322193	-0.0003940554941702859	-2.3745994968528062e-8	-4.171911191540768e-6	1.8880941982601548e-6	1.1313328804906086e-7	1.3873505341423078e-5	-3.165405067779593e-6	1.496150057474769e-6	3.8180015389757934e-7	2.6258530328694986e-7	7.128382271147936e-8	-1.26364723590866e-6	-3.786638588895775e-6	-2.80193710065767e-7	-1.5524287312073705e-5	-1.268381643593506e-7	-9.894881660778174e-7	-6.35941742598141e-9	1.680118814279434e-6	-3.199195207220115e-7	-1.719316730593879e-7	-1.2381962416432695e-7	5.639007450474127e-8	-8.464056520600775e-8	-1.9879200320186363e-6	4.003516588769648e-7	6.267968111312849e-8	-9.491651824031305e-8	5.798402001083465e-8	9.231691254650095e-9	1.2427844999453974e-8	-2.5730410575008656e-7	-1.8186143471594134e-7	1.7948277556148686e-7	9.325943145179183e-8	-2.324439249928059e-8	3.241980182198889e-8	5.801350968646617e-9	2.1575566737102644e-5	5.5464216104747604e-8	-2.4473829651906473e-8	2.5609642691551202e-9	2.2546435508850103e-9	-2.5392038898933838e-8
49.0	2.796513556442756e-17	2.476778810699181e-16	-5.933784734399398e-15	-6.386840010388121e-15	-5.367984936843204e-15	4.283004997005453e-14	4.832026077571357e-14	4.998269811977465e-14	5.542381026723355e-14	5.298916536060689e-14	5.257215605407039e-14	5.1851397804063216e-14	5.332013743631149e-14	5.1487810144929974e-14	5.2147452633651565e-14	4.9994518183245046e-14	5.174159549277831e-14	-5.977626098862068e-15	-7.80511608371927e-13	-7.814917438737648e-13	-8.241439943389183e-13	-8.11240826460567e-13	3.897606111514325e-10	3.8587970480671105e-10	3.8569364733447015e-10	3.857853509940564e-10	3.871174595747318e-10	3.8654970199536905e-10	3.8699834629562124e-10	3.869989861763722e-10	3.876932445240992e-10	4.030274718153322e-10	4.0345074969713265e-10	4.051946563565168e-10	4.055759130608027e-10	4.066362745092325e-10	4.0657607624798615e-10	4.079637766231035e-10	-2.948049724819448e-9	-2.948069393452587e-9	-1.2362313111353715e-8	-5.63893572875096e-5	-0.019584211648303495	-0.016706732901078505	-0.004920464701179415	-4.37607205290955e-5	-1.1398134575417159e-5	1.2050782967287249e-5	8.546121501960383e-5	-3.073307075223415e-5	5.713223368207511e-6	1.52087925316052e-7	2.189519425980828e-6	1.4365975279115487e-5	2.9905893587907137e-6	-6.767177231472326e-6	-5.59251181976857e-6	1.739507385819452e-8	-2.6629884418179662e-6	1.8695035486650226e-5	4.608625194206265e-5	1.907299961923088e-5	-7.989916051508939e-7	-3.330849607563431e-7	-1.5381758525981052e-6	8.973486850328856e-6	2.829458883306313e-6	8.422614922370579e-7	3.360162910788222e-8	8.500208984621097e-7	1.8844745154920977e-7	-1.245509562018899e-6	-4.53949891886596e-8	-5.989090720548532e-8	-5.789064338872014e-9	-1.0820520068624168e-7	-6.689771896328515e-8	-3.686122573740019e-8	1.0033576354646e-6	2.6591800163270028e-8	-1.4478657245934647e-9	5.2212060550134615e-8	-3.644235295490528e-8	-1.917233769270957e-6	8.008246366233089e-8	9.995834209157029e-9	-6.160241536639375e-9	8.537869526688276e-9	-1.4539133661348388e-8	3.933794708899666e-6	9.094378332195637e-8	9.223676966715897e-9	-3.5608936416826952e-9	-4.368967204291658e-9	-3.584768319430084e-7
50.0	1.8226905828396097e-16	9.928274742875667e-17	-5.328764554807984e-15	-5.690115900633876e-15	-4.517124307401137e-15	3.744267916371613e-14	4.229906031203731e-14	4.361755296718139e-14	4.8034402258111036e-14	4.6080639197939795e-14	4.549859920993116e-14	4.51754093909769e-14	4.643592391881521e-14	4.4995488837033595e-14	4.5675531795394085e-14	4.356234883199459e-14	4.5193880790178716e-14	-5.179432455875651e-15	-6.801635508739833e-13	-6.807027072518965e-13	-7.177688698594589e-13	-7.07379212492032e-13	3.3952813857707797e-10	3.36147241960868e-10	3.359847502034614e-10	3.3606495028713114e-10	3.37225560197e-10	3.367311255631288e-10	3.371219492181188e-10	3.371222578175466e-10	3.3772713741435785e-10	3.5108479579886663e-10	3.514532942833075e-10	3.5297287398447187e-10	3.53304941462583e-10	3.542283059117822e-10	3.54176254617019e-10	3.5538438937434357e-10	-2.568102809886287e-9	-2.5681201709774423e-9	-1.0769049492546138e-8	-5.7380592426958526e-5	-0.015602874693058657	-0.014269780138326924	-0.003916559476821634	-3.5945574425418346e-5	-9.331905358594537e-6	2.772366750674046e-5	2.9581706153817624e-5	-2.189380261615236e-5	4.668015112428209e-6	7.36766281592143e-8	1.8383631855988748e-6	1.3605521528629842e-5	1.9656772942247162e-6	-5.17492457609088e-6	-4.14775639758046e-6	8.291135769732876e-9	-1.988785585604432e-6	1.5440909486033347e-5	3.392357274612066e-5	1.4533996056832237e-5	-5.698179843672456e-7	-2.4305793713035317e-7	-1.1511293184328594e-6	6.950911582789045e-6	2.095270611737424e-6	6.237157364848693e-7	2.4415429472849908e-8	6.158094415062764e-7	1.3921909579847964e-7	-9.443220871580153e-7	-3.348660233626164e-8	-4.572195184386142e-8	-4.253287512697223e-9	-7.845223353777754e-8	-4.899203847030099e-8	-1.0656416848119712e-8	7.370372407100603e-7	1.905898422386631e-8	-1.2123811820505758e-9	3.7518633536964724e-8	-2.6305131631322913e-8	-1.3977704240600293e-6	6.001840606478048e-8	7.65634164653432e-9	-4.269316069660981e-9	7.061198450513983e-9	-1.0558984260281444e-8	2.9452390647763654e-6	6.678918505179385e-8	8.7954523727372e-9	-2.743883095752188e-9	-3.7232944767297017e-9	-2.612742601300692e-7
51.0	-6.371323524334821e-16	1.431164146714669e-14	2.8533766620366366e-14	3.970218784312479e-14	4.273154644052643e-14	3.144587156156369e-14	4.261641652252296e-14	6.701571825572173e-14	8.448042488868744e-14	8.598482305501585e-14	8.273103413350413e-14	1.1349514754911088e-13	1.1503195745172953e-13	1.1470182051141225e-13	1.180819119711688e-13	1.0320086641039645e-13	1.0023194341437278e-13	6.575210122808737e-14	7.123300350516409e-14	8.18543901043272e-14	7.521619453033794e-14	1.0332987529013027e-13	6.837180298645851e-14	9.06390943899934e-14	6.424223828928096e-14	4.4258049005259654e-14	4.365220539895046e-14	2.5801618338378376e-12	2.5635427036710754e-12	2.6468991268083508e-12	2.5296400100770354e-12	2.5438846016765676e-12	2.6078713756432685e-12	2.5897073066743486e-12	2.6236974929110044e-12	2.665432873614049e-12	2.6725158520501316e-12	2.8706840993374663e-12	2.8393415440347175e-12	2.7496383948214142e-12	2.658106766232701e-12	-1.8914767091318889e-6	-3.6667328627407725e-8	-2.359289220920672e-9	3.6726747350642825e-8	-1.5392367782022822e-8	6.857770613387682e-10	6.318524978592417e-11	-6.93727388804448e-9	-8.286857277928426e-6	-1.155682924401536e-5	-6.815408733114531e-6	2.6797302221378094e-9	-4.749620200608165e-6	2.8972380909490893e-6	-2.253988357790362e-6	9.187894947335945e-8	6.2044350726597355e-9	-8.917831706351887e-8	4.823323085352465e-8	2.2108425491511874e-7	2.842788780939203e-6	2.318748631074645e-9	1.6045709817850555e-8	-1.440038614163568e-7	-5.249070698954889e-7	-2.7401688965270352e-8	1.9741441829943404e-7	-2.252273262352253e-11	2.8734178178746806e-10	-1.4515407719099907e-9	-4.789887622261683e-8	-2.0223548615491602e-8	3.3601078133269476e-9	-1.4113732267995116e-9	1.4388425035457932e-9	9.714872203950459e-10	1.9025970365011146e-9	-7.436064434435082e-10	-1.4915755429238249e-9	2.1704500704500629e-10	-1.2829098588222617e-10	-1.034042744757824e-9	2.788768560414245e-7	5.398402147939729e-7	1.649940889464657e-9	-1.8829998615923396e-10	-3.54985463441036e-10	-5.043757117238192e-10	-3.2041258028653244e-6	-1.964954954421622e-9	6.258968052571607e-9	1.1228209899641056e-10	2.7106584305720273e-10	1.8742737609582447e-9
52.0	-5.515959464185133e-16	1.27336969774194e-14	2.810961969038291e-14	3.860768621098731e-14	4.273419872008654e-14	3.1843564965114086e-14	4.312642263693134e-14	6.703806457095607e-14	8.337710390605127e-14	8.492767474819295e-14	8.232059240219112e-14	1.1384991449219964e-13	1.1451999917940843e-13	1.1473992784624304e-13	1.1803491803554725e-13	1.0345842025166149e-13	1.0053200876401129e-13	6.570237783507286e-14	7.210734701756489e-14	8.171403844331478e-14	7.528585723679815e-14	1.0351154491749916e-13	6.834484431063453e-14	9.054664750422485e-14	6.403361863142824e-14	4.267361186802082e-14	4.405266057670951e-14	2.5801625391855595e-12	2.5631530284930478e-12	2.6465754443305546e-12	2.52971456830637e-12	2.544219651972023e-12	2.6073887099326607e-12	2.5899301082958587e-12	2.6236825254469403e-12	2.6637953864211672e-12	2.671559683456195e-12	2.869315637733751e-12	2.8391679697058728e-12	2.749928916284991e-12	2.6581529307103776e-12	-1.981777663765277e-6	-7.018887756525939e-8	2.158038351030905e-10	3.733995016811348e-8	-4.490292244586109e-9	6.846529354007377e-10	7.575090410333414e-11	-1.6862786182349892e-7	-2.278853021930056e-5	-4.116816508834975e-6	-5.103071955113339e-6	2.7808778000741424e-9	-5.385199490569439e-6	2.945444661305502e-6	-2.7764892102771933e-6	8.279592549382182e-8	-7.784058047414655e-9	-7.384579350203268e-8	4.155588463038965e-8	1.8354226588322023e-7	2.8814313628959327e-6	9.426152372172045e-10	1.554473275571713e-8	-1.2740892334659893e-7	-5.267499239496241e-7	-2.5980361727780692e-8	1.9050010322054466e-7	2.1045195362248414e-11	2.4936554847033756e-10	-1.3409512449929089e-9	-4.771532265908448e-8	-1.9453672159348223e-8	3.545209938408577e-9	-1.3764462920519433e-9	1.4090209537136597e-9	9.277420574439387e-10	-1.0900017956724967e-8	-2.2680735457040382e-9	-1.2679286906560543e-9	1.997011323923777e-10	-1.1980665000900085e-10	-9.810672047211476e-10	2.74873561130125e-7	5.157398601142558e-7	1.7206541760117626e-9	-2.0456756063334775e-10	-4.0957011685918584e-10	-4.588486162173663e-10	-2.893576575866291e-6	-2.203918741662565e-9	4.626745530466389e-9	1.3620911987678635e-10	2.3565617944577326e-10	1.8160291339475996e-9
53.0	6.1922149921239e-17	5.860013508981687e-17	3.987097297826586e-15	-3.6196732782612964e-14	3.9674775449839706e-13	4.0047179459461243e-13	4.0329201680850754e-13	3.9978015893618874e-13	4.005435593054551e-13	3.948646026534598e-13	3.9334929012030464e-13	3.9129871607622306e-13	3.6463606486981106e-13	3.2540022817289225e-13	3.551951052804655e-13	3.553124312512151e-13	5.980960776901313e-14	5.764903734348856e-14	1.662915031067156e-14	-4.42463111121545e-14	-3.854588918677626e-14	-3.908728947753174e-14	-3.389340026468624e-14	3.60789686915595e-14	1.5978618610604445e-13	1.5155936830509936e-13	1.3495727509992894e-13	8.221610221809373e-9	8.221598541344032e-9	8.221523010678117e-9	8.221808366048887e-9	5.506626515699555e-9	5.50614681282062e-9	5.50619189107394e-9	5.506211622858832e-9	5.505740214187359e-9	5.505801893671151e-9	5.505863848453169e-9	5.5058672162368255e-9	5.506430075109806e-9	5.5063703326052185e-9	0.00010792848999965138	4.366044262231357e-8	2.878512432173063e-8	-1.4725582291529242e-7	-1.0604579194253139e-7	2.4293859265819935e-12	-1.7662396525464165e-12	9.382024179689944e-13	1.5877229420878272e-13	7.855792219530708e-5	5.1315302818360074e-5	1.0705955353473577e-5	6.505348046687908e-8	3.66770111173031e-6	1.2168969863565253e-6	0.14139461664862302	0.12322727273024267	7.1331487197886476e-6	-2.1471038773149643e-5	-1.948905564928925e-7	-1.8326412548582996e-7	-3.057532073059895e-6	-4.18694378086798e-7	-1.9576336818132108e-8	-1.2036115796675845e-6	1.1828292574396018e-5	-2.2520570760932113e-7	-3.763472797914026e-7	1.0293361450804342e-7	-2.61816204152228e-7	1.0402714260900376e-5	1.784380099418404e-7	7.860168150901987e-7	-4.798719800736464e-7	-6.2839701318666e-7	-1.1234872385983295e-7	1.789367384705421e-7	-7.988683530426387e-8	3.986625179695063e-8	1.1943917187366156e-8	1.3633374269631969e-7	2.3069519958664205e-7	2.0073485681087667e-7	2.984440714600451e-9	-1.3412869569135096e-8	2.9518542378089685e-10	5.633502261357531e-9	-3.9864262487533897e-8	-3.4943260555487244e-6	-3.03429722239888e-7	-7.653978595429201e-8	5.162376288204352e-9	3.305984331192822e-7	-1.8383987169175647e-8
54.0	1.849698354935003e-16	2.649016129730664e-16	4.954156169493822e-15	-4.1157043282319195e-14	4.555474161226354e-13	4.604666785433135e-13	4.632962630521666e-13	4.591024657799469e-13	4.586893627674513e-13	4.5321579706539135e-13	4.5102883490308604e-13	4.4919059279133803e-13	4.178891412305572e-13	3.725570126096496e-13	4.0828970400962615e-13	4.06593049821871e-13	6.806102622090906e-14	6.61187106218487e-14	1.9596198970734797e-14	-5.1374384204845164e-14	-4.3747887918827126e-14	-4.5017755728402385e-14	-3.794624244932776e-14	4.188872145652676e-14	1.8446055710949748e-13	1.7477595608466054e-13	1.5396059412959328e-13	9.43798478746696e-9	9.437971836599603e-9	9.43788525179122e-9	9.438212320691486e-9	6.3213236760662285e-9	6.3207725795761136e-9	6.320824477080072e-9	6.3208472825570465e-9	6.320306010938453e-9	6.320377115028803e-9	6.320447676671824e-9	6.320451943908623e-9	6.321098203190176e-9	6.321029209968863e-9	0.00015032851281602825	1.1445241503947003e-8	1.515024953229761e-8	-2.0767184409334464e-7	-1.7566486355665087e-7	2.7535411412200084e-12	-2.4122334425594487e-12	1.2391810831052845e-12	2.867337349635719e-13	0.00011744284895233313	0.00015139908538389495	4.667536913895753e-6	9.101545834347463e-8	5.135986324838605e-6	1.7652124265922633e-6	0.18309095845687873	0.16702468284817432	6.929001702633713e-6	-2.833698441472309e-5	-2.6709890512876674e-7	-2.2404088786736547e-7	-3.907691898894936e-6	-5.457719403248373e-7	-2.4397547276225573e-8	-1.5748246271935276e-6	1.538976507043508e-5	-2.8553752727328616e-7	-4.836276651168525e-7	1.3324984295594358e-7	-3.3604768696749217e-7	1.3545988498107209e-5	2.3108475964640036e-7	1.0225698489726075e-6	-6.18248897555095e-7	-8.118734102942923e-7	-1.4484863322848433e-7	9.021822007194507e-8	-1.0539418879058665e-7	4.999783602685067e-8	1.541841988969598e-8	1.757858270123431e-7	2.979184026200533e-7	2.591219244623753e-7	-2.4921570151465146e-9	-1.7640504793368457e-8	3.73130376413776e-10	7.274946471165135e-9	-5.148327012984564e-8	-4.711039473348077e-6	-3.915142634144014e-7	-9.832089035223931e-8	6.646829587351269e-9	4.2522585066509073e-7	-2.377532538105899e-8
55.0	8.754503495378606e-14	9.259187679632881e-14	-1.100541742905128e-13	-2.371697018224748e-13	-6.745207588674346e-13	-9.708929047782686e-13	-9.695560988802914e-13	-9.664550994218992e-13	-9.66451508196624e-13	-9.70055605388351e-13	-9.753541326282364e-13	-9.741949770793876e-13	-9.78971995743345e-13	-9.449043578668263e-13	-4.857182502265593e-13	-4.841068860513469e-13	-4.0420666418217103e-13	-4.078723625888685e-13	-4.600510937023709e-13	-2.362778668142601e-13	-2.316448896981828e-13	-2.2576483319522744e-13	-2.268206773669759e-13	-2.411720473679023e-13	-8.670651642024098e-14	-8.238147893088525e-14	-1.8363777761665207e-13	5.935595929903334e-11	5.967795199326313e-11	6.030798047938165e-11	5.993477881478783e-11	1.2522861701570463e-8	1.252279334541185e-8	1.2522708094709538e-8	1.2522692228611602e-8	1.2522798643755159e-8	1.2522667904718631e-8	1.2522679499024957e-8	1.2522679610796889e-8	1.2522600451170876e-8	1.2522402953309958e-8	2.7387769994712604e-6	-1.1520603254342424e-6	6.57653067075436e-9	-2.2033041664345572e-8	1.8755904036516337e-9	-4.04950756396502e-11	4.591183550724954e-11	1.4854247468407094e-7	3.6737610568672884e-7	-1.163439275323455e-5	-9.203902671103825e-7	3.881677388859205e-8	-1.2198484832472053e-5	-0.022243143419058843	-0.020673203137685864	2.4574324644879918e-8	1.837820111341418e-7	8.283144107887361e-5	5.345271762809935e-5	4.685596234814408e-5	2.3651878039789904e-5	2.0949827549742897e-5	1.4987759226416582e-6	-1.1866100796715856e-5	-0.00012853075919640975	-3.190176331592422e-5	-1.5878831650396237e-5	-2.8725613574486865e-7	1.1805870872458395e-6	9.456112282893745e-7	-7.708964361149592e-6	1.1224230950809894e-7	-9.318889798945305e-8	-1.5231498917190124e-7	3.793476300200585e-7	2.145940812819091e-7	1.9423284068210235e-6	3.701633234037854e-7	2.0266118534034542e-8	-1.3979159592418016e-8	-4.027680845624394e-8	6.428160317747518e-8	2.381837739666107e-6	1.9566557753542677e-6	1.8206308051946882e-7	1.0670344779413069e-8	-4.2720218111621206e-7	1.137542740362147e-9	-7.2832137253627754e-6	1.0187311834354683e-7	-1.389763742246116e-7	5.751107131987571e-9	1.1000741685534188e-9	1.556600010707479e-7
56.0	7.665014923737728e-14	8.06569219506348e-14	-9.61797299982086e-14	-2.0658107870889468e-13	-5.879674989933703e-13	-8.463825917772758e-13	-8.449004810834206e-13	-8.421315429983855e-13	-8.419998106509959e-13	-8.448445671296949e-13	-8.495071808597051e-13	-8.486995832057479e-13	-8.534010015271842e-13	-8.233999026001423e-13	-4.2371960566933366e-13	-4.2271806888238084e-13	-3.519239884997613e-13	-3.5564547173380325e-13	-4.0093976556937556e-13	-2.0630425395562638e-13	-2.0184248695650838e-13	-1.9728262345710938e-13	-1.9866136412511903e-13	-2.1015752435687714e-13	-7.578295269695169e-14	-7.18698726065628e-14	-1.6007754063754072e-13	5.1706361114143565e-11	5.198674558141774e-11	5.253536922802838e-11	5.2210024260186994e-11	1.0908905421499673e-8	1.0908846198430485e-8	1.0908772121526142e-8	1.0908758372067316e-8	1.0908850718783608e-8	1.0908737052262632e-8	1.090874818287833e-8	1.0908747116720578e-8	1.0908678578002437e-8	1.0908505890726632e-8	2.88596967905804e-6	-1.1644722519189093e-6	8.465454889391193e-9	-9.940589202793516e-9	1.9923665047835974e-9	-3.9581154184085466e-11	4.648532644727254e-11	1.380172612055736e-7	3.7669746511847894e-7	-1.127997064586262e-5	-9.125733458556574e-7	3.856843680075553e-8	-2.825463441830685e-5	-0.008294924807498045	-0.01612864918045946	2.4766268681795246e-8	1.8060188112065588e-7	6.2244043746218e-5	5.039147571689576e-5	3.2467464563680133e-5	1.803093856297968e-5	1.5430534607371392e-5	1.1179623412557307e-6	-9.060566119235208e-6	-0.00010594962398971237	-2.352423369497476e-5	-1.2161312616586434e-5	-2.0825842791569952e-7	8.642319661914087e-7	7.246330372030331e-7	-6.030210757989854e-6	8.445162754362301e-8	-6.942233111857389e-8	-1.0980441686963222e-7	2.783733926644393e-7	1.6097103098928876e-7	8.870523379646377e-7	2.7406427670933234e-7	1.494872010120846e-8	-1.0334706347194674e-8	-2.984529041074591e-8	4.784400585638084e-8	1.6990790747072747e-6	1.4492563713431052e-6	1.3780983618721964e-7	7.81989788539005e-9	-3.1275995526160454e-7	8.276538233012594e-10	-5.974783603079068e-6	7.599651184137293e-8	-1.0092103448995062e-7	4.234823456308922e-9	-8.776172913717388e-10	1.1373538191674459e-7
57.0	-3.191836591890346e-15	4.017846985781172e-15	4.9968039242083484e-15	4.1996580820850967e-16	1.6142599188297185e-15	1.6592043844776264e-15	6.927314042550997e-15	3.5169504917302964e-14	1.7485008512503618e-14	2.3726446999091617e-15	2.414032877148093e-15	-1.4876176606763252e-16	-1.5679900097238253e-14	-7.70436588380305e-16	3.4217785626606566e-16	5.919499642045519e-16	2.1960908534924433e-16	-1.7140403297524454e-16	-7.185879370006873e-15	-1.191674338776197e-15	9.852991056708937e-16	-8.816897877545958e-15	-7.550510748058325e-16	-5.1595257334975075e-15	3.4505958623859645e-14	3.5616915836316433e-14	3.0020202086534825e-14	3.7576771837326484e-14	4.634258588429257e-15	4.453628972591588e-15	-3.9516430085515905e-15	6.78223741386626e-15	3.606961731939755e-14	9.555880988076286e-14	9.772244044614735e-14	5.434020210495766e-14	2.2667968213054294e-14	1.8933803173571608e-14	6.2828988297607036e-15	3.3981618163505043e-15	1.2154824439140665e-14	-4.336382458723642e-7	-6.170075066382738e-7	-6.287902205095713e-7	-2.212607711093042e-7	2.796784441831672e-9	1.4050470817060319e-12	5.274172921915619e-14	2.7070468477752853e-14	-1.8465931492107674e-12	-3.1016061139396134e-6	5.871218775129616e-6	-2.268160267939239e-5	-1.7667408522896272e-7	-3.5717596785718077e-6	-3.4812224672546906e-6	-0.002110109238255377	-0.0022149058433354506	-4.183340992692634e-6	8.922482676942259e-6	5.515159840396061e-6	9.83247655665881e-7	2.0633196696046935e-9	-1.1640771807872388e-7	3.1345195765327763e-9	-2.468386974749818e-7	2.0091328445706504e-6	2.378574539052095e-7	-2.559000475976517e-10	9.951410491381103e-10	4.876085726201487e-9	-2.5167111957028527e-7	5.675583461578973e-8	-2.466169336650617e-7	-3.4790891744833484e-8	8.632433002522611e-9	-9.072426872699857e-9	-5.654719746023568e-7	3.230584237889646e-8	-7.048923329730932e-9	-2.1007515398707993e-11	-5.950451119153466e-9	-1.8480974876100104e-9	5.842722103750557e-7	4.801011068253226e-8	-3.077672729871002e-9	-7.07234214996731e-11	2.1047804118811083e-10	-1.7291585111250845e-10	-7.82201868206266e-7	-9.802697139971668e-10	1.093184937076236e-8	4.3460050671802264e-11	-4.140958822452318e-9	-3.8005369317424087e-11
58.0	-3.5234861766422947e-15	3.8817419191645224e-15	4.889027080851631e-15	6.014892324274235e-16	1.8405322806564446e-15	1.585047846345436e-15	7.227359767075074e-15	3.70566300256728e-14	1.730113571435368e-14	1.891793148070094e-15	2.164799277981266e-15	-1.4106813609834576e-16	-1.53890842085854e-14	-6.181926655105968e-16	3.261281412897911e-16	7.0362380497131385e-16	3.4631585103328927e-17	1.9282004246919635e-16	-7.162432071909271e-15	-7.8745101693459225e-16	1.4961582273754692e-15	-8.526112383928854e-15	-1.925476704442801e-15	-4.414220018221809e-15	3.464503444398539e-14	3.50699392803119e-14	3.009852357328299e-14	3.712010954791612e-14	4.379808370220206e-15	3.865606818066136e-15	-3.7836652556704784e-15	6.987741867754699e-15	3.6323098484492494e-14	9.53755941820974e-14	9.779293368770269e-14	5.4111872877255906e-14	2.2889405947649686e-14	1.8654670131883057e-14	5.921923654766672e-15	3.288442046796379e-15	1.1995071295298858e-14	-5.59306509011656e-7	-7.199458131861355e-7	-8.079609849135007e-7	-2.751507471759684e-7	1.9589214027904464e-9	1.7448192067788927e-12	9.963531124087224e-14	3.103603707086715e-14	-2.4022748294188396e-12	-3.3906956331849117e-6	7.073441247154026e-6	-2.7074325599275825e-5	-2.5796270959612066e-7	-5.194612053906874e-6	-1.0137145398747385e-5	-0.0008118967114856385	-0.0018309314600782054	8.198823303032757e-7	9.616140716945931e-6	5.765257748981355e-6	1.1164477522408469e-6	1.4670083233594255e-8	-1.0706950007069574e-7	2.7023611623381505e-9	-2.5781754378407605e-7	1.986140608215141e-6	2.7445457529365023e-7	-2.1119045823981286e-10	1.563502137263014e-9	4.494767671158544e-9	-2.559915951725602e-7	3.851454593904501e-8	-2.525125611711252e-7	-3.424793190696972e-8	8.609295656176869e-9	-8.611719885008888e-9	-3.077065914264759e-7	3.1726324460450094e-8	-8.75600547038687e-9	-1.2993814901130297e-11	-5.868398654066838e-9	-1.7646401012652958e-9	5.918864285328925e-7	4.763300542974478e-8	7.146593692429771e-8	-8.335107533995622e-11	1.8744925516549705e-10	-1.8233800810252087e-10	-5.933760404185034e-8	-9.715196987953683e-10	1.3207413487911473e-8	4.7037487321701504e-11	-4.0580494301702414e-9	-3.865131382247179e-11
59.0	-8.050146218010906e-17	-2.4286591699203904e-16	5.370441676207351e-16	-2.1052485159277603e-17	3.753670581917629e-17	-1.9914378202347465e-14	-2.0861296405710664e-14	9.067072395925172e-15	5.457270658962623e-13	4.869004613988843e-14	1.437383900698394e-13	1.1233552162766759e-12	1.0720586027026729e-12	1.0751051468184045e-12	6.487514917783864e-13	7.098727500768347e-13	6.938832564488443e-13	7.088255693573451e-13	7.199318290070816e-13	8.834552448511753e-11	8.829116646638051e-11	-3.807440913059646e-5	-3.807440460764244e-5	-3.807440434939255e-5	-3.807439937919874e-5	-3.807439883300711e-5	-3.807439928116986e-5	-3.8074399551505523e-5	-3.807439613021865e-5	-3.807439669968184e-5	-3.8074395056497256e-5	-3.8074398620858376e-5	-3.80744017105349e-5	-3.807439940759713e-5	-0.016576785135397263	0.4218725670462337	0.42187256704638193	0.4218725670463697	0.4218725670463608	0.4218725670463534	0.421872567046361	0.31639025738556803	0.32338700143821403	0.3201725144838858	0.3390366941387624	0.330939707596844	0.3450803373598646	0.31728458511409524	0.3229862053014035	0.3158975526870218	0.3495346704315105	0.32296106514791284	0.3978133658806138	0.3219343429379433	0.32463026705576936	0.3124484698372193	0.31748087710350587	0.16113243458682872	0.023398062268000296	0.002929906344159868	0.00025061256324236447	6.459760469885045e-5	0.00013485741374326195	3.558488824181188e-5	5.0209104345367774e-8	1.5538720327342156e-6	-9.803182397120944e-7	1.9887775290067454e-6	2.7880371314479465e-6	1.57057229191106e-6	-1.3872019980688947e-8	1.1022032019828209e-6	3.019140381496796e-6	-5.394514689044444e-7	-2.9797228464497725e-7	-3.0409421774248607e-6	-1.6310269380250796e-6	-5.933098185734897e-7	-8.966532403394512e-7	1.9739237276823607e-8	2.379643107052942e-8	2.1224777899109914e-8	-1.3906427824525998e-6	1.9445098599038676e-6	-1.4027886965125606e-7	-5.312449102692101e-7	3.534511114582653e-8	-6.605288902466067e-8	-2.2667904100808466e-8	-1.1217128300180034e-6	1.102133723101662e-8	4.434261515260439e-7	2.135906917536605e-8	-3.933538856750347e-9	1.7017394160519528e-6
60.0	3.3385019037432974e-16	-1.9322710652041988e-16	4.186651681093608e-17	-4.9290467758832324e-17	3.343744905252636e-16	-2.3197231186596024e-14	-2.4362856618876135e-14	1.0548687889712688e-14	6.266075275311632e-13	5.69875360707629e-14	1.653402934576074e-13	1.2891926416434565e-12	1.2301492082683818e-12	1.2335431585470553e-12	7.441506394659837e-13	8.137980426431491e-13	7.957809082756851e-13	8.128762464508138e-13	8.257340028911895e-13	1.0141617910055839e-10	1.0135402633383875e-10	-4.370745976912722e-5	-4.3707454576780664e-5	-4.370745428063306e-5	-4.370744857470271e-5	-4.370744794813827e-5	-4.370744846282937e-5	-4.370744877227462e-5	-4.3707444845619684e-5	-4.370744549965945e-5	-4.370744361410437e-5	-4.370744770551517e-5	-4.3707451251178975e-5	-4.370744860750531e-5	-0.01902929516055104	0.4842879685590827	0.48428796855925316	0.4842879685592389	0.48428796855922696	0.484287968559221	0.4842879685592271	0.500000000000001	0.5000000000000003	0.5000000000000014	0.5000000000000032	0.4999999999999998	0.4999999999999993	0.5000000000000024	0.5000000000000017	0.49999999999999983	0.5000000000000006	0.5000000000000003	0.5000000000000036	0.5000000000000001	0.5000000000000012	0.49999999999999983	0.5000000000000009	0.5000000000000016	0.010153887892423627	0.0040762468923391726	0.0003452077727550363	9.194831649542592e-5	0.00017437719166230994	4.850545296271242e-5	5.427491446596058e-8	2.0962833886008484e-6	-1.3902937558865474e-6	2.629402721431764e-6	3.640766523705485e-6	2.0800705312367658e-6	-1.772227874484721e-8	1.4682876698053124e-6	4.065410347375594e-6	-6.852022982851214e-7	-3.913077928970571e-7	-4.013929100102537e-6	-2.1554193577425976e-6	1.0350128503678076e-6	-1.1817013547011962e-6	2.6604517337382898e-8	3.1121835282980396e-8	2.8276052538808786e-8	-1.8303884964759364e-6	2.5502575775040995e-6	-1.7621899751964665e-7	-7.751542244327399e-7	4.633683203604442e-8	-8.680397411673837e-8	-2.9790873663455488e-8	-1.2028581020078537e-6	1.4163079828357705e-8	5.792444858091095e-7	2.8050309722663535e-8	-5.19466718696303e-9	2.242578029554647e-6
61.0	-6.674480828591748e-7	-6.67448084960012e-7	-6.674480790348493e-7	-6.674480787604633e-7	-6.67448485709473e-7	-6.67448565407749e-7	-6.674485647544239e-7	-6.674485540499009e-7	-6.674485543674892e-7	-6.674482240166e-7	-6.67448334815445e-7	-6.674478947269139e-7	-6.674477679363944e-7	-6.674477673805318e-7	-6.674483615889416e-7	-6.674485483874496e-7	-6.674484432462427e-7	-6.674483780179681e-7	-6.674488660597301e-7	-6.674589553895966e-7	-6.674599659569409e-7	-7.350872040723075e-5	-7.350872065032348e-5	-7.350872098022019e-5	-7.35087183373828e-5	-7.350871775696892e-5	-7.350871820127844e-5	-7.350872016432316e-5	-7.350872457613931e-5	-7.350872296373607e-5	-7.350872394090924e-5	-7.350872544748186e-5	-7.350872499607373e-5	-7.350872578538783e-5	0.010775207551682405	0.15349620396887526	0.15349620397148445	0.15349620397132013	0.15349620397098457	0.1534962039709355	0.15349620397086283	0.16385313017983705	0.16385313017982905	0.16385313017983333	0.49963381962190845	0.499633819621904	0.49963381962190356	0.4996338196219064	0.499633819621905	0.4996338196219028	0.49963381962190384	0.4996338196219061	0.4996338196219094	0.49963381962190573	0.4996338196219071	0.4996338196219051	0.49963381962190584	0.4996338196219067	0.0035188921192897153	0.00012770349934753043	-0.0028821522738158426	-0.003041307577266971	-6.509881113355746e-6	1.271331805370627e-7	-5.56617739970814e-6	3.72812944774487e-7	-3.731552098990124e-6	-4.893410650397447e-6	-2.470996800978665e-7	-2.3622886174616952e-7	4.776777466696139e-6	-6.369933380289464e-7	1.478198997989315e-5	1.4332834097329297e-5	2.5018241628522223e-8	-5.732727497376569e-7	-8.908726973713709e-6	-3.1538591085948457e-6	-2.8726035226163254e-6	-8.004063027915618e-7	-3.108536540922472e-8	5.128720863337663e-7	9.554883539110949e-7	8.636814862752656e-6	7.53271424788066e-7	1.526523874263344e-7	4.658764563775469e-9	2.375742390254639e-7	2.256513000431367e-8	1.0726375004533062e-5	4.6525342435772387e-7	1.7680921806597355e-7	-1.3884612346035272e-10	2.9102107785013437e-9	-4.715831855268778e-6
62.0	-5.814268655917063e-7	-5.814268679508936e-7	-5.814268630991549e-7	-5.814268638105614e-7	-5.814272175031165e-7	-5.814272865051277e-7	-5.814272863300499e-7	-5.814272770332144e-7	-5.814272775595434e-7	-5.814269892901745e-7	-5.814270855712264e-7	-5.814267026374435e-7	-5.814265916882115e-7	-5.814265917236512e-7	-5.814271090290081e-7	-5.814272716973219e-7	-5.814271801631253e-7	-5.814271237586049e-7	-5.814275487189901e-7	-5.814363382084906e-7	-5.814372179177324e-7	-6.40348606435789e-5	-6.403486085556098e-5	-6.403486114397948e-5	-6.403485884157113e-5	-6.403485833566824e-5	-6.403485872394741e-5	-6.403486043289544e-5	-6.403486427600991e-5	-6.403486287121356e-5	-6.403486372267122e-5	-6.403486503575554e-5	-6.403486464235109e-5	-6.403486532930614e-5	0.009386490611793195	0.13371349652330206	0.13371349652557468	0.13371349652543152	0.13371349652513903	0.13371349652509612	0.13371349652503314	0.14273561421151643	0.1427356142115106	0.1427356142115151	0.4352406331591421	0.435240633159139	0.43524063315913647	0.43524063315913986	0.43524063315913997	0.43524063315913714	0.435240633159138	0.4352406331591392	0.4352406331591414	0.4352406331591398	0.4352406331591414	0.43524063315913925	0.43524063315913963	0.4352406331591411	0.0027094910005965524	0.0002895128593159194	-0.001000295951260315	-0.0020756480381206115	-5.079912413087588e-6	1.0060923253937566e-7	-4.3570422991733734e-6	3.522792351530278e-7	-2.2636915260715124e-6	-4.024082454607515e-6	-1.874649037376521e-7	-8.373589884762931e-8	3.8015874156228673e-6	-5.24428955882365e-7	1.0851115521749647e-5	1.100226284927211e-5	1.61629969783203e-8	-4.239697019400891e-7	-6.960235047880493e-6	-5.702226365388003e-6	-2.13223554959483e-6	-6.115941532345018e-7	-2.2218404705880463e-8	3.791376085294913e-7	7.146691234188897e-7	6.3531264508915295e-6	5.658874799489511e-7	1.245165527093613e-7	3.3636493755426696e-9	1.7303836850081805e-7	1.632592088967167e-8	8.268260899033429e-6	3.445421702569721e-7	1.0626100624388519e-7	-1.9401648720185214e-10	2.331701201056042e-9	-3.4442934286496993e-6
63.0	2.7650126863645904e-15	4.293883743733542e-15	-9.831478695412235e-15	-4.811791150300959e-15	9.325525469091036e-15	-2.4807852401839183e-16	4.591287538771864e-16	-4.3359924951515438e-16	5.127628332266425e-15	1.4059395471436764e-14	-5.593712679014872e-15	-4.894111922829406e-16	1.4516934071833417e-15	1.7090952502546094e-15	1.740820427987809e-16	-3.8207946929113485e-18	1.0984296188845371e-16	6.69386863429993e-14	9.586499896003454e-14	6.647580048618486e-14	7.243961359271095e-14	9.204074419503384e-14	2.7686084794945126e-14	5.288163940187349e-14	1.0077549428539846e-13	2.296159453531455e-12	2.3649180354691044e-12	2.472915640061626e-12	2.4148774294093436e-12	2.4416973361662012e-12	2.4929611430094015e-12	2.5265942814825402e-12	2.5823686188244748e-12	2.5815791113432326e-12	2.4697007006742013e-12	2.3629212627443924e-12	2.2891563910830365e-12	2.257910611650629e-12	2.318405833001385e-12	2.2985644322052585e-12	2.2766499437506565e-12	2.1932722631112692e-12	2.1891852930635602e-12	2.1126526715506244e-12	2.178650772834171e-12	2.2964851608777616e-12	2.301805941159498e-12	2.3162715804604974e-12	2.3318854574099646e-12	2.338301848124476e-12	2.2269934995800047e-12	2.1862239773260503e-12	2.0696061407319533e-12	1.9986763374060645e-12	2.0404164366486214e-12	1.9653314824563612e-12	1.918484025438734e-12	1.9883859577615543e-12	-0.0001707533166988278	3.31550515484326e-6	-5.962330496951867e-5	-2.819629504681276e-6	3.3388646265998446e-5	1.0806283465008243e-6	1.7699393558527793e-7	1.2185626911977398e-6	-2.658636260153396e-6	-2.0331512190183184e-6	9.040967198043043e-8	6.829280872081422e-9	-8.577571645043815e-10	-1.1301053004911429e-7	-1.5601116917706658e-7	6.681718925516907e-7	3.558309373417816e-11	-3.060185533165709e-9	-1.0035830894566689e-7	-2.333702828671204e-6	2.4976467587780033e-8	2.2755662596377432e-8	-3.44615855086343e-9	2.492740594769987e-8	-1.2000939483425744e-8	-1.1737051539638941e-7	-1.365794121185628e-7	-8.464028899378716e-8	-4.896451877718118e-10	-4.99111029408556e-10	2.7557520291111877e-10	-2.2640001045857726e-6	-1.103101145604013e-9	5.144993743368639e-8	-2.6956339501371694e-9	1.486224730698714e-10	-2.8605789566723953e-10
64.0	3.146273589800044e-15	4.67556178840024e-15	-1.0265687004148254e-14	-4.4324340179380834e-15	9.503602647175356e-15	-2.5450504756632045e-16	5.743966445327018e-17	-1.4034768702648967e-16	5.183879354272687e-15	1.427341841065957e-14	-5.48525163359065e-15	-5.925052352760107e-16	2.200174693251325e-15	1.6076541977377659e-15	4.826452056286104e-16	3.6134598676839424e-17	2.1847475397301474e-16	6.699327544292603e-14	9.585658529939857e-14	6.577778645251315e-14	7.236029885553128e-14	9.260020193682216e-14	2.710273656344328e-14	5.249609800312802e-14	1.0007257367907458e-13	2.2960890017122392e-12	2.365210338793189e-12	2.4727759026005055e-12	2.4145633295641836e-12	2.4418331892679577e-12	2.4934374101458933e-12	2.526934108050944e-12	2.5828599205354765e-12	2.5815033177286217e-12	2.4711721447725916e-12	2.3656151348531006e-12	2.290337831462462e-12	2.2579439919665982e-12	2.3177455572494248e-12	2.299264576067948e-12	2.2743041097716963e-12	2.192817487143169e-12	2.1896204516320544e-12	2.112884742924614e-12	2.1788988771267263e-12	2.2962719938413013e-12	2.3018069769326337e-12	2.3146339410845307e-12	2.3306882778554697e-12	2.3387927328689695e-12	2.227612776819009e-12	2.1857115753323074e-12	2.071295167618365e-12	1.9985835844638293e-12	2.0391620853439484e-12	1.9653530531510444e-12	1.9180719897142446e-12	1.9883541497495106e-12	-0.00015735266881572788	4.051599481841322e-6	-8.12669185573753e-5	-7.462782270325795e-6	1.250533489905882e-5	8.052353179617678e-7	1.8112684262665198e-7	1.3795617171395174e-6	-2.8574756330632316e-6	-2.1247872033650066e-6	7.920832132833607e-8	2.9773702449016334e-8	-8.541677592659313e-10	-1.5627568550821552e-7	-8.79708082023082e-8	6.913533820061243e-7	6.340134681998115e-11	-3.0435488224257316e-9	-9.425187166492393e-8	-6.002587479600494e-6	2.399974694181451e-8	1.9217796248972965e-8	-3.430123270341463e-9	2.177205304652843e-8	-1.1420216359562857e-8	-5.9178775693634355e-8	-1.16874404765171e-7	-1.3904457198765706e-7	-4.815121452210577e-10	-4.910389513786987e-10	2.769998429475939e-10	-2.2224735727875333e-6	-1.1075946880333521e-9	5.926968300510765e-7	-2.651052702432901e-9	1.458845417533058e-10	-2.435614141947361e-10
65.0	-2.815600726249674e-16	-5.034779491884314e-17	7.17855000580269e-16	1.2210781329009767e-15	-3.740648346031374e-17	2.1718381660794815e-13	7.287975766437828e-14	3.4343289333640503e-13	9.040711040825159e-13	6.211320257688264e-14	-2.155678058257365e-13	7.766391170868145e-14	-4.380976363495712e-13	-4.074029279325765e-13	-3.726553194378472e-12	4.505388225842217e-13	4.3481501892451144e-13	7.192275788359752e-13	-1.2996622850482973e-12	-8.758733344779012e-12	-7.721133433876158e-12	-6.2753620792549755e-12	-6.954676612575192e-12	-6.6712989715518595e-12	-6.600428026212674e-12	4.922027035224475e-8	4.922024676307871e-8	4.919908178016716e-8	4.919951867748255e-8	4.9199712365926616e-8	4.919962066491502e-8	4.9199586342536747e-8	4.919943606040665e-8	4.919931375123465e-8	1.0541813415152893e-6	1.0541815626604422e-6	1.0541815680695944e-6	1.054181597969354e-6	1.054181666096073e-6	1.0541817014841147e-6	1.054181593574325e-6	1.0541814533218799e-6	1.0541813352288005e-6	1.0541809723938627e-6	1.0541808568719882e-6	1.054182563162945e-6	1.0541823199402044e-6	-0.38381325476823913	-0.3838132547682262	-0.3838132547684405	-0.3838132547672661	-0.38381325476673805	-0.383813254760531	-0.38381325476036676	-0.38381325476041317	-0.3838132547604353	-0.4263249144717834	-0.4263249144717866	-0.010603546165646242	-4.1111748902148195e-5	-2.661168283470545e-6	5.662593008668079e-8	-0.0006263780246697486	-0.0001406997317535733	0.00018091121534347554	3.936029075792647e-6	-2.68805540342274e-6	-1.936057821822612e-5	0.00014409631153096178	0.0002770059008544189	-6.750815580810141e-8	-6.399247911815636e-6	-1.7147310240248114e-7	2.198744001431491e-7	-3.948786664552187e-5	-1.050189016434866e-6	-3.534539683159241e-7	3.5494465280206253e-6	9.745531644717837e-7	-1.1969688812671293e-7	1.7552289789995834e-7	7.15681926669834e-7	2.798932980244854e-7	-5.7083009239520575e-6	-4.281407458935042e-7	6.93582518011689e-7	-1.1569047758234296e-7	-4.021366110423175e-8	6.06495254161435e-8	-6.8685168300437414e-6	1.7358078082884833e-7	-3.8006269497454233e-7	2.5340759948200777e-7	2.4500163817590793e-8	4.442995484954762e-6
66.0	-1.4154288075437754e-18	-1.3100485453393836e-16	5.312358986523602e-16	7.805967553753834e-16	-1.0766375553598501e-16	2.494440379214043e-13	8.33550997381704e-14	3.9399003581466897e-13	1.0365901501373253e-12	7.136373717481332e-14	-2.469729591259475e-13	8.92073422587253e-14	-5.026481748731239e-13	-4.66821812803065e-13	-4.277434491334846e-12	5.171486044292988e-13	4.991801501314505e-13	8.264492183036222e-13	-1.4920875277755047e-12	-1.005343434967117e-11	-8.863905316175282e-12	-7.2032386281633466e-12	-7.98386110482393e-12	-7.657714125350032e-12	-7.576721787492049e-12	5.6502333983152236e-8	5.650230749376348e-8	5.647801116638573e-8	5.6478512364466355e-8	5.647873468776735e-8	5.647862928406933e-8	5.6478589533403034e-8	5.647841743272325e-8	5.647827695110876e-8	1.2101458595117035e-6	1.2101461138251767e-6	1.2101461196423101e-6	1.210146154294965e-6	1.2101462320070057e-6	1.2101462726240746e-6	1.2101461488380933e-6	1.2101459880799921e-6	1.210145852527319e-6	1.2101454359658567e-6	1.2101453039171615e-6	1.210147262516638e-6	1.2101469826170915e-6	-0.4405978391986544	-0.4405978391986399	-0.44059783919888496	-0.44059783919753764	-0.4405978391969318	-0.4405978391898037	-0.4405978391896167	-0.4405978391896698	-0.44059783918969736	-0.48939903398136203	-0.48939903398136597	-0.011373138001904953	-5.678870211036432e-5	-3.935828660514373e-6	8.159022334524764e-8	-0.0009404172760526333	-0.00041256560664550314	7.886353048979263e-5	5.555250327462637e-6	-3.732822510376343e-6	-2.7863230255360738e-5	0.00018868764367352978	0.00038031435253078915	-7.408508376367311e-8	-8.75596689691372e-6	-1.9112705093908045e-7	3.1308529196339963e-7	-5.235287190508484e-5	-1.4065508001728801e-6	-4.6432949044421476e-7	1.1466160099454464e-5	1.3020281096189736e-6	-1.5845183796825012e-7	2.3196265251227545e-7	9.607868181334225e-7	3.6308325915663715e-7	-7.552590061442199e-6	-5.874264469887579e-7	9.783263554358806e-7	-1.5390956950262266e-7	-5.345339312632189e-8	8.048901960065069e-8	-9.157942886732752e-6	2.3090843357037851e-7	-1.270826715162689e-7	3.359955057662699e-7	3.2458636030202756e-8	5.90537212536551e-6
67.0	2.074608510054619e-15	1.1599294708601646e-14	4.750663249919709e-15	8.385125471860077e-15	3.439377482413974e-15	-3.264907414183598e-11	-3.2187357439437154e-11	-3.2214457902522496e-11	-2.990488460862003e-11	-2.9991488017447085e-11	-2.9878879762335756e-11	-2.933031729185164e-11	-3.1264022442447516e-11	-3.078992146526474e-11	-3.2652768826023794e-11	-3.418876105489428e-11	-3.4060059867787166e-11	-3.43722247037788e-11	-3.574920296679685e-11	-3.616328153102792e-11	-3.61645224560413e-11	-3.455773974280667e-11	-3.4645782395785676e-11	-3.4195040432953734e-11	-3.405176091222932e-11	1.258255061918121e-9	1.2582280136299906e-9	1.2523873692130046e-9	1.252823401800134e-9	1.254461159036559e-9	1.2544769098705488e-9	1.2544006935777916e-9	1.2540329282611608e-9	1.2533604574385495e-9	-1.1523929567517706e-6	-1.1523932245590527e-6	-1.152393216747671e-6	-1.1523932370085763e-6	-1.1523932544800803e-6	-1.1523932576992155e-6	-1.1523913687662855e-6	-1.152391027650382e-6	-1.152391130623843e-6	-1.1523910432107797e-6	-1.152391121478267e-6	-1.1523870138623922e-6	-1.1523870335843609e-6	-0.027998474868750425	-0.027998474868309513	-0.02799847486633118	-0.02799847487899698	-0.027998474883492264	-0.0279984748952086	-0.027998474894669823	-0.027998474895129462	-0.027998474895192395	0.4312430176458181	0.4312430176458539	0.00600982513496762	-4.0021743197409643e-7	-0.0038067351269004354	-0.003487564502919279	-0.0023870452345564996	-0.00020633261542048846	4.56996761176796e-6	-2.0234839741109633e-6	-7.871591398109013e-5	-0.00019008357909645337	5.686422593757572e-7	9.576366246618044e-8	-7.676486816307633e-8	-8.822095276425268e-6	-3.8296551413813306e-5	-1.233845927214114e-5	5.20783588060217e-7	2.422625832192609e-7	-1.8850428052084295e-6	-6.87856231162038e-6	-7.419733118261806e-6	2.15968518022424e-6	-4.822769419687581e-8	-4.209626221858714e-7	-1.089191216634359e-6	3.3231351448531176e-6	-3.1800526788768565e-6	-4.475514788885522e-8	-1.1173515131258408e-7	2.648774658956815e-8	-1.1451537310600512e-7	1.2809972021582641e-5	2.959017179721019e-8	-1.1912003534952515e-6	6.374610726632935e-9	-1.3784995619270684e-10	4.842412467193584e-7
68.0	1.8202256945972104e-15	9.606684628739392e-15	3.5454894697910056e-15	7.682107764552773e-15	3.104395263286698e-15	-2.844104445562322e-11	-2.8039046334325772e-11	-2.8062478613946996e-11	-2.6051015715613213e-11	-2.612675287056486e-11	-2.60281374016619e-11	-2.555030445795113e-11	-2.723500868058635e-11	-2.6821381246682733e-11	-2.844455612830417e-11	-2.978289851340088e-11	-2.967061271344097e-11	-2.994162923434908e-11	-3.114160988484453e-11	-3.150205127082315e-11	-3.1503345125666946e-11	-3.010357204475029e-11	-3.018045184700359e-11	-2.978785950501355e-11	-2.9662637578509106e-11	1.0960898679817868e-9	1.0960668165500723e-9	1.0909777626850903e-9	1.0913592280358048e-9	1.0927853100325296e-9	1.0927994892223882e-9	1.0927325126276348e-9	1.0924113728700672e-9	1.0918266678666168e-9	-1.003871677122081e-6	-1.0038719096444143e-6	-1.003871902646481e-6	-1.0038719206186509e-6	-1.0038719359294922e-6	-1.0038719385559724e-6	-1.0038702936630432e-6	-1.003869996393483e-6	-1.0038700859082896e-6	-1.0038700094210042e-6	-1.003870077790486e-6	-1.0038664996983433e-6	-1.0038665175210538e-6	-0.024390010145002715	-0.024390010144619882	-0.024390010142896615	-0.024390010153929137	-0.024390010157845293	-0.024390010168051233	-0.024390010167582493	-0.024390010167982947	-0.024390010168037334	0.37566408972807336	0.3756640897281063	0.005084857311904798	-5.000143679581805e-7	-0.003035591042892601	-0.0029845732826225178	-0.0019066805546273473	-0.00017010230743937134	3.7875147019953057e-6	-4.651770669702951e-6	-2.7608324346638225e-5	-0.00013335189259232287	4.5869060396787263e-7	7.173742840652325e-8	-7.405332950708392e-8	-8.389188093548414e-6	-2.6681914056671862e-5	-9.6262788715204e-6	3.931987025283905e-7	1.9096032565598654e-7	-1.5832596948227628e-6	-5.925832390010781e-6	-5.478979368497599e-6	1.6819467619007656e-6	-3.514958285357018e-8	-3.1405050057935973e-7	-8.327276679133552e-7	2.492049248476323e-6	-2.319512932247243e-6	-8.719736240446717e-8	-8.239890875238423e-8	1.9879624400778347e-8	-8.666650819414343e-8	9.833387783070644e-6	2.6529386422879418e-8	-1.140289596250484e-6	4.507997406037996e-9	-1.5179109259473293e-11	3.653969920905878e-7
69.0	-1.11787295559467e-15	-1.7634257253599465e-15	-3.7821847866160137e-16	-1.9888590096822617e-15	-3.635651902648223e-15	-2.0349639146044158e-16	-9.470246522166836e-15	5.248460832315443e-15	8.440014583716501e-15	2.3110486865368454e-14	1.73243862573992e-14	1.8923904334145794e-14	8.284350435903718e-16	-5.504878383345413e-15	-1.5460815589081423e-15	-1.3234314674173483e-15	8.21342006065307e-16	2.0144735801649665e-15	4.2874903993705757e-16	6.344072073230042e-15	1.2490505758938683e-15	-7.112815617991215e-15	-3.366345479170396e-15	-3.1594085455822985e-15	2.0958225610873795e-16	3.643238347854225e-14	2.17142338994985e-14	1.0753951201905983e-14	2.1315120428091932e-14	-8.613996422833282e-14	-8.60131638259374e-14	-8.292889959333283e-14	-7.761575464739195e-14	-7.508848498039115e-14	-7.328729079086776e-14	-5.497521875289386e-14	-6.617779094781101e-14	-9.069654027266554e-14	-7.850030716317368e-14	-8.293453783605726e-14	-8.049654350019256e-14	-1.1656930931252414e-13	-1.2890394358247335e-13	-1.3704381626041284e-13	-1.2854382596305925e-13	-1.5653010986357632e-13	-1.1867248118676658e-13	-1.6619731006710107e-13	-2.6894346691264757e-12	-2.66732372817205e-12	-2.742165051362275e-12	-2.6573875359939744e-12	-2.5207238518928845e-12	-2.648673813892409e-12	-2.6627912178322398e-12	-2.663490642422382e-12	-2.6752000210623224e-12	-2.6478117025608744e-12	-6.932954747890975e-5	1.7931395158374432e-8	9.221929422497553e-11	8.667500530258503e-11	-1.5117792550295343e-9	2.5171489550989008e-11	4.3455470371205826e-10	-2.999384492574338e-10	-1.951671326701531e-7	-1.3828950227307686e-6	4.122046259303829e-6	1.0240439648545672e-6	3.589630784626361e-7	8.86620632975716e-6	1.4030176888940365e-6	3.0237113003750905e-7	-1.107721137858799e-9	1.09193591523743e-9	3.458491197866702e-8	-1.0188296230626268e-5	9.317500047775515e-7	9.594254392723057e-8	3.081707399574998e-8	-2.362558376781887e-8	-2.433724460507187e-9	1.0741367258384079e-7	1.6235668145147024e-7	-1.7416389514408056e-7	-6.083793302334107e-10	5.826778385006012e-10	-1.4200986973782152e-9	-1.0298544499389328e-6	-2.748112941222429e-8	1.5272402191605346e-6	5.820637276550413e-9	-2.281260275099042e-10	-7.949765357466642e-9
70.0	-2.213515960584653e-15	-1.7257832135232323e-15	-2.6905279060296598e-16	-3.373290741864799e-15	-3.945615287361382e-15	-3.4530154817816363e-16	-9.401264119825928e-15	4.769969414064112e-15	8.42517413430344e-15	2.3104969905180597e-14	1.724977692726811e-14	1.8718637927869153e-14	1.0716757753714725e-15	-6.058153341278849e-15	-2.0785898944984025e-15	-9.527446543737868e-16	1.0130764993560212e-15	2.1086792411538423e-15	7.17585679072512e-16	5.959891699401491e-15	1.2141460578219986e-15	-7.032545021247666e-15	-3.1977977500346156e-15	-3.262823904126765e-15	-1.040592871414895e-15	3.5276094761579866e-14	2.2280680261987126e-14	1.2625725277698361e-14	2.145750418855775e-14	-8.586063672451767e-14	-8.589119868019394e-14	-8.239460100774487e-14	-7.75360190349425e-14	-7.64257980281536e-14	-7.430314191607324e-14	-5.502564172371522e-14	-6.64061454153472e-14	-9.082816477412764e-14	-7.815173003376044e-14	-8.358570282340755e-14	-8.055149407208225e-14	-1.1690419504930004e-13	-1.2886506813861643e-13	-1.3712261629809843e-13	-1.2957120371168268e-13	-1.5650329410961162e-13	-1.1904035949838085e-13	-1.6606778209430091e-13	-2.6891614522355613e-12	-2.66754461297303e-12	-2.7414363018997527e-12	-2.6575395449008953e-12	-2.521229212720863e-12	-2.6493365753438476e-12	-2.662097385105805e-12	-2.664012293854412e-12	-2.675739794161022e-12	-2.647463129412859e-12	-7.427139482031499e-5	2.7746157312486226e-8	1.4361614448389199e-10	1.1689335784945856e-12	-1.4083370254839352e-9	2.5664429760328353e-11	5.325061049671089e-10	-3.6162431842429874e-10	-1.9274848031114744e-7	-3.7943819824548682e-6	1.4798542316438311e-6	7.648437758691447e-7	3.864196026889995e-7	1.0268413567137924e-5	1.6038354138118237e-6	4.1179626429246393e-7	-1.453421955251337e-9	9.211283521684866e-10	3.446701688307781e-8	-8.174018686455432e-7	1.031051421230015e-6	8.587550199238279e-8	3.033566174546208e-8	-2.4907547252062683e-8	-1.722507993533251e-9	1.0599644475842453e-7	1.7068152029774894e-7	-1.5526044370753329e-7	-6.022049694123659e-10	4.873650484442579e-10	-1.2394850555470675e-9	-1.0690710838874314e-6	-1.6264428671211483e-8	7.54248844523819e-7	5.8924911504265135e-9	-2.351488218385878e-10	-7.753905197129168e-9
71.0	-1.9081051774611387e-16	-4.526883945906127e-16	2.1253816528874542e-14	3.560208537430181e-13	3.529399107595501e-13	2.9688035116467615e-13	-6.245180712109712e-13	-6.194550998663952e-13	-2.9444498967119286e-13	-2.91277454880114e-13	-2.908028527448163e-13	-3.305927435992915e-13	-3.2639223277710144e-13	-3.1868329665330135e-13	-4.903221967628322e-13	-2.389031084799206e-13	-6.526330513787405e-14	2.0418774533350783e-13	2.9946869375748445e-13	1.1673548334012165e-12	6.277655245398144e-13	6.127185794594672e-13	7.050335075489699e-13	4.818431889485718e-13	2.800669040985881e-13	2.4717401396554876e-13	2.455631560409457e-13	2.6486521663502365e-13	2.6324699952197134e-13	1.4004845415601736e-14	1.919283936984646e-14	-1.1748139163792375e-12	-1.3339995633393409e-11	-5.5027581963008404e-8	-5.50275932637876e-8	-5.502758151309113e-8	-5.502746989583556e-8	-5.5027645901351255e-8	-5.50281295534182e-8	-5.50281229542721e-8	-5.502876801830415e-8	-5.502876963876932e-8	-5.502876914850713e-8	-5.502886898278091e-8	-5.502910160553345e-8	-5.502907568133363e-8	-5.5029117482351955e-8	-5.5028578062386505e-8	-5.5027815966652845e-8	-5.5029476593014975e-8	-5.5029445930486335e-8	-5.502798023413786e-8	-5.5028092448063824e-8	-5.50290678781386e-8	-5.502945198835e-8	-5.502936533168987e-8	-5.502937152904666e-8	-5.502897290327888e-8	-1.3250810451304978e-5	-4.14411775112984e-7	5.08460551646583e-10	7.325054373320129e-13	-2.188607065899204e-12	-1.4707407381783308e-12	-3.759323344974289e-9	8.57675144903873e-9	-1.2166721797167897e-7	2.3323408109380135e-8	-0.0002091980913512831	-6.836212683090363e-5	-0.000701836562101593	-4.330097385204243e-7	3.6907947105192057e-6	1.9278686143918955e-5	-0.1107360615891774	-0.05857907673216121	2.1348610888432075e-7	4.8955740562878024e-5	-4.7006717997520657e-7	7.088984793274011e-7	-2.303059357408083e-6	3.8289041241136e-6	7.816700927177818e-7	-1.7355898154351149e-6	5.489280375151658e-7	2.4740016225569316e-7	-2.4311601721750136e-7	-1.8849598079532949e-6	-2.837626190973677e-8	6.040136262641975e-7	4.8225277531690776e-8	6.813651412162863e-7	-1.2861508232080506e-8	-6.849740728956719e-8	5.242193441821193e-6
72.0	-2.9849207441788545e-16	-6.595906657654874e-16	2.3846891391219387e-14	4.088979007907975e-13	4.0595025714994004e-13	3.4086095861270396e-13	-7.158424104691147e-13	-7.108741961370571e-13	-3.3789368878321466e-13	-3.347014588074486e-13	-3.3232030287953114e-13	-3.7980367879490826e-13	-3.7401082032570314e-13	-3.668150551642712e-13	-5.621113818151458e-13	-2.7384225800242914e-13	-7.474293764182267e-14	2.349221337044293e-13	3.4428043603836915e-13	1.3395134166885778e-12	7.207525691287582e-13	7.024319484019346e-13	8.098247843804745e-13	5.532286562983187e-13	3.216912561922679e-13	2.8303005797888704e-13	2.8227355051389307e-13	3.055285143723701e-13	3.0217340360120224e-13	1.6370861464029076e-14	2.2392971647157052e-14	-1.34945423723924e-12	-1.531275058977523e-11	-6.31688275450595e-8	-6.316884132000541e-8	-6.316882772715087e-8	-6.316869920242343e-8	-6.316890182090324e-8	-6.31694565560973e-8	-6.316944956769158e-8	-6.317019051345248e-8	-6.317019229057404e-8	-6.31701912314177e-8	-6.317030594237099e-8	-6.317057337040845e-8	-6.317054301046737e-8	-6.317059053833445e-8	-6.316997148755713e-8	-6.316909729989414e-8	-6.317100365676522e-8	-6.317096819220696e-8	-6.316928563456041e-8	-6.316941424392948e-8	-6.3170534075352e-8	-6.317097471620894e-8	-6.317087586000313e-8	-6.317088269295605e-8	-6.317042578582637e-8	-2.2515788094738896e-5	-7.031498389093983e-7	7.958152594953129e-10	1.1081778061875289e-12	-2.934249233782412e-12	-2.137250524416489e-12	-4.6037597159162625e-10	1.2213664301266198e-8	-1.8448590400386604e-7	3.8758447927306844e-8	-0.00031622563597456804	-0.0002028071825714034	-0.0003094546442504236	-5.536682577499448e-7	5.226400572334904e-6	2.8054461796342434e-5	-0.14712815310033206	-0.08095623607167068	2.584573142460626e-7	6.555913474229562e-5	-6.998848219721946e-7	9.759732111313373e-7	-3.0521779041720295e-6	5.138781944763313e-6	1.0075262798166656e-6	-2.323653478654715e-6	7.51621922658037e-7	2.3398427120308294e-7	-3.244486228339107e-7	-2.522712212591571e-6	-3.7832806030618034e-8	8.121781930832371e-7	7.221553882021718e-8	2.2814215739581732e-7	-1.713853115227522e-8	-9.16304106053551e-8	7.0069204781328975e-6
73.0	-7.390436108798233e-8	-7.390497646143055e-8	-7.390493490397112e-8	-7.390508045101262e-8	-7.390508093038485e-8	-7.390511193193461e-8	-7.390591043357645e-8	-7.39059138409864e-8	-7.390699085902805e-8	-7.390698730861527e-8	-7.390699130267357e-8	-7.390712814514167e-8	-7.390714400899726e-8	-7.390710453610258e-8	-7.390735317909377e-8	-7.39077618089554e-8	-7.390812724101734e-8	-7.39083265116753e-8	-7.390839346690051e-8	-7.390952033284218e-8	-7.390926986805305e-8	-7.390909323353773e-8	-7.390918566454891e-8	-7.390946844031832e-8	-7.390905282901046e-8	-7.390902246660526e-8	-7.390901808360969e-8	-7.390900330265058e-8	-7.390901507357653e-8	-7.390893669175318e-8	-7.390892891319999e-8	-7.391053026342612e-8	-7.390593214984488e-8	1.5272229770633784e-7	1.527225484398245e-7	1.5272268861376613e-7	1.5272270843456608e-7	1.527225207860322e-7	1.5272215109952436e-7	1.5272215857723355e-7	1.5272143250202585e-7	1.527214171879959e-7	1.527214222829886e-7	1.5272112123814207e-7	1.527216544813217e-7	1.5272172281733812e-7	1.5272184440160002e-7	1.5272212210362006e-7	1.5272124276161644e-7	1.5272034369203892e-7	1.5272078780294759e-7	1.5272096438552743e-7	1.5272085064166864e-7	1.5271989911669963e-7	1.5271989838672553e-7	1.527200571424463e-7	1.5272008147712393e-7	1.5272023667226518e-7	-3.3239846057118114e-5	2.23703651949163e-9	1.85631141836361e-7	1.2216708800041626e-9	9.072760280554625e-10	-5.4834268160211854e-9	-7.192649302671949e-11	9.535069693195932e-10	4.925416611814377e-6	-1.5002895347940387e-5	4.564747228702444e-7	-6.69317052959252e-8	-1.8593978973353137e-6	-1.127151295895545e-5	-0.0010877200764458496	-0.0027261588548763214	-7.085880882821922e-9	6.056749806348105e-9	9.050496339285163e-7	3.2081828792328336e-6	6.541349437586954e-5	-3.16559662577765e-6	-3.2558117757812115e-8	1.7604448515836742e-7	-4.416439629933768e-6	-1.259649230167615e-5	4.017455506309744e-7	8.363529813410687e-6	-5.135699403337148e-7	9.436220595017253e-8	-1.33132477586553e-7	-3.5351424008563544e-6	2.601171866768947e-7	-2.7886285182969585e-6	-1.6324442486734692e-7	-1.4500828596636064e-7	-8.521304822258178e-5
74.0	-6.437951007343622e-8	-6.438004736621592e-8	-6.438001132253912e-8	-6.438013810637984e-8	-6.438013721056435e-8	-6.438016526091088e-8	-6.438086080642631e-8	-6.438086354665085e-8	-6.43818022885543e-8	-6.438179915656274e-8	-6.438180212613795e-8	-6.43819209056531e-8	-6.438193615816518e-8	-6.43819009385965e-8	-6.438211748410571e-8	-6.438247380322259e-8	-6.438279168544123e-8	-6.438296557418468e-8	-6.438302391543602e-8	-6.438400538802273e-8	-6.438378754082318e-8	-6.438363307098906e-8	-6.438371384285621e-8	-6.438396020553999e-8	-6.438359832510301e-8	-6.438357129743297e-8	-6.438356740136003e-8	-6.43835549598686e-8	-6.438356445142738e-8	-6.438349664572032e-8	-6.438348986589007e-8	-6.438488534960905e-8	-6.438087914494782e-8	1.3303933208231375e-7	1.3303955026474509e-7	1.3303967275695542e-7	1.3303968949380357e-7	1.330395263116049e-7	1.3303920427177735e-7	1.3303921156442406e-7	1.3303857862210158e-7	1.3303856516771024e-7	1.330385694801607e-7	1.330383075760081e-7	1.330387717693108e-7	1.330388313120145e-7	1.3303893700594732e-7	1.3303917815400312e-7	1.3303841308855355e-7	1.330376294723782e-7	1.3303801617941572e-7	1.3303817039000095e-7	1.330380716394936e-7	1.3303724227771662e-7	1.3303724121715328e-7	1.3303738007382758e-7	1.3303740146308125e-7	1.3303753639025792e-7	-3.318057371993551e-5	2.4470951949749014e-9	1.8615485593210363e-7	1.2536808362839087e-9	3.2834663982184913e-9	-5.9329191405101315e-9	-1.1445033251650953e-10	-3.475643577342282e-10	4.58494487643073e-6	-1.5025495211304165e-5	4.743799790444462e-7	-6.658985385501197e-8	-1.8130825353584367e-6	-2.6110572558335178e-5	-0.00040608505507685517	-0.0021280038885935315	-6.566218099735044e-9	6.042027590479149e-9	9.074071923962149e-7	-1.417517690398549e-5	4.522086730681495e-5	-2.3963188056757952e-6	-2.243739922989382e-8	1.4475458064308066e-7	-3.4895056098413393e-6	-1.0148830614032282e-5	1.6290275088571075e-7	6.458593222668672e-6	-3.7700296980361644e-7	7.177941856966088e-8	-1.0260506486057934e-7	-2.793378409995653e-6	1.4354679246595483e-7	-2.0315063739708087e-6	-1.1901045962575042e-7	-1.0443533959923438e-7	-6.474386649276973e-5
75.0	-5.494287732460888e-16	7.343853262516492e-15	-1.862887532759145e-15	-1.1624945459345005e-16	2.9518600440318963e-15	-1.627227097500305e-15	-2.5675499931420387e-14	8.550880100470183e-15	8.711402881780877e-15	2.1897914323700654e-14	1.0536925408726958e-14	1.0583731440628666e-14	-3.1250967627125188e-15	2.0591546620091154e-15	2.0655724788199332e-15	-1.0747471844033347e-14	-6.06932223000778e-15	-3.7735113854673194e-15	-4.156349611644731e-16	-5.2759473863646234e-15	3.829188781076123e-15	1.670749580059459e-14	5.812270971931095e-15	6.0873105715383235e-15	2.1023073133611726e-14	6.8203287181889895e-15	-4.0185970380164455e-15	1.3395955713376114e-16	2.598562608426342e-15	1.2670497851709302e-14	3.00310308608741e-15	1.3554965806704003e-15	-7.472637528128494e-17	4.592619737261211e-16	2.3046689625567233e-15	-6.857966193826396e-15	-9.323589630142019e-15	-1.196738514600723e-15	3.711678574057193e-16	8.927117246033624e-15	-6.522714909296689e-16	-2.891485834729787e-16	2.0875128451597098e-16	4.963965433104673e-15	5.982362334757173e-15	1.587193309858174e-13	2.1025964363559677e-13	1.647505851910149e-12	1.667382100345295e-12	1.6086013857328627e-12	1.5597614914371617e-12	1.6571892495536025e-12	1.8300281046316845e-12	1.887215813551749e-12	1.840140828715451e-12	1.6293925273997485e-12	1.621707929516605e-12	1.7572837811504604e-12	-1.7898236613978477e-6	5.571173071738474e-10	6.772832268882361e-10	-6.165486488277891e-12	1.4541741477402086e-11	-6.517579202032831e-12	-1.1217543631978531e-11	4.4033656701792425e-8	1.5367959671433073e-7	2.044196500277162e-6	2.2010623063060184e-6	8.86073715580204e-7	3.300042022870563e-5	-8.365450850983387e-7	2.952958020712046e-6	2.625937783739564e-6	-0.001354605439163092	0.0006712716008839734	-8.840354722092158e-10	2.4551088818167904e-5	6.578866387122187e-5	2.6124112105371654e-6	4.301890874331495e-8	9.397981276076426e-8	-3.847809876792377e-7	1.4812067716834933e-7	-1.3314791701819782e-6	3.3873825199440957e-7	3.0625468912048836e-9	-2.597832265247933e-9	-5.482737819619492e-9	1.2490569884539734e-7	1.7091885002696885e-8	-9.385731175648372e-8	1.0299624264701554e-10	-1.0298654242532328e-9	-4.6232463030799764e-8
76.0	-5.581669397224549e-16	8.257229192875093e-15	-2.4674926456684386e-15	-4.1175894805484596e-16	3.0047428976921238e-15	-1.7273014876445544e-15	-2.419355196726522e-14	7.813134080303558e-15	8.630855936745118e-15	2.1712402903816676e-14	1.0480667763079364e-14	1.1118269016953282e-14	-2.6167832116327757e-15	1.9484061097325094e-15	2.152453124718604e-15	-1.0607358384656292e-14	-6.210427413395477e-15	-4.3458049845171394e-15	-6.076339287762428e-16	-5.3181776182958644e-15	3.021940724253838e-15	1.6628343114109793e-14	7.34173761681993e-15	5.999366153008519e-15	2.1119822739280988e-14	7.1005352331175066e-15	-3.601814525419999e-15	-1.1103872967255417e-17	2.5071633971943397e-15	1.3840973223697802e-14	3.2008636851593754e-15	1.0795701340808292e-15	3.9771636404291495e-16	1.155009075460569e-15	2.591443882717348e-15	-7.077557564193525e-15	-9.60370929507762e-15	-1.297489766400258e-15	1.82860554443881e-16	8.545996334705281e-15	-7.650506148477221e-16	-3.563214626422179e-16	6.15941605751018e-17	4.707105902748033e-15	6.059667528880979e-15	1.5887269159406324e-13	2.1040921790378536e-13	1.6467215026092761e-12	1.667084488194775e-12	1.6085957862771508e-12	1.5591557577242093e-12	1.6566382157115339e-12	1.8301814171398477e-12	1.8873408171758516e-12	1.8411171593717965e-12	1.629353835003094e-12	1.6215270272944687e-12	1.7570589496447988e-12	-2.078286350834501e-6	8.383668242392854e-10	8.521582706904443e-10	-7.711033309122297e-12	1.9433441559125488e-11	-8.351458943397336e-12	-8.370978173777788e-12	6.53518065469822e-8	1.2127221284200496e-7	2.6586748319403e-6	2.4148355612400956e-6	1.0490801208255485e-6	3.945822615963022e-5	-1.248325850849965e-6	4.400041742019163e-6	7.653433738843168e-6	-0.0005218667021340874	0.0005552325116914847	-8.515412716920975e-10	3.667356320128099e-5	6.926279401787454e-5	2.960859167630493e-6	-9.413888711562873e-9	9.460279634740383e-8	-3.767514030410016e-7	1.4725728374564e-7	-1.3749026591140193e-6	4.2060623137619083e-7	2.9857498590474723e-9	-6.031859869574131e-9	-5.186769799967162e-9	1.112755306650999e-7	5.314023305099201e-8	-2.0320904307622232e-7	2.0082416237422787e-11	6.461257225792321e-9	-4.967321643191547e-8
77.0	-5.225930465697191e-16	4.716575486344925e-17	-1.0867811347973236e-15	2.1588006206566245e-13	3.2144073018328826e-13	-1.3092614583494195e-13	-2.012409396294296e-13	-5.464868342231986e-13	-5.159318316568351e-13	-3.625704328654618e-14	-6.180788806654499e-14	-9.866820120123038e-14	-1.1402717799680415e-13	-4.102174141355172e-13	-5.375067920480807e-13	-6.908820845613725e-13	-5.762301314583692e-13	-5.869327647054557e-13	-5.869751801335365e-13	-1.7267060427243315e-13	6.496813207071333e-13	6.495366440211468e-13	3.0041844038491617e-12	-5.094629308546314e-11	-4.991057873651977e-11	-5.037692187058411e-11	-5.0091042370017074e-11	-5.0293057654113854e-11	-4.999584860442451e-11	-5.034525542268616e-11	-5.098346708700453e-11	-5.2447956364269203e-11	-5.317857549614175e-11	-5.323641843997175e-11	-5.195787221471663e-11	1.4396933482762382e-6	1.4396933897327955e-6	1.4396934474717565e-6	1.4396930923879355e-6	1.439692912510796e-6	1.43969308824518e-6	1.4396931017621474e-6	1.4396925041911797e-6	1.4396924601748754e-6	1.4396924433139025e-6	1.4396924132411059e-6	1.4396924706358288e-6	1.4396922594463166e-6	1.4396923450832693e-6	1.4396922548602676e-6	1.4396918996433297e-6	1.4396918459121644e-6	1.4396918522205257e-6	1.4396919947722752e-6	1.4396919597247655e-6	1.4396899012185064e-6	1.4396893889886209e-6	1.4396894559362737e-6	-0.3294318026966057	-0.3163423675018309	-0.32329496833376703	-0.32015370269549276	-0.33875452350973434	-0.3307813541799939	-0.34114375043337614	-0.3166436795256285	-0.32220321372141825	-0.31555788009794783	-0.34859002230517006	-0.3228645311431222	-0.39582388633604876	-0.31990305100432737	-0.32244025367655554	-0.31104272084126516	-0.31607361290128594	-0.16080420491493677	-0.009855897487081745	-0.008422655893213449	-0.0007959666402869269	-0.0005650690757754784	-0.0006040405964033936	-0.00042623861836705657	7.73617366860163e-8	-3.835622100824757e-6	-4.750285837443143e-5	-2.8727557154614164e-7	-0.00011673503638021563	-1.0407603132233634e-5	-1.5135854181523687e-8	2.623064238275377e-6	-1.0981244346753618e-6	8.789770059983524e-8	3.565844120979886e-7	-8.308072524546189e-8	8.005846813939792e-7
78.0	-3.459215569561158e-16	-7.967931988224874e-17	-1.5854857462216933e-15	2.47806702501667e-13	3.6895886139205167e-13	-1.507951724650167e-13	-2.2937897067252874e-13	-6.280204581274139e-13	-5.927265481355333e-13	-4.0188412629782086e-14	-6.952360978490926e-14	-1.1293451579751286e-13	-1.3089447623462e-13	-4.712633174338269e-13	-6.173115692677688e-13	-7.933030290628516e-13	-6.622263942577662e-13	-6.740469882361925e-13	-6.738258283199395e-13	-1.982300529858226e-13	7.460703979324887e-13	7.450709532060149e-13	3.4481834522766995e-12	-5.848377347476177e-11	-5.729513944623693e-11	-5.7829301023576056e-11	-5.7501282849781344e-11	-5.7734180363314857e-11	-5.739177997959518e-11	-5.779398436921972e-11	-5.852676421504749e-11	-6.020694383732768e-11	-6.104581107364935e-11	-6.111214138915181e-11	-5.96450121724025e-11	1.6526937787164734e-6	1.652693826127252e-6	1.6526938914590786e-6	1.652693484840062e-6	1.652693278450566e-6	1.6526934798999776e-6	1.6526934964560114e-6	1.6526928100470375e-6	1.652692759436107e-6	1.652692740372169e-6	1.6526927054778773e-6	1.65269277092711e-6	1.652692528882391e-6	1.6526926272408885e-6	1.6526925238764914e-6	1.652692115543065e-6	1.6526920537242216e-6	1.6526920612558664e-6	1.65269222524857e-6	1.6526921844342752e-6	1.6526898219325904e-6	1.6526892337436453e-6	1.6526893097262454e-6	-0.5000000000000013	-0.5000000000000037	-0.5000000000000011	-0.5000000000000014	-0.500000000000002	-0.500000000000002	-0.5000000000000014	-0.500000000000003	-0.5000000000000006	-0.5000000000000021	-0.5000000000000041	-0.5000000000000028	-0.5000000000000021	-0.500000000000002	-0.5000000000000012	-0.5000000000000012	-0.5000000000000012	-0.4999999999999999	-0.004473258132139635	-0.011842913645008096	-0.0011159114272065	-0.0008177045208882581	-0.0007956179485346173	-0.0005872665290600149	8.290644127971405e-8	-5.088243370100762e-6	-6.510783771425128e-5	-2.2349194408507592e-7	-0.00015589019720169378	-1.402793014471559e-5	-2.0797365502581697e-8	3.6123674019545614e-6	-1.491915092158031e-6	1.0194721266745625e-7	4.788398519824261e-7	-1.115636634764964e-7	1.0803569064195966e-6
79.0	2.9954280109597225e-9	2.995389543248612e-9	2.995388875396829e-9	2.997997185956904e-9	2.9985054864168457e-9	2.998128686745823e-9	2.99815628165041e-9	2.998377781602647e-9	2.998442984806928e-9	2.9983818828242674e-9	2.998710285296962e-9	2.9986853500389328e-9	2.9983545152129254e-9	2.9979325067914723e-9	2.99802605439969e-9	2.997977974310615e-9	2.9980534808044544e-9	2.9980447511553215e-9	2.9980277770426398e-9	2.99675866222677e-9	2.9993592006976454e-9	2.9993601921955012e-9	2.999537664413578e-9	3.456219656211738e-9	3.4555416261645395e-9	3.4559630089919647e-9	3.456273422831393e-9	3.4518270534223477e-9	3.4525584549156294e-9	3.4524900803953815e-9	3.4530844199795265e-9	3.452412185463428e-9	3.4544164845865016e-9	3.454385448093212e-9	3.4543315853437605e-9	-6.053671903287399e-7	-6.053671757785603e-7	-6.053670973274127e-7	-6.053673096255279e-7	-6.053673786029644e-7	-6.053674855799888e-7	-6.053674852628089e-7	-6.05367646509079e-7	-6.0536817315738e-7	-6.053681887886712e-7	-6.053682419287806e-7	-6.053681441704498e-7	-6.053679688199984e-7	-6.053679486004466e-7	-6.053680063780693e-7	-6.053681386767775e-7	-6.053681577737729e-7	-6.053681633884046e-7	-6.053677930079332e-7	-6.053682957587715e-7	-6.053672701994311e-7	-6.053696875964077e-7	-6.053696210316027e-7	2.2919156122337852e-7	2.2919174241193335e-7	2.2919361163206284e-7	0.49477749299404317	0.4947774929940433	0.49477749299404333	0.4947774929940435	0.49477749299404516	0.49477749299404306	0.49477749299404566	0.4947774929940491	0.4947774929940479	0.4947774929940488	0.49477749299404894	0.49477749299404744	0.4947774929940482	0.4947774929940483	0.49477749299404694	0.49477749299404883	0.0408231631119779	0.03029699699968784	0.03261923793300834	2.8794741722626704e-5	-5.725635533233875e-7	1.0878340217506365e-5	6.634274848424843e-7	7.984893227287328e-6	1.800407176206712e-6	-2.522871207152061e-6	-1.387455780786375e-7	2.0285453301989943e-6	9.321876906101341e-7	4.856721620166529e-6	-2.986059406870497e-6	-1.4181769199588024e-7	-6.687113889296657e-7	1.521485699435325e-5
80.0	2.6093751666173116e-9	2.6093414721986417e-9	2.6093410877412643e-9	2.611613398566277e-9	2.6120552460345775e-9	2.61172692505796e-9	2.6117514959838647e-9	2.611944730186761e-9	2.6120009834039325e-9	2.611948795606868e-9	2.612234699845652e-9	2.6122128283882527e-9	2.6119247184194263e-9	2.6115566513163717e-9	2.6116386586926403e-9	2.611596456593598e-9	2.6116619809880774e-9	2.6116542641193377e-9	2.6116397612305164e-9	2.6105345491717716e-9	2.6127998543533013e-9	2.6128000255035643e-9	2.612954713157588e-9	3.0107793755522907e-9	3.010189011186775e-9	3.0105562389643043e-9	3.0108260333611474e-9	3.006952748569996e-9	3.0075904330716277e-9	3.007530664744225e-9	3.008049004067484e-9	3.0074626191087724e-9	3.0092087221126283e-9	3.0091822464202597e-9	3.0091344210238153e-9	-5.273470062189892e-7	-5.273469929304367e-7	-5.27346925592102e-7	-5.273471106153001e-7	-5.273471703448097e-7	-5.273472649839791e-7	-5.273472635368695e-7	-5.273474048588538e-7	-5.273478626588795e-7	-5.273478767096202e-7	-5.27347922742762e-7	-5.273478382620993e-7	-5.273476847102664e-7	-5.27347667058072e-7	-5.273477170956172e-7	-5.273478326306862e-7	-5.2734784948926e-7	-5.273478547756477e-7	-5.273475314037258e-7	-5.273479698260952e-7	-5.273470758441613e-7	-5.273491816182769e-7	-5.273491242362045e-7	1.9965317805919808e-7	1.9965333627070326e-7	1.9965496492527457e-7	0.4310101935985467	0.43101019359854703	0.43101019359854575	0.43101019359854864	0.43101019359854953	0.43101019359854686	0.4310101935985496	0.4310101935985515	0.4310101935985522	0.4310101935985511	0.43101019359854975	0.431010193598551	0.4310101935985516	0.4310101935985514	0.43101019359855025	0.4310101935985515	0.09388641040237315	0.01069002844850833	0.022357387189466286	2.3602186850255397e-5	-4.6139029318804717e-7	8.94945898287585e-6	6.25974736280584e-7	5.4790250664760635e-6	1.551963185851984e-6	-1.8980685026041748e-6	-6.286283398003549e-8	1.6238848708531208e-6	7.611761514477727e-7	3.570754654695818e-6	-2.2822660776533917e-6	-1.0054979457668388e-7	-4.950760440542094e-7	1.1951867890330498e-5
81.0	-8.766888187718315e-15	-2.4872700268728026e-16	4.390229130168369e-15	7.025443137208705e-15	-1.7995677759831374e-15	-1.3525807242730555e-14	4.395689598795961e-15	3.134678797302378e-14	3.079540653924208e-14	8.318910478246127e-14	4.157470578262229e-14	4.824277592758128e-14	9.941098015827285e-14	1.034405378304508e-13	1.9261859723081685e-13	-1.2013309020719315e-12	-1.6742723435951237e-10	-1.6740187800769472e-10	-1.6744522320893359e-10	-1.6743687947229925e-10	-1.67354509817625e-10	-1.6725450718306263e-10	-1.6731345642975007e-10	-1.6735567786923616e-10	-1.673482347758339e-10	-1.673391717649117e-10	-1.6732968640538177e-10	-1.6739052267698985e-10	-1.6737798588560124e-10	-1.672713475857012e-10	-1.6729777573113982e-10	-1.673262053989389e-10	-1.6744349276950774e-10	-1.674188257185187e-10	-1.6741000844084968e-10	-1.6742247556941962e-10	-1.6724018887655196e-10	-1.67249897646501e-10	-1.671724413647281e-10	-1.6716121786231262e-10	-1.6715992810646492e-10	-1.6714230353268725e-10	-1.6703518294652961e-10	-1.6708755170148062e-10	-1.6705566526157482e-10	-1.6710789495322145e-10	-1.6705614420903695e-10	-1.6704920336472954e-10	-1.6699846208709537e-10	-1.670614544627798e-10	-1.6710406641874954e-10	-1.6710786970563468e-10	-1.6693609206673012e-10	-1.6697266399681218e-10	-1.6697875676667543e-10	-1.6693404915836902e-10	-1.6694750399173989e-10	-1.6696258373578065e-10	-1.669901115637691e-10	-1.6700381301002914e-10	-1.6700279184506532e-10	-1.6694049257716294e-10	-1.669552839511319e-10	-1.6687464815086788e-10	-1.668362764598415e-10	-1.6679326534182483e-10	-1.6678060739575338e-10	-1.669158506490554e-10	-1.6681156830164275e-10	-1.667888607173042e-10	-1.6681679501639603e-10	-1.668401095416737e-10	-1.670637648303886e-10	-1.66971892160224e-10	-1.670318898501399e-10	-1.6698672079477028e-10	-1.6702097933992055e-10	-8.287860609666632e-5	-1.5352237811559705e-5	1.9679587457879206e-5	9.497512210583204e-6	-1.4178991501353896e-7	-6.799374226688895e-7	2.8934723110514193e-7	-4.2727982159594266e-6	-4.0786813617564517e-7	-1.5425619082096535e-7	5.04972690279086e-8	-7.259890672679242e-8	3.6345927541484e-7	-9.851333795692101e-7	-9.229677941037897e-8	8.020962450870143e-9	-3.6448813956025565e-9	-2.5770527957549503e-8
82.0	-8.86202566727764e-15	-2.6644435804883617e-16	4.514022170662171e-15	7.33636055403963e-15	-1.8675906332070654e-15	-1.330852225023975e-14	4.58433047612302e-15	3.159891904333372e-14	3.1484753533310454e-14	8.285749062082779e-14	4.147519100349951e-14	4.8274220153804384e-14	9.893302068769837e-14	1.0390352888975663e-13	1.927626291059827e-13	-1.2099911299920706e-12	-1.6742734878786958e-10	-1.6740223979545096e-10	-1.6744522775450377e-10	-1.6743676578963052e-10	-1.6735482134332796e-10	-1.6725444353292854e-10	-1.673128543182651e-10	-1.673555917788798e-10	-1.67348132738209e-10	-1.673376724747559e-10	-1.6732953180747957e-10	-1.673911749670881e-10	-1.6737816228325146e-10	-1.672712483418759e-10	-1.6729751097141677e-10	-1.673259175001259e-10	-1.6744429577710509e-10	-1.6741880661627465e-10	-1.6741036390148824e-10	-1.674226077420673e-10	-1.6724017348901897e-10	-1.6724976194093416e-10	-1.6717142795967575e-10	-1.6716118497163941e-10	-1.671598126355911e-10	-1.671435929704065e-10	-1.670370558317339e-10	-1.6708784795963101e-10	-1.6705615232345028e-10	-1.6710766125259122e-10	-1.6705598703841159e-10	-1.670492505609896e-10	-1.6699759760919166e-10	-1.6706196631503864e-10	-1.671046230497111e-10	-1.6710897112922054e-10	-1.669352852059003e-10	-1.6697190223774902e-10	-1.6697858287601678e-10	-1.6693358039939727e-10	-1.669487239894315e-10	-1.669626038930285e-10	-1.6699027120695236e-10	-1.6700386712393787e-10	-1.670022818577458e-10	-1.6694022218298513e-10	-1.6695550335613099e-10	-1.668765544624519e-10	-1.6683544622067114e-10	-1.6679326240234368e-10	-1.6678065456186767e-10	-1.6691643982153988e-10	-1.6681170530134387e-10	-1.6678823838593438e-10	-1.6681717616642902e-10	-1.668397796290458e-10	-1.6706324556371407e-10	-1.669725303630314e-10	-1.6703174807428053e-10	-1.6698851675605384e-10	-1.6702086648417348e-10	-0.00010874499395586137	-2.0262167325706242e-5	5.381489907212479e-5	3.934076469653493e-6	-1.1503382390497994e-7	-6.856647987678786e-7	3.1302581167506963e-7	-4.64465709922414e-6	-5.067466777824202e-7	-1.2762674048859258e-7	5.495198968722133e-8	-7.321025534497719e-8	3.86958255700018e-7	-1.0071619948734528e-6	-9.090052247081777e-8	8.009790204349143e-9	-8.602044392920068e-9	-2.5393567451772096e-8
83.0	4.041172380919332e-17	-2.9596068472947056e-16	3.1974667274131125e-16	-2.815192297175548e-15	-5.32630678684952e-15	-6.318782438553788e-15	-1.007912734453072e-15	4.528975769817828e-16	7.94433303034067e-14	7.945353680428414e-14	1.2178822637142513e-13	1.491891919161105e-13	5.441276720935258e-14	5.840518893788065e-14	-2.0276180757256943e-13	-2.049099049644021e-13	-2.0580824580173702e-13	-2.1036602288434113e-13	-9.000813996124545e-14	-7.706634792306013e-14	-7.651866446386128e-14	-1.1674736304419172e-13	9.997621055105166e-14	9.947287644321899e-14	1.1833596846212666e-13	1.1293479187984958e-13	1.500326911448844e-13	1.6566220790655634e-13	1.748672440943498e-13	1.718593440034356e-13	1.668742497452925e-13	1.705171553967121e-13	1.7113683455182571e-13	1.6154704332962515e-13	1.8001517761350336e-13	9.088932425065853e-14	9.226335922584066e-14	9.662013961414807e-14	9.287090262983408e-14	9.46430874234189e-14	9.754744251552343e-14	8.122963676874945e-14	9.464329327220931e-14	-5.449360406963474e-12	-7.0933568262659415e-12	-4.1099940484336906e-12	-8.640228079864709e-11	-8.774895461203559e-11	-8.934500320724638e-11	-1.490275535428467e-10	-1.640572582680467e-8	-1.6405694608337772e-8	-1.640567921489062e-8	-1.6405691107642054e-8	-1.6405909672392712e-8	-1.6405609250071452e-8	-1.6404821258676113e-8	-1.6401966874126665e-8	-1.6402649447380673e-8	-1.6402800191135738e-8	-1.639674485111732e-8	-1.639672686459525e-8	-1.6397638924539366e-8	-1.6397645672705475e-8	-1.6397759424190297e-8	-1.639776729758925e-8	-1.6395842253437614e-8	-1.6396272488365687e-8	-1.639620666672881e-8	-1.639608043508263e-8	-1.639643212952995e-8	-1.6396432433283616e-8	-1.6396438893870637e-8	-1.639640564974453e-8	-1.6396509303499542e-8	-1.6396518680698573e-8	-1.6396541832336804e-8	-0.00277951572643792	5.28670203520395e-5	1.4463855826904316e-6	0.00018400565213736326	4.079984460074958e-6	1.3912841949066422e-6	-4.0330529504804114e-5	-7.426293343353087e-6	-5.0670366745448966e-5	-0.0847896406655242	-0.07780154756030493	-3.0185170131798994e-6	-3.82398161816268e-6	1.0969734431694449e-5	7.384209173944062e-7	-5.865487593427197e-6	1.6719259168544654e-5	-2.394206730957816e-7
84.0	-2.5525894296806704e-16	5.117038161304183e-17	4.722545237575399e-16	-3.055881529163525e-15	-5.885855494036471e-15	-6.895528737373731e-15	-9.84898229525193e-16	4.911986871497775e-16	9.198380126560944e-14	9.076613533653861e-14	1.3917098726297776e-13	1.710596758843143e-13	6.226048093565181e-14	6.791171331804766e-14	-2.339232097356485e-13	-2.352509630775943e-13	-2.3625349223227733e-13	-2.4158375059223543e-13	-1.0253182459037958e-13	-8.970471945525499e-14	-8.792497343310643e-14	-1.3414598212171436e-13	1.1571168232600737e-13	1.142756208339567e-13	1.3510758269980314e-13	1.286124206026478e-13	1.7116938657159722e-13	1.8964814159089744e-13	2.0090089258914722e-13	1.967891944050086e-13	1.9165126565266975e-13	1.965952882896449e-13	1.9840270956939925e-13	1.850746870855343e-13	2.0655751397103905e-13	1.0400429407441307e-13	1.0568992036244566e-13	1.1154458485367679e-13	1.0594567778755595e-13	1.0864064050207202e-13	1.1185915794445078e-13	9.312298496379273e-14	1.0883548686595017e-13	-6.256072766330124e-12	-8.142093454750376e-12	-4.719062678853755e-12	-9.91847477690445e-11	-1.0073151104604234e-10	-1.0256262398756069e-10	-1.710754578083135e-10	-1.8832928114472755e-8	-1.8832892074957118e-8	-1.883287364305562e-8	-1.8832887466609448e-8	-1.8833140157024466e-8	-1.883279393835414e-8	-1.8831888884899314e-8	-1.8828613441045018e-8	-1.88293961625727e-8	-1.8829569340990976e-8	-1.8822619123099067e-8	-1.8822598543173106e-8	-1.8823644420558492e-8	-1.882365242404598e-8	-1.882378230650163e-8	-1.8823791204628585e-8	-1.8821582125299765e-8	-1.882207595798564e-8	-1.882200030066152e-8	-1.8821856507935005e-8	-1.882225851670004e-8	-1.8822259577274078e-8	-1.8822266749824578e-8	-1.8822229049203686e-8	-1.882234796338465e-8	-1.8822358779473113e-8	-1.882238499604811e-8	-0.00392854133824214	7.412040025521069e-5	2.0444144022968594e-6	0.0002778941930376852	1.2081650898846168e-5	6.063970553279877e-7	-5.606772222883764e-5	-1.0468715808805364e-5	-7.328197360616527e-5	-0.11281138191947516	-0.10761241596326934	-3.449274978723032e-6	-5.309584525921464e-6	1.5096488159797281e-5	1.0213938297174473e-6	-7.863659026476414e-6	2.261418192884525e-5	-3.238251430959644e-7
85.0	-5.055263289466889e-18	-9.371561545628057e-17	-1.7891432615680606e-15	1.2799341941001498e-15	1.0173763372815996e-15	1.4691486708485141e-16	-4.784441053736784e-15	-1.3155773358638046e-14	-2.6175024746904652e-14	-1.837198264783916e-14	1.0773985995963192e-14	-3.067393588008993e-14	2.1950483421952975e-14	1.7595795680803542e-14	4.4550294701362596e-13	4.472249130128468e-13	4.5313751167749217e-13	4.718230806725742e-13	5.876089741467201e-13	5.936665596286385e-13	5.874485976004976e-13	5.999148263264264e-13	7.594815317940927e-13	7.470760024597832e-13	7.149015249862872e-13	7.249267919438822e-13	7.298653067934143e-13	7.295025640224763e-13	7.189753293476778e-13	1.1011796358799473e-12	1.106695225467992e-12	1.1071632332539876e-12	1.0979056769223133e-12	1.0968701128971398e-12	1.1036981215918737e-12	1.0790289436505114e-12	1.071037863936243e-12	1.0659841549949197e-12	1.0610743531527413e-12	1.0437137718262324e-12	1.0386429719301548e-12	1.0009259808949264e-12	1.196463832285352e-12	5.707185758576028e-12	6.432166899488689e-12	1.1141749323579413e-11	1.4708406687528916e-11	1.629101815700544e-11	2.520356337641796e-11	-9.360693069764843e-11	-1.4950228034107393e-7	-1.4950228944852613e-7	-1.495021396083003e-7	-1.4950217540947027e-7	-1.49502440762232e-7	-1.4950377079579603e-7	-1.495017005847128e-7	-1.494999324451812e-7	-1.4949954174002189e-7	-1.4949985826791162e-7	-1.4949792710240986e-7	-1.4949826248950704e-7	-1.494982874076347e-7	-1.4949823146536072e-7	-1.4949840053534015e-7	-1.4949845401158282e-7	-1.4949840870573814e-7	-1.4949852932409365e-7	-1.4949853277762554e-7	-1.494984343962106e-7	-1.4949810150391525e-7	-1.4949810811331382e-7	-1.4949823640384298e-7	-1.494981599059059e-7	-1.494980534992081e-7	-1.494981028353499e-7	-1.4949819725492513e-7	0.00024129589115934983	0.030284790185041766	0.021832609717836512	0.010071463336418661	0.00024013785414193084	-2.160553356589882e-8	2.2096193999166664e-6	-0.0051656881965378805	-0.009799147395178376	-3.083900106523838e-7	-1.5865412805333872e-7	-2.719614871270794e-7	-2.11242604882123e-5	-0.00020562916387753975	-2.6464030033022794e-5	-6.932910932423929e-7	-4.1560246948607856e-8	1.5570149794919352e-6
86.0	5.299930182360059e-16	1.572141846766889e-17	-1.302711292866686e-15	5.445138814922837e-16	3.7101688623567037e-16	-1.0901920874311947e-16	-3.8034781228510825e-15	-1.1281037717547119e-14	-2.3134846389559868e-14	-1.6403417439607442e-14	8.890279725942657e-15	-2.5993485291669937e-14	1.895175301542994e-14	1.5306639235009444e-14	3.880675137874404e-13	3.895294693420585e-13	3.9477090354493276e-13	4.109076998539134e-13	5.119754435257645e-13	5.169816991867078e-13	5.117533429487945e-13	5.229670996613573e-13	6.618690734367888e-13	6.516555322013377e-13	6.226029874680511e-13	6.306441622839024e-13	6.352491261604515e-13	6.356824748397389e-13	6.262137425698769e-13	9.589996519912104e-13	9.63756228662998e-13	9.644293270071485e-13	9.566763862150764e-13	9.559785037027362e-13	9.625364213809944e-13	9.408447085600959e-13	9.334102929555107e-13	9.286052359213582e-13	9.246882704857529e-13	9.095330173827215e-13	9.043052190750126e-13	8.72368639832506e-13	1.0423911757177646e-12	4.97189778093356e-12	5.6035977963420195e-12	9.705405786834093e-12	1.2812864902076603e-11	1.4191071894000125e-11	2.1954608019890582e-11	-8.154308739068444e-11	-1.3023431248770134e-7	-1.3023432051882065e-7	-1.3023418970620464e-7	-1.302342212135594e-7	-1.3023445281277586e-7	-1.3023561138867446e-7	-1.3023380698159897e-7	-1.302322678143243e-7	-1.3023192727972898e-7	-1.3023220229573278e-7	-1.3023051980249913e-7	-1.3023081294001229e-7	-1.3023083471662198e-7	-1.3023078575597427e-7	-1.302309331000016e-7	-1.3023097980272222e-7	-1.3023093978638813e-7	-1.3023104459423646e-7	-1.3023104886835254e-7	-1.3023096315217494e-7	-1.3023067244754066e-7	-1.3023067924787995e-7	-1.3023078912550934e-7	-1.3023072225167688e-7	-1.30230630779102e-7	-1.3023067351629554e-7	-1.3023075548475736e-7	0.00022824951670722676	0.025497502538797616	0.01927141352127309	0.008843625259450075	0.00021488590399074302	-1.8332676198607986e-8	5.089715697242656e-6	-0.001875854863824589	-0.007104646816403569	-2.601623635344376e-7	-1.3379104452334194e-7	-2.089683131076444e-7	-2.009436153895281e-5	-0.00014337632172910396	-2.0698156877703015e-5	-5.343092047365943e-7	-3.47299160643592e-8	1.3102696456838735e-6
87.0	5.885268593928243e-15	6.4527989719158304e-15	6.390363308620921e-15	-9.22925435190522e-16	3.013768481369855e-17	1.8961812346923684e-16	-1.2578406233870576e-15	-4.750193246147941e-16	2.465478543158078e-15	1.6459632961393578e-16	-2.947085860461478e-15	3.05154931405118e-15	-1.4179957727598357e-15	3.503241496691215e-17	-7.055404769579816e-15	-1.3603727939573615e-14	-4.3003490898931566e-15	-5.346502230931471e-16	-1.6352838915522512e-14	-2.531068790786529e-15	-5.0148644543585594e-15	-7.417169603367551e-16	-2.3217232808861176e-15	-3.120367360954468e-14	-3.8671599420206145e-14	-8.029601601631067e-15	1.150605883862828e-16	-2.938247341150862e-15	-1.753860031756804e-15	-2.8124485228941172e-14	-4.520677858177387e-14	-6.043873733266716e-14	-4.2467440899831635e-15	-1.3388535776577644e-14	3.060744521387657e-16	6.461543740937244e-16	-2.2769303529457463e-15	-1.7219788192020872e-14	-6.116385662291856e-14	-7.91839384647773e-14	-7.061536233219967e-14	-2.3970493702499957e-14	-1.3118710216016564e-14	-1.250258409576347e-14	-5.1180552628994025e-15	1.2035726955929633e-14	-5.921260480853227e-14	-6.093179199063417e-14	5.460921861023455e-15	4.6052597443200566e-15	9.908942927521005e-16	6.899816219527858e-15	-3.325909828866517e-14	-9.861941108510147e-14	-1.4618303005877434e-13	-7.527117953255274e-14	-2.204633728567771e-12	-2.3508723259434627e-12	-2.3695494851875494e-12	-2.338385942484814e-12	-2.287798920506975e-12	-2.2634339728451958e-12	-1.7969695149422428e-12	-1.8896475731015235e-12	-1.9332473977010274e-12	-1.9172022833291304e-12	-1.7383302485150879e-12	-1.8555088496858787e-12	-1.780179586788966e-12	-1.766539273733651e-12	-1.54800716089628e-12	-1.5685856536339319e-12	-1.72779114031663e-12	-1.724092548782631e-12	-1.754296201451167e-12	-1.7349928919180853e-12	-1.4289466846555888e-12	0.00014716334183046697	2.669927019605182e-7	4.4022827513971306e-7	0.0003494448262825877	0.0001370294170976322	-5.323154704518039e-5	-1.867994015876362e-7	3.6340335249732673e-7	1.122687057429281e-5	0.0021928620946948182	0.003027273996939677	-2.908253355590164e-6	7.748455226162233e-6	-3.0466552013617924e-5	2.0058296854422663e-6	7.231396333002546e-9	-1.1099966477196096e-8	1.6362860407281673e-7
88.0	6.131619692343212e-15	6.565285590572351e-15	5.527661498511797e-15	-7.81815257538565e-16	1.2472535870744885e-16	3.733403944441732e-16	-1.4084635346497913e-15	3.7899915173746077e-16	2.588655369918986e-15	-1.4752693165430793e-17	-3.0766488199076818e-15	2.8860432061397053e-15	-1.3334818346233676e-15	-1.5042620802485352e-16	-7.032620305238232e-15	-1.3233196713776958e-14	-4.076926336063866e-15	-7.012488335806323e-16	-1.6487151168779305e-14	-2.961281872736428e-15	-4.867795372780059e-15	-6.61695715498555e-16	-2.2107156093215632e-15	-3.0870761646090846e-14	-3.8601222034715e-14	-7.377820117469928e-15	-1.7909401948580647e-16	-2.332290324409132e-15	-1.7966626446456585e-15	-2.7658590014987228e-14	-4.6304962995642785e-14	-6.033910051188521e-14	-4.124627490749796e-15	-1.328103168900101e-14	1.3025029726568198e-15	2.8890997908945996e-16	-2.4595122807705266e-15	-1.7107089469772184e-14	-6.211493011095338e-14	-7.906436624224131e-14	-7.05902294070112e-14	-2.3837297805339654e-14	-1.3034628740800547e-14	-1.277129368263191e-14	-5.4541440829449455e-15	1.2726971859717375e-14	-5.942150039465943e-14	-6.081869221152886e-14	5.6262668028028705e-15	4.6614790595523786e-15	1.0068910253420608e-15	7.134100264189828e-15	-3.348494706055169e-14	-9.942778910287294e-14	-1.4677327526098332e-13	-7.46476444451168e-14	-2.204976378501419e-12	-2.3508945991092223e-12	-2.369100796645455e-12	-2.3376124286353416e-12	-2.2886985875716756e-12	-2.263281085959696e-12	-1.796483697756035e-12	-1.8894881914498008e-12	-1.933416055603659e-12	-1.9175721797029167e-12	-1.7373118499866906e-12	-1.8555295579806232e-12	-1.778659530006158e-12	-1.7663417943263901e-12	-1.5478759640845466e-12	-1.5670473299847527e-12	-1.7277978517343663e-12	-1.7261700702842602e-12	-1.7541488975728642e-12	-1.7343900359458917e-12	-1.4287204149824737e-12	0.00015784563037832478	1.6243742644403662e-6	5.915831887594868e-7	0.00034985240563976017	0.0001320303486906928	-5.543491110261033e-5	-3.909687543870878e-7	5.612664884909077e-7	2.9594938962522367e-5	0.0008441993444927535	0.002388632038646054	-1.1576827868947217e-6	9.072422098342499e-6	-3.287846485507664e-5	2.2384552766892093e-6	7.910659735227102e-9	-1.0820085271236001e-8	1.6838884020685584e-7
89.0	-1.1145525478700418e-12	-7.889658016242932e-13	-7.687629227542416e-13	-8.392520651958829e-13	-1.0928066607752117e-12	-1.058493697206521e-12	-2.9027148814177524e-11	-2.9521291568828843e-11	-2.9630485696499673e-11	-2.8616470261436247e-11	-2.584672354506875e-11	-2.6013566337892788e-11	-2.587547913956101e-11	4.8478995653743506e-11	5.312457750842117e-11	5.3724094777527075e-11	5.358209745831317e-11	5.49024925677601e-11	5.5590830257789384e-11	5.467952101344827e-11	5.519333610307525e-11	5.432122385484145e-11	5.3979542235340333e-11	5.405623513300983e-11	5.266318594574266e-11	5.53988350796405e-11	5.454016812991556e-11	5.4932204096680835e-11	5.4758340418978876e-11	5.539569506142997e-11	5.31195082768858e-11	-4.42629555997267e-8	-4.426267485837975e-8	-4.426248873284095e-8	-4.426266496307004e-8	-4.4263207794209035e-8	-4.42632724709933e-8	-4.4263267423661256e-8	-4.4263037956615485e-8	-4.4262852247707695e-8	-4.426281008437387e-8	-4.426275588399084e-8	-4.4262882890721616e-8	-4.426290233952693e-8	-4.4262904844778516e-8	-4.4262535657184784e-8	-4.4262195475411604e-8	-4.4261722269398624e-8	-4.4261659520711165e-8	-4.426117164787692e-8	-4.426250613652642e-8	-4.426263510185148e-8	-4.426290292699473e-8	-4.4263198988323146e-8	-4.426340980186885e-8	-4.426355821749791e-8	-4.426330850147211e-8	-4.426239758781804e-8	-4.4262831279201164e-8	-4.426288790776468e-8	-4.426531722695001e-8	-4.426526590093637e-8	-4.4265045590088696e-8	-4.4264689795306395e-8	-4.426456245914777e-8	-4.426358269768603e-8	-4.426336950446254e-8	-4.4263840630506643e-8	-4.426344529092858e-8	-4.4262750367567867e-8	-4.4262869785986805e-8	-4.426255349803238e-8	1.7326785400244963e-7	1.732705381012405e-7	1.7327058094291144e-7	1.732704788439514e-7	1.7327051148047826e-7	0.3224810618692381	0.3356440760404532	0.3331436498641976	0.35390549854418873	0.32916108840891223	0.409495401298232	0.34692410525537015	0.3418233049139955	0.3376782152147412	0.3162429381894941	0.16257426204630207	0.000844239547631683	-2.5401166443500295e-5	9.616601237493877e-5	-5.593627751655342e-5	0.2944111152942741	0.293508713679291	2.307994000956761e-8
90.0	-1.2793057758229875e-12	-9.054407821209863e-13	-8.827319682560422e-13	-9.631716157168056e-13	-1.2538089394024238e-12	-1.2166108520298684e-12	-3.3321265301364025e-11	-3.388872149854122e-11	-3.401326741570946e-11	-3.285038584434747e-11	-2.9670344159346623e-11	-2.986249929220498e-11	-2.9704186032548023e-11	5.565093399168948e-11	6.09838542377835e-11	6.167219451658318e-11	6.150938623471596e-11	6.302531331212507e-11	6.381553723764176e-11	6.276946313209772e-11	6.33593120212825e-11	6.23582539668221e-11	6.196468026583123e-11	6.20533964908242e-11	6.045428286704877e-11	6.359484898101826e-11	6.260980122930122e-11	6.305870240961048e-11	6.285932392699482e-11	6.359080582300838e-11	6.097747162042045e-11	-5.0811591930389014e-8	-5.081127136292756e-8	-5.08110564653872e-8	-5.081125942863535e-8	-5.081188182298777e-8	-5.08119558723919e-8	-5.081195041144299e-8	-5.081168686849666e-8	-5.081147397182344e-8	-5.0811425894359236e-8	-5.08113622369277e-8	-5.081150905626779e-8	-5.081153025059666e-8	-5.081153358239299e-8	-5.081111011106651e-8	-5.081072011930398e-8	-5.081017579221908e-8	-5.0810104358732955e-8	-5.0809544077869476e-8	-5.0811076358491404e-8	-5.0811224449760025e-8	-5.081153149608407e-8	-5.0811872265369425e-8	-5.08121136203042e-8	-5.081228353735171e-8	-5.0812008310613825e-8	-5.081095221410997e-8	-5.081144942748936e-8	-5.081151494301883e-8	-5.081430305085113e-8	-5.081424491731638e-8	-5.081399216982449e-8	-5.0813583614797256e-8	-5.081343651514158e-8	-5.081231146697517e-8	-5.081206732582337e-8	-5.0812608551839636e-8	-5.081215514022126e-8	-5.081135651520346e-8	-5.0811493074978376e-8	-5.081113009505704e-8	1.9890256837011746e-7	1.989056493837691e-7	1.9890569836944698e-7	1.9890558149483316e-7	1.9890561887704445e-7	0.5000000000000002	0.5000000000000021	0.500000000000001	0.5000000000000009	0.5000000000000033	0.5000000000000026	0.5000000000000024	0.5000000000000014	0.5000000000000034	0.5000000000000038	0.5000000000000042	0.00037946545945947416	-3.673493411486874e-5	0.0001369866431815405	-8.195468021662015e-5	0.3933269337826031	0.4072333105585982	4.424431903604984e-8
91.0	3.0012570527407536e-10	3.025977756149637e-10	3.0254586404447853e-10	3.0237867301176514e-10	3.0244595139325285e-10	3.027869600547738e-10	3.0523500810259664e-10	3.052492163525572e-10	3.042035608023667e-10	3.0412870578601833e-10	3.07953140634751e-10	3.072394109426373e-10	3.0725489300034256e-10	9.356219073152626e-11	9.622452190175863e-11	9.675229392131574e-11	9.593970088926002e-11	9.424403299992612e-11	9.525416359666929e-11	9.507985864157269e-11	9.42743729068254e-11	9.375384207495069e-11	9.538669622830597e-11	9.533293455086622e-11	9.631653252122457e-11	9.866884728238597e-11	1.0393386102493785e-10	1.0453993829529006e-10	1.0502580853250175e-10	1.0469697045981208e-10	1.0371430949360777e-10	8.491366853466986e-8	8.49142181116455e-8	8.491722070067334e-8	8.491559710328978e-8	8.491689497268146e-8	8.491709057915718e-8	8.49171369941859e-8	8.49171879414803e-8	8.49172232077873e-8	8.491735719133728e-8	8.491723702077423e-8	8.491798779568685e-8	8.491802782649258e-8	8.49178634173879e-8	8.491802417712146e-8	8.4918085777153e-8	8.491841735742281e-8	8.49181489566192e-8	8.491868323923189e-8	8.491962283274944e-8	8.491938958922937e-8	8.491982534706047e-8	8.49207575810242e-8	8.492165055643057e-8	8.492170810992997e-8	8.492221230884704e-8	8.492309943598812e-8	8.492255387307425e-8	8.492267795088577e-8	8.492374868637989e-8	8.492371633820694e-8	8.492364695278885e-8	8.49236993523393e-8	8.492415088548991e-8	8.492550984806026e-8	8.492628805150702e-8	8.492641652058394e-8	8.492618968625768e-8	8.492531271363514e-8	8.492782545120634e-8	8.492791275403748e-8	8.492872987385576e-8	8.492663223837087e-8	8.492654491792664e-8	8.492664149636704e-8	8.492683811354451e-8	3.967188708930725e-8	4.5472958914183906e-8	4.381561509784209e-8	4.566611941277185e-8	4.5504577059858836e-8	4.5213371711694154e-8	3.549927239683354e-8	5.2221652523686515e-8	4.627054326843265e-8	4.601691350161531e-8	4.5392622930251824e-8	8.24029577953595e-10	-1.5052898831195006e-5	0.000205361847820461	-0.000297468453170556	-2.119515670342556e-7	6.100352259288668e-8	-2.0440245154634482e-8
92.0	2.614444536202842e-10	2.6359861598819265e-10	2.635538354558751e-10	2.634080669923028e-10	2.634661973149813e-10	2.6376439648687603e-10	2.658960059893805e-10	2.659084790206534e-10	2.6499758001388763e-10	2.64932326163519e-10	2.682638425567776e-10	2.676423979695659e-10	2.6765623667540766e-10	8.150409167524676e-11	8.382291753951241e-11	8.428319113895189e-11	8.357440121712536e-11	8.209802583290202e-11	8.297763920860835e-11	8.282542370200185e-11	8.212416082129851e-11	8.167254768561252e-11	8.309326788653951e-11	8.304626858771083e-11	8.390335040191458e-11	8.595258848779671e-11	9.053929177318986e-11	9.106656367428421e-11	9.149035430153638e-11	9.120379461163015e-11	9.034770164251055e-11	7.396993033014534e-8	7.397041010949821e-8	7.397302471995579e-8	7.397161077348785e-8	7.397274123812723e-8	7.397291160587477e-8	7.39729512367982e-8	7.397299608911492e-8	7.397302690949151e-8	7.397314321830517e-8	7.397303834116518e-8	7.397369298068987e-8	7.397372812195556e-8	7.397358433385466e-8	7.397372494807556e-8	7.397377845356056e-8	7.39740678122671e-8	7.397383329455899e-8	7.397429935542407e-8	7.397511692494914e-8	7.397491400371214e-8	7.397529281442623e-8	7.39761061052317e-8	7.397688373731328e-8	7.3976934283254e-8	7.397737333741277e-8	7.397814662516004e-8	7.39776686569481e-8	7.397777880947484e-8	7.397871141057637e-8	7.397868416174702e-8	7.397862291191928e-8	7.397866854940014e-8	7.397906202269274e-8	7.398024706697003e-8	7.398092355661585e-8	7.398103595976231e-8	7.398083747363075e-8	7.398007357404596e-8	7.398226240738647e-8	7.398233887246247e-8	7.398305054721859e-8	7.398122304637227e-8	7.398114654238273e-8	7.398123110954215e-8	7.398140148096325e-8	4.095544886564166e-8	4.4293440603542077e-8	4.382734318978204e-8	4.410422576061698e-8	4.4209650464675966e-8	4.41259145972613e-8	4.099249938349544e-8	4.7245461687236193e-8	4.561584749881784e-8	4.398556139926048e-8	4.3742632082843454e-8	-5.516607258694796e-10	-3.5719686080741286e-5	7.654696589304287e-5	-0.00023154895385607205	-2.06034822636193e-7	5.713747825001969e-8	-2.0476962406211018e-8
93.0	5.571523854983845e-16	-4.06699302745359e-15	6.061334413757274e-15	-1.4490947322246503e-15	-1.1974006766777821e-17	-3.906944856841024e-15	-4.892694592462458e-14	-5.312464963712022e-14	-5.1195649099969837e-14	-4.5702741736792894e-14	-4.1756461616650604e-14	-8.65379860629388e-14	-7.670303117262564e-14	-8.7418790477231e-14	-8.898345633871523e-14	-1.181929862656869e-13	-6.421838587376152e-14	-4.020595551117552e-14	-2.18360419533195e-14	-6.472687408758302e-14	-1.07233619188567e-13	-1.226336763856152e-13	-4.176879149874882e-14	-1.2102709304473503e-13	-1.3926105651627452e-13	-8.939442482119578e-14	-8.871154368495048e-14	-6.89732146943317e-14	-5.79259869355869e-14	-1.17876744126955e-13	-5.5411941202066404e-14	-5.6801078394432134e-14	-8.783424022259703e-14	-4.351771940486659e-15	-1.4076944521481316e-14	1.975229940661145e-15	2.618209471252491e-15	-6.1625133460165335e-15	1.4704152271910825e-15	-2.281030717335163e-16	1.467955698298303e-14	1.2744950087056062e-14	-1.7072809241838594e-14	9.954314411175512e-14	6.3834722392601e-14	5.63436466160052e-14	6.15510744129709e-14	5.032302793896663e-14	1.1097812783546008e-13	1.3631385252040948e-13	7.087999357947779e-14	2.8150230541930363e-15	-1.3370932878993642e-15	4.424627016013102e-15	-3.03957104935952e-16	2.6083415885667078e-15	2.8176009489253506e-16	1.0431638355608124e-14	3.168821749125288e-11	3.164619228282246e-11	3.175357556465563e-11	3.179261800827663e-11	3.170892721427118e-11	3.193241129381401e-11	3.201587400886529e-11	3.203458879213025e-11	3.205197224844757e-11	3.196293343287266e-11	3.1912182911717724e-11	3.206911297691449e-11	3.200225507920341e-11	3.1951834361926475e-11	3.178256811673875e-11	3.177348698671004e-11	3.191018109128186e-11	3.1944332379756695e-11	3.1908326091844144e-11	1.542169439381339e-10	1.9607785379237775e-9	1.8381256823494195e-9	1.9149409193127274e-9	1.9292195224147052e-9	1.8993576616887693e-9	1.1227315619495214e-9	1.89163921647486e-9	1.6424685276977176e-9	7.711587017151367e-10	1.4675949029407323e-9	-2.130117343536314e-8	-1.7300203023209744e-6	9.822426410530429e-6	-1.0008773580546102e-5	0.0021439996099306864	0.002208102531797625	3.915920609947434e-9
94.0	7.325889033484923e-16	-3.523863156403643e-15	6.2131170008528304e-15	-1.608004693147248e-15	-1.0163902117190949e-15	-4.204963467709654e-15	-4.8785241472044935e-14	-5.322478471165528e-14	-5.0980372923541395e-14	-4.539663570391533e-14	-4.378714181335121e-14	-8.643356754756202e-14	-7.711544190826828e-14	-8.772725598779838e-14	-8.873008764593045e-14	-1.1817396419112578e-13	-6.460619962672288e-14	-4.008162104976962e-14	-2.1786497434847448e-14	-6.508384063059279e-14	-1.079010512426784e-13	-1.216599968312321e-13	-4.1763301686434564e-14	-1.2030642670425815e-13	-1.3986588646948e-13	-8.857090692585904e-14	-8.884261300335696e-14	-7.084332980865602e-14	-5.78898907979885e-14	-1.190683824653741e-13	-5.5894845190890765e-14	-5.761964048464427e-14	-8.711110405263329e-14	-3.8451443325815426e-15	-1.4479179352887303e-14	1.0527699977091964e-15	2.5617004102773892e-15	-6.217869323077262e-15	9.610237540371545e-16	-3.2938038572391105e-16	1.4812743473440303e-14	1.4456162826106593e-14	-1.6699449224681346e-14	9.94212290105386e-14	6.408821877548937e-14	5.6225649778899364e-14	6.120700906865916e-14	5.019211638581616e-14	1.1196583820344062e-13	1.3612422805219712e-13	7.071572032243276e-14	3.13464800637799e-15	-1.2774090204878134e-15	4.470735324044459e-15	-3.590873620553372e-16	1.9325932375412487e-15	9.86934063103443e-16	1.05249395695638e-14	3.168776573860114e-11	3.164608168384935e-11	3.175265605264516e-11	3.179350911681883e-11	3.170884237692185e-11	3.1931752210961665e-11	3.2015606648626084e-11	3.203666597565014e-11	3.205162469977693e-11	3.1962702724022784e-11	3.1912478455412886e-11	3.2067983476831726e-11	3.2002389554911983e-11	3.195123126913643e-11	3.178180662539618e-11	3.1773034941340084e-11	3.190965075687572e-11	3.194330801559468e-11	3.191003043673644e-11	1.643390499138353e-10	2.204509426984003e-9	2.114875008427484e-9	2.0942438460722135e-9	2.144658605088499e-9	2.1249743646753604e-9	1.4390457540343025e-9	2.305448851362359e-9	2.0699499084971486e-9	7.922189719380401e-10	1.5285866156915421e-9	-2.5968282646708688e-8	-2.64247872211507e-6	1.40054718227822e-5	-2.9685993311970502e-5	0.000825005761732629	0.0018220636680738533	5.1157117382303565e-9
95.0	-1.5886009789460305e-16	-1.6673000308024841e-16	1.973474323087738e-16	1.9334420245721407e-16	-2.6587490693025465e-16	-1.3088835478393008e-16	-3.200794271488301e-16	-8.192256741448423e-16	2.9272374965463006e-16	2.2637257938800067e-16	2.382987762491232e-16	8.510637000087251e-17	1.0955749853142418e-15	1.1991910880885871e-15	9.920215044515177e-16	9.504085289145178e-16	7.270157346826773e-16	6.338302387813192e-16	-1.6696916831817103e-17	-5.224772519653231e-17	1.0126577038217808e-15	2.5700726962872954e-15	1.8789456374230883e-15	5.416894467378988e-16	4.313489449385568e-16	5.7190361999071896e-15	1.2714964271711857e-15	-1.1845925101614803e-15	-2.0214212554466102e-15	-2.5751032944434186e-15	-2.7648283458525357e-15	-4.531107871786938e-15	-2.9822431992069344e-15	-8.416097692728786e-15	-9.016699929847292e-15	-6.008410817646609e-15	6.917835768424234e-16	-1.049125999647717e-16	2.1739684064560747e-15	1.7312328247662548e-15	6.396925729858228e-17	5.491330958501689e-16	1.388861467021415e-17	3.4408321156376003e-16	1.4365064022979206e-16	1.6565406605809104e-16	-3.104497369486311e-16	-1.793438757619887e-16	3.0436239734454903e-16	1.7959220718994704e-16	1.6802719262978325e-17	-1.7704510607576077e-16	-2.49950994530079e-16	-1.3814408917123234e-16	1.9595080083254673e-16	-1.700655205605061e-16	-4.756525664504856e-16	2.265435149636297e-16	1.1843583524435627e-16	3.0708748567201584e-17	-3.25277256650263e-16	-1.1476253459129818e-15	-5.831287105266307e-16	-7.470722390015182e-16	-3.264427619786957e-16	-2.485435627388383e-16	-1.0922926957292585e-16	1.4932317437651375e-16	1.5273816064701334e-16	-3.407116978652657e-16	-5.190975124985166e-16	-2.0964627967876476e-15	-4.194984484335427e-15	-1.8777078382761877e-15	-7.758513892700936e-17	-2.429102504111506e-16	-5.65255440017146e-17	-1.4355797167960623e-16	-2.1368201902868368e-15	-8.211580712314508e-17	-1.5541332046052553e-15	5.362934731613654e-15	1.210066473362212e-15	6.037759717061782e-15	3.6456084408532914e-14	2.014679394350502e-14	6.453988609511786e-15	5.055411318782981e-16	-1.2597140499342661e-8	-0.005404160079896927	0.024643476545748246	0.037732561947310436	0.007376642325037755	0.01919691141464247	0.00010222905510658612
96.0	-2.7565269681626695e-16	-4.694641351310631e-17	2.4006366290399286e-16	6.60645527441213e-16	-6.735379796112445e-16	-2.50949635963842e-16	-3.9383788069756396e-16	-1.8723132432214587e-16	5.594405606994572e-16	3.677281699393466e-16	1.949702352539627e-16	4.875115911707136e-16	1.1929669827234937e-15	9.97876450016895e-16	9.642686000494121e-16	1.155125384492591e-15	1.3198031185833772e-16	7.494261655775762e-16	-9.94012996705324e-17	-4.054991146857557e-17	1.3273655333109596e-15	2.400658054665549e-15	2.2180316508572934e-15	7.340074343855948e-16	6.701166597224181e-16	5.879107210009786e-15	9.172583472157601e-16	-1.5099579790821023e-15	-2.158180531397822e-15	-2.689350255568156e-15	-3.3914853994192618e-15	-4.687381671491615e-15	-3.43613204035316e-15	-1.0351180210904377e-14	-1.0847304648962932e-14	-6.496451053184101e-15	4.780069242924054e-16	5.727177078301866e-16	2.13062084847459e-15	1.8032151675257104e-15	3.460017132845981e-16	5.38148093820987e-16	4.254099165457267e-16	3.8663488132762736e-16	8.554841139303177e-16	-3.0969433930965196e-16	-2.2559599560033384e-16	-2.0736135396305706e-17	1.6507164202697138e-16	-6.307284483285841e-17	-1.004164221135791e-16	-3.0628651386275083e-16	-1.6651911625192487e-16	-2.2681998741218253e-16	1.4974609604302763e-16	-6.79048428612769e-16	-5.462937176450916e-17	1.87341401223854e-16	4.1961999808461656e-17	-1.6582008071248277e-17	-3.8858891104328666e-16	-1.4020906297496271e-15	-6.560433050719376e-16	-9.090902349925803e-16	-2.7267590730339385e-16	-4.0653363833621653e-16	1.0657795626560247e-16	1.476518175156813e-16	8.936218656015787e-17	-3.6863967421318167e-16	-7.647345425643788e-16	-2.1864600681004423e-15	-4.901609125348098e-15	-2.3178342929655558e-15	-3.838725610311975e-17	-3.2840588085517723e-16	1.1259516000987354e-16	-1.6669759548844908e-16	-2.086494693663667e-15	-1.8975579802988841e-16	-1.6665840869749348e-15	6.380829935402822e-15	1.499242505808914e-15	7.487144889614092e-15	4.357313982461475e-14	2.5953171059601603e-14	7.384974450387201e-15	5.793310028448424e-16	-1.624735501196512e-8	-0.008352636780846783	0.03827917235474704	0.06072615243969109	0.011680706602154818	0.059723330114035064	4.6397992874281804e-5
