# i	1	3	4	5	6	7	8	9	10	11	12	13	14	15	16	17	18	19	20	21	22	23	24	25	26	27	28	29	30	31	32	33	34	35	36	37	38	39	40	41	42	43	44	45	46	47	48	49	50	51	52	53	54	55	56	57	58	59	60	61	62	63	64	65	66	67	68	69	70	71	72	73	74	75	76	77	78	79	80	81	82	83	84	85	86	87	88	89	90	91	92	93	94	95	96
1.0	-0.465684384853012	0.33944590050846163	-0.3394459005084631	-0.2773500981126146	0.2773500981126126	-2.523032205669555e-16	-5.424865643344696e-16	1.553478821083948e-16	-3.777913559955985e-15	-4.559014733245731e-15	-5.5851539831634455e-15	-1.0997351044960448e-14	-1.6505622369489157e-15	-5.585153983163444e-15	7.43029651834408e-15	-1.3235877376242163e-15	8.426408317959815e-15	1.6937526371986453e-14	1.2116903558082549e-14	1.7229421017765274e-13	-2.290641733187521e-13	-4.0195638121200524e-13	7.674058974874725e-13	-1.9248167184438282e-13	-2.134614577309748e-13	5.12393877403304e-13	-3.3991159494918583e-13	2.792258057881024e-13	5.385528621364586e-13	6.512119532545066e-14	2.2304594978937285e-13	-7.144112332964077e-14	-9.814367048997498e-14	5.160868508741274e-13	-8.432220412789991e-13	-1.0259113580968624e-13	1.7524007407587683e-13	1.0752745753822975e-12	7.297671995240366e-13	-8.39686054133539e-13	-1.428352708790054e-14	-1.2416299414263947e-12	-1.8685219228157295e-13	2.189216496005579e-14	-5.90420549611201e-13	1.1679166131316263e-13	4.689832716393581e-13	9.943399354943337e-13	-6.485977611155889e-13	-2.966614559952772e-13	7.392042062091127e-13	1.1380704665326446e-13	1.3670676881205024e-13	5.091534340415076e-13	2.234646834636577e-13	1.2064561981860021e-12	3.9432005768723526e-13	-1.1546888047396572e-13	1.251895303546917e-13	4.361549766554525e-13	-6.610805310507688e-13	-5.454634704972961e-13	1.6735079778080404e-13	1.0383880774036802e-13	-7.129166328703978e-14	4.231346648180715e-13	3.301827033074081e-13	4.0343185662685616e-14	2.8333425957036185e-13	3.4595759327392655e-13	-8.398417550316745e-13	-9.454387155117413e-13	6.645449637043833e-13	-1.3332343132533511e-12	3.5248258563177114e-13	7.029218359959269e-13	-5.467973242593869e-13	-8.600087005527539e-13	2.308788813194206e-15	2.7185914693568057e-13	6.397339142238785e-13	1.335914276207162e-13	4.184750014543653e-13	-3.66079219227797e-13	6.190788311535922e-13	3.4883561436936265e-13	2.0460315167795423e-13	1.6442482972445654e-13	1.3826460197432052e-14	-5.163328477063361e-13	4.284224695454909e-13	1.349908656765275e-12	-4.926905399259044e-13	-1.0238685045542839e-12	-1.514621076574837e-14
2.0	0.465684384853012	-0.3394459005084617	0.33944590050846307	0.27735009811261446	-0.2773500981126125	3.384409700840526e-16	6.307477015889266e-16	-1.6721519640425725e-16	3.852351245718962e-15	4.417496644334074e-15	5.62300444877939e-15	1.1096209420798438e-14	1.5519882614347535e-15	5.587421782295438e-15	-7.416888901727676e-15	1.3878086522678093e-15	-8.257684735621572e-15	-1.683561882324619e-14	-1.219172240760342e-14	-1.721689534831852e-13	2.291949218960446e-13	4.018798090277804e-13	-7.674260483270732e-13	1.9242297632648575e-13	2.1348636686141924e-13	-5.124707529127296e-13	3.399190786875446e-13	-2.792985073743489e-13	-5.383659239118811e-13	-6.493385195501165e-14	-2.229152651477959e-13	7.142957832554378e-14	9.817874568753893e-14	-5.162044469516502e-13	8.434129856902318e-13	1.0261699559265306e-13	-1.7506765127091764e-13	-1.0752938295498292e-12	-7.297946446399179e-13	8.396390182383062e-13	1.4396680956928502e-14	1.241713961974327e-12	1.8692159791527808e-13	-2.194777984254332e-14	5.902741271804385e-13	-1.1674044446665178e-13	-4.690059361088956e-13	-9.942654540534437e-13	6.484597432035046e-13	2.9641340936722806e-13	-7.392757361226626e-13	-1.1392913162067663e-13	-1.3663713420920403e-13	-5.09222945884142e-13	-2.2353940685893896e-13	-1.2064019934736933e-12	-3.9435770271945747e-13	1.1556114892330437e-13	-1.25304041354401e-13	-4.3616571605699856e-13	6.611654944019665e-13	5.453958077334558e-13	-1.6759875723257097e-13	-1.0405322487728302e-13	7.116384887478607e-14	-4.2314056206121686e-13	-3.30107634132667e-13	-4.0434774570647845e-14	-2.831017063148895e-13	-3.4597976031065903e-13	8.398556183933542e-13	9.454829422244718e-13	-6.646416112765725e-13	1.332976814863658e-12	-3.526023475096924e-13	-7.029607329146434e-13	5.46987953081831e-13	8.602343187952083e-13	-2.1888394737225853e-15	-2.7184847790054403e-13	-6.40023127959489e-13	-1.335534490923495e-13	-4.185329350449327e-13	3.661171962090622e-13	-6.190413903948797e-13	-3.488048274763197e-13	-2.0459176968765908e-13	-1.644063677241231e-13	-1.3617560285653634e-14	5.162121415488651e-13	-4.2843874279354265e-13	-1.3499428711855174e-12	4.926633971982523e-13	1.023889712762374e-12	1.4976899647658927e-14
3.0	0.37818859494762463	-0.4728350919583921	0.47283509195839085	0.3781885949476232	-0.3781885949476192	6.432868575880826e-15	3.832984275227934e-15	5.7068506711401185e-15	4.776590010523071e-15	9.45868069320295e-15	5.183275605230661e-15	5.63712086389006e-15	6.609893276170192e-16	1.3961704482332055e-14	-3.101656092770598e-15	1.1093230544519804e-15	-9.091256119047883e-15	-1.3671506038635798e-14	-1.524067789137628e-14	-2.3455504787153244e-13	3.078347921231901e-13	5.494773432785019e-13	-1.0339923295782551e-12	2.576838560582374e-13	2.9926856887038677e-13	-6.839269227721698e-13	4.577844499831989e-13	-3.8197707923409273e-13	-7.257305181906065e-13	-8.506468576525685e-14	-3.018407088457285e-13	1.0350830453540417e-13	1.3345488933877862e-13	-7.015663186983218e-13	1.1366091969549192e-12	1.3486168972946946e-13	-2.3781489031572706e-13	-1.4489696306112207e-12	-9.921304635950718e-13	1.1317109223503537e-12	2.3230147878505674e-14	1.6870543389004964e-12	2.5728233372746483e-13	-3.2297044288871934e-14	8.06329691877431e-13	-1.4699002641696648e-13	-6.391923602740485e-13	-1.3512628999157325e-12	8.730708194779084e-13	4.070983493324107e-13	-9.931365681302606e-13	-1.4976851448314214e-13	-1.841129394464481e-13	-6.845397166519416e-13	-3.031142933031151e-13	-1.623401972421277e-12	-5.301168798247868e-13	1.600249243163169e-13	-1.722548428870361e-13	-5.893829039745184e-13	8.923101455285771e-13	7.298158429067709e-13	-2.2479201977806128e-13	-1.426521644703378e-13	9.686522700862667e-14	-5.714184977880287e-13	-4.430061660020317e-13	-4.383390769575902e-14	-3.8194019842236296e-13	-4.65938608126865e-13	1.1324241733491261e-12	1.2854197063214615e-12	-9.027162839860882e-13	1.8208697873267424e-12	-4.747916695156689e-13	-9.446626480466379e-13	7.366292330924166e-13	1.1619124513295344e-12	-6.720807674714052e-15	-3.8166995566743357e-13	-8.614679552662438e-13	-1.8089312972270674e-13	-5.623533194424881e-13	4.970466692950481e-13	-8.419209102442865e-13	-4.714899989787675e-13	-2.752168153416466e-13	-2.224802175452252e-13	-2.4528908369787626e-14	6.945063343190028e-13	-5.76833756333801e-13	-1.815785881623814e-12	6.756817078599885e-13	1.3771494621642426e-12	2.350262412199917e-14
4.0	-0.37818859494762463	0.47283509195839213	-0.4728350919583911	-0.37818859494762325	0.3781885949476191	-6.446844732388807e-15	-3.683700845249254e-15	-5.6989372624796004e-15	-4.886795599912689e-15	-9.6001563308852e-15	-4.944711249740284e-15	-5.661730920636363e-15	-7.357371381460626e-16	-1.4231356429959102e-14	3.2588194228696126e-15	-1.0815009554219155e-15	9.066136688392395e-15	1.3817975608070132e-14	1.534820683912521e-14	2.369015814244708e-13	-3.107646972756016e-13	-5.548155013569358e-13	1.0436270669680365e-12	-2.603077356377082e-13	-3.0222070008452075e-13	6.904855983254731e-13	-4.622019290578224e-13	3.8566654520011606e-13	7.329155641445519e-13	8.565209362623531e-14	3.0480394663703157e-13	-1.04459081016276e-13	-1.347970049911185e-13	7.086821021063417e-13	-1.147965859093745e-12	-1.3591399873666787e-13	2.4008669689028537e-13	1.4631943067095911e-12	1.0016836205824717e-12	-1.1429042423577025e-12	-2.3257892143872854e-14	-1.7029304998252512e-12	-2.5933044700920755e-13	3.236439694675948e-14	-8.137541932421009e-13	1.4804525814324113e-13	6.450678998737849e-13	1.3636468483872375e-12	-8.812725606930387e-13	-4.107226587943797e-13	1.002205048218509e-12	1.5127234854328967e-13	1.8599439573809622e-13	6.908748522593323e-13	3.0574659699490074e-13	1.6382047361207366e-12	5.350411573215362e-13	-1.6158410739039394e-13	1.7383260536603609e-13	5.94547574126886e-13	-9.0062422448727e-13	-7.36766930538805e-13	2.2657417030829258e-13	1.439038993321096e-13	-9.807071717521783e-14	5.766288015459694e-13	4.470609388494324e-13	4.432404782730192e-14	3.852774492903795e-13	4.701329903629775e-13	-1.1429032876598335e-12	-1.2966118162445389e-12	9.106585548691428e-13	-1.8367385232162965e-12	4.786847770813561e-13	9.529372965397171e-13	-7.434634067956098e-13	-1.1721505390716372e-12	7.150040565170988e-15	3.8482851635396977e-13	8.684506030620481e-13	1.8216677871480414e-13	5.67100198696319e-13	-5.016780323753628e-13	8.489230094926376e-13	4.753937536721207e-13	2.7785529089761775e-13	2.2449399095207018e-13	2.4819578325992568e-14	-7.001770279079227e-13	5.817040772953081e-13	1.831019999839626e-12	-6.814542103589589e-13	-1.38911219568481e-12	-2.387496142032251e-14
5.0	-0.2773500981126194	0.3394459005084671	-0.3394459005084654	-0.46568438485301084	0.4656843848530111	-3.162357302471826e-15	-4.0873326778258966e-15	-3.3665629062776193e-15	2.6020037646791866e-15	-5.846879736480129e-15	-4.489078805700219e-15	-3.548063491743779e-15	1.0125066933605679e-16	-9.705725862283195e-15	4.559152744922043e-15	-2.950283777830376e-15	1.2197014182666027e-14	1.3542132375514503e-14	1.4720441820310002e-14	1.4955478777455098e-13	-2.018048709460122e-13	-4.0306537129217035e-13	7.621224737798458e-13	-1.5985056445769818e-13	-2.145315442895181e-13	4.903078105126994e-13	-2.8057032043086025e-13	2.852066122854691e-13	4.648119387484532e-13	6.01071402771294e-14	2.1163704651801702e-13	-8.09370797637941e-14	-7.360809717105733e-14	4.228234590422398e-13	-7.579687560608534e-13	-1.096726797420282e-13	1.394789339724846e-13	1.024141885879714e-12	6.765922150460592e-13	-7.423900869021026e-13	-2.3587581396829808e-14	-1.0780149173857146e-12	-1.9730235358448929e-13	3.6751166056387556e-14	-5.413311034918585e-13	1.2717019956602744e-13	4.1946919216230256e-13	9.616186335272907e-13	-6.370552553703753e-13	-3.0428296839299416e-13	7.102077976502376e-13	8.924125182539552e-14	1.0914400749975133e-13	4.754473197722626e-13	1.871211196806106e-13	1.183613422125331e-12	3.645007241740916e-13	-1.2100497876773899e-13	1.1316285725248232e-13	3.7954176567937463e-13	-5.600175634979088e-13	-4.904194200732058e-13	1.5529788594466778e-13	8.537244245442597e-14	-4.511141844785257e-14	3.875346114708664e-13	2.7638613085860976e-13	3.335434162573053e-14	2.52176729503811e-13	2.964874931644454e-13	-7.302695409891911e-13	-8.809877871033254e-13	5.658463952244106e-13	-1.346820777252046e-12	3.2372156815924764e-13	6.84399071228304e-13	-4.631669929820207e-13	-7.410369637292394e-13	7.016906504020466e-15	2.8205768894976205e-13	6.373875550997009e-13	1.3600155295958967e-13	4.085009646370223e-13	-2.9219389775812846e-13	5.74965194046718e-13	3.3525136123278464e-13	1.533475305690736e-13	1.5275739070173383e-13	1.9611937105564242e-14	-4.5269235921613645e-13	3.5782039344544113e-13	1.3124653963509635e-12	-4.939086574533791e-13	-9.889460494956732e-13	-1.0980112345986155e-14
6.0	0.2773500981126194	-0.3394459005084673	0.33944590050846535	0.46568438485301084	-0.4656843848530111	3.3806051852348396e-15	3.913816366552451e-15	3.303011940361245e-15	-2.577841178982928e-15	5.810972684205242e-15	4.458518000567692e-15	3.529975990391544e-15	-5.240622050455313e-17	4.2236687011507206e-15	-5.0453803113827595e-15	-1.4494837955270355e-16	-3.7425179465743205e-15	-6.9452819044614395e-15	-1.7397569409849123e-14	-7.313298804391157e-14	9.786537621027912e-14	1.9632862732872999e-13	-3.714365114145909e-13	-7.818091477167774e-14	-1.1521698509890586e-13	2.5524016553520403e-13	-1.4803082729069134e-13	1.501542157993734e-13	2.33081252583994e-13	6.004532201215253e-14	2.116380173601025e-13	-8.095440997315706e-14	-7.328742446359816e-14	4.2255241017913596e-13	-7.575775361856396e-13	-1.0975718538995403e-13	1.394292790502693e-13	1.0232959307821712e-12	6.76476102575766e-13	-7.420450160249418e-13	-2.38654692639149e-14	-1.077428152723411e-12	-1.9759321032537517e-13	3.688500459481783e-14	-5.411693369628424e-13	1.275272805040083e-13	4.1934481107904074e-13	9.612244806482501e-13	-6.367461426002894e-13	-3.042998632031917e-13	7.099363495284149e-13	8.89549764525733e-14	1.0902022005148121e-13	4.754619026941178e-13	1.8697618718967618e-13	1.1830678190796915e-12	3.642955939609687e-13	-1.2099054359329348e-13	1.1309685371233502e-13	3.794574394549139e-13	-5.595350312314942e-13	-4.898842071681429e-13	1.5551496839376223e-13	8.52613083983399e-14	-4.4828876143172616e-14	3.8722625905166055e-13	2.760422744947619e-13	3.3238129028060977e-14	2.519427338875132e-13	2.964768656009353e-13	-7.297517281012449e-13	-8.806861173903912e-13	5.65901490876105e-13	-1.3461642237289031e-12	3.239407827390145e-13	6.841835617617513e-13	-4.626774390375521e-13	-7.405781893770415e-13	6.9064740079077836e-15	2.8215263069802e-13	6.371706019731862e-13	1.360145835161261e-13	4.0806652991264445e-13	-2.918217044203402e-13	5.750003021040709e-13	3.353903409826946e-13	1.5293859783731362e-13	1.5257476935336533e-13	1.9516308765105246e-14	-4.526353859421598e-13	3.5767277401292187e-13	1.3118555952906432e-12	-4.934842248211234e-13	-9.884273033564052e-13	-1.0794706757000163e-14
7.0	-1.5885255368320938e-14	1.8708181297433175e-14	-7.110041910304406e-16	-1.0914643662666991e-16	-8.99786175000996e-15	-0.46568438485300984	0.46568438485301056	0.33944590050846396	-0.33944590050846385	-0.2773500981126128	0.2773500981126132	-2.2884075284006994e-15	-2.6604514462242072e-14	-1.521003629859088e-15	1.1303468426899546e-14	9.158423546235307e-15	-1.390999877118414e-15	-1.612245290485362e-13	4.16332396334468e-14	8.020554287934904e-15	3.341764199904673e-14	-9.793789054442329e-14	-7.64585316749126e-14	3.874656188214091e-15	2.453293743006024e-15	2.8842806519275862e-15	-2.5476492978962488e-15	3.4956660876064968e-15	-1.3732691026509136e-14	2.8445322219602447e-14	2.4096624370343915e-14	6.779541643443122e-15	7.221324586008479e-16	8.61194275213224e-15	1.8080166537277596e-14	-1.6652367093506965e-15	-6.83084430851164e-15	6.346190710575347e-15	-1.8327638447865197e-14	-4.7939703377574105e-15	-5.984713838210004e-15	1.8019541890537278e-14	1.6294308308575322e-14	-5.69437292036593e-15	-2.6562187985271993e-15	-1.2983798060643095e-15	-3.648395336063082e-14	-9.331109551436686e-16	5.180175186222104e-15	1.1828615370463603e-14	-2.1772617861616518e-14	1.1099753734227299e-14	7.792665394840061e-15	6.654671353732766e-15	-1.1409171705053837e-14	-8.564746636106682e-15	-2.6507556298169256e-14	7.232945842793562e-15	1.6803215864702176e-14	3.578716054815338e-14	5.792940009970439e-15	-1.2799321637490609e-14	1.889631903042209e-14	6.202485571075272e-15	4.340844227359101e-15	6.461868053314244e-16	9.13036783074193e-15	2.4123189638141048e-14	-1.0336556901755506e-15	9.908308993456871e-15	-5.366386836522211e-15	7.919923297614326e-15	-6.243123247511905e-15	-6.0350676659877044e-15	-6.914285075773601e-15	-1.619380372596926e-14	2.0129159645306573e-15	-1.878832369760115e-15	-9.749454737130656e-16	9.325630013533299e-16	1.3503360432974323e-14	3.651732888465514e-14	6.973730140992113e-15	-6.057712386048133e-15	-4.822319837733612e-15	1.6466408523240695e-14	-1.6066226157768454e-15	4.359653242606675e-15	9.602849534463233e-16	-2.1416699832859855e-15	1.594551009221081e-14	3.392385393064086e-14	1.1982038700407237e-14	-8.157921648713034e-15	3.379624842614826e-15
8.0	1.584597675747154e-14	-1.8813547374527258e-14	5.978010828706125e-16	-1.602900289822948e-17	9.094256698131705e-15	0.46568438485300995	-0.4656843848530106	-0.339445900508464	0.3394459005084638	0.2773500981126128	-0.27735009811261324	2.148923955718724e-15	2.6478857443475407e-14	1.4504825037508123e-15	-1.4961496896957157e-14	-1.0630436668092731e-14	-8.084086808698582e-17	2.584632372027419e-13	-7.00354974866191e-14	-1.1034815657297765e-14	-5.300103700363157e-14	1.5818525346995352e-13	1.229516882277437e-13	2.6859326365458643e-14	2.554650888711545e-14	2.5298862001966012e-14	-2.2019443212583928e-14	2.1601865125482693e-14	-8.485432717625234e-14	-5.039832992155725e-13	-4.384208190023107e-13	-1.8503360520070633e-13	-3.575854534058612e-14	-1.5819451805857913e-13	-3.0011461938314967e-13	1.0169174901683812e-13	1.9683235200398425e-13	-1.1404794870889254e-13	3.0909637225208373e-13	4.7297236691680616e-14	1.3791632824314802e-13	-3.359416095745325e-13	-2.6596050856828585e-13	1.545329497528754e-13	1.951519069332492e-14	5.125078376459101e-14	6.40804723303675e-13	2.2555818919983518e-14	-1.4923406413735097e-13	-1.6771160401265895e-13	4.099496737934085e-13	-1.1817208212819965e-13	-8.61093339056217e-14	-1.214199458855447e-13	2.408691900569698e-13	1.3522957274429905e-13	6.211365672602607e-13	-1.4205338676410614e-13	-2.6573434321589977e-13	-6.765076753186617e-13	-1.120067850225299e-13	2.564097488422362e-13	-3.4612907071724136e-13	-1.5454236795272435e-13	-8.670946722683504e-14	1.3972129320705416e-14	-1.855398263015215e-13	-4.373658811236055e-13	-1.0809615511643107e-14	-2.028201445112363e-13	1.2152739934553456e-13	-1.1355730049880332e-13	4.834396169040964e-14	1.0929652408727517e-13	9.407684134989247e-14	3.036812624547416e-13	-1.0563665700474747e-13	2.5064876070930787e-14	-3.400958856743223e-14	-6.571207248723797e-14	-2.357517148248842e-13	-6.972719877052838e-13	-9.168484214706603e-14	1.469681813283962e-13	3.4972363342150885e-14	-2.588805075995462e-13	1.5077091049807302e-14	-9.084527497603541e-14	-5.347638948657451e-14	7.477465951591381e-14	-2.8712501053075923e-13	-6.588159404927249e-13	-2.76744916777098e-13	1.293834702825898e-13	2.659171193463453e-14
9.0	1.5749285128884346e-14	-2.638486146717697e-14	4.074728186650452e-17	-1.7298212239960506e-15	1.0622922647924732e-14	0.37818859494762036	-0.3781885949476206	-0.47283509195839174	0.4728350919583915	0.3781885949476189	-0.3781885949476216	9.233898660245907e-16	3.5008233763630574e-14	-6.766848872168324e-16	-1.0616790181764204e-14	-1.0556440126627809e-14	-9.474894258643816e-16	3.4588011702524704e-13	-1.1008527608178918e-13	-1.6826062071117185e-14	-6.562244710880719e-14	2.0769295740402758e-13	1.639354799656899e-13	3.582811939328699e-14	3.4035295868529906e-14	4.2867987832418265e-14	-2.7332675700470278e-14	2.958916724922376e-14	-1.1292583340840391e-13	-6.843185692497808e-13	-5.954371013874784e-13	-2.527441817731063e-13	-5.301021940727268e-14	-2.1769023511881557e-13	-4.036526410225399e-13	1.395434904424049e-13	2.658946472198257e-13	-1.5291716202270593e-13	4.220769401785773e-13	5.693243752902156e-14	1.893843474708764e-13	-4.4881567566516164e-13	-3.5751169983533257e-13	2.093265863628924e-13	2.689103970618682e-14	6.609434137735385e-14	8.691989756946582e-13	3.121939812545482e-14	-1.9887228866876422e-13	-2.2276553991804974e-13	5.558424399815441e-13	-1.6302954026017803e-13	-1.20291910065978e-13	-1.6040843461586311e-13	3.2782776283605893e-13	1.8602052797197802e-13	8.426138153911356e-13	-1.9360272435624397e-13	-3.5522778627074304e-13	-9.142120441394863e-13	-1.5280140796666629e-13	3.443926222552189e-13	-4.720756755314741e-13	-2.0857881887945784e-13	-1.0831465304622615e-13	1.9492630346611696e-14	-2.489915746233541e-13	-5.876491911886294e-13	-1.2156532629890107e-14	-2.7514563894730717e-13	1.6210534467790047e-13	-1.4832139882225818e-13	6.031763803513247e-14	1.5103088346213982e-13	1.182779981066403e-13	4.073401457836571e-13	-1.4989701664361847e-13	3.025827325080463e-14	-5.3363362693410275e-14	-8.818086617203372e-14	-3.3236295672858795e-13	-9.425730996757798e-13	-1.2356668528383501e-13	1.9427623738423046e-13	4.8957912458869266e-14	-3.5683952542868433e-13	1.8401945393420805e-14	-1.2913468616746265e-13	-7.883015552896088e-14	8.531733559511763e-14	-3.9140583758517907e-13	-8.889634116741611e-13	-3.772669516058448e-13	1.7782963856613666e-13	3.503294878387423e-14
10.0	-1.5719926472884922e-14	2.645001104424222e-14	9.890136853811567e-17	1.706165044827998e-15	-1.0574360671425456e-14	-0.3781885949476205	0.3781885949476205	0.47283509195839174	-0.47283509195839163	-0.3781885949476187	0.3781885949476213	-8.313163892498203e-16	-3.5085610501985894e-14	8.286409371561668e-16	1.065200761668333e-14	1.0743360914131338e-14	9.384383247060196e-16	-3.4943048925616395e-13	1.1106360983121616e-13	1.694803658779255e-14	6.632475510681332e-14	-2.095375546786574e-13	-1.6544171384126993e-13	-3.623715991313471e-14	-3.4303222375274e-14	-4.338509145755374e-14	2.7518767402584144e-14	-2.9727295517524805e-14	1.1394111647895236e-13	6.911484487880434e-13	6.011629846881694e-13	2.550716757057845e-13	5.3723853038818335e-14	2.1974231033108553e-13	4.075846794589483e-13	-1.4090725081084976e-13	-2.6838047046011633e-13	1.5428190644115515e-13	-4.2628705300802383e-13	-5.759825902718733e-14	-1.9130161075944675e-13	4.529397859754146e-13	3.6046450546037673e-13	-2.1149363671246077e-13	-2.709820255546373e-14	-6.682800741828422e-14	-8.770189227688512e-13	-3.1796432382883213e-14	2.0063367905069894e-13	2.2481072215490304e-13	-5.608492588797082e-13	1.6443028957394316e-13	1.211944959050545e-13	1.6183162929246558e-13	-3.3082218846276356e-13	-1.8775060310512868e-13	-8.50162851480283e-13	1.9540377037745247e-13	3.585360934547459e-13	9.223830242311391e-13	1.540071800477362e-13	-3.4724130827845703e-13	4.762858999424504e-13	2.104106839320835e-13	1.0912331220945331e-13	-1.9882544503971857e-14	2.5102071909439813e-13	5.926704723841116e-13	1.2469756710340902e-14	2.7771011392153063e-13	-1.6332765821998435e-13	1.4943023311419548e-13	-6.109178013904153e-14	-1.5255289248772864e-13	-1.1922679020713157e-13	-4.1085497910516324e-13	1.5115365373464918e-13	-3.0666559826777175e-14	5.390963316755178e-14	8.883837740891332e-14	3.352671175521327e-13	9.502612646127172e-13	1.2454069661834277e-13	-1.9575917787062908e-13	-4.943717293694033e-14	3.598284108942224e-13	-1.8330124819927102e-14	1.3020543896511147e-13	7.9534581939005e-14	-8.633442793094196e-14	3.946667062145175e-13	8.963716946591467e-13	3.805881168952148e-13	-1.795416381801905e-13	-3.5368903406681185e-14
11.0	-1.9385842588089277e-14	1.8673120575578296e-14	-3.8332805630220746e-15	-2.059976074295494e-15	-7.915555602816384e-15	-0.2773500981126143	0.2773500981126169	0.3394459005084632	-0.3394459005084603	-0.4656843848530112	0.4656843848530107	-6.254411133074137e-15	-2.588150386973218e-14	-1.0500930238201586e-15	5.6852178804572886e-15	5.980198713106252e-15	1.6114458998977724e-15	-2.555530833887711e-13	7.838179693164163e-14	1.2154876415367286e-14	5.299404483213527e-14	-1.3481232831322637e-13	-1.0887767192672473e-13	-2.3877934234740628e-14	-2.999629109964078e-14	-2.439582268686707e-14	1.3601258426283013e-14	-1.9498616214906592e-14	6.819086611175183e-14	5.102017768709813e-13	4.163190372071725e-13	1.752333839096834e-13	3.071300213837369e-14	1.592359758302698e-13	2.5822727217758846e-13	-1.0042854348101398e-13	-1.8227902727417532e-13	1.0789315766038542e-13	-3.0544258673648926e-13	-4.0940496143498594e-14	-1.197741457733441e-13	3.0322444047269667e-13	2.4187398068503017e-13	-1.418909617860195e-13	-1.488271102535663e-14	-4.6379292685707814e-14	-6.235786338376061e-13	-1.6216364331367123e-14	1.3588508759339253e-13	1.612581109764377e-13	-4.182076934922349e-13	1.25722241675776e-13	8.952646133620835e-14	1.0842832127075085e-13	-2.296054212592564e-13	-1.1163931813388291e-13	-6.26101395362615e-13	1.2751074723979112e-13	2.393909176154801e-13	6.559785890145036e-13	1.0589604377918126e-13	-2.544067281006188e-13	3.0415494380817113e-13	1.206721569516615e-13	7.117175428412878e-14	-1.1876596557456378e-14	1.7089878277873316e-13	4.1440995180036887e-13	9.611505469736247e-15	1.7859482826463723e-13	-1.1754456763212478e-13	1.083669997415044e-13	-3.8453451928940085e-14	-1.060765559908837e-13	-8.096297660045439e-14	-3.030463095379458e-13	9.882847145061681e-14	-2.439541807059827e-14	4.3114058638930065e-14	5.328568788183315e-14	2.327703534762611e-13	6.97372994295645e-13	9.265983109959525e-14	-1.2644203228310587e-13	-3.726427978190302e-14	2.479441321759325e-13	-1.0816770859583343e-14	7.796929245751249e-14	4.967045544116278e-14	-5.572308405279572e-14	2.800985291816875e-13	6.419436476989988e-13	2.362397880490711e-13	-1.0725158229066495e-13	-2.628316144039225e-14
12.0	1.9465282041928357e-14	-1.8727306840447096e-14	3.899023528862718e-15	2.079599270910433e-15	7.946387686719715e-15	0.2773500981126143	-0.2773500981126168	-0.33944590050846324	0.3394459005084602	0.4656843848530111	-0.4656843848530107	6.235306321238382e-15	2.5838899750509933e-14	9.769059624501636e-16	-5.5753847946024135e-15	-5.882144225673551e-15	-1.6867011034612751e-15	2.5557134470275137e-13	-7.850062690035333e-14	-1.22571836278982e-14	4.307846146584443e-15	-1.5890572932863743e-15	-1.4371843526809201e-15	2.593500540219466e-16	-1.2697469549474732e-15	-1.4839347238508718e-15	-5.302952745990717e-16	1.1418939866144608e-15	8.487314981676624e-16	2.686036073896499e-15	4.2372737372500116e-15	1.5627299411583991e-15	2.2477005488047776e-15	2.3150418634215543e-15	-3.6904837704579026e-16	7.440727697128698e-16	-1.4254630103874896e-16	3.233973238774832e-15	-3.867325357022871e-16	-2.362134982709478e-15	-6.931139314771841e-16	6.144291648525459e-16	1.123309381332694e-15	1.9816939013762536e-15	3.9466779026252814e-16	-1.474876011584592e-15	-6.258505028467175e-15	-5.567604873814985e-16	1.0346686730682425e-15	1.6173004794805438e-15	-1.154365620989464e-15	4.505203979311984e-16	-1.5734277436430614e-15	3.1143440325110396e-16	-1.013192287536729e-15	-1.6870957817782015e-15	-8.02202671025581e-15	1.5360657021928127e-15	1.7882900255594563e-15	3.738729783997048e-15	1.5797705374034998e-15	-4.1679732621824854e-15	1.3481978509815353e-15	2.0711511339831192e-16	6.564537175371107e-16	-3.025752895992016e-15	2.225920531272974e-16	2.605848193534773e-15	-6.211399304626588e-16	1.6431199722970511e-15	3.2196939486435858e-15	8.115743297355303e-16	6.297845920552472e-16	-9.209465067186028e-16	3.4914951124996984e-15	-1.6966132579104283e-15	-3.0853672340217775e-16	3.678119504444447e-16	-1.3111839206874635e-15	-3.619410261274853e-15	3.9029908834318593e-16	2.8366316533356457e-15	5.235505108728833e-15	-1.861482607348655e-15	-1.1443765986284855e-15	9.401794298420625e-16	2.9585070050746643e-15	3.4201095587881396e-16	9.811539601262578e-16	4.885102869919499e-16	-1.3088880632867172e-15	3.786664098600838e-15	-9.215071068792388e-17	9.584038987461837e-16	1.294515235681277e-15
13.0	1.1217370776655656e-14	-5.1811779822815355e-15	-7.241921733572587e-15	4.330666483366795e-15	-1.667943981593309e-14	-9.428200243632098e-15	2.060417767665868e-15	-6.96397647277277e-15	6.673345432817135e-16	1.0332574934436674e-14	-6.354089455370673e-15	-0.46568438485301156	0.46568438485301067	0.33944590050846096	-0.3394459005084637	-0.27735009811261174	0.2773500981126168	9.404600371293796e-14	2.0313302035797708e-13	7.217054167115388e-13	-2.303025599116364e-14	-2.227491382192725e-14	4.634811125506694e-14	1.8954330142957995e-14	-1.254689008330866e-14	-2.3006689472348334e-14	-8.410775641526484e-14	4.625050638031772e-14	-4.573205619771349e-14	6.5474615883002105e-15	-3.9052104324447826e-14	-2.101895595326113e-14	1.322827185126076e-14	-2.376571023421799e-14	-2.244357051571941e-14	-1.141943802782513e-15	-2.19662156627577e-14	-9.45934157566326e-14	-5.4407008296520174e-14	2.9058364165495315e-14	-9.994314900922238e-15	-4.280696956437791e-14	8.42114180011455e-14	2.2698257207200898e-14	2.6706487042208462e-14	3.605087641636299e-14	-9.042482275870343e-15	1.205824789538741e-13	-2.4180123448471884e-14	-1.1565218923310637e-14	-2.9992691385949695e-14	3.205368052980811e-14	1.037220392986757e-13	-1.652474100513836e-14	-3.462127451645696e-14	6.804801918886156e-14	3.2648883966538285e-14	5.0686966948255256e-14	2.42294543045031e-14	-4.373835381949984e-14	-5.120349792698443e-14	2.103147050753665e-14	2.688376905740947e-14	-5.8672610855558e-14	3.458972141608961e-14	2.3436526368401564e-14	3.5552094931351524e-14	-1.8255565790283946e-15	1.85202230112704e-14	1.6625233083058295e-14	-6.955990661957428e-14	3.079250172374675e-14	-3.137111190740575e-14	-5.258067887812715e-15	-2.5433317760286717e-14	-4.19694254946489e-14	6.227206936986883e-15	8.332838771112269e-14	7.223855545971632e-14	6.956377513607867e-14	8.208218971853897e-14	6.621946573793935e-14	1.7906838186633441e-13	-1.646042440374041e-14	4.365846127278305e-14	-7.204521189411159e-14	-5.6273675774358986e-15	6.934413498175701e-14	-1.551065960134176e-13	9.946360556668683e-14	9.095338870583777e-14	-1.3823457792665348e-14	1.5753069031800844e-14	-1.6740350947992136e-14	-9.540047998476247e-14
14.0	-1.124473285338157e-14	5.166741139321648e-15	7.250530843155606e-15	-4.6433511732399565e-15	1.680279509439971e-14	9.44226623700665e-15	-2.1378409392811863e-15	6.832568482305801e-15	-9.898948465523685e-16	-1.0264769268800292e-14	6.308069136919566e-15	0.4656843848530115	-0.46568438485301067	-0.339445900508461	0.33944590050846346	0.2773500981126117	-0.27735009811261685	-9.421735495649995e-14	-2.029681770785655e-13	-7.216768162387101e-13	1.1396267755190081e-13	4.325836171895163e-14	-2.1259545562238557e-13	-7.373718398627355e-14	6.512426487152851e-14	1.1659046878431702e-13	3.977772108072286e-13	-1.999831202951895e-13	2.8063159929715083e-13	-6.812040223448129e-14	1.3085290647889079e-13	7.710051008235343e-14	-4.5285182381954307e-14	1.0553905611624793e-13	1.0801875524204177e-13	2.776310879525605e-14	8.219924477015863e-14	4.4948254530858157e-13	2.939684402596514e-13	-1.1945762086601653e-13	2.6250332251095356e-14	1.3126050458054753e-13	-4.2282277485121114e-13	-1.0721026679008482e-13	-1.1476224257644648e-13	-1.871310829469531e-13	3.66753292231087e-14	-5.740343401341376e-13	1.1189958423341345e-13	6.2154357454752e-14	1.5561636839656138e-13	-1.6302473830685772e-13	-4.997527269235425e-13	9.055307889995763e-14	1.8552287045828555e-13	-3.5141338875573913e-13	-1.752786662677951e-13	-2.3626514421196117e-13	-1.310051118814446e-13	2.2734362013916228e-13	2.456196986056778e-13	-1.1343184335512552e-13	-1.3057206132823813e-13	2.827639447808346e-13	-1.6561127224040935e-13	-1.0679915927304482e-13	-1.5453258940761168e-13	2.4558154098519506e-14	-8.850944092426285e-14	-6.763318732961116e-14	3.224014909665732e-13	-1.6096398459952012e-13	1.4638075197802528e-13	3.470001890425174e-14	1.1840434179593218e-13	2.0729072200943602e-13	-3.6344025605886115e-14	-4.228264484410653e-13	-3.5474029350046427e-13	-3.4997096164364786e-13	-4.003397439328228e-13	-3.0780029664635795e-13	-8.720477006157383e-13	5.587113610433458e-14	-2.0968309455487412e-13	3.542119031252734e-13	2.0039307370681563e-15	-3.284191429399834e-13	7.674987475553703e-13	-4.991392247051454e-13	-4.3212202811609407e-13	7.71125238404625e-14	-7.566259051413165e-14	9.5872896380861e-14	4.773822177334703e-13
15.0	-9.027743514652553e-15	3.1131543788067573e-15	8.341289403850432e-15	-2.4200700808125633e-15	1.538930468194155e-14	6.238324603370081e-15	-8.605617466046864e-15	1.6551892064396776e-14	6.074502351795039e-15	-1.044581614706776e-14	4.860018651927781e-15	0.3781885949476195	-0.3781885949476243	-0.4728350919583897	0.4728350919583923	0.3781885949476223	-0.3781885949476246	-1.1400115384856832e-13	-2.7314521208233994e-13	-9.88398182984399e-13	1.5292253471172748e-13	6.758731556339508e-14	-2.8505202650900144e-13	-1.0508478677845659e-13	8.803947576220023e-14	1.6512810173698322e-13	5.343467995673844e-13	-2.6787913566829024e-13	3.822219818598889e-13	-1.0309567855342598e-13	1.818380908051321e-13	9.505709713245366e-14	-5.1500049437368176e-14	1.5863563508921338e-13	1.4563471450009538e-13	4.4486756338718974e-14	1.233815057681278e-13	6.136916769109839e-13	3.941354316820031e-13	-1.59270054615288e-13	3.863120536306704e-14	1.7600879703133886e-13	-5.766534631785252e-13	-1.4292365049476099e-13	-1.544726168683791e-13	-2.5146656175565677e-13	4.9535838669306285e-14	-7.688330807066876e-13	1.4805089676705757e-13	8.456640920404603e-14	2.1333305244498522e-13	-2.2173965327906544e-13	-6.68993304407044e-13	1.1715514688218826e-13	2.502265065721336e-13	-4.757571359708639e-13	-2.3794358080136296e-13	-3.239279467991247e-13	-1.757378255083651e-13	3.138042522040071e-13	3.35933477807825e-13	-1.5381926351487374e-13	-1.7545792039614246e-13	3.815710458133982e-13	-2.288685333171932e-13	-1.4238470822365747e-13	-2.0836844990160283e-13	3.61763817168405e-14	-1.1964065989314157e-13	-9.414218660700813e-14	4.3174314777768294e-13	-2.203416669554566e-13	1.956334005873441e-13	6.117147956960888e-14	1.5619176610072702e-13	2.7778853392039583e-13	-4.4499023342334917e-14	-5.703644758705949e-13	-4.726654310767399e-13	-4.738540678264336e-13	-5.369622698116407e-13	-4.149244927061417e-13	-1.1787164156928614e-12	7.434809096336288e-14	-2.8202530625140266e-13	4.794062468012643e-13	3.646624432004648e-15	-4.4464071267254604e-13	1.0329934998890286e-12	-6.725274284617143e-13	-5.811841561794023e-13	1.0608399850149294e-13	-9.917265352744862e-14	1.2742652702862815e-13	6.496878612339323e-13
16.0	8.970001959259889e-15	-3.1256206122348177e-15	-8.289255279930681e-15	2.412728643930095e-15	-1.5414631236945265e-14	-6.2287466634056954e-15	8.535674904797404e-15	-1.658284345021876e-14	-6.064765865014939e-15	1.0502775647449788e-14	-4.8543721112437335e-15	-0.3781885949476195	0.37818859494762463	0.47283509195838996	-0.47283509195839235	-0.3781885949476222	0.3781885949476243	1.149014618745244e-13	2.7566877986256035e-13	9.978006126572507e-13	-1.5426224715141244e-13	-6.833811312959165e-14	2.8793061506468133e-13	1.0622116567763648e-13	-8.904274537715741e-14	-1.6667455280377083e-13	-5.395273734275595e-13	2.707236193675262e-13	-3.8591681567069316e-13	1.042597367518882e-13	-1.835615233194081e-13	-9.589536773866298e-14	5.192803758988881e-14	-1.6012675595859424e-13	-1.471996296025101e-13	-4.488169036527816e-14	-1.2454669103463138e-13	-6.193925572501104e-13	-3.978690114477471e-13	1.6072641828913394e-13	-3.915584872360467e-14	-1.7763526230543235e-13	5.817279365080706e-13	1.4429835422728967e-13	1.5615166825991896e-13	2.5400306235434384e-13	-5.012438061477767e-14	7.759336885076434e-13	-1.4941938229237748e-13	-8.523221403624144e-14	-2.1554378354834685e-13	2.2385861708192078e-13	6.750518912110779e-13	-1.1817859137328677e-13	-2.524184477189088e-13	4.801483222406094e-13	2.4025788172841975e-13	3.269315515473852e-13	1.7735426945033548e-13	-3.1631728671527455e-13	-3.388459684269273e-13	1.5530538116619258e-13	1.7697937926943165e-13	-3.847955775744696e-13	2.3083501136386056e-13	1.4382859471456525e-13	2.103128467696537e-13	-3.6546418942205697e-14	1.2081862780885618e-13	9.499521570556522e-14	-4.35740133386645e-13	2.2242724873467712e-13	-1.9729080223196825e-13	-6.174463397470871e-14	-1.5768854256466447e-13	-2.8032083939797055e-13	4.4678953563352934e-14	5.755314602467939e-13	4.76792733167832e-13	4.780606692444511e-13	5.416060356087464e-13	4.1839146602109247e-13	1.1881802420836495e-12	-7.476940455414547e-14	2.845799840646083e-13	-4.834312172876623e-13	-3.50413368167949e-15	4.4835364166433526e-13	-1.041569584813487e-12	6.783701334733507e-13	5.861500917254785e-13	-1.0703153093412138e-13	1.0015631318530967e-13	-1.285261443044191e-13	-6.550065690909125e-13
17.0	1.3923583769161279e-15	-5.434188670410937e-15	-5.019089840442894e-15	1.5040843427623601e-15	-1.1747979888937843e-14	-7.571955594061252e-15	2.832689206036338e-15	-1.363259952152445e-14	-3.3243929519515064e-15	7.560803545762276e-15	-3.2648260037022467e-15	-0.2773500981126167	0.27735009811262246	0.3394459005084625	-0.33944590050846324	-0.4656843848530115	0.46568438485301145	7.64778261309425e-14	2.0443435493573946e-13	7.023818891035626e-13	-9.602108921461998e-14	-4.098779945198509e-14	1.9909026105353375e-13	7.349606589454864e-14	-4.8283175617150246e-14	-1.1320632296694945e-13	-3.6056483419099684e-13	1.690608668805113e-13	-2.852926807888534e-13	5.94499414559245e-14	-1.2803667715823448e-13	-8.018037400806567e-14	4.1879350700904187e-14	-1.1601633709670702e-13	-9.725958383390967e-14	-3.741860864506119e-14	-7.691220270578631e-14	-4.597466938512823e-13	-2.771277136929561e-13	1.0417453935282837e-13	-2.142295353655356e-14	-1.2108034507436856e-13	4.0964530718185636e-13	9.085555102951981e-14	8.724023636051942e-14	1.60082985318506e-13	-3.23371691752645e-14	5.491003791396979e-13	-1.0529849255028124e-13	-6.212293084981518e-14	-1.2955613419556486e-13	1.3176752909235498e-13	4.710564248923306e-13	-7.851069420329463e-14	-1.5578655926113897e-13	3.414796159835335e-13	1.687436060438375e-13	2.1142713218699235e-13	1.16266701141046e-13	-2.2361583920693085e-13	-2.0380739970204833e-13	1.0712890875646267e-13	1.1859940893144642e-13	-2.794877703222245e-13	1.5902202262191132e-13	8.563231142375124e-14	1.3806696851179e-13	-2.4111925891141958e-14	7.797644320685503e-14	5.293670836945912e-14	-3.0404186551886027e-13	1.407764960048572e-13	-1.1724399503895966e-13	-4.0088338373717665e-14	-1.0024752351207748e-13	-1.6703839377218865e-13	3.192497701471308e-14	3.66825279622385e-13	3.1150373848906963e-13	3.004048301727152e-13	3.8584699627744364e-13	2.9811125880500536e-13	8.769643628818901e-13	-4.7301980747706885e-14	1.6619553512136848e-13	-3.445711065328426e-13	-8.942485887581499e-16	2.840105821553946e-13	-7.564647367378245e-13	4.751912144989305e-13	4.29952125307617e-13	-7.35302111940894e-14	5.977845867963493e-14	-8.480042704198862e-14	-4.833557569613836e-13
18.0	-1.4371611767803956e-15	5.3884412554429085e-15	4.941998622560914e-15	-1.5199421255941377e-15	1.1794524019038977e-14	7.635397012722323e-15	-2.861557290702569e-15	1.3660737978275676e-14	3.3309051787752718e-15	-7.548531808899538e-15	3.319473486371244e-15	0.2773500981126166	-0.2773500981126225	-0.3394459005084625	0.3394459005084632	0.46568438485301156	-0.4656843848530114	-7.652482692364188e-14	-2.0447355402937467e-13	-7.024479171987816e-13	9.593072493990761e-14	4.100994768052669e-14	-1.9902088407742283e-13	-7.350261708128509e-14	4.832199072817544e-14	1.1315458614052022e-13	3.6063688781239774e-13	-1.691299278034508e-13	2.852250331525351e-13	-5.937957182857485e-14	1.2799499274587377e-13	8.024998172101193e-14	-4.1915763147186935e-14	1.1240924214639151e-13	9.439522780299877e-14	3.601334153187479e-14	7.43492467585014e-14	4.452933943110395e-13	2.683477552967195e-13	-1.0063531299388478e-13	2.074598135254584e-14	1.175874639498846e-13	1.8723538627222093e-14	2.3491057966219438e-14	1.1966220700386157e-14	1.50679523437069e-14	7.284691961378449e-15	2.9878669060616445e-14	-1.0309070310922512e-14	-6.064297588438785e-15	6.144907947082556e-15	-2.0631954579900184e-15	2.6767923209893008e-14	-9.650402840089378e-15	5.2310202096609976e-15	2.598123228671411e-14	1.491416088178464e-14	9.337188563175515e-15	8.196009318997148e-15	-1.6947356216840365e-14	-2.2770009891885024e-14	7.985572414808845e-15	1.3949785258941818e-14	-2.1416064981760097e-14	-1.6795464884816136e-15	1.0419886785323672e-14	1.032707795868587e-16	-1.2413970549201481e-14	1.2302033116974629e-14	5.3084086978719665e-15	-4.091194843389358e-14	2.5724627096772953e-14	-1.2254123668199522e-14	-9.900362851489684e-16	-2.215147431772982e-15	-3.269559161762724e-14	-4.280551842516399e-15	4.90516375077855e-14	3.6450149485320984e-14	2.9188023672344984e-14	3.9502939106429425e-14	3.326993211288768e-14	8.878994244483174e-14	-1.2603325326136393e-14	1.2337928248423384e-14	-2.4865288969164984e-14	1.232556356661001e-16	2.3556603423983705e-14	-1.025012324937414e-13	4.353927070221969e-14	4.232798378677307e-14	-6.2335189754546455e-15	7.201325700137714e-15	-5.883301321343782e-15	-6.256743050251987e-14
19.0	1.5440941599726638e-13	-3.110046034173506e-14	-2.595371162715014e-13	6.753718422887901e-15	-1.4317039260069707e-13	2.7059325318859847e-13	-2.842103140245069e-13	-3.9436789916345157e-13	5.560728008717173e-12	1.4659423888547075e-14	9.179717118760994e-14	9.224016749068625e-15	3.1480245207465535e-14	-8.048666108658625e-14	-1.5664417042815828e-13	-1.627153064640599e-13	1.578689212606768e-15	-0.465684384853012	0.46568438485301195	0.33944590050846274	-0.3394459005084655	-0.27735009811261513	0.277350098112613	-1.48986468728603e-15	3.2778437332102626e-14	1.3704583826769013e-14	2.057340516480509e-14	1.5031047574915183e-14	-1.3873682032920923e-14	2.0370875329468504e-15	-5.88850589178386e-15	-7.10647973723191e-15	3.0603898632615746e-14	4.382080060961632e-15	-2.59244902230291e-15	1.5012391906507883e-16	-3.565254781835839e-15	-1.5671112588956057e-15	2.428012968117848e-15	3.364528816438391e-15	-3.885570571818044e-16	2.381882838135946e-16	6.121993219586115e-15	1.1372943956064185e-16	1.0017821921769013e-14	-1.3728005926971588e-14	-1.418909874419564e-14	9.694716647174098e-16	8.751470853451239e-15	-1.1588024247539093e-14	1.5424592378199875e-14	2.561611754702832e-14	-1.000305366102107e-14	1.4343089203074891e-15	4.8279609374135804e-17	-6.708012702634551e-16	1.5307832600994068e-14	7.188314741212857e-15	-9.302251575245894e-16	4.639261544150329e-15	3.029820187079593e-16	1.688587443802564e-14	1.0968465626725673e-14	5.107840804847209e-17	6.256587398446925e-15	-1.0024836488123412e-14	1.8551405854043134e-14	-7.692254488173059e-16	-5.109828229628958e-15	1.8263433759895487e-13	2.5944648417834776e-14	-3.566565737059011e-14	8.506742188588888e-15	9.225951045269653e-15	-1.7890341029092678e-14	-2.678061074990417e-13	-2.7980841527176026e-14	-1.053757691394617e-13	-7.980823662295956e-14	2.3115005650564107e-14	2.2070249942922342e-14	-1.6602476149377542e-14	2.252720820531795e-14	1.6788378707595486e-14	5.647229373675938e-14	-5.627515126690645e-14	-6.46083215405806e-14	2.153205468473046e-14	1.8850056380491806e-13	4.612158558942908e-14	-4.112097261564984e-14	-1.1322888164473556e-14	1.0219392848046762e-13	3.309875728045451e-14	-8.546979274321455e-14
20.0	-1.5638399658777024e-13	3.14792953732689e-14	2.635123831319136e-13	-6.933039790377006e-15	1.4531345835538793e-13	-2.7492662023895675e-13	2.88615829473396e-13	4.004895664731162e-13	-5.646275259357098e-12	-1.4830856546805966e-14	-9.288331519781393e-14	-9.357808686908475e-15	-3.1758085993346803e-14	8.147335789348464e-14	1.593382855038665e-13	1.6517108473684824e-13	-1.596496346353108e-15	0.46568438485301206	-0.4656843848530118	-0.3394459005084628	0.3394459005084657	0.27735009811261524	-0.27735009811261296	1.4347094181052203e-15	-3.2909363799881996e-14	-1.3762575193821297e-14	-2.087842635528819e-14	-1.4975942057735608e-14	1.3878533559852747e-14	-2.331600300624675e-15	5.763397291448703e-15	6.983931001166161e-15	-3.039272659792805e-14	-4.06512749418307e-14	-7.72609539606467e-15	-4.946288995305689e-15	1.5525480256116054e-14	1.1823529806423607e-14	-2.3121357873197257e-16	-1.047986924691909e-14	2.517614815036202e-15	5.2163705802872786e-15	-9.49575369297855e-15	7.932737285169086e-16	-1.6820732367895297e-14	1.9447162508459253e-14	1.7307932128262855e-14	-6.061236352630372e-16	-1.14841612416926e-14	1.68619702543203e-14	-2.1264349281801186e-14	-3.9588641465552357e-14	1.6663202098623977e-14	-3.824637944097006e-15	-2.860789530783896e-16	4.353967223884004e-16	-1.8291714536706033e-14	-6.599770321728441e-15	1.5702339827168511e-15	-6.319964083895116e-15	-4.2776471904635706e-16	-2.562544934688857e-14	-1.6084514454631383e-14	-1.7419133357047371e-15	-6.865752928305886e-15	1.4279033595737937e-14	-2.5971174635647572e-14	1.1196435160132455e-14	2.0945569026248474e-14	-8.693791706950011e-13	-1.2574754637775057e-13	1.6598752952722696e-13	-4.37955155337717e-14	-5.443933662829388e-14	7.508289443197242e-14	1.2884655698436607e-12	1.2262901825056178e-13	5.25916535314363e-13	3.921034446348032e-13	-1.187174851414181e-13	-1.0722601524889808e-13	8.157538985442733e-14	-1.0474127035424285e-13	-9.229134712325533e-14	-2.850738500750525e-13	2.695619860034021e-13	3.1637115893320826e-13	-1.1390515047154898e-13	-9.041330082192768e-13	-2.1790702852414585e-13	1.9276461541211917e-13	5.21126887332404e-14	-4.93782402641052e-13	-1.8041744787317773e-13	3.9451684613741876e-13
21.0	-9.264578949456121e-14	8.357147395393186e-15	1.2451940653571623e-13	-3.365114568452813e-15	7.220867084780483e-14	-1.229999890316044e-13	1.3414810583991255e-13	1.9746063527551298e-13	-2.7259428556877117e-12	-2.2688268545119094e-14	-5.910258229898127e-14	-1.1802363088378163e-14	-2.1423159358239188e-14	4.959046590483255e-14	7.545780413469275e-14	7.959148495715956e-14	-2.4288362867979912e-15	0.3781885949476224	-0.3781885949476218	-0.4728350919583925	0.4728350919583925	0.378188594947622	-0.37818859494762036	7.758708268175854e-15	-3.0570964479018334e-14	-1.6716397352820926e-14	-8.302211193125009e-15	-2.0123431073996255e-14	1.8638506300623848e-14	1.0135356736722235e-15	3.823695093539947e-15	9.921473742797596e-15	-3.992931625755161e-14	-5.3866370460913907e-14	-1.7960780186083545e-14	-2.7568566354798008e-15	2.4105097400310174e-14	1.2054411062192417e-14	1.546479600187711e-16	-1.3259200923915985e-14	2.2638978913376083e-15	5.639146837577088e-15	-9.569792484285462e-15	-9.20251497239611e-16	-1.9069760808464055e-14	2.6899421628516215e-14	2.656617877812626e-14	-5.719105910000053e-16	-1.2907665013971e-14	1.9000989079010607e-14	-2.2098585112227212e-14	-5.113590447974176e-14	1.4158813673224021e-14	-1.0799602989009075e-14	-6.381181771175388e-16	-1.9087723847321214e-15	-2.2448094265929004e-14	-1.0356374381356417e-14	-3.837048983337894e-16	-7.157598006294799e-15	-2.337322773668498e-15	-3.9131946946610925e-14	-2.300974779446041e-14	-1.125535350687679e-15	-1.2788480151025247e-14	1.5557608577416386e-14	-3.3287235755862085e-14	1.9170092660824256e-14	2.513716514195815e-14	-1.167107170560377e-12	-1.7572387187549454e-13	2.2317705239757857e-13	-6.93635137472299e-14	-7.191148459798286e-14	1.0235567073273821e-13	1.7395565245987856e-12	1.670289976721766e-13	7.166562230370286e-13	5.265220267777672e-13	-1.5932964470642764e-13	-1.4403922040283544e-13	1.1264597760501694e-13	-1.527163939447782e-13	-1.2588320783448036e-13	-3.858688743021787e-13	3.6781347828822253e-13	4.314676671950446e-13	-1.530088241540803e-13	-1.2265066632568883e-12	-2.9398079216966773e-13	2.637098996674725e-13	7.386607762448798e-14	-6.7325021876901e-13	-2.51372799694825e-13	5.32923569491166e-13
22.0	9.281991608089081e-14	-8.53094156479255e-15	-1.24527685280311e-13	3.447120968210404e-15	-7.215948017423193e-14	1.2293564317271915e-13	-1.3420335093118907e-13	-1.9749378986399133e-13	2.726111621382901e-12	2.29194809240488e-14	5.914657343021237e-14	1.1851166345308185e-14	2.1538940197960896e-14	-4.975332650599997e-14	-7.541698841042446e-14	-7.969037844838944e-14	2.4474593865968476e-15	-0.37818859494762247	0.3781885949476219	0.4728350919583926	-0.4728350919583926	-0.3781885949476219	0.3781885949476204	-7.941564697121339e-15	3.076742547141888e-14	1.6777888481236878e-14	8.3952354849976e-15	2.0389204357652e-14	-1.8609012954637895e-14	-1.0754243373137703e-15	-3.971355143701344e-15	-1.001012595690625e-14	4.007509887810765e-14	5.4109754187255185e-14	1.8197046068367276e-14	2.8704965535929785e-15	-2.4061469521973365e-14	-1.2051016926675992e-14	-2.0478014269790405e-16	1.3283612418157971e-14	-2.160779952197751e-15	-5.5356003383290555e-15	9.576474893946976e-15	9.040096242042383e-16	1.925360219550787e-14	-2.6909220783438058e-14	-2.6567820442171695e-14	6.615365131766671e-16	1.3022629897985345e-14	-1.8817363570959462e-14	2.2149153912098293e-14	5.125453300424868e-14	-1.4067735146321451e-14	1.0838173184586464e-14	6.246914419263861e-16	2.0384886611963513e-15	2.2560994500412645e-14	1.0251350792450221e-14	3.7951640517776715e-16	7.325018668087058e-15	2.3733357265633563e-15	3.9346332713899923e-14	2.2966310658159165e-14	1.0849789041194957e-15	1.2772361204017378e-14	-1.586725975061753e-14	3.3413342675114475e-14	-1.925141681856283e-14	-2.5108399356790274e-14	1.1777371096877644e-12	1.7723117907619873e-13	-2.252561249280603e-13	7.025999577385072e-14	7.284065878844134e-14	-1.0328152418959174e-13	-1.7548297114167132e-12	-1.6861655542817178e-13	-7.22784964850457e-13	-5.310639999938241e-13	1.606831188233624e-13	1.4561601997325989e-13	-1.1340497499462446e-13	1.5400849653661117e-13	1.2704936233894228e-13	3.89007300402725e-13	-3.709666048973136e-13	-4.3498082751452693e-13	1.5406585359015404e-13	1.2367035931556156e-12	2.967808650235497e-13	-2.6585530676052165e-13	-7.451570297335064e-14	6.790546289861306e-13	2.534531358570561e-13	-5.374034846997013e-13
23.0	6.613523328380733e-14	-6.745603558246506e-15	-7.635630656309175e-14	1.9097306821566505e-15	-4.7248535563417805e-14	6.910868617244863e-14	-8.288782506521304e-14	-1.216881971228821e-13	1.6974563135222496e-12	2.175427494895792e-14	3.748309154649656e-14	5.250883877549118e-15	7.952998755367114e-15	-3.4908726432455134e-14	-4.739572003261297e-14	-4.8145422981925744e-14	1.4474750799505113e-15	-0.2773500981126167	0.2773500981126166	0.33944590050847095	-0.33944590050846213	-0.4656843848530121	0.46568438485301084	-1.954902495095945e-15	2.444337226843486e-14	1.5276081191988648e-14	2.4486788767941233e-15	1.4108370885557846e-14	-1.1089785097840117e-14	3.288721930013176e-15	-1.9381659316367267e-15	-7.248889931816704e-15	2.4060647598298005e-14	3.376587328183215e-14	9.54115593456905e-15	2.3993666273804327e-15	-1.7062845228283586e-14	-8.108505619716033e-15	-8.698704336253157e-15	7.023279263756972e-15	-3.7375010151839855e-15	8.5498480596483e-17	1.813543226054074e-15	-1.3433628299251267e-15	1.0437898475961028e-14	-2.0632403905795034e-14	-1.861006723509195e-14	1.136928479805414e-15	8.197635103719775e-15	-7.834400383871183e-15	1.574956742336744e-14	3.340386660882769e-14	-5.212220465155945e-15	1.6307254598425864e-14	-1.3577862430820518e-15	5.253019496888455e-15	1.455627447794236e-14	6.434500715863793e-15	1.2080742066519545e-16	4.88018445543903e-15	-2.6080371574792693e-15	2.7878055698662335e-14	2.3795434154266097e-14	-1.6806293120318613e-15	8.442508111918861e-15	-7.894124075704293e-15	2.1638922379586424e-14	-1.706382645744985e-14	-7.540568725175747e-15	7.632230183519342e-13	1.250939597270003e-13	-1.35293951581949e-13	4.7051656016956133e-14	4.384631195732012e-14	-5.889931064455053e-14	-1.2906285224324506e-12	-1.2201228222921532e-13	-5.181060827067997e-13	-3.359041915482675e-13	9.113997849269178e-14	8.931396531783205e-14	-8.921939986059379e-14	1.028447845118765e-13	9.345451442593969e-14	2.8179366861199503e-13	-2.4424053473932594e-13	-3.142784859046883e-13	1.1571136617333085e-13	8.641160069630556e-13	1.7995970616008453e-13	-1.7487026490360745e-13	-6.156324716712279e-14	4.627974686694093e-13	1.5825533036230253e-13	-3.191755064446268e-13
24.0	-6.625329956919224e-14	6.765262679226853e-15	7.626051461412099e-14	-1.9065828592315515e-15	4.6968737652159377e-14	-6.903676803889414e-14	8.282856005024867e-14	1.2167606297688337e-13	-1.69751890021286e-12	-2.1785735550731483e-14	-3.748435505691415e-14	-5.199715938875367e-15	-7.843744608559659e-15	3.4853022709106244e-14	4.729275564142514e-14	4.816799229973144e-14	-1.4112221312981486e-15	0.2773500981126167	-0.27735009811261646	-0.339445900508471	0.3394459005084621	0.46568438485301206	-0.46568438485301084	2.087890309430688e-15	-2.4513547016375556e-14	-1.5251879221832143e-14	-2.373758176798913e-15	-1.4193878980090523e-14	1.1239035260695491e-14	-3.234791115694117e-15	1.875736104894223e-15	7.243814645113881e-15	-2.4111755496980897e-14	-3.379871662187674e-14	-9.621518917511816e-15	-2.3738673226660057e-15	2.994705201167177e-15	1.9718013618165033e-15	4.564385394735199e-15	-5.836446928575609e-15	9.518641763498278e-15	8.165333076750008e-16	-3.085823397766207e-15	-2.18253285340705e-15	-5.591450714543932e-15	1.892602808947823e-15	1.0835255367818888e-15	-3.37843593188452e-15	-9.615999351323123e-15	6.79043799399012e-15	-4.0802985812859003e-16	-3.8821991918336236e-15	-7.650604783580685e-15	-4.7509314843105906e-15	4.2643620703465996e-15	-2.5513699625598665e-15	-4.5993663531371565e-15	-1.3240781716058046e-15	9.729800449456209e-17	-4.730418686970792e-15	2.910978353398295e-15	-1.5543458316952613e-14	-1.972686576953978e-15	-3.3363958060562334e-15	5.412280099135848e-16	3.7194212386639687e-16	-1.7613544266600662e-15	-2.3444691823404085e-15	-2.347547748536562e-15	1.0765963277971179e-13	1.4105458372849869e-14	-1.818551609239944e-14	7.320582365919811e-15	7.846415745983126e-15	-1.4537725978488924e-14	-1.819139803172298e-13	-1.5034173568997703e-14	-2.2400464852671488e-14	-1.8120685447900766e-14	7.376893478654301e-15	1.0089702253594591e-14	-7.367903504349982e-15	8.100504938406609e-15	6.424607928158466e-15	1.3812527467388051e-14	-1.2325275703698688e-14	-1.764127773517612e-14	6.316929149423674e-15	4.24845728163647e-14	9.983978508846621e-15	-8.77679347176335e-15	1.2283636799299813e-15	2.9539869663678964e-14	1.246138527469493e-14	-2.1326997320210367e-14
25.0	4.525041726541833e-15	-4.8960761316206985e-15	-2.359719772221697e-15	3.107301123503147e-15	2.6393593736189737e-14	-5.155610356239731e-15	-3.884998963184171e-15	-6.87174409037055e-15	-8.577708598229797e-15	3.9270532253964326e-15	1.9070023609596314e-12	-4.0048350139923147e-13	-1.827338045064052e-13	-6.000425614806676e-14	-5.702323365528279e-13	2.08333359622036e-12	4.944204177745818e-13	2.4922335627613863e-13	-1.1856496948111275e-12	2.1645138939088913e-13	-3.625887226117461e-13	4.7729734510304e-13	-9.705616898033272e-13	-0.46568438485301045	0.46568438485301095	0.33944590050846124	-0.3394459005084617	-0.27735009811261746	0.27735009811261074	7.207522168830406e-15	-5.060129883411645e-15	-6.13714554328092e-16	2.7476162112025575e-15	-7.026625228771521e-15	-2.2455854341621224e-14	5.213043284841923e-15	3.728343319005456e-15	-3.505391817895589e-16	6.953552768840894e-15	6.761361774241694e-16	-4.867061041675804e-15	7.927401110407682e-15	2.1077706340187917e-15	1.5692070983391514e-15	-1.464645150934686e-14	-1.587154821187635e-14	-4.435218661761619e-15	5.061967442317025e-16	2.0564007895066317e-15	-5.088205374871734e-15	4.8519529137716905e-15	-1.5124004918811871e-15	3.913910306498866e-15	8.426616594133631e-15	-1.9363644087385055e-15	2.2965566099419053e-14	-2.0896557633737284e-13	5.881135547586778e-13	2.1778717185651678e-13	-1.6235833977029064e-13	3.340659094921626e-14	-7.181367919441939e-14	-1.543612548285333e-14	1.879388024544062e-13	4.609534286460601e-13	-4.838723502001896e-13	5.845640465557748e-13	1.3084205379855314e-13	3.8580706468871735e-13	1.548664732186226e-14	-5.699970183459134e-14	-2.7846062320247616e-13	4.810235333815132e-13	-1.338696123766293e-13	-1.6782608846645159e-13	1.2409427170467496e-13	-3.411842563331158e-13	-9.4953441480448e-16	-2.047413506217778e-15	1.6907362786113797e-14	-4.004871469147966e-15	3.959619742750378e-15	-1.3399958177004464e-15	3.8289495933990633e-16	-5.921021823331786e-15	-6.379403843419979e-17	-4.927874241024576e-15	2.6605686427559357e-15	-3.3781287793867346e-15	-1.944277232500775e-15	2.5375294744777257e-16	-2.148819937013155e-15	2.6946071211535966e-15	1.1195613067962579e-14	-1.6283158446040485e-14
26.0	-4.638670464655301e-15	4.699731921783158e-15	2.4517584825347553e-15	-3.274795270956086e-15	-2.624943117214933e-14	5.177095023341718e-15	3.91333391747068e-15	6.729924657728534e-15	8.65149880917978e-15	-3.9223295211202535e-15	-1.9363240591174286e-12	4.0661104458164465e-13	1.8550679960844638e-13	6.068500634950452e-14	5.789336811799937e-13	-2.1159789868967158e-12	-5.019525059088569e-13	-2.530315317963617e-13	1.2040556203674492e-12	-2.1986894932689778e-13	3.6810634517604003e-13	-4.850446344811359e-13	9.858743828391511e-13	0.4656843848530105	-0.46568438485301084	-0.3394459005084614	0.33944590050846174	0.2773500981126175	-0.27735009811261085	-7.318586274043148e-15	5.063917213449831e-15	5.208567776544857e-16	-2.783245087521459e-15	7.061284533385646e-15	2.2395964302951235e-14	-5.2998438627167485e-15	-6.784840317407471e-15	-4.1854808540048074e-17	-8.730253576439839e-15	1.5925749263325607e-15	1.0023520017684286e-14	-4.462627656504311e-15	1.4894007443350671e-15	-6.317582321692131e-15	2.5386225400301055e-14	1.320471487116548e-14	4.272629566477246e-15	5.06919266995929e-15	-4.304963830521662e-15	4.810537585070449e-15	-1.9027272344117527e-14	5.256670293902505e-15	-2.0462928514952194e-15	-1.6068374253877944e-14	3.330000649193811e-15	-3.652631380825802e-14	3.539264111482054e-13	-9.86899850623821e-13	-3.6022253504173065e-13	2.7146819870848346e-13	-4.714022650650314e-14	1.2266664129715973e-13	2.780867434039709e-14	-3.1767448566543e-13	-6.26758446476859e-13	6.559956581278466e-13	-7.930119561443395e-13	-1.7967428858439534e-13	-5.241039872737377e-13	-2.2578882342153877e-14	7.891060761219302e-14	3.75814015206452e-13	-6.545662230759907e-13	1.8528636874865905e-13	2.275167020763807e-13	-1.6966402827970252e-13	4.635515883452017e-13	-8.220544232608706e-14	-3.6455402823443164e-13	6.208965727882393e-13	-3.315180520340262e-13	4.9200719909925405e-14	9.713369846161168e-14	-1.2892304383860363e-13	-1.9806428571628189e-13	-1.264299707377255e-13	-1.4796009411312442e-13	2.7892283040778045e-14	-1.913188410481485e-13	-8.768925724415633e-15	8.855664088125452e-14	-1.6731109590187906e-14	2.723676743889685e-13	4.966805985036827e-13	-4.719321824719141e-13
27.0	-5.029207756086704e-17	1.5330027109363913e-15	-5.362620345479066e-15	-7.937890799568216e-16	-3.523288436029437e-14	8.885793454538732e-15	9.13465838965941e-15	5.842681456194919e-15	1.0199497947817852e-14	-2.0984501241114164e-15	-9.444026395729112e-13	1.9961764287322537e-13	8.976704091242835e-14	2.835618757753925e-14	2.8767203462612514e-13	-9.946509724295857e-13	-2.4832362039293364e-13	-1.2365084884743968e-13	5.786511765214901e-13	-1.0009002444126583e-13	1.778754776897857e-13	-2.171701464252256e-13	4.674389619365439e-13	0.37818859494762236	-0.37818859494762463	-0.4728350919583909	0.4728350919583908	0.3781885949476235	-0.3781885949476193	-6.443664562494275e-15	1.3911571706572373e-15	-2.1610620455170913e-15	2.909246934006363e-16	7.595897005284432e-15	3.060401444290029e-14	-6.629597591734075e-15	-1.2927982248455344e-14	3.2545921932353074e-15	-9.362891340327167e-15	1.0540293735453923e-14	1.0259838287216799e-14	7.916873779299446e-15	-3.1056039915301794e-15	-6.626546187462751e-15	3.4205623819507217e-14	2.2264316544030783e-14	6.9633699031284174e-15	7.723742222053084e-15	-1.0932677130027384e-14	2.3512203411776982e-15	-2.9332048781963563e-14	4.7309878539168415e-15	-1.786203465302988e-15	-1.7620397009567513e-14	8.598419316232539e-15	-6.515348773227844e-14	4.786724190314323e-13	-1.3277622233824672e-12	-4.896773120845557e-13	3.6351269201554076e-13	-6.661035187056096e-14	1.6705822128509388e-13	4.047803901918912e-14	-4.3141086746634087e-13	-8.423633018940304e-13	8.812723630553331e-13	-1.0647839685921972e-12	-2.57181973167077e-13	-7.048264807470355e-13	-2.375916590328145e-14	1.0881367382555392e-13	5.064660185669421e-13	-8.725090936791272e-13	2.4832625729855687e-13	3.0671649645311686e-13	-2.3068032534072477e-13	6.244064248015045e-13	-1.0928656952133506e-13	-4.952027522721678e-13	8.353573633401582e-13	-4.4905260154154606e-13	6.750528253543537e-14	1.3112708867887442e-13	-1.7122412036256912e-13	-2.7450766630485646e-13	-1.710802735296247e-13	-2.0055543004603278e-13	3.792388316355384e-14	-2.584492894275993e-13	-5.456554189721805e-15	1.2050403541474967e-13	-2.1658214214443332e-14	3.644039335069274e-13	6.714495166388533e-13	-6.313355140861974e-13
28.0	3.704374565236445e-18	-1.5565353727541715e-15	5.363365401033287e-15	7.330824732089493e-16	3.5292223549751464e-14	-9.052247776139681e-15	-9.089029357443184e-15	-5.8139016670049316e-15	-1.0140907629660863e-14	2.173798892023993e-15	9.445521129613205e-13	-1.9946695711203836e-13	-8.989946478838497e-14	-2.822891240211557e-14	-2.877591758762931e-13	9.94610048852105e-13	2.483174030414668e-13	1.2381948473047832e-13	-5.784839079283848e-13	1.000351046048615e-13	-1.7775241105632846e-13	2.1698831148002358e-13	-4.673386864948983e-13	-0.37818859494762247	0.37818859494762475	0.4728350919583907	-0.47283509195839096	-0.37818859494762336	0.37818859494761936	6.411288710694807e-15	-1.4780988696466088e-15	2.1628177153824787e-15	-3.141934828092609e-16	-7.630876626207071e-15	-3.068428252039663e-14	6.622405805861019e-15	1.2891103308721388e-14	-3.4197534020071313e-15	9.27750509172658e-15	-1.0672632800224956e-14	-1.0292557230569057e-14	-7.852483371432614e-15	3.0859124261898315e-15	6.531419027102955e-15	-3.4397988838548515e-14	-2.241210924081957e-14	-6.898468383465284e-15	-7.623865964851605e-15	1.0880717777484493e-14	-2.3837791074690755e-15	2.954912340472214e-14	-4.7982979161734695e-15	1.8669017006082426e-15	1.782155929553984e-14	-8.797304576768141e-15	6.573576263905636e-14	-4.832296280851643e-13	1.339678884460205e-12	4.939974299835066e-13	-3.6697556263265347e-13	6.739375300236935e-14	-1.685192487914559e-13	-4.0734127462236546e-14	4.353444112423685e-13	8.496262632022709e-13	-8.891303572628631e-13	1.0744809169616394e-12	2.594124413530445e-13	7.113079836734707e-13	2.3974049378175416e-14	-1.0967156100986965e-13	-5.109243056232208e-13	8.803125261147492e-13	-2.5034856354004055e-13	-3.092916647184622e-13	2.328514733398711e-13	-6.298596381862582e-13	1.1007741207841237e-13	4.996945443771024e-13	-8.426363817266249e-13	4.526354922656468e-13	-6.809304668945061e-14	-1.3227917348674276e-13	1.7273509991007458e-13	2.7680511551617417e-13	1.725539511758565e-13	2.0250384459414397e-13	-3.826580943981257e-14	2.605087317254242e-13	5.51256733756757e-15	-1.2167884898230684e-13	2.1710810684875753e-14	-3.6756673206346534e-13	-6.772202878496244e-13	6.3680248972648e-13
29.0	2.89719845515588e-15	2.2855875911619657e-16	7.905958916085759e-15	1.576079689951119e-15	2.0483944368432072e-14	-6.878769716660288e-15	-2.787376696085674e-15	-9.153386592565068e-15	-6.691506797674636e-15	4.588446759873313e-15	5.900851031929109e-13	-1.2947537483829286e-13	-5.899462567285239e-14	-1.777138720120678e-14	-1.8758881192687355e-13	6.170789122986573e-13	1.5987340626977724e-13	7.628032705809852e-14	-3.61126312592088e-13	5.836799488822566e-14	-1.13846051999837e-13	1.2196513925456065e-13	-2.806701486670156e-13	-0.27735009811261657	0.27735009811261635	0.3394459005084611	-0.33944590050846046	-0.4656843848530107	0.4656843848530115	5.8865409327537835e-15	-3.941911887889901e-15	9.613318450005524e-16	-1.54187080678215e-15	-4.475942146345879e-15	-2.3283314392927047e-14	2.943548449616291e-15	1.5033913693341376e-14	1.732185723777222e-15	6.6297694413587645e-15	-9.191123314765677e-15	-7.390158912196921e-15	-5.783364066522175e-15	2.8248671662804855e-15	7.515987727520738e-15	-1.892643990800914e-14	-2.3667395505924958e-14	-4.812506982916126e-15	-7.0968201704932345e-15	6.5516945588171265e-15	-4.009710017987981e-15	3.0331281494424175e-14	-5.274874665299649e-15	2.6249742482440853e-15	1.071458734560424e-14	-2.610246562013895e-15	4.719958010869031e-14	-3.3610112089689976e-13	9.640368440574575e-13	3.56040828595073e-13	-2.421929065329666e-13	4.241198122754391e-14	-1.224126403701256e-13	-3.093085567005532e-14	2.5692374680658854e-13	6.126665647952901e-13	-6.143907812844196e-13	6.924479355721492e-13	1.812030687364862e-13	4.4961082573916435e-13	1.7634054543411185e-14	-7.724634183845898e-14	-3.2805721830851045e-13	6.413431583884921e-13	-1.7540114461107113e-13	-1.9681871179080375e-13	1.391909812858889e-13	-4.217460146829495e-13	6.363434921992107e-14	3.248973606786545e-13	-5.877755282174203e-13	3.282219334967399e-13	-3.6357087006848635e-14	-7.790926281652388e-14	1.2952936491105568e-13	2.0976715685670946e-13	1.0149090639862384e-13	1.1712042446191856e-13	-2.6425279933199828e-14	1.6680106341632267e-13	5.181421466407538e-16	-7.374108647977085e-14	1.8258437085121487e-14	-2.5568819575635743e-13	-4.367453958872152e-13	4.5352186695531997e-13
30.0	-2.835663365417324e-15	-2.794840635347573e-16	-7.782460060052087e-15	-1.492214408104007e-15	-2.044488084259847e-14	6.87371859893414e-15	2.69742289253798e-15	9.122445388014355e-15	6.773769083652329e-15	-4.63838471545018e-15	-5.900659271948112e-13	1.291945554632496e-13	5.904306506890242e-14	1.776261449130955e-14	1.87690014169358e-13	-6.170124176931208e-13	-1.597212188878041e-13	-7.63638429721562e-14	3.61097145622824e-13	-5.840283717401091e-14	1.138827760805287e-13	-1.2191816091638768e-13	2.806390375452187e-13	0.2773500981126165	-0.2773500981126163	-0.33944590050846113	0.33944590050846046	0.4656843848530107	-0.46568438485301156	-5.827518372280327e-15	3.9861976942407005e-15	-9.0224148941168e-16	1.5937828595464643e-15	4.457829237946519e-15	2.3255946477763454e-14	-2.885607919845542e-15	-1.50377013923662e-14	-1.7940219932473975e-15	-6.613204893484555e-15	9.267496023348843e-15	7.366257479734603e-15	5.63354812489061e-15	2.8766000769722468e-15	1.4112321628033159e-15	-2.7426100993195647e-15	-1.7995153249042395e-15	-3.117014629037774e-16	-4.153235956495718e-15	4.0439090536004577e-16	-1.7960539367685277e-15	2.575804012111734e-15	1.4009559856513285e-18	6.971496683798576e-16	1.4188037636660985e-15	-1.6492981235912429e-15	3.5277735102463422e-15	-2.306774500670626e-14	6.771738586616104e-14	2.1413549866737685e-14	-1.819032352411823e-14	4.9184440059386376e-15	-8.497425141466203e-15	-1.834398705449865e-15	1.8672802061908615e-14	4.2685452806063454e-14	-4.239218138098508e-14	5.0589252568413736e-14	1.5223446675706695e-14	3.0019363826806404e-14	3.023481645793545e-16	-6.5863793945361234e-15	-2.2001732574140857e-14	4.4882515185916474e-14	-1.5449584814159235e-14	-1.2980679153981751e-14	1.1832144968054617e-14	-2.9981413140374157e-14	4.522777342004821e-15	2.4645769514912108e-14	-4.1360136516977307e-14	2.2351540070926466e-14	-2.818110557607233e-15	-5.769460978835582e-15	8.710792263364824e-15	1.1459368560861192e-14	6.735018831657847e-15	9.999239643346125e-15	-3.764443680182513e-15	1.12147207654856e-14	-3.8701437134513865e-16	-5.874134525317357e-15	1.3507175412863918e-15	-1.9941063521312314e-14	-3.075341878652623e-14	3.357295502948841e-14
31.0	-1.8591702605377654e-14	-1.4799079606001729e-15	-5.866181988555162e-15	-4.335415984258745e-15	7.149827294863584e-15	1.1549343441057465e-14	-5.4177830787575185e-15	1.1939683700112965e-15	1.1954428062948077e-14	-1.7054115715880642e-14	-4.6429762645955915e-15	1.345866527100641e-14	1.3063446532073472e-14	3.949831446094618e-15	3.2467298503910023e-15	-6.0019032089767474e-15	6.003497012216484e-15	-1.3485509084452532e-14	1.4418332702744812e-15	1.2046052346986987e-14	1.1692937477862518e-14	-3.994871401610841e-15	-2.2487921231709605e-15	1.9061987242217972e-14	1.1235440448908322e-14	-5.550201338660111e-15	4.82108042814248e-15	-1.5818148999556836e-15	2.659675021106708e-14	-0.4656843848530109	0.46568438485301206	0.3394459005084637	-0.3394459005084643	-0.2773500981126184	0.2773500981126137	-2.5237297581294635e-13	1.0988022276859261e-13	8.02431757674618e-14	4.490659741035882e-14	-3.730588952621166e-13	-4.450633658703418e-13	-1.2450831146900273e-15	-1.1185571585378691e-17	-2.4654835462913676e-17	2.2966203664065283e-17	-1.2002619445937966e-17	6.2287483442947856e-18	-1.907568368965719e-17	-1.1185571585378691e-17	-1.1185571585378691e-17	2.2836922921561836e-18	-1.2002619445937966e-17	1.344199583866959e-17	6.2287483442947856e-18	1.1807900117552222e-17	-2.478411620541854e-18	2.133210794294821e-17	7.045796204854209e-18	-2.478411620541854e-18	2.691125971620487e-17	1.1807900117552222e-17	1.1807900117552222e-17	-1.1185571585378691e-17	1.1807900117552222e-17	2.133210794294821e-17	1.7387051890809054e-17	1.4666444315966863e-18	2.691125971620487e-17	1.344199583866959e-17	1.7387051890809054e-17	-1.1185571585378691e-17	-7.240515533239904e-18	1.0990852256992873e-17	-1.1185571585378691e-17	-7.240515533239904e-18	1.4666444315966863e-18	-1.2002619445937966e-17	1.1807900117552222e-17	2.133210794294821e-17	-1.1185571585378691e-17	-2.478411620541854e-18	-5.606419812121945e-18	-7.240515533239904e-18	2.2836922921561836e-18	-2.478411620541854e-18	-5.606419812121945e-18	1.7387051890809054e-17	-1.907568368965719e-17	-5.6064198121219424e-18	1.1807900117552222e-17	-2.4654835462913676e-17	2.133210794294821e-17	-1.907568368965719e-17	2.133210794294821e-17	-1.1185571585378691e-17
32.0	1.849001757994014e-14	1.4034150720974594e-15	5.6843911536193166e-15	4.332310663380603e-15	-7.2002090894094e-15	-1.1660930747491914e-14	5.499656345415748e-15	-1.2024566248812358e-15	-1.1790479541453495e-14	1.7041186430862044e-14	4.530179399497573e-15	-1.3429502851242919e-14	-1.3323126457050653e-14	-3.998525813160048e-15	-3.3526215140245823e-15	6.108220082824336e-15	-5.944278507253354e-15	1.3488001578165477e-14	-1.4252435762491928e-15	-1.1982280260066977e-14	-1.1440294106154736e-14	3.8890814904882065e-15	2.343529263659754e-15	-1.919675909281224e-14	-1.1088327569794893e-14	5.451325866934897e-15	-5.0132634901304996e-15	1.2791466592002448e-15	-2.6905672438763592e-14	0.465684384853011	-0.46568438485301195	-0.3394459005084638	0.33944590050846424	0.2773500981126185	-0.27735009811261363	2.520209262941536e-13	-1.0989613870813267e-13	-8.029152105981701e-14	-4.524019259422631e-14	3.7294389551716945e-13	4.449007688240385e-13	-1.7200387311486503e-6	-1.2271008330987402e-8	-1.4877757265162044e-8	-2.8721138014530897e-8	-4.505566169556472e-9	2.873259479954611e-10	1.774363068335979e-10	7.996451996239883e-10	-4.4769222841959255e-11	-6.297627881191951e-10	-2.1211294377022665e-9	4.511593047299844e-12	4.104486567026573e-10	-2.869963358967654e-11	-3.7943797932359334e-14	-9.269646402466953e-11	-1.0330610253384185e-9	-3.394167384860246e-13	-3.15748591464663e-7	2.4487001143730006e-8	1.2374596807395887e-8	5.3767593891176096e-9	5.602618852846965e-10	9.419936566055415e-13	-1.655698105083646e-9	-5.3210939964106726e-9	-7.427564530352364e-9	-1.5058842445032065e-9	1.0409941782817113e-9	4.3322078786624537e-13	-7.489112750657182e-12	3.8213087044792425e-10	-1.9402523066630683e-10	6.112209171693394e-11	-3.579806758228447e-8	5.624836575971622e-12	2.7599480435520807e-11	-2.6478362656944798e-9	2.816981517548944e-9	-5.044138627161572e-9	-1.9313323903497012e-9	-9.51733031245496e-10	2.5041666666391842e-8	-3.772533254346548e-8	-3.0188646751172805e-8	2.963803714506738e-8	-2.8423606365650882e-8	-5.687784095177131e-11	-5.09088512494829e-8	-1.611143343163571e-11	-2.1362647693991912e-10	9.361999532722357e-12	-1.506144983293616e-9	-2.5632645662356986e-11
33.0	1.9754954137531098e-14	3.128116556849738e-15	1.0225782963283144e-14	9.556100517848065e-15	-2.9381796736178565e-15	-1.020134671576394e-14	1.0483860094720423e-14	6.998089692736641e-15	-1.1320639858235808e-14	2.2196309831560228e-14	2.013366408803548e-15	-1.734062572250678e-14	-3.663817255221666e-16	-6.3333656298740684e-15	-4.5982839285981574e-15	1.2119048411393927e-16	-1.497183467580304e-14	2.1161016663840763e-14	-2.7444139189512114e-15	-1.4979344188978787e-14	-1.4933744443965727e-14	7.211881117166775e-15	2.2772244154875767e-15	-2.306808742599445e-14	-1.0999146817675274e-14	3.2697412499219485e-15	-8.939140309251917e-16	4.9867661555931124e-15	-1.6768763073397925e-14	0.3781885949476151	-0.3781885949476245	-0.4728350919583916	0.47283509195839313	0.37818859494762114	-0.3781885949476228	3.6301647744529153e-13	-1.5246728559692235e-13	-1.0534118503646611e-13	-4.494271846081382e-14	5.042791253365737e-13	5.979746295331575e-13	-2.6562111959923623e-6	2.812338868909603e-8	-2.570133888472408e-8	-7.811915142462228e-8	-5.0626376581172314e-8	4.5055040240847587e-10	2.3894617720295357e-10	2.347860487896237e-9	-8.142896231906542e-11	-1.0597612609176602e-9	-4.293668752092888e-9	9.500060932495838e-12	8.850428569346862e-10	-6.772767561504137e-11	-8.995961128035251e-14	-2.1706055243762376e-10	-2.3792865156468005e-9	-4.789132186911817e-13	-6.232291708636595e-7	9.305866318299827e-9	2.1861802492395966e-8	7.062785880517249e-9	1.0505738069112797e-9	1.4287548124608433e-12	-2.5165129754405123e-9	-1.189090955260175e-8	-1.1488195260099007e-8	-3.0657051890988124e-9	1.5592419261970315e-9	3.4960969266910767e-13	-6.089514358712762e-12	6.201476101993074e-10	-5.084754541449101e-10	1.3024922864579796e-10	-7.642726532476816e-8	9.203857863745223e-12	4.6889807549219496e-11	-2.676964296834975e-9	4.999104359658913e-9	-1.0541772928746316e-8	-3.92667605836285e-9	-2.3985262580076117e-9	5.394254879411055e-8	-8.690160704339584e-8	-6.43288084228959e-8	6.304258917392872e-8	-4.5273267143353934e-8	-1.2052240702109384e-10	-1.054700078120856e-7	-3.6585760789629606e-11	-4.805315611865864e-10	1.3686986062458397e-11	-3.4390417211549314e-9	-4.239287486310224e-11
34.0	-1.9938679456938127e-14	-3.1849337323691926e-15	-1.0402754367681055e-14	-9.626778443599852e-15	2.89489656683537e-15	1.0167218806671977e-14	-1.0393106204932381e-14	-7.105033802545563e-15	1.146350543576596e-14	-2.219440885017781e-14	-1.9874397185690196e-15	1.749219466149682e-14	2.8968918310273305e-16	6.225796197747112e-15	4.625947571602408e-15	-1.041162705890367e-16	1.4984275352516452e-14	-2.129534368134729e-14	2.7273925033876916e-15	1.5117229765910925e-14	1.507604674944874e-14	-7.179702011926404e-15	-2.4024566293533713e-15	2.30310983195765e-14	1.1074358514351678e-14	-3.4478961834558113e-15	1.001132105111107e-15	-5.024484813822342e-15	1.6519046618274048e-14	-0.3781885949476151	0.37818859494762447	0.47283509195839146	-0.4728350919583933	-0.37818859494762097	0.3781885949476229	-3.666561334367272e-13	1.5398665305063593e-13	1.0664021136667617e-13	4.5201839952402363e-14	-5.091687077738924e-13	-6.037263242722372e-13	-2.1633951545832016e-6	-4.658665961217541e-8	-1.9273471473510672e-8	-6.736770185190143e-10	4.553038219400049e-8	-7.69191490229933e-10	2.127230647745048e-9	4.4387057952689555e-8	-4.053150488062018e-10	7.653550399235218e-8	2.8992745848809315e-7	-2.9688492631054853e-11	-1.7839813807385803e-8	2.8663827783408255e-8	2.2177380215893213e-11	-8.579804526341427e-10	1.2077017362359198e-9	5.39267474733538e-13	-1.0454863327979481e-8	4.202960076197429e-8	8.401120773328258e-10	-2.4625089582393088e-9	-7.180835884299091e-9	3.267868943878522e-13	1.7564940291467045e-11	5.238349288497718e-12	-1.8517152980935905e-10	-1.3317424136968403e-9	-4.42709075257013e-9	-2.740558757368723e-13	2.1654421421875483e-11	-9.497069516579468e-12	2.329929958128965e-11	9.498011390431381e-11	1.5011780832556554e-9	3.0733471659036875e-12	2.274517831317395e-12	1.3967627086991518e-7	2.969921888233583e-8	-5.298968488516542e-9	-5.371551896097745e-9	-1.4704911844692273e-9	-3.8433945372784664e-8	4.7714194642337055e-8	-6.670945619587468e-8	9.117100364372807e-8	1.465208838856493e-7	-4.907776930117738e-12	-3.387427134931179e-8	-1.3001525129289934e-12	-4.3027505557203556e-8	-4.877574028645981e-10	1.7476191109437317e-8	1.7453936112280896e-10
35.0	-2.040308562079009e-14	-6.439107581359078e-15	-9.554508690807806e-15	-4.85779114447791e-15	6.415408228306231e-15	1.1598073833292037e-14	-6.889348446514354e-15	-7.898903112293457e-15	1.104944573709211e-14	-9.235702224971312e-15	-3.892711798656532e-15	1.3599660310057172e-14	-4.653176973190386e-15	1.072365503739347e-14	6.563048889253452e-15	5.513764930171557e-15	1.2544596389244082e-14	-1.6862332610000162e-14	-6.817813509089602e-18	7.672575349450094e-15	1.176544144879559e-14	-3.529367222932969e-15	-2.5032779738421667e-15	1.952582138301878e-14	7.727102601198147e-15	-1.6911581166019402e-15	2.0529345347082247e-16	-3.171354535334789e-15	1.1687288066198136e-14	-0.27735009811260875	0.27735009811261807	0.3394459005084615	-0.33944590050846135	-0.46568438485301167	0.46568438485301233	-2.353061444963727e-13	1.0529307343754649e-13	7.063092274873596e-14	3.80952915185354e-14	-3.4723580068376347e-13	-4.0685825574789657e-13	-4.541903310186809e-6	4.260835712512387e-10	-4.043287001712089e-8	-3.5826411808706375e-8	2.0741932129511417e-8	-1.0690589695992585e-9	2.3397709655558213e-9	4.012003498009193e-8	-5.454863845744495e-10	3.0207074290140754e-7	1.8311165308464746e-7	1.0112457149569793e-10	6.353345929362834e-8	7.17064977666033e-8	5.70660596968328e-11	1.3826258189511344e-9	2.109483769365583e-9	7.362389128582052e-13	-1.9677898131800632e-7	1.4917074364627987e-9	-6.108077770189139e-10	-2.486201270817145e-9	-6.926985534979348e-9	4.2693981940834024e-13	4.7698085446184544e-11	-1.8325573630684225e-10	-3.8148804812052177e-10	6.180987240063867e-11	-6.185238700777154e-10	-3.589862613870204e-13	1.8766481047050865e-11	1.026934715512957e-11	1.9243168535755638e-11	8.764182322025131e-11	2.7160028584109824e-9	7.2021506188958884e-12	8.50567192901034e-12	1.288501978719087e-7	4.275780232418665e-8	-1.2893387041394688e-8	-8.079445357057655e-9	-9.243915646375341e-10	-8.377565446713139e-8	6.4387279082154006e-9	-2.1534697528221522e-7	3.062360379353653e-7	5.879231686867382e-7	-1.4432569462324093e-10	-3.330132012113145e-8	-1.1079417491573841e-9	-9.038211159015344e-8	-3.750527749512988e-11	3.703507041029738e-8	1.355183968357317e-10
36.0	2.0398659328445297e-14	6.492295372015787e-15	9.738835108109608e-15	4.832503224120107e-15	-6.453800243844158e-15	-1.1633811564924611e-14	6.840448777221276e-15	7.895734400512186e-15	-1.1023452885798413e-14	9.353616685869551e-15	3.856823904219092e-15	-1.355898690631596e-14	4.669272313201496e-15	-1.0748732240752787e-14	-6.676641828407845e-15	-5.460416199048309e-15	-1.2525165076300827e-14	1.6766545550407607e-14	5.1729881849388424e-17	-7.751968332542376e-15	-1.1671858472929915e-14	3.558129044506665e-15	2.582935845630918e-15	-1.9553269591691838e-14	-7.778398885833266e-15	1.7464780060846115e-15	-2.9989345104088145e-16	3.1565483256734946e-15	-1.1714972550417081e-14	0.27735009811260875	-0.2773500981126181	-0.3394459005084615	0.3394459005084613	0.4656843848530116	-0.4656843848530124	2.3530834195489164e-13	-1.0535466828511971e-13	-7.05465854061995e-14	-3.808089614882436e-14	3.472438172983791e-13	4.0691767143964003e-13	-5.112167978884721e-6	-6.700898729113099e-5	-3.986087344326666e-5	-8.217116158700349e-5	-5.29993790935973e-5	1.915221341760022e-8	-7.582844873423058e-8	0.00011367142277852248	7.641824123621534e-5	5.175535630968036e-5	6.45293129700898e-5	5.057429111780242e-10	-2.769282097878293e-6	-2.058962903745861e-5	-1.8156226481055285e-5	-2.927624622783954e-6	-5.77835245999465e-6	9.89270305531145e-7	-6.466448818422086e-7	-0.00016065447419185493	-9.356995670630939e-5	-7.13573256895386e-5	-7.543842242228237e-5	-1.0562158154952262e-7	-6.181687971091111e-7	-6.634113578148026e-5	-6.006322866678523e-5	-2.6313831263291972e-5	-2.7366183169311186e-5	-4.7663420307529456e-8	7.3804522269625064e-6	9.202187001678607e-6	1.2804711925060512e-5	4.2358538312032466e-7	8.939551532532671e-7	-4.38313633238814e-8	-4.3035613212574177e-7	-3.284320891671423e-5	-2.4424213733398413e-5	-8.81793982318503e-6	-9.16824354624209e-6	2.3931475806839584e-7	1.9813564368812935e-6	3.678301608797386e-6	-4.08768476134898e-7	6.007432334373935e-7	9.741836134097497e-7	-1.0463409102234049e-7	-5.934282900823789e-7	-3.4304448469044703e-6	-4.178402903241494e-6	-4.969281762766997e-7	-1.463784880670995e-6	5.565805465819301e-8
37.0	-9.18608464967493e-15	-8.451989491814174e-16	-3.164785216752735e-15	-4.656804689814476e-15	1.4430012498068466e-15	1.6638712243124495e-15	8.906438214702278e-15	-2.6300667257154426e-14	-2.8345175639522028e-15	-4.105049502372276e-15	6.802021057184589e-15	-5.64701447753139e-15	-3.601711676005951e-15	-8.902456723498552e-15	-5.4547718669847935e-15	1.1963600614622719e-14	1.8158936180161613e-15	-1.9394956021970263e-14	1.4556648816611744e-15	1.1609242744092346e-14	4.7741534811462866e-12	-5.898223372470396e-13	-5.6468898375149355e-14	2.5139203679256647e-13	-4.578949441767432e-13	-5.610698609429562e-13	-5.79436991202838e-13	2.7460504407209516e-13	-2.756120498215995e-13	8.323040095931813e-14	-1.0313566726618602e-13	-4.6155121547243864e-14	-3.073751458043846e-13	1.0517963551794179e-15	-1.7169659672824054e-13	-0.46568438485301145	0.46568438485301045	0.3394459005084612	-0.33944590050846957	-0.27735009811261013	-0.04946801198617703	-1.0094305606804406e-5	0.0005830803701299656	0.00035142847579940984	0.0005412809073699314	0.00043199368232854564	0.00024425282526974325	7.403394561250674e-10	-1.4155831955555068e-6	-1.1362055193014864e-6	-4.23280762539953e-6	-1.6369687799428505e-6	-1.0604295487027382e-6	3.813725519562937e-8	4.321606575729355e-7	3.646166473798975e-7	1.3881449504719258e-7	2.941893176947496e-7	1.3366247225716591e-7	2.9246415904723465e-7	2.3994272176188205e-6	1.1589951257812422e-6	1.9098939204209873e-6	1.5015794678106386e-6	2.98251138040152e-7	4.5985987522892385e-7	3.674144283418299e-6	2.8900642797914123e-6	9.954616590021601e-7	1.4621919406610268e-6	3.191843352775306e-7	3.732600264517981e-7	-1.0431980069776056e-6	-1.0744632117307913e-6	-3.6099009731616986e-7	-3.351474266532291e-7	-9.039827512484432e-8	-1.748289733686644e-7	8.095070032864712e-7	-5.849663422303986e-8	8.855641197333873e-8	2.1502381641786428e-7	1.3309753525793593e-8	-4.172306195502153e-7	-4.008928397281737e-7	6.984818402624689e-7	3.2409237018249897e-7	6.000740151755123e-7	1.1279884917255801e-7	3.621057958788048e-7	1.614674014453721e-8	9.50455957147135e-9	2.5282373013804256e-8	1.7073958083730577e-7	-1.259952028894156e-7
38.0	9.088010260655632e-15	9.715295707692667e-16	3.1998451960345495e-15	4.647443557280837e-15	-1.5207239087172641e-15	-1.5820708113000305e-15	-8.961078613159058e-15	2.608339902086369e-14	2.874878224638578e-15	4.29020992011521e-15	-6.8070247110926724e-15	5.690723196097875e-15	3.638769774527572e-15	8.877457842772817e-15	5.549202902501682e-15	-1.220312390421282e-14	-1.7671734467036452e-15	1.9362599128251878e-14	-1.4688695073177836e-15	-1.1659324440109121e-14	-4.774282969641403e-12	5.897398609172838e-13	5.702498362217557e-14	-2.5128044267944575e-13	4.584428170117367e-13	5.616063930004556e-13	5.794238658550486e-13	-2.748114091342316e-13	2.7600545042091896e-13	-8.39360747120198e-14	1.0342777568768347e-13	4.6231499035438337e-14	3.074973540821007e-13	-1.0562231184712158e-15	1.7155550877521286e-13	0.4656843848530114	-0.46568438485301034	-0.3394459005084612	0.33944590050846984	0.27735009811261013	0.04946801198617724	-9.03244259142452e-5	-2.0263548152848803e-6	-3.4973375348900774e-7	-5.9169953612046746e-8	1.4625072162091184e-8	-2.403921250197116e-8	6.669455540723554e-8	-4.636901938267851e-13	4.827959986515595e-13	-4.6054797413842295e-12	1.285968432016573e-11	3.1074494795243584e-15	-4.4440722711867545e-16	-2.1390763539576813e-13	8.543086200801016e-15	-4.1919488819593296e-11	1.1490944766382591e-9	1.3817321776434576e-12	1.504295606646247e-12	4.540506089485936e-12	1.4563873885908477e-11	-6.340199287140163e-11	-1.3336284123406496e-9	-2.5786237812141508e-14	1.3251840399831503e-14	-1.1056307459774106e-14	-1.264455594163676e-14	-5.326582335450561e-13	-6.687181889431803e-10	2.519216905703916e-15	1.1989073145853917e-11	1.2750636907251241e-9	-5.438910382801856e-12	2.560896525657352e-10	2.065770861158678e-10	-1.963635767232113e-15	-4.9827258556877716e-14	1.6995033985950553e-14	1.0331482562533656e-11	4.774585126264874e-10	-9.028695412632838e-10	-1.5392749481602487e-15	9.366729627778995e-14	-3.2834458927842864e-14	-2.2307959912632366e-13	1.3136674084470661e-9	5.119790199518196e-9	5.73867222344833e-14	9.844877333124282e-12	1.0105105134645501e-13	-6.51027098722795e-12	5.888291782578088e-15	3.5077678784603894e-12	-5.285327144191894e-15
39.0	8.791163242697363e-15	-1.6481193624146158e-15	3.4000603957418525e-15	5.716844713359627e-15	-6.701447460287381e-15	-1.884473977251059e-15	-8.960183526084472e-15	3.372782849584553e-14	-2.069429195262406e-15	4.34759616659872e-15	-2.252586186651642e-15	1.0658003194761285e-15	-1.1584773033961017e-15	9.651422040235148e-15	2.05468510417085e-15	-4.571321806612706e-16	4.3630476055396247e-16	2.898084989242221e-14	7.324817227582834e-16	-6.299389572159713e-15	-5.163240975831751e-12	8.029012811151187e-13	3.5050638018320144e-14	-3.360830021114489e-13	5.891202255850796e-13	7.226422495168762e-13	7.851842685484641e-13	-3.7495638134449335e-13	3.414899495114885e-13	-6.596273825313439e-14	1.393561289097236e-13	7.341620837298074e-14	4.1195673362149973e-13	-1.954318021136472e-15	2.3287502051985477e-13	0.37818859494763396	-0.3781885949476213	-0.472835091958392	0.4728350919583929	0.3781885949476183	0.06745351119475301	-9.486501928344152e-5	-2.596268116234549e-6	-1.5147214660893887e-6	-8.594998855911118e-8	-1.3382219097758308e-8	-3.410146321833126e-8	9.650215617245752e-8	9.751003823246209e-13	2.6457392969498034e-14	-5.424824094729371e-12	2.397133445793412e-11	4.458406999654547e-15	3.0227644563992545e-15	-2.708694894397652e-13	5.044653794995763e-14	4.04247913208392e-12	3.216156684016465e-9	2.0718929896600445e-12	5.81227725326703e-12	5.348061846323887e-12	9.760227968197849e-12	2.003456785620118e-11	-1.7304520965653515e-9	-4.315836830759552e-14	9.479793384111726e-15	-2.1030474215422678e-14	-1.3067343954744672e-14	-3.639358796570114e-13	-1.3603245305954849e-9	2.059222107332644e-15	-1.5296890200690337e-11	1.0555848161799351e-9	-5.2984655987983476e-11	2.1035765272433983e-10	1.4770395729914945e-10	1.9037464519254364e-15	-8.318978740547706e-15	9.364638568343453e-14	1.6231709279183237e-11	1.1934191041015456e-9	-1.4467864279000194e-9	4.906606264463454e-15	-1.4385876167667963e-13	-1.6198561205506473e-14	-6.009053719161148e-13	-4.0349002459810637e-10	-2.5986704760048088e-9	8.113479003807271e-14	2.3775924148515274e-11	4.2047086445960417e-13	4.458706424104638e-12	2.4266288464647202e-15	4.40799703428543e-12	-1.6876545930496602e-14
40.0	-8.897216942753465e-15	1.821183018447583e-15	-3.5070965665519008e-15	-5.699381580198549e-15	6.525743129785882e-15	1.92172382821427e-15	9.071237587502951e-15	-3.400094336875678e-14	2.0133851432841718e-15	-4.271552879419316e-15	2.1923503609356724e-15	-9.716011188110987e-16	1.3437538553748625e-15	-9.644882721460059e-15	-1.975101490531248e-15	4.540165897085057e-16	-3.298687187354118e-16	-2.916076357361938e-14	-4.2655382135069484e-16	6.492710706313381e-15	5.20680929183943e-12	-8.106188168211701e-13	-3.526843800409128e-14	3.3948613160598643e-13	-5.945915179206025e-13	-7.295586925485218e-13	-7.930211763131441e-13	3.78677782879326e-13	-3.4454459816812103e-13	6.626417566034351e-14	-1.4059537543372326e-13	-7.424207572314283e-14	-4.162068345704243e-13	2.0378487678855676e-15	-2.352890229975548e-13	-0.3781885949476341	0.3781885949476214	0.47283509195839163	-0.4728350919583931	-0.37818859494761803	-0.06745351119475285	-1.1337590919107974e-5	-1.0386988972139399e-7	-1.5895387750215997e-7	-2.1192437135283085e-8	1.2944835992262356e-7	-7.804320621937524e-7	2.2003545485955234e-9	-2.373760160641937e-8	-9.777022275726156e-10	1.3271050926956557e-9	2.2379861866625762e-11	3.369160473024343e-8	-2.107136950402647e-10	1.9853967408770234e-9	-8.243938283148637e-11	7.189195492970922e-11	2.356179752364281e-10	-2.1710987905895656e-11	2.2175549035498987e-10	6.070385036083663e-9	1.1381029273989376e-9	-2.4537998346659385e-8	-1.5429892554724106e-8	9.531872060484272e-10	-4.0208782032564725e-13	-1.8055969952542413e-11	1.4664092454759273e-10	4.673007843400348e-9	2.1801947946273697e-9	2.344082413152033e-10	2.3859323422238583e-14	-9.82875346044257e-12	-2.244534268206973e-10	-1.3421871727955935e-14	2.073106857081477e-15	-2.086853806297078e-15	-5.1430188662961373e-14	4.1289401530347823e-13	1.1067975048688714e-12	-1.0782022136250574e-14	-2.8076055501961383e-15	-2.285251672369331e-13	-3.9298266209709505e-16	-1.2987670761085186e-12	3.195888176009133e-10	3.3512832037354162e-15	2.1257543464130843e-12	2.4043235330012428e-15	7.374075536197971e-11	-3.8526066730074296e-15	-5.044294750078938e-15	-4.1125658080509626e-15	-3.5592781919567396e-15	-1.0017836340970142e-15
41.0	-6.423831145945461e-15	3.751668612725957e-15	-5.115968696762713e-15	-6.170477186064136e-15	5.4279998356429925e-15	-6.824467082720334e-15	7.215844739531994e-15	-2.6879641210346463e-14	1.0305759706738706e-14	-3.0505535682648933e-15	2.237556802427031e-15	6.453653423324087e-17	9.681153687677587e-16	-5.530346603250559e-15	7.676507345849005e-15	1.2288287671650691e-15	2.7092752492097936e-16	-1.554957384664294e-14	-2.6303278182582277e-15	5.71657187615378e-15	3.3976450810111875e-12	-5.966981480562961e-13	-2.7351002464966893e-14	2.3740150185413593e-13	-4.284842566468727e-13	-5.189823185990714e-13	-4.76132449516153e-13	2.6222320051798515e-13	-2.5516393403151895e-13	3.720523869717021e-14	-8.28149617858138e-14	-5.1362696708032376e-14	-2.791678938378832e-13	3.2464434531307713e-15	-1.4711851104080355e-13	-0.2773500981126211	0.2773500981126153	0.33944590050846607	-0.3394459005084644	-0.4656843848530102	-0.08305921248432802	1.0082637733064467e-7	2.1727874837460966e-8	-1.5029634938714375e-7	-1.2226502259865268e-7	1.7132434467740873e-7	-9.907833320090986e-7	1.0540457621503346e-9	-1.0978431813178125e-8	-3.6074354487961634e-9	4.775636905147166e-10	7.234619428498902e-11	4.334587239226796e-8	-8.013639638586146e-11	-2.237600816356178e-9	4.608498947109438e-10	-3.6071013489590513e-10	-1.9968069585332743e-10	-2.8426015980284554e-11	1.2757365039457636e-12	6.660197460720144e-9	3.069742911548233e-9	-2.861142781516963e-8	-2.3534946277808097e-8	1.235035776132146e-9	6.475656733598115e-14	-2.964545754592788e-11	1.8767926201224524e-10	1.8361376943319813e-9	-1.0221410729849566e-8	3.1547331524179604e-10	1.372221210966148e-15	-9.090028564003151e-12	-2.385682832177892e-10	-1.4942409308243503e-13	7.396323457236202e-15	-7.856085302109397e-16	-1.7184190401300168e-14	-5.577078604071238e-13	-1.9910345664878707e-11	-3.234151293037377e-14	-5.078834795147398e-15	-4.5186634703409553e-13	-5.028487657582086e-15	-2.942261543701707e-11	6.004056916206598e-10	1.5986905079519724e-14	7.99046810707925e-12	-9.02799568033509e-14	-7.851002098835282e-12	-1.5227938488588512e-14	-2.386012506884301e-15	-2.7926306076263247e-15	-4.8099220258789365e-15	-9.73614725898966e-17
42.0	6.320573613956849e-15	-3.7635286472294125e-15	5.1884910931119614e-15	6.0412875917593e-15	-5.409829391409235e-15	6.8220320227720665e-15	-7.274701500896786e-15	2.6957255359148713e-14	-1.0295921945378878e-14	3.075013836476797e-15	-2.190068846675518e-15	-1.3520220613957358e-17	-9.934931336640348e-16	5.731656880193421e-15	-7.810202184741431e-15	1.6134944165291015e-15	-2.6970052729200906e-16	2.0890232915687197e-15	4.545859318700924e-15	-2.1551354597191473e-16	1.2882034035483395e-14	-2.5912268461460763e-15	2.1145091392314872e-15	-4.872681283200345e-16	-3.3709017680546525e-15	4.539375300941877e-15	7.696108924508394e-16	1.6469943561643723e-15	-2.827442915362914e-15	-2.4308246046979714e-16	3.679787265676275e-15	-4.473182942061556e-15	1.3424787640982043e-15	-4.782998309266883e-16	-1.387770344082878e-16	-0.0009951186178461825	0.0009951186178251653	0.0012179153266470898	-0.0012179153265792567	-0.0016708528482956674	-0.4656843848530097	3.1336840263196444e-6	0.0004926059639737716	0.0002559306393348637	0.00048126836749162055	0.00033666583475376924	-6.059484626981774e-9	1.77223844639796e-5	0.00026535040124631517	0.00018696459886935048	0.00014538237498621498	0.00019463329863267452	1.0097484253100934e-8	6.164247859013522e-5	-4.721159857253255e-5	-3.628322444661603e-5	-7.85293088935453e-6	-1.3819030240525186e-5	7.74100303676693e-6	-0.00027789527891956	-0.00016895204052078862	-0.00011539410042248939	-6.372704255846781e-5	-7.621217956956256e-5	7.568888752325924e-7	-0.00010582741853918999	-8.762620466638625e-5	-6.0848719542028964e-5	-2.206530757823762e-5	-2.6088108104249478e-5	9.34961124183037e-7	-8.635529810285536e-5	3.137818755733704e-6	6.530913601453644e-6	5.985588193901471e-6	4.745709820226703e-6	1.5742533432860483e-7	1.2015421313506903e-5	-2.1640169602816525e-5	-1.6673911135141945e-5	-1.148957966763825e-5	-1.684237058324284e-5	-3.668520426139497e-6	1.8327945359930642e-6	1.2500302511399301e-5	7.010623315396383e-6	3.479622115795605e-6	3.0804816646827877e-6	1.2786497766318394e-6	3.6457241716507854e-6	-1.2966802696492606e-6	-3.844033438795126e-6	-2.2403846780864684e-6	-3.2876692133900903e-6	2.8368070449661963e-6
43.0	-2.7337070612530757e-15	4.776579091325779e-15	-5.396468132542286e-16	-5.2627695176875365e-16	-4.651649075048819e-16	6.527132867062786e-15	1.881444289687449e-14	9.989818768052606e-13	-2.376777836519178e-15	3.0970056514959326e-14	-1.3437338329165936e-14	-5.519373152862873e-15	-9.025802343544356e-13	2.666118439143969e-14	8.598706750731605e-13	2.755130028235826e-13	-2.5869274831148047e-13	-2.6242379523320883e-13	5.1434216620172934e-14	1.3175112180388373e-13	5.079648047741912e-13	2.0933261370716842e-13	4.482592831869525e-13	-1.5224194673179888e-12	-3.162087500836688e-13	-5.489889255161928e-14	-3.671281953609122e-13	-5.561567058310504e-13	-2.3259551391660155e-13	-4.648915069394506e-13	8.126499549088984e-13	4.1604258318702565e-13	-3.4356596767772383e-13	5.390896605625512e-13	-4.816465588136038e-13	-1.364247139061684e-13	-8.122826218166198e-13	1.9187647360914825e-13	5.6202223837172546e-14	-1.7382411232116216e-13	1.0321610010818033e-13	-0.45427588829922017	-0.2660972681110244	-0.22330694418354158	-0.09323675280111902	-0.08027883044175757	0.0142374551694197	-1.006776433195316e-5	-0.01806806505625097	-0.01706274752584436	-0.013139656120202377	-0.012337792382510506	-0.007883057895321814	-8.846083947546868e-5	0.0018659195260560685	0.0012986966060709343	0.001382375698174167	0.0013119039976829052	0.0009841804972332562	0.0010426529194171208	0.003850582423847885	0.003026038404484507	0.0045417682895073554	0.00509666155331396	0.00391802512468125	0.0005829019262591388	0.0022466192308724623	0.0014050392976572353	0.00179296370152002	0.0018206365385992358	0.0014715734045098188	0.00071686226742939	9.942810474299793e-6	-4.6576417902686756e-5	-9.587920984970838e-5	-8.642443942622352e-5	-8.477087919124954e-5	-0.0001504368409604163	0.00025534111727029235	0.00021788458426333314	0.00031429454203485614	0.00037985823127385365	0.00036654340409145284	0.0002889863918842793	-9.455462455631119e-5	-0.00015463583735131803	-0.00011067192509606195	-9.132621480217853e-5	-7.920234103256561e-5	-7.276057984293914e-5	-2.9925536652315643e-5	2.1128391211266878e-5	3.335557045760081e-5	4.9927112338327454e-5	-7.838123164676422e-7
44.0	2.7138060547353487e-15	-4.7421287751497075e-15	5.898763513006042e-16	5.334118420904723e-16	3.444862028278643e-16	-6.45729077265039e-15	-1.898290933339344e-14	-9.990716087474895e-13	2.30239826202611e-15	-3.13051531740238e-14	1.3158966893810765e-14	5.643305682006747e-15	9.024424065274278e-13	-2.6539276412469317e-14	-8.601754102218402e-13	-4.2180047938210617e-13	4.014224518026553e-13	4.0587446584379737e-13	-7.892645414466176e-14	-1.9956924901367067e-13	-6.306275297993362e-13	-2.5767618356620097e-13	-5.57761338115641e-13	1.8883982522633666e-12	3.9238359234986766e-13	6.851661676121205e-14	4.557792093905417e-13	6.896429883106947e-13	2.8850360931940295e-13	5.76581113652809e-13	-1.0071118499291512e-12	-5.16126533282101e-13	4.267598072237359e-13	-6.704951548614813e-13	5.979060558286918e-13	1.697817955188235e-13	1.0080270709966296e-12	-2.3823434240269007e-13	-7.083796669644771e-14	2.1607908157654242e-13	-1.0990871747847036e-13	0.00033647614181773425	-0.45354250382518624	-0.33254727306843535	-0.0006903281241329103	-9.257769951098854e-6	-6.51166884594522e-7	9.433961220887785e-8	-7.394433339179846e-8	5.8305686921067556e-8	-2.10573006268828e-6	-5.0620302791774605e-8	2.0378501011103063e-6	3.513014941047806e-7	-1.2192557149047391e-8	8.27007103595786e-10	-3.5985336403028516e-8	-4.516295234088284e-9	-2.247883247258266e-8	-9.273192355046315e-7	1.9493555507337146e-8	-2.6939729193986587e-8	1.7492103825455748e-9	-4.956508393584098e-9	1.6097348401343216e-8	-5.941826399787817e-7	8.61337095332273e-9	-2.592614228073472e-9	2.206578618842391e-9	-1.956223281310466e-9	2.2762002378495607e-10	3.916388406115263e-9	-9.454432531889914e-10	-1.0006544606184494e-10	-1.3481582835154124e-10	-5.643977695906895e-10	-1.1538939371742235e-10	3.168281365700776e-10	-1.472804547935562e-11	-3.8017800754579214e-10	-1.0150900184391077e-11	-2.2815415394499537e-10	-2.847665658095083e-10	-1.4422052923689078e-9	-2.959775132644953e-10	-3.8397839157619805e-10	-1.236848030454781e-10	4.799339205612547e-12	7.958863850711673e-11	1.1979272275310107e-11	1.6200133589944026e-11	-1.8023363061598693e-12	-2.5652590927814442e-12	-1.0369234872707398e-13	-9.416842587512523e-13
45.0	2.0512196468967233e-15	-1.0065577468007667e-14	2.0393034559938594e-15	3.393135982231211e-16	1.509144778151202e-16	-8.772949146480995e-15	-1.9930263575063173e-14	-4.868468001561566e-13	3.7231067553774136e-15	-3.490176062383024e-14	1.875894049608994e-14	3.4326904326838556e-15	1.2274412872209629e-12	-2.9449599984092373e-14	-1.1427393715449541e-12	-5.666271642986936e-13	5.475836382820257e-13	5.48809867669352e-13	-1.152675475095396e-13	-2.639930777040042e-13	-8.523221905443827e-13	-3.4772237052327143e-13	-7.517320565466647e-13	2.5406008365155165e-12	5.318353194900932e-13	9.650632271838745e-14	6.108691159351023e-13	9.35330059026447e-13	3.8672853708067327e-13	7.758669497254009e-13	-1.3548432578085353e-12	-6.97382066014019e-13	5.814161874512369e-13	-9.044644788240772e-13	8.136122975193614e-13	2.354817651056356e-13	1.3513069740888827e-12	-3.2172487633678456e-13	-9.4186799845582e-14	2.9556687765989345e-13	-1.5355730283103002e-13	0.0002861827562005828	-0.364518678284265	-0.4590029305120706	-0.000953438075947416	-1.2492335935578793e-5	-8.720105421203363e-7	1.5314984162402034e-7	-2.967353761464327e-7	1.4869255542878774e-7	-2.9417341775337404e-6	-6.875231525282386e-8	2.767540528904947e-6	6.302921922544912e-7	-1.964619115917346e-8	1.404035824413757e-9	-5.121034155182034e-8	-6.407177194777048e-9	-3.1571000774904596e-8	-1.5387942140033788e-6	4.116724461574923e-8	-3.5720802442154304e-8	2.6403995161954324e-9	-7.070697440867903e-9	2.2892697640895583e-8	-9.667716315255902e-7	1.5691780585251504e-8	-2.9222468765912975e-9	3.1582633522595816e-9	-2.8121064307276953e-9	3.208390848218193e-10	6.320835276000038e-9	-1.5288147913726635e-9	-3.972305616036792e-11	-2.1160042043146478e-10	-8.267026078479839e-10	-1.656063744771088e-10	3.6287206770725974e-10	6.345174870893995e-12	-6.071976320255341e-10	-1.5542026561874815e-11	-3.453251945571059e-10	-4.0820916656678837e-10	-2.1284916097764378e-9	-4.095125123702846e-10	5.288559362284745e-10	-1.8045859021958708e-10	2.012092044041143e-12	1.1574925107560947e-10	1.720015787065429e-11	2.6270800346275986e-11	-2.766198867174766e-12	-3.802224721466877e-12	-3.325541959262403e-13	-1.338743204086021e-12
46.0	-2.2391080506842502e-15	1.0052597938438337e-14	-1.9315113033754158e-15	-2.255726724217066e-16	-2.8170187332940763e-17	8.811279168234682e-15	1.990668430382671e-14	4.86912308166373e-13	-3.753077190846726e-15	3.49287549502926e-14	-1.90057995256544e-14	-3.572257259195682e-15	-1.2392613486999307e-12	2.962852825621347e-14	1.1537994106094372e-12	5.721338855325783e-13	-5.528101961040279e-13	-5.54295373111272e-13	1.1637639738144178e-13	2.664105785271681e-13	8.608973935655987e-13	3.511958826337044e-13	7.593923744975267e-13	-2.5651263182839763e-12	-5.368356410634942e-13	-9.736806150395456e-14	-6.168404926210166e-13	-9.44785119169854e-13	-3.906799386748999e-13	-7.833909667002341e-13	1.3682688128397508e-12	7.04358737782225e-13	-5.869983080153345e-13	9.133076285929015e-13	-8.217428759491113e-13	-2.383720282891558e-13	-1.3647623405834511e-12	3.249063178688277e-13	9.530058883368595e-14	-2.987536544655483e-13	1.5527665262484472e-13	-0.00010546834339348418	-0.00015441526160584135	-1.3539458238791867e-5	-0.45866193664931887	-0.36364207352698724	-1.1202424609048641e-5	1.8467625789423604e-7	3.386576636183608e-7	1.6129998029871734e-8	4.812897274996545e-8	-1.0239457893855835e-9	6.476339986559702e-8	-3.6146488857709605e-7	2.951598979405063e-9	-7.309259550688861e-11	9.138567407792593e-9	5.3744574129165205e-9	-2.4634829487136268e-8	4.2825308467879686e-7	1.551632831448421e-8	-9.33328960599217e-9	-1.1397774262513806e-10	7.738817781616266e-10	-2.0343243135260925e-8	-5.198219502243746e-7	-1.2224424660490812e-8	-5.104727837040818e-9	3.314618410869678e-11	4.703588100805303e-11	-9.418555173422983e-10	-1.8638165599944197e-9	-2.2750144908787164e-11	-5.478687332065405e-12	1.834932040230138e-10	8.721036626617977e-11	-8.205445727073761e-11	-5.887929338541871e-9	2.556584084819737e-10	1.8617133479561678e-11	3.738015998341142e-11	-6.443513537456002e-12	-1.4753087315714708e-9	-9.152478133609046e-11	-9.116357426214536e-11	6.943521813877281e-11	6.1321942070703295e-12	4.305510748238395e-12	-3.080320021805747e-12	-2.8747964973828874e-11	-1.376127363688929e-11	-1.5269379870563582e-11	-2.997630691640881e-11	-9.33308963471241e-13	1.2496961638133548e-12
47.0	-2.690648954614269e-15	5.6050306818144915e-15	9.711830768569587e-15	1.7675422545207476e-15	-9.743558031852682e-15	4.883912038666151e-15	1.3932842202987339e-14	2.9974708149797964e-13	-2.9637503840354582e-15	2.7921308228600153e-14	-1.4652909715968485e-14	1.8122844217376676e-15	-9.083394072492144e-13	1.965747191159022e-14	8.125863739453417e-13	3.7281189145598374e-13	-4.1048450911077664e-13	-3.2394881604233925e-13	9.478212536978327e-14	1.804875088025606e-13	5.517056566133758e-13	2.381870520579518e-13	5.026116915862639e-13	-1.83343054341601e-12	-3.8829529409435587e-13	-7.77084329877009e-14	-4.0070297395441533e-13	-5.936246909145067e-13	-2.456269066465967e-13	-5.019509540568213e-13	9.007393917231195e-13	4.612433457422449e-13	-4.2715978173985717e-13	6.31530525310557e-13	-4.914515807658424e-13	-1.5375686736444693e-13	-9.336145170821364e-13	2.074458373685503e-13	7.367084273885091e-14	-1.6716468887574368e-13	1.0307186971918748e-13	-7.924481295787423e-5	-0.00011471632842996277	-9.806694285376993e-6	-0.33239735734795345	-0.45302963844714006	-1.2946041221001841e-5	1.0618133456972074e-7	2.1153621314002246e-7	-1.0988349289548743e-7	1.4807065226363393e-8	1.541366127222282e-8	7.974223276779382e-8	-1.9498379698386947e-7	1.5622429472535075e-9	-7.46190972398792e-11	5.131660224689267e-9	3.0173395908516018e-9	-3.1780501714700786e-8	2.7042487139964666e-7	4.913776174754926e-8	-1.821782891683592e-9	-1.244772532463485e-10	5.182842724433488e-10	-2.4378703657605223e-8	-1.715749873999534e-7	-6.355403218473374e-9	-6.705118146623e-9	4.3022362101163844e-11	2.7092795386033238e-11	-1.179740624900861e-9	-3.874641461814741e-10	-3.5898306114309755e-12	4.325959903457272e-12	-2.1501777051947758e-10	-5.289991251795773e-12	-1.0574920503368541e-10	-1.1036283942394424e-10	-3.7435546153870286e-11	-1.8400134082452648e-11	-5.7436861889267065e-11	5.701260266974606e-12	-2.346135507041885e-10	1.5021844181102965e-10	2.6737581603908467e-11	-2.911103808144783e-11	-2.203997322644573e-12	2.482795157857853e-12	1.008132083520497e-11	9.004699549108252e-12	8.2835988785536e-13	-3.4670632977855586e-12	3.952848527751943e-11	9.312891608764693e-13	-9.1566428763241e-13
48.0	2.740515264544745e-15	-5.561717393226139e-15	-9.658597148107946e-15	-1.7723151825569063e-15	9.663427102132512e-15	-4.821139548545241e-15	-1.3870428117339381e-14	-2.997523216200023e-13	2.99130083873258e-15	-2.7868608421038422e-14	1.4675912395207624e-14	-1.9670942279625926e-15	9.082217150318803e-13	-1.971522267702206e-14	-8.126697408996296e-13	-3.72985022212402e-13	4.1053808203690204e-13	3.239913884175723e-13	-9.473759517519224e-14	-1.8036927880973953e-13	-5.51768887523872e-13	-2.3814466847960125e-13	-5.02616574061558e-13	1.8334643667096468e-12	3.8834340518823865e-13	7.768129261800764e-14	4.007724519763814e-13	5.937423590853895e-13	2.4565407066936113e-13	5.019279521754363e-13	-9.006342037185126e-13	-4.612472338358644e-13	4.272129825644082e-13	-6.315041222609119e-13	4.915090701913648e-13	1.5381104007538634e-13	9.336550581865506e-13	-2.0733149674644146e-13	-7.364048622962716e-14	1.6709315929814137e-13	-1.0303895630653939e-13	0.054589662781489724	0.09741864586515488	0.09780856991008277	0.16992467299294103	0.17400758073572295	-0.4530218145453436	-1.5055120502254653e-6	-0.002338462077811031	-0.0016614194998548788	-0.0011929621371696234	-0.0012988482268014594	2.5187631334304777e-10	-1.3574273897421837e-5	-0.00030131046186496446	-0.00032894698805111764	-7.568183972014355e-5	-0.00013731618116837984	2.2029494988888757e-5	0.0007420798201749056	-0.00020502299132327807	-0.00015970650818012314	-9.841172359716782e-5	-0.00010790981765865676	1.922173309230436e-5	-0.00014516196831954685	1.3038309570201931e-5	4.813071089411895e-5	2.3183058832856343e-5	1.6116340669408657e-5	1.4946164514644941e-5	-4.824612284553863e-5	-0.00010556178400675774	-0.00010953388979223514	-3.321562224692702e-5	-2.5353989686292807e-5	3.135424769974542e-6	-0.00013675267624807798	-1.4265591821657664e-5	-2.958124294954521e-5	-2.6761584699437986e-5	-3.118711181419202e-5	2.4755121396195857e-5	-0.00011314094944497558	-8.042355265910644e-5	3.660215925133255e-5	3.687294251322281e-5	5.9260594846512446e-5	1.2897564041287167e-5	0.00023605512813637268	8.667157570231507e-5	4.518062546450965e-5	1.9716617016410498e-5	2.6627450478482622e-5	-2.2741506845152187e-5
49.0	5.506454640900851e-15	-1.977671044684561e-14	-2.7107937332475488e-15	-2.8883699222616244e-15	-1.004783669011555e-14	5.787621393731312e-15	2.4069736366499518e-15	3.746913110205279e-15	-3.4768107864002183e-15	-3.0931817504198e-16	2.0478032201345886e-16	1.813429766432066e-14	6.3917723965298055e-16	-6.12395810917433e-15	1.071112402547656e-14	5.990819295290947e-15	-6.505789774640895e-15	1.541096753283925e-14	1.971962263200895e-15	-2.4919644698059212e-15	8.836134927227714e-15	1.3428266693320843e-14	-5.242258501277941e-14	4.2299241258179184e-14	1.5097528387208706e-14	7.842766200718684e-14	-5.622398165106622e-14	-1.0380739537122219e-12	-5.752904582917083e-13	7.73275085657392e-14	-1.5369766762029154e-12	-1.1483688688981472e-12	-1.4624638241610832e-13	1.534302109802501e-12	8.958274788981787e-13	4.0309176668127224e-13	5.988580143761058e-14	1.385763878000738e-13	1.5514691846875098e-12	-7.045586797938078e-14	7.087101087218896e-13	4.514022193729239e-6	0.00014477970284654265	0.00024944753697434224	0.00019305032792767493	0.00029155936218809125	-3.734066313110369e-8	-0.4505251124084178	-0.17708149923390185	-0.13604065228193157	-0.043619892847776696	-0.035641193848591	-0.012572276961431362	-7.511586133806687e-6	-0.019343503317100937	-0.013725840079603174	-0.007643238324594757	-0.006667019371513737	-0.0008807630865698626	0.0006521598853814014	-0.0034826808527412796	-0.003137106754616117	-0.003583675950208711	-0.004311387586729008	-0.002600484006669741	-0.00020042384752819005	-0.0005084702958833134	-0.0001943510368779127	-5.75060152334371e-6	0.00015051660703269658	0.00011837657009018825	-0.00012294449204139607	-0.0008132111032791266	-0.0008925394041144487	-0.0010584383621583902	-0.0010877606107233906	-0.000862609644938953	-0.0005761957253446545	0.000109568074432403	-0.00011665670307575411	-0.00028141289154875673	-0.0003798983379410739	-0.0005826839061909033	-0.0013137696566933176	-0.0009174854080532911	-6.368228243612134e-5	0.00023755136039092315	0.00040731389508932153	0.0004703397971297254	0.001457161076081481	0.0010844235309329408	0.0007265501048709917	0.0006305692870422808	0.0005957854150228395	0.0002243595315001612
50.0	-5.4408442073026245e-15	1.966929170224706e-14	2.7861609470756517e-15	2.8095628746799557e-15	9.925807214355586e-15	-5.852473580538505e-15	-2.3457480916216963e-15	-3.7865880600291e-15	3.4355479174838674e-15	4.460135658291219e-16	-1.8660000675338401e-16	-1.80406178086283e-14	-5.562205956885678e-16	6.080243075692007e-15	-1.0832101940598442e-14	-5.920643577593525e-15	6.372486381194963e-15	-1.557847278110389e-14	-2.0059015001783558e-15	2.5396429415939706e-15	-8.989651263300109e-15	-1.3286850491975762e-14	5.2660146590570416e-14	-4.298032762650423e-14	-1.526304183912689e-14	-7.960457384376299e-14	5.711282155483605e-14	1.0382164909512843e-12	5.750764089258742e-13	-7.778699572415719e-14	1.5375683527331378e-12	1.147641474834732e-12	1.4570553093536889e-13	-1.5346349493267985e-12	-8.953783777809241e-13	-4.0342328295310363e-13	-5.904108134351584e-14	-1.388732230173294e-13	-1.5516123419487304e-12	7.016472524238067e-14	-7.087652705027777e-13	2.9763867732484048e-5	-1.1401973802120976e-8	5.540540360070843e-9	-3.355173175790437e-9	-4.0974400572155055e-9	-2.5653892619625996e-10	-1.9070529880100495e-7	-0.4547459214121242	-0.34415599070638586	-0.00018262494542294682	-3.6001493546915496e-6	1.2230884300238892e-6	2.8796847412982342e-8	-7.819820687830923e-9	3.0057253311166195e-7	-4.5903881405843225e-7	-3.61260333011738e-8	7.326520719686995e-8	2.777271919137991e-7	-7.284037077749865e-8	1.7486367815868857e-7	-3.9686676198117696e-7	3.263672587903088e-8	2.2951748741670707e-7	6.96042868698637e-7	3.986050498552691e-8	-4.676725321857872e-8	2.6764875529790113e-9	1.940974726238117e-9	1.0854141899838428e-9	-3.790843015494073e-8	4.155047953202151e-10	1.6658315453485363e-9	-6.083786409507118e-10	1.816063108175306e-9	6.52511776817025e-10	4.4386208728723135e-8	-3.773553634250959e-8	-8.084310345081501e-10	-4.094542770262865e-10	8.191640836196849e-9	-1.138727688396395e-8	-1.5866545644378693e-8	2.657076159113346e-8	3.7846627829259025e-9	6.160498151468566e-10	6.718096497608423e-10	4.645941634173985e-11	-3.2618179461552464e-8	-4.6481639981106186e-10	4.345138028578836e-10	-3.349164291604732e-11	2.5921619375605872e-11	-2.2614452209528485e-9
51.0	-6.8562940022659825e-15	2.2404809205654056e-14	3.4758085821122802e-15	2.4847854992944987e-15	6.7480370512743e-15	-1.0907802917726264e-14	-5.391821941677299e-15	-6.082002310211291e-15	8.760707409800154e-15	-1.7984206506289206e-15	5.075925660833009e-16	-2.417233163855079e-14	-8.506323509160894e-16	6.590551852428768e-15	-1.0551435850085568e-14	-7.654201501186878e-15	4.626163741404579e-15	-5.0631236601563485e-15	-4.399984266088514e-15	8.881352717295485e-15	-8.576835445372564e-15	-1.3216441205235649e-14	2.7490196500239827e-14	-1.4352819311998916e-14	-1.3236526833617692e-14	-3.032037757966767e-14	2.609807523186407e-14	1.3868507793775013e-12	7.733551963899896e-13	-1.0354914362427735e-13	2.029344053467886e-12	1.589300585838492e-12	2.264591305856768e-13	-2.070293044417739e-12	-1.2344464857684774e-12	-5.41188688958193e-13	-1.2472763529164313e-13	-1.6537979547228667e-13	-2.1099392490191154e-12	1.0938453644300369e-13	-9.636103675587006e-13	2.4720188919480283e-5	-3.967107572150181e-8	1.1800749962141697e-9	-4.006119943431037e-9	2.382545573915209e-9	-3.918070868201931e-10	-1.5300156405409882e-7	-0.3526132759469862	-0.4577129241817289	-0.00023928017895869473	-4.599822932675874e-6	1.5469818069546593e-6	1.5425087046209938e-7	-2.8138812990593866e-6	1.3439245807289203e-6	-6.261259582154893e-7	-4.7777597462725304e-8	1.2748865379730449e-7	4.905542410654778e-7	-2.2302740890104443e-7	2.906265368514794e-7	-5.684172489799718e-7	4.633533510483229e-8	3.308467404118485e-7	1.2103446987958466e-6	6.43905245563487e-8	-7.10966013297099e-8	3.819362264607399e-9	2.7687772618475e-9	1.6513860870331523e-9	-8.43365976172881e-8	6.006212381058217e-10	2.5853115003849245e-9	-9.613726384875194e-10	2.5803879257852667e-9	9.632914545945277e-10	3.9676842243801163e-8	-5.8735308340543126e-8	-1.3521086843930035e-9	-5.850979924036501e-10	1.136199324185129e-8	-1.612056749971773e-8	-1.943360698626311e-8	3.917336327312897e-8	5.278342773024239e-9	8.781695234756917e-10	9.745792036485253e-10	6.389146821337247e-11	-1.78559467557256e-7	-6.80856348799638e-10	7.002305911989212e-10	-6.174332019396994e-11	3.531462214183544e-11	-3.214889636320652e-9
52.0	6.6998959883871895e-15	-2.258687332922366e-14	-3.5426802139258272e-15	-2.4151958628985166e-15	-6.722812352209574e-15	1.1046892233589275e-14	5.4888875212261734e-15	6.1136552538371505e-15	-8.885581381292753e-15	1.800246864916443e-15	-6.67616041223659e-16	2.420630699805977e-14	7.633851263317627e-16	-6.6566981239244456e-15	1.0642744735006394e-14	7.786322555776974e-15	-4.734608597960756e-15	5.1153630462694474e-15	4.580137791982788e-15	-8.948607536497671e-15	8.62292087298279e-15	1.328761796998125e-14	-2.7616852985541485e-14	1.4468827923138294e-14	1.3289375924730234e-14	3.027261612011943e-14	-2.5829734958507203e-14	-1.4002305227266418e-12	-7.808947163931765e-13	1.0487678585654013e-13	-2.0490246792097862e-12	-1.6047023299509633e-12	-2.2910635094536115e-13	2.0903444295589287e-12	1.2464371247210524e-12	5.466678906699539e-13	1.2615649603731192e-13	1.6697826630338422e-13	2.1301261164007775e-12	-1.1055153131722093e-13	9.730010585722966e-13	1.6083831600931385e-5	1.0093775795156777e-9	2.1800406127988854e-10	2.4258577667706636e-8	-2.5324953552934256e-9	5.427248904823719e-11	-7.48291570066259e-15	-4.1124173828417167e-14	-1.2661778691103263e-14	-0.46034345999881693	-0.37726030587461895	-3.712479471672695e-6	1.1478329943632901e-7	1.4401304812710532e-8	-4.700907907842227e-10	-3.567273008111259e-8	4.428600414634174e-9	5.189264441558177e-7	-8.620802963689633e-7	9.192024274528054e-8	-8.89639225403484e-9	-3.1729652519846866e-8	1.4023754675605424e-9	2.2007132326310406e-8	4.989222642280853e-7	-1.599467375216122e-8	-1.405118295223561e-7	2.810284058957591e-10	1.1912102735561537e-10	-7.74979131400133e-9	-1.4003486774573553e-7	-3.449236151578612e-9	-1.158572858368295e-9	1.7978535089897622e-10	9.724273948421693e-11	1.1852821945113695e-10	-2.2937801763014068e-8	-2.0357831517192494e-9	7.254973338581312e-10	-2.380571871545097e-10	2.4188013718657743e-11	-3.966036568033586e-11	7.906196517199586e-9	-8.790256653496442e-9	5.255473832751032e-10	-1.5101611926297495e-11	5.331462139668603e-13	1.490977420589431e-10	1.0708230808863711e-6	4.023364483781737e-9	-1.053120960431609e-9	-1.0891834673138069e-10	7.588739419368706e-11	2.295215267220597e-9
53.0	6.882253935882479e-15	-2.1949788889421426e-14	4.36669292238267e-15	6.727218866280668e-15	-2.4457405505829655e-15	8.084410999657011e-15	3.735482112932791e-15	7.809018577318004e-15	-6.267854997602137e-15	2.7055724288230225e-15	1.6307978308813493e-15	1.549074939303162e-14	3.6407208999935585e-15	-1.1809583628038948e-14	6.154125179765153e-15	9.06729386716881e-15	2.553039002019949e-15	-4.590425863218768e-16	-2.972885253416735e-16	-7.8353841106243e-15	7.777592674362564e-15	7.293321462723775e-15	-1.7630945702933464e-14	4.12485598964754e-15	9.355212269445312e-15	1.468279804185836e-14	-1.8200937231017593e-14	-1.0244405860195137e-12	-5.386571216631286e-13	7.820681602571606e-14	-1.412201021579386e-12	-1.1806582220344692e-12	-1.2394242536973336e-13	1.539413045566136e-12	9.166828495706112e-13	3.4367596620892756e-13	7.598004815981748e-14	1.0286397074795569e-13	1.5579255684721764e-12	-6.313445163686681e-14	6.207157658318116e-13	1.096015733863626e-5	-1.3718611089296234e-9	2.7270685287011594e-10	1.0154393804053336e-8	-3.937064715457541e-10	4.7887804350075115e-11	-7.458202112713141e-15	6.741001219063157e-14	-2.5491658901898124e-14	-0.32167678521785986	-0.45267181379099614	-4.040360031672431e-6	6.835023660585213e-8	-1.6806389998367052e-9	4.848674152621932e-10	-1.9102693371997343e-8	5.122072061348255e-8	6.222185057250874e-7	-4.237087270007046e-7	2.2733155469228607e-8	2.2448434238302677e-8	-1.8040626690146235e-8	1.2483960590205654e-9	2.688851772763837e-8	2.3780370964603458e-7	-6.346313468418149e-9	-1.5646518604793307e-7	2.517860132046916e-10	1.1149882132691531e-10	-8.939432455035194e-9	-7.696578002177503e-8	-2.19814231610967e-9	-6.777010063159087e-10	4.7028176202572886e-11	1.2479563134774668e-11	1.1729529561860206e-10	3.1025483959745013e-9	-1.1163758421049773e-9	-3.5651873323029234e-10	9.11307820996225e-11	-8.49104576788122e-13	-4.9497262323255747e-11	-1.7376951655905255e-9	1.969644067173497e-9	5.60061524768471e-10	7.285966045076043e-12	-3.962473700193488e-12	1.019381194493526e-10	1.1417555707100866e-6	1.2457687785568931e-9	3.3781257602462996e-10	2.7692309311685085e-11	-9.465694363953889e-12	1.8355093256661612e-9
54.0	-6.821572742241094e-15	2.205442518064037e-14	-4.316464566066604e-15	-6.7571881383883524e-15	2.5381380330620506e-15	-8.160439169695697e-15	-3.689523652334833e-15	-7.912041702562367e-15	6.360209154682409e-15	-2.6877489642543365e-15	-1.6330071046433862e-15	-1.5558071654481832e-14	-3.677664232567732e-15	1.1890231354564808e-14	-6.1940716760308e-15	-8.998825342170795e-15	-2.533379292657698e-15	5.125852368641098e-16	3.0434290991300876e-16	7.781577634628767e-15	-7.74851658148082e-15	-7.228724460496246e-15	1.7653636781716688e-14	-4.140530936227418e-15	-9.422155406954542e-15	-1.4641962515777134e-14	1.8295448233914254e-14	1.0244268256714323e-12	5.38574233784816e-13	-7.821736673098959e-14	1.4122779868686321e-12	1.1806494096969162e-12	1.238644246409321e-13	-1.5394578583631053e-12	-9.16688449878593e-13	-3.4363840398999896e-13	-7.599531871360739e-14	-1.0276200255960163e-13	-1.5578590159552389e-12	6.319432247462653e-14	-6.207225860135862e-13	0.0003385657146169638	0.00026342160775553027	0.0002225885555450624	4.078654490345427e-5	2.1307091467674622e-5	-7.198830914440332e-8	-2.997292518263147e-6	-1.3660546109310627e-5	-7.712769466270386e-6	-2.3144688972337834e-6	-3.676263559411003e-6	-0.45537669698328	-7.469927069329417e-5	-0.0030375349612872435	-0.0029122811696507393	-0.0006647202103449143	-0.0011091362507665164	-1.4301161976125625e-5	-0.0023910460604675246	-0.00023222442166832794	-0.00014880879329349717	-6.990336493349485e-5	-7.546393807389178e-5	4.7100447571986514e-7	-8.120677759738854e-7	-0.00013398467238931713	-0.0002148192241031575	-7.027197465720837e-5	-7.309435443933232e-5	1.9938238407781138e-5	-0.00036764423993584504	8.321567611340944e-5	0.0001414076898843981	7.31195869070466e-5	1.2079015092685705e-5	-6.003048728378644e-6	0.00029476393013467753	2.4972140789504543e-5	2.7102190238712315e-5	3.191907354831117e-5	9.112634067542171e-6	-1.5083745500890259e-5	0.0001580023584582638	0.00016989988105621385	3.3277582837851393e-7	-1.6343203977718718e-5	-2.8527061411794876e-5	-6.627118703085174e-6	-0.0002615550808741576	-0.00014334769989210835	-0.00011081619255217984	-4.2347727103350476e-5	-4.201835766643047e-5	5.470948026429685e-5
55.0	2.443626066266677e-16	-2.273785788248542e-15	-5.944569453888391e-15	-6.253163755563154e-16	8.78547186432891e-15	-1.3415054401910473e-15	6.851945443738431e-16	-8.697044869347797e-16	1.3990629347450888e-15	-3.27717381455406e-15	-7.686352354488396e-15	-1.1784502201846987e-14	2.2155602053303644e-14	1.0803284460101608e-14	5.962458674599767e-15	-1.3064214777436426e-15	-8.223145192381008e-15	7.916029377439229e-15	4.2714126457984535e-15	8.953368020023863e-15	-1.340614799500205e-14	1.3654244530967322e-14	-6.085644920758027e-15	9.08002080035412e-15	4.8786408211405514e-15	-3.2565543709440413e-15	4.221104917389004e-15	2.193910388826705e-13	-6.685220675006961e-15	-1.9297136976659388e-13	3.3383652818958263e-13	-7.035111089907436e-16	-8.350472542213828e-15	9.415024158260845e-15	3.6856994794694074e-15	3.6635816597112106e-15	-2.1825932821030543e-14	-8.566864207683659e-16	-1.948220198366859e-14	-7.641472933362227e-15	1.4853484419353237e-14	3.892933111355643e-7	2.6832730048471597e-6	1.907008643399255e-6	3.6283182578111677e-7	5.03493449804694e-7	2.4094846188579632e-8	-4.603983268218573e-8	-1.1307129423948363e-6	-2.5449681710829254e-6	-2.4823163339441045e-7	1.5805456201571217e-6	4.75878345517289e-10	-0.4384961622427464	-0.16251504407804307	-0.11155612325343335	-0.026752334860212033	-0.022095891354136164	-0.003504150844896691	-0.000463373490210644	-0.005337235023611888	-0.0044767387010217945	-0.0025128384435524386	-0.0022850157717102773	-0.0007730731797366818	-2.5526726993503518e-6	-0.002522658213978092	-0.0022551600451916607	-0.001926244660899189	-0.002405994946291527	-0.0013669049589242973	-0.00033961427204656487	0.0004780876109398301	0.00048798592692467853	0.0006126640182790144	0.000990878184953798	0.0006440454666821696	0.000455656955723675	-0.00047672465238253226	-0.00016140625092513997	-9.647972945724906e-5	1.1024163945151901e-5	3.4052779686705605e-5	0.00029746589725407417	0.0002440061158554906	-1.0224565908219281e-5	-0.00020623717900413463	-0.00035163368038491167	-0.0003028345005498913	-0.0007429529643766045	-0.0005857415632348009	-0.0005788330732865235	-0.0005683092238655154	-0.0005809762412930543	-0.00027458013270029554
56.0	-2.496058613022508e-16	2.456107884231466e-15	5.824065471500574e-15	5.621572919825911e-16	-8.942664494610612e-15	1.0623143589358248e-15	-7.577479827118911e-16	8.115231873764291e-16	-1.4322138478750347e-15	3.058218447835981e-15	7.766303774279492e-15	1.1804802628294099e-14	-2.2120829340814168e-14	-1.0685670453163452e-14	-5.834573980739219e-15	1.1013495269854656e-15	8.208972727308816e-15	-7.935702514889462e-15	-4.336353278710191e-15	-8.990497989450213e-15	1.339165342420305e-14	-1.3601564873698108e-14	6.082055484107958e-15	-8.88320057781728e-15	-5.0024860531895166e-15	3.1707640253887597e-15	-4.125182201225037e-15	-2.2267414544194397e-13	6.762097098762445e-15	1.9585681330300586e-13	-3.390726941705884e-13	6.679558593701117e-16	8.205126334971382e-15	-9.518075956722025e-15	-3.845829134263057e-15	-3.732072368902182e-15	2.1867362449697525e-14	8.172170286534232e-16	1.9485334000711106e-14	7.573455611254596e-15	-1.4745593660949307e-14	1.3586542136389517e-7	-2.5738768485245964e-7	-1.246855262023545e-7	-1.0191127154037521e-7	4.322230722866577e-10	3.470678768421457e-11	9.837299355178245e-11	1.8889764138706008e-9	9.483831179861998e-7	-6.790892370642019e-9	2.8638849192168053e-8	-2.496650261355802e-9	4.247930520011576e-5	-0.4724629948205619	-0.3817798998706505	-2.3376764685594029e-7	-1.6135907404994462e-7	1.679461654545024e-6	-1.8430136032768585e-6	1.0755885878241528e-6	1.339794144195501e-7	-4.672336963927602e-7	-1.6854240880558966e-7	2.815247358620886e-7	8.193579028031672e-9	-5.361255933308327e-8	1.3249766171179086e-7	5.3903293128243e-8	2.362053059174659e-10	2.1639291496506445e-7	7.399443588687188e-8	-3.7250466930955026e-9	1.4547739728936571e-9	-1.1741524426402222e-9	-2.6938243807137917e-9	-3.2848929059847935e-9	1.7753144652162018e-7	2.9322777082126126e-8	-2.7508042610761865e-10	8.825175547959769e-10	-1.612776713653024e-9	-2.1907038512919032e-8	3.4692715288446016e-8	2.0723351437869195e-8	9.20876472683261e-9	-1.112174333215679e-10	-6.258898554413364e-9	-3.1441081127988577e-9	-8.180521679805213e-7	1.7372494183751215e-8	7.1624537405840325e-9	-1.4082324324170183e-9	-1.313005941020561e-10	1.4502669890603884e-9
57.0	5.7747176381717026e-15	2.230841565784242e-15	2.9184618310522755e-15	4.718161125005718e-15	-8.989669147877355e-15	4.906537082384196e-15	3.2791816123175e-16	1.4509565162470537e-15	-3.0517922941018075e-15	3.4855573528595583e-15	7.265826555798654e-15	1.477790636182738e-14	-2.3217557975940114e-14	-1.1559019150568157e-14	-1.4881993780158647e-15	1.1865516666825666e-15	1.001229962452097e-14	-1.1193486468532223e-14	-6.0204938417459435e-15	-1.3719005267775257e-14	2.2295214187713236e-14	-1.836880712927294e-14	1.1835250350939191e-14	-1.4680127023665612e-14	-6.7279240361195655e-15	4.463064883718471e-15	-4.8381776264278655e-15	-1.0814715314122577e-13	1.164033051622092e-14	9.520840002103416e-14	-1.6059910177762664e-13	1.6082453183164733e-15	1.466243695280584e-14	-1.429988420165623e-14	-5.455220441551738e-15	-6.849632105280815e-15	2.3664360240102187e-14	-1.4985489317908577e-15	2.2062878052606548e-14	6.66264631440967e-15	-1.4738851312352603e-14	-2.7033043027385288e-8	-4.251347458482305e-7	-7.959275875565342e-8	-8.081416871514102e-8	1.0845664752079642e-10	2.0767160748551646e-11	6.176305144376243e-11	1.689045513709666e-9	7.444686949321398e-7	-6.7082769733430205e-9	2.330030070578228e-8	-1.075983999082853e-9	2.9203862996406343e-5	-0.3269049454327951	-0.4540858425526877	-2.8701194055282047e-7	-2.050855935489564e-7	-4.555444579716512e-6	-2.9007042203570617e-6	1.985669665137421e-6	3.3391615921254164e-7	-6.509614919366191e-7	-2.3487710394384767e-7	3.8895920778487083e-7	2.1891935792106696e-8	-6.59493692954701e-8	2.444016817110778e-7	7.784423122619815e-8	3.400933868796204e-10	2.9365316434541265e-7	1.4514893436596116e-7	-5.811017600332247e-9	8.597760012455366e-10	-4.609270560956558e-10	-3.8270345424637696e-9	-3.5496638670054366e-9	1.8758223773632522e-7	4.6062814235899656e-8	-5.526422060534459e-10	1.251821253968938e-9	-2.295220638010026e-9	-3.091042608838401e-8	3.633905756134126e-8	3.12708633733306e-8	4.126284234964478e-9	-1.797124993912752e-10	-8.791123824300363e-9	-4.334821513730809e-9	-7.73978896497156e-7	2.731193698914804e-8	3.202948006881539e-9	-2.0120395460384057e-9	-1.8157081732025885e-10	2.0478582965258152e-9
58.0	-5.876566725614345e-15	-2.2010364595650657e-15	-3.0135927961794398e-15	-4.638086886664963e-15	8.807779546236766e-15	-4.920907419080755e-15	-2.9518575795348886e-16	-1.5680402630692234e-15	3.218127564304387e-15	-3.3305525765058163e-15	-7.185454904697141e-15	-1.4772453138616183e-14	2.3069589231259138e-14	1.1662314319300377e-14	1.5901517746267314e-15	-1.2629385325719996e-15	-1.0245776559477656e-14	1.1217723157962714e-14	6.139530042157045e-15	1.3842592488445953e-14	-2.223087176437976e-14	1.8396440123285567e-14	-1.1725146982396762e-14	1.4678568834182144e-14	6.581425889771815e-15	-4.477793050717044e-15	4.9439468333030024e-15	1.0822654725378922e-13	-1.1732768393306742e-14	-9.512508713296291e-14	1.6065654833262428e-13	-1.5620153430656481e-15	-1.476857820020022e-14	1.4096509518453055e-14	5.556054325921117e-15	6.739229554841603e-15	-2.3633683937999186e-14	1.4529883173811665e-15	-2.220160611834999e-14	-6.600230896821121e-15	1.4721013657169087e-14	2.426063735396589e-6	-3.113762728130752e-6	-1.1797844122140754e-6	-1.0369403781915777e-7	1.4958668370777691e-9	2.1536890877103068e-12	-1.2573376829869808e-12	-1.466918612229523e-13	3.503297837640189e-12	2.0073446046269535e-9	-2.009556319275887e-8	-6.780702534262357e-7	-7.324772413149569e-7	-5.268751420489874e-6	-3.215213476558743e-5	-0.4802806082303106	-0.43402178251972723	1.5692736425447053e-5	-4.643467826556735e-6	-8.488477300395437e-8	1.0506053075815426e-7	4.3485543548251915e-8	2.7226222863921348e-8	5.5297028006696925e-8	1.3001245923121514e-8	1.7872238300666593e-7	1.3727200999388373e-7	5.114738341116148e-9	-3.9917401112228195e-10	-9.453147630630977e-8	4.3767799182230434e-8	4.416310213015174e-8	8.396700961502832e-9	1.2020622321360706e-8	3.7901808734803013e-10	-2.0627272325685066e-8	-2.7336501433888887e-7	5.095734069960565e-8	3.56471117251414e-9	3.915411404837147e-10	-1.6664487495529343e-9	1.907367035759381e-9	-9.713450432908889e-8	1.548561430171102e-8	2.5297385693031153e-8	2.8715997683866685e-10	-5.2292869161463565e-11	1.172030585148316e-9	-3.417467481198137e-7	-3.9226689646073166e-9	-5.492833377743259e-11	1.3119732117821546e-10	1.6004930393394943e-11	8.036421651275504e-10
59.0	-3.011755188810398e-15	-4.665760671775021e-16	5.787962809321253e-16	-4.294868227459623e-16	3.6431854967779615e-15	-6.215177708489461e-15	-1.951824716558581e-15	-5.323184031086576e-15	-1.39452954014228e-15	2.37183191761234e-15	-4.310835027938819e-15	-1.351833977436713e-14	1.8802603264339998e-14	5.399711324988652e-15	4.662666050793159e-16	-1.3023456365958064e-15	-5.913714493658676e-15	8.336862840851576e-15	8.66485416218195e-15	1.1047263057579683e-14	-1.3159205857622796e-14	2.605087886755027e-14	-8.122555729227584e-15	9.094023887132431e-15	3.4161276375603634e-15	-7.736155094689616e-15	2.5299085092767873e-15	6.748806789712678e-14	-8.22475321027373e-15	-6.258312422791126e-14	1.0357119726546095e-13	-6.581621441343056e-15	-8.98943768652582e-15	1.9832708729498615e-14	9.863155729079891e-15	4.348768320978342e-15	-1.7321785289211415e-14	1.7885846070543188e-15	-1.5932761416138705e-14	-7.422964512721387e-15	1.2789943989920375e-14	1.3293430806238204e-6	-2.039685974026821e-6	-7.726323789843094e-7	-7.24130970512397e-8	1.3924969064750812e-10	1.3600582490696982e-12	-8.106117273867057e-13	-8.568352482190805e-14	2.253261724462868e-12	3.4272678343961233e-9	-8.373438685521036e-9	-4.7639709021100177e-7	-4.658684029908995e-7	-3.24980785782959e-6	-1.9953033155478448e-5	-0.3024911949398332	-0.4518194579977816	2.2438445241266985e-7	-1.8849753462409623e-6	-6.451558258537149e-8	5.4300747908699526e-8	8.681514609681045e-10	1.667617433187379e-8	4.714686080358932e-8	8.240199851583053e-9	7.368031788510473e-8	-3.727589934128635e-9	4.364302899379894e-9	-6.039039827985349e-10	-1.1823217488454808e-7	3.1268779646487083e-8	2.4857257082559356e-8	-3.0575517452198925e-8	-1.4401227010416431e-9	4.1120791509163454e-10	-2.317157063672266e-8	-1.019670276761091e-7	2.7275288480862937e-8	1.7011376242251657e-9	-5.053205313371901e-12	-1.376894263638434e-10	4.025269811900096e-9	4.73222637162811e-8	9.012946617061757e-9	8.30618693882369e-8	-1.4688044212290008e-12	-4.201290093577843e-11	5.38516114607659e-10	-5.820309675532805e-7	-2.2008935828587023e-9	3.7966385776398924e-10	7.465211869704898e-12	1.030659821980009e-12	8.557558571594597e-10
60.0	2.889850621022689e-15	4.476875784953526e-16	-5.600193528089117e-16	4.764123631621835e-16	-3.589828872030142e-15	6.316579963052704e-15	1.888087640137583e-15	5.397801493546794e-15	1.5002494418141485e-15	-2.346044625682484e-15	4.296997978900757e-15	1.3496547889277084e-14	-1.8780207594108393e-14	-5.378044338225907e-15	-4.0946693672375163e-16	1.3364188867274107e-15	5.83494344221925e-15	-8.434455885719924e-15	-8.712251201882852e-15	-1.1078906265727897e-14	1.3153502346242212e-14	-2.60771415963264e-14	8.318989720625302e-15	-8.934916378048074e-15	-3.4476707535014374e-15	7.857605256451812e-15	-2.3986420344147247e-15	-6.731739908600996e-14	8.219532076644354e-15	6.2630967686101e-14	-1.0375878995105388e-13	6.736906708142326e-15	9.303642036713799e-15	-2.0087973831175396e-14	-9.734556026006346e-15	-2.0062159023924598e-15	-1.1715686585205076e-15	2.3498843726070274e-15	-6.8142642697380576e-15	4.446781385928801e-15	5.202278056196222e-15	-5.606419812121945e-18	-2.4654835462913676e-17	-1.907568368965719e-17	5.551883734389736e-18	1.1807900117552222e-17	-2.478411620541854e-18	9.496939786529817e-18	1.8991870419803183e-15	1.6295213979283064e-15	7.862844065413189e-18	-2.4654835462913676e-17	1.5772784381392843e-15	2.133210794294821e-17	5.399808846750605e-16	1.953064097490457e-15	1.7387051890809054e-17	1.3306062657902051e-15	-0.45457004304649506	-0.0017730292851631762	0.000894627089619225	0.0006978495418672181	0.0004046074382034773	0.0004312728155418359	-3.039221318844489e-7	0.0003195265975291954	-0.004575601846406738	-0.003545092923704976	-0.0014299913818416026	-0.001860614969110461	-2.7055375219179595e-7	-0.001354621197007565	2.3499075478722e-5	0.00020106895194116738	4.62712439898681e-5	7.037565482726959e-5	2.7305483758166276e-7	0.0006324356161551615	-0.0005729997851291517	-0.0007678685882460362	-0.0002834617226660819	-0.0004186008074819755	-3.789629097005848e-5	-0.0002296872578332067	0.00012028048846460938	0.00045584702758202017	7.631340424121281e-5	0.00012159268901793109	-1.0770312791596295e-5	0.0009657830325040502	0.0005001659597424864	0.00031863067948800387	2.3339831596041257e-5	7.777422311024084e-6	-8.602046346418895e-5
61.0	1.1297336075228086e-14	2.671553582606962e-15	3.902807641356596e-15	7.55630960809841e-15	-4.087542594308111e-15	2.3993944706483856e-14	-1.2929131297274636e-14	1.7339848101996765e-14	-9.12286023951305e-15	4.855018202639022e-15	-1.7135478762926162e-15	3.6161298775932226e-14	3.6354100966780425e-15	1.5481496860537255e-15	-2.7870483523598708e-14	-2.193552291165638e-14	1.4012518124683407e-14	4.217734260569919e-15	-1.565579935319581e-14	-5.766468539902026e-15	6.69949690826579e-15	-9.289013904249968e-15	1.2751413688971514e-14	-3.1984403735143317e-14	-2.6490946984674016e-14	3.1863677065356512e-15	-1.0391028387275816e-12	-8.931882382190602e-13	3.2694844626547987e-13	1.1666779343733912e-13	-3.3305920632887084e-13	-3.185543974861934e-13	-3.9377388858020844e-13	6.81128977011416e-13	-3.964662716048408e-15	-2.648688192414154e-13	-6.433614122678352e-13	-1.087560471245871e-13	-1.2039437550927303e-12	1.0401678170680281e-13	3.6765658121190397e-13	2.079121255601338e-13	3.589498045066361e-13	2.1065287835090743e-13	-1.5682501535157338e-14	-6.035113236350088e-14	-1.0709841168469019e-13	-1.5535760094408913e-14	1.5398076127285713e-14	-4.142059733729778e-14	-1.7404870238278173e-14	2.188274013039923e-14	-2.4086406615681815e-14	1.1448276227808269e-14	4.010281909879718e-14	4.738914077268244e-16	6.418549351820192e-14	3.156873030096528e-14	-0.00012326937246389576	-0.45229692940954846	-0.1454602106892972	-0.12329626280176392	-0.024463643873770553	-0.02079472010161596	-0.006260366798649814	-3.157964592267262e-5	0.04044116111107457	0.03516771449572253	0.015390462216259719	0.01441800476646062	0.001830287280869195	0.0002057162196655996	-0.009062470042207067	-0.0046625889356506885	-0.002686568359862641	-0.0029551264997995314	-0.0015432257163917613	-0.00041089452525387146	0.0019682977993513155	0.0025082944593679143	0.003040784941754262	0.003408344348740683	0.001402109114674457	0.0027595893051994254	0.001490960034059972	-0.0002779750305233382	-0.0007455931629403302	-0.0009386524337101715	-0.0006588474003786675	-0.0007955413795864686	-0.0006227662049240293	-0.0008321669215037333	-0.0007777542500306161	-0.0006992435361201828	-0.00048470822463839733
62.0	-1.1356820369584089e-14	-2.6272401313562716e-15	-3.9287193359279605e-15	-7.485301925413629e-15	3.945922476030429e-15	-2.409308894478281e-14	1.301294724237706e-14	-1.762877568647849e-14	8.99702814623369e-15	-4.897145158058139e-15	1.4128794835297052e-15	-3.6384965382952635e-14	-3.646141127973804e-15	-1.5995670502350502e-15	2.789199239187136e-14	2.1691084799897676e-14	-1.4205131661318353e-14	-4.443089040672593e-15	1.5901206675507466e-14	5.7955801399584824e-15	-6.5929856051776506e-15	9.496667677740642e-15	-1.2576814778290844e-14	3.238544589923422e-14	2.644969924771729e-14	-3.3712984117234627e-15	1.0388057805950774e-12	8.928302709039792e-13	-3.270059154391614e-13	-1.1613252526805647e-13	3.3265574169908093e-13	3.183960391254698e-13	3.938201060565927e-13	-6.814282493322355e-13	3.7772527175554974e-15	2.8411571473130325e-13	6.89912569034677e-13	1.1678187270688518e-13	1.2918176124123749e-12	-1.1153566403693117e-13	-3.94580844010042e-13	-2.201007530744165e-13	-3.802305987297978e-13	-2.227155765078365e-13	-4.1638700779072703e-13	-1.6242590560306732e-12	-2.7932627517327484e-12	-3.5858240845100856e-13	3.366290748565597e-13	-1.1323110681807326e-12	-4.659672810882969e-13	5.464302603367692e-13	-5.360446444795643e-13	2.6844396162726733e-13	1.038544428734228e-12	-1.940744696566695e-13	1.6024367400808586e-12	8.62108937163473e-13	-1.6780078254211022e-5	-2.706212990566999e-6	-0.4527520343379326	-0.3361151720439325	-0.0001800075936255686	-4.908244275335902e-6	1.7033465406814654e-7	-4.2896646813798705e-9	6.144846975463034e-9	7.003882310584352e-8	7.880954429178124e-7	1.6026074679625373e-7	3.59466400350821e-7	1.3746554344613258e-7	1.6613637111329168e-7	5.6491901411447484e-8	-1.6086051493613233e-7	-1.717200155399387e-8	-5.697410806292359e-8	4.614445555568562e-7	5.062052832861306e-8	2.4505403137112495e-8	1.2723442136782914e-9	7.596733738015824e-9	-5.1400354680445526e-8	1.9919561048794076e-7	1.937596481440375e-8	1.4376960681891306e-7	3.0602910045791747e-10	-3.9329128089506413e-10	-1.3659251160085328e-9	1.2234343051327917e-7	1.341918728032727e-9	2.5982412880749113e-8	-3.2696028733144053e-9	-3.4688226106485916e-10	-6.440864430936286e-9
63.0	-1.3336590940289223e-14	-1.9359161253840487e-15	-2.2451967716717285e-15	-7.74576443751829e-15	9.489063825405919e-15	-2.2520481125375175e-14	1.597126928357283e-14	-2.344663565379156e-14	9.929878681832012e-15	-8.238306867347479e-15	4.227285441145928e-15	-1.669721336749957e-14	-5.876130804631288e-15	-7.344378255665504e-15	1.4090845271264317e-14	3.034698393524697e-14	1.5711334855536138e-15	-3.004881415214432e-15	2.7528900273302085e-14	6.6177015337551696e-15	-5.035872687439404e-15	6.326325827563991e-15	-1.5019639673664185e-14	1.6054605629492082e-14	3.415676574180506e-14	7.185879455915435e-16	1.409382121426272e-12	1.2170048352042401e-12	-4.387610135274428e-13	-1.7257687770982475e-13	4.72502803596076e-13	4.386097125782871e-13	5.225780991712885e-13	-9.115244526103896e-13	5.121003033684574e-15	3.8252477969810785e-13	9.323388507450262e-13	1.6130892425684174e-13	1.7559780858103663e-12	-1.5167311736129687e-13	-5.344580192183335e-13	-2.9834453594092354e-13	-5.181535951550545e-13	-3.072354617250548e-13	-5.623500200788595e-13	-2.194891191454469e-12	-3.795896399571963e-12	-4.848900529317754e-13	4.562660226668064e-13	-1.5215658931998835e-12	-6.349696747519367e-13	7.395969094801766e-13	-7.251378428658443e-13	3.7035753592173176e-13	1.4086683269036372e-12	-2.6474423964802656e-13	2.153793009204547e-12	1.166016758662959e-12	-2.6706039076321404e-5	-2.188866337137373e-6	-0.35721189269743214	-0.4577497066083955	-0.00024359894958163187	-6.532830992511164e-6	2.3897241546289345e-7	8.011530549151797e-8	-1.5895747450801406e-7	1.1206955451329047e-6	1.1026362156168295e-6	2.507633224154202e-7	4.941102954780304e-7	2.2111625234577843e-7	2.5254826421807956e-7	6.150517396931994e-8	-2.3346622898032977e-7	-2.4168127296367063e-8	-7.78912322037845e-8	2.0673641197293634e-6	7.305794878532858e-8	4.035040935438879e-8	1.440492182056439e-9	1.0226448634557789e-8	-7.358971711892205e-8	3.3110358701489437e-7	3.599676573290457e-8	1.8085603133224684e-7	4.4068701482102753e-10	-5.537320878031008e-10	-2.652246226642805e-9	2.872272273804112e-7	2.3186744872477014e-9	1.3255672505702047e-9	-4.6182044824433225e-9	-5.010363531812414e-10	-8.253226187438527e-9
64.0	1.3276417497435798e-14	1.8651209380545917e-15	2.329277518937135e-15	7.927486653483609e-15	-9.594862673397129e-15	2.2420377317729736e-14	-1.5952249502932808e-14	2.360629677597223e-14	-9.905071624168476e-15	8.167420630729405e-15	-4.256922176720008e-15	1.699587807505831e-14	5.9754176088619735e-15	7.33751018067151e-15	-1.3982900792799403e-14	-3.0399844033965446e-14	-1.5797693973803905e-15	2.9253179150346384e-15	-2.7855996147266667e-14	-6.6524128239271885e-15	4.9726069793893096e-15	-6.292316476911339e-15	1.5113442619186293e-14	-1.6256929451004034e-14	-3.435024978607247e-14	-9.329727019097774e-16	-1.42300134789962e-12	-1.2288096716031062e-12	4.42896441361057e-13	1.7456173285225524e-13	-4.772704421643977e-13	-4.4312331020995106e-13	-5.273362604377697e-13	9.204616045763658e-13	-5.1405859318001444e-15	-3.861166617703716e-13	-9.4161473623195e-13	-1.6300374641642933e-13	-1.772826427021344e-12	1.532143632330474e-13	5.397573025569485e-13	3.0099410543315895e-13	5.228450707315626e-13	3.099213850229928e-13	5.677591345001464e-13	2.214863601799144e-12	3.8303774544725044e-12	4.89602520100618e-13	-4.606132055371372e-13	1.5357061166793978e-12	6.408422179087722e-13	-7.468454198037073e-13	7.31974210177215e-13	-3.736347393905298e-13	-1.421831250112343e-12	2.6692330793792457e-13	-2.1740582316230695e-12	-1.1767601799053941e-12	-3.558907060424383e-5	-8.168702949881706e-6	1.0405437087889494e-5	4.2442606173825295e-7	-0.4586169974033316	-0.36716500240335204	3.3048182394630135e-6	-6.57966261694053e-8	2.0705659037848123e-7	-3.3314693497558776e-8	3.079406667645322e-8	2.2393131343549677e-8	-5.3029116185282794e-9	-8.968545203949253e-7	-1.383621337428967e-7	7.14893990561628e-8	-1.1130483958836584e-8	-2.2377689635119873e-9	-7.139891587658227e-7	-2.326944609786157e-6	1.4031561038647851e-7	-9.03481733124271e-9	-9.1997543407751e-9	6.45361538605887e-10	1.8313010811164215e-8	-5.146631509419734e-8	-4.696999301818989e-8	3.926291400746132e-8	7.73957091081747e-11	-6.089984198986622e-10	2.779407720987645e-9	-1.2076392410082593e-8	-1.08937144214569e-8	7.79744601571828e-8	-6.161797435909705e-10	-1.748870700931044e-11	6.151344484709646e-9
65.0	1.0468458090498429e-14	3.6350033558821535e-15	-2.04846577893095e-16	8.353270376317686e-15	-6.57641793260964e-15	1.9745035551471923e-14	-1.4561273834344865e-14	1.8805629118613762e-14	-5.597946745250815e-15	3.3877745816442273e-15	-8.48619045910523e-15	6.9328432802210336e-15	1.2993809652070549e-14	1.465699336116968e-14	-7.355265017565115e-15	-1.628070012129629e-14	-2.5160478177915432e-15	6.7008383564406215e-15	-2.2264710654477423e-14	-5.199398533818957e-15	4.6195263917658014e-15	-5.8524611085848934e-15	9.526882262393344e-15	-7.927623683618744e-15	-3.111602867654585e-14	-8.135395594879997e-15	-1.0397519440182198e-12	-8.944469207052908e-13	2.681794886880921e-13	1.0306584693652835e-13	-3.146529113085822e-13	-2.608044433752607e-13	-3.747357019097224e-13	5.771784444389245e-13	3.4166970153089137e-16	-2.658353554365964e-13	-5.91616312939885e-13	-9.024448256581514e-14	-1.2512045143362518e-12	9.026448971457214e-14	3.316990264248519e-13	1.9677837269428263e-13	3.193851521580962e-13	2.287165503869411e-13	3.3517282331584456e-13	1.6288693309574062e-12	2.6352324203277305e-12	3.15688254589136e-13	-2.837989499326522e-13	1.047776248108533e-12	4.137525323851784e-13	-4.35206086636114e-13	4.357701756321379e-13	-2.660557808060388e-13	-9.238328273327888e-13	1.908296620509578e-13	-1.4713031308151758e-12	-8.28658630443937e-13	-2.7843735651624288e-5	-5.898180423493414e-6	7.656140036099383e-6	2.871521152489714e-7	-0.32442080499901177	-0.45221632796494365	3.6415826665209985e-6	-7.55613987980192e-8	1.1187365673565797e-7	-1.8084642567788682e-8	-9.18739915388878e-8	1.7213880724716955e-8	-6.032137359852738e-9	-5.684296341789059e-7	-7.615873244868984e-8	6.29199506795197e-8	2.5316743298540815e-9	-2.248191205144516e-9	-8.624617046212347e-7	-1.613114426743824e-7	7.743823916917472e-8	-2.6246062610710756e-9	-6.623210171468171e-11	2.7237998581264963e-11	2.310078503429836e-8	7.163047862738804e-9	-2.8840893549474213e-8	-1.6238429477414226e-8	-6.362199390239276e-12	-8.49552565819082e-11	3.669563353633268e-9	2.035620594508045e-8	-6.029696483313217e-9	3.054371108818036e-7	-1.189848480047713e-10	-4.00930063942181e-12	6.889699599284529e-9
66.0	-1.0514266528028243e-14	-3.6788165182004986e-15	1.2946416063169248e-16	-8.468456355627244e-15	6.6042892735751894e-15	-1.9753447434387714e-14	1.4578476364194537e-14	-1.8756301172096567e-14	5.666281979493968e-15	-3.3082342239024055e-15	8.420185884861635e-15	-6.9582533011072026e-15	-1.2974544411868316e-14	-1.4661837709548307e-14	7.393997382972352e-15	1.6233717109589943e-14	2.4319641007417634e-15	-6.596931012911606e-15	2.2104935653563914e-14	5.090690036737296e-15	-4.576380415534832e-15	5.9497666968862006e-15	-9.51577220939849e-15	7.887673659230398e-15	3.1108106844307104e-14	8.20961160754211e-15	1.0397155057177381e-12	8.944559077637231e-13	-2.681852775359938e-13	-1.0306995612625698e-13	3.146807541745015e-13	2.608180875723173e-13	3.747213469550738e-13	-5.771670650647382e-13	-3.31664173295883e-16	2.656954777039675e-13	5.916476187192415e-13	9.030227368894418e-14	1.2511445724428597e-12	-9.011951794164397e-14	-3.316627522868066e-13	-1.9682479085988315e-13	-3.192878693949958e-13	-2.2870500551983735e-13	-3.351530729731977e-13	-1.6289312316676354e-12	-2.635207630161602e-12	-6.743022630672235e-14	5.716859392642217e-14	-2.123564204556503e-13	-8.764669899041858e-14	8.696793174661734e-14	-8.954273244376132e-14	5.634779961503724e-14	1.9091574563985011e-13	-4.2176640727545255e-14	-7.864227976533182e-14	-4.074293578297788e-14	-7.361647947307779e-5	-0.0009404399050822687	0.0009858205719730645	0.0011405704579399757	0.00191780634842117	0.0022386432864421753	-0.4536367986181066	-0.000253206128606944	-0.005782100935754605	-0.004279809882064508	-0.0016748486256814535	-0.0017116815012445182	5.638672169065811e-8	-0.0008560286610438734	-0.0005638007887855168	-0.00035857815920422	-4.088813436877001e-5	-4.646363040722647e-5	4.814205378994477e-8	0.0005929019893956767	0.00397331035010232	0.0038543975086460704	0.0014741240126670654	0.00201542889274773	-1.1525140868242114e-5	0.0003664394360279046	0.0006441925665511519	0.0004966743951160423	-6.562630950988893e-5	-4.864881433755688e-5	1.4259186181430645e-6	0.00035917612830812325	0.00018622642116360296	0.00036133313067682535	4.1680349612453924e-5	0.00017038233170082516	-3.7120861890675086e-5
67.0	-1.3394802463623587e-14	7.727026562234928e-16	-6.607868923528236e-15	-1.765542367756157e-14	-1.3174333790079844e-14	-3.2882443971840005e-13	-1.1067440164787977e-13	-6.597460769731553e-14	4.970209321722376e-14	-6.576872072170777e-15	-8.564567693990816e-14	1.9788764026550564e-13	-4.365161850983241e-13	-6.851423439036069e-14	-4.241265366873071e-14	3.498463475293849e-14	7.718776695483792e-14	-1.668888844564422e-13	-3.552313976558647e-13	9.69633734443874e-14	-1.6565040096900698e-13	1.9378992358691165e-13	-1.6885583057664799e-13	2.2469507716304497e-13	-2.3692179497915514e-14	-1.5151694726032272e-14	1.4333846719376666e-15	-1.021741152997864e-15	-1.3567269939117583e-14	3.298835542998281e-14	7.68298739524581e-15	1.735246767164538e-15	-1.5669666087013294e-15	-1.0375303868975771e-15	3.752377241568502e-14	4.742901066068439e-16	-8.840400196838874e-15	7.362627650331964e-15	-4.977505511369142e-15	-1.1095701269017363e-15	-5.794133163598659e-16	9.021969364448046e-16	-3.4623320160096903e-15	1.184967604652565e-14	-3.1206197179110244e-15	2.7967002133404345e-15	-8.894123900991855e-15	-2.387927959477316e-14	-4.4110435094286937e-13	5.866817341541287e-13	2.4199940291877574e-13	8.184374769967122e-13	6.248263036582433e-14	-7.786505502361261e-13	3.040884250507971e-14	-3.3877088849934004e-13	5.074123090611713e-14	2.1692453848269007e-14	-0.00014651211812430332	5.586393152177755e-5	6.42304038953685e-5	6.301479653934328e-5	1.795239646583286e-5	2.3298351323451047e-5	4.4328570156478555e-7	-0.4501927447772505	-0.1429705713512452	-0.1210324272954879	-0.023607035523190403	-0.02063120635073915	-0.003910853801994469	-0.00012230668600653413	-0.020255617703610444	-0.005928340693509798	-0.0031110653783615423	0.00030064457228112915	0.0012584860170624173	-0.00014308537968395316	0.008615226009840882	0.007089315435215287	0.004527554048965903	0.005958085612762201	0.0030179731285678493	0.0073773242299516205	0.008711336625022992	0.0050001567555736405	0.0034599012654666006	0.003400119082620048	0.0018448265590592784	0.0007317163599952207	0.0008519992033617734	0.0014871836255670437	0.0012864857444141896	0.0013652510229003885	-0.0017015337608581847
68.0	1.3167648593238296e-14	-7.023600421916737e-16	6.673689291596627e-15	1.7814166722278728e-14	1.316810465362946e-14	3.3378728014912644e-13	1.1225624697102094e-13	6.715602841462648e-14	-5.042763311263763e-14	6.342768678913201e-15	8.690235084969992e-14	-2.0101731696933528e-13	4.4307175253411925e-13	6.961074609544319e-14	4.292277539845712e-14	-3.536656132397237e-14	-7.856551349297514e-14	1.6927033074658402e-13	3.6088999629949307e-13	-9.838585477116369e-14	1.680842824420233e-13	-1.9668273319360525e-13	1.7129867985786385e-13	-2.2804631273871326e-13	2.3731590041006528e-14	1.5034569845209197e-14	-1.6962865024550663e-15	1.0188355283699663e-15	1.3687333011352289e-14	-3.327415803224666e-14	-7.826578986616101e-15	-1.876780248954477e-15	1.4471914814533168e-15	1.0860502863700914e-15	-3.798795396233224e-14	-4.781137181899058e-16	8.70489388360823e-15	-7.731642635402288e-15	4.923394309776206e-15	1.1877737539577216e-15	5.892996669236382e-16	-9.840665858986024e-16	3.300572688682848e-15	-1.2065694731586989e-14	2.9694997678574982e-15	-2.9672987322303963e-15	8.716974754119567e-15	2.4273179416242083e-14	4.875950082202388e-13	-6.490830572832454e-13	-2.6836581364672133e-13	-9.07173645648929e-13	-6.890277092313637e-14	8.616641917047095e-13	-3.317458625719048e-14	3.7588928479438644e-13	-1.0872998550961014e-13	-3.836444007397018e-14	7.5593307955124784e-6	5.505470186980571e-7	4.2634986972290615e-10	-3.81524443021538e-10	4.3062682682254476e-9	-6.736646895641108e-11	-1.5596901471849904e-12	2.442949442617443e-7	-0.4547285697358667	-0.34640610911827624	-4.688163789861168e-5	-1.9588548622052362e-7	9.486148467078376e-8	8.026659016164709e-8	3.175773477803972e-8	1.0735994085374176e-7	-5.132832929545824e-7	-7.07239071726383e-9	5.615430630929779e-7	-8.425106668572162e-7	-7.858723207556354e-8	-1.0355246324276905e-7	-3.0422373301127044e-8	-6.116851119747062e-10	-4.1864580586549104e-8	1.2106998471251003e-6	-7.123526167251451e-8	1.1160124315835496e-8	-2.621409363076515e-9	1.3110271212833603e-9	2.1759039833187783e-9	-1.0018750512578956e-7	-5.195049903548327e-9	1.7959362265360121e-6	7.63797922992741e-9	1.0364470680344505e-10	6.271010038667582e-8
69.0	2.504044707802933e-14	-2.731569600610508e-15	5.417994554260561e-15	2.938596016140116e-14	1.2928100129165033e-14	1.620641953485801e-13	6.455589827610744e-14	1.8576986907784695e-14	-2.8161121794361557e-14	7.60299923308859e-15	4.213017696960636e-14	-9.668585884278345e-14	2.2560438788632195e-13	3.392591069008991e-14	2.4754228927227112e-14	-1.974801346679141e-14	-2.7574626492829494e-14	8.962385861655146e-14	1.71212601819492e-13	-4.575930362869477e-14	9.055550307114919e-14	-9.595192765354333e-14	8.875591201711897e-14	-1.0695189378871463e-13	3.1541020831952984e-14	2.1794967432863948e-14	-7.13810766931558e-15	1.3631718769616384e-15	-2.293660835883048e-15	-2.242516107003389e-14	-9.651694546654638e-15	-7.528987492193243e-15	7.027472451469869e-15	-2.1082467746801868e-15	-1.2286475563053467e-14	4.709479308002882e-16	1.5393896134412823e-14	-1.2494390117471834e-14	6.778414068980145e-16	7.064331378584179e-15	5.224009398580324e-15	-1.3536220448263022e-15	4.2426171237973934e-15	-1.249705219492946e-14	5.721033585660156e-15	-2.2503909329582975e-15	5.752491428821235e-15	2.230547507827969e-14	6.567979051776731e-13	-8.719431602252021e-13	-3.6321700723728497e-13	-1.2231889089136267e-12	-8.760566731621889e-14	1.1682430587406659e-12	-5.3704158840806844e-14	5.109501074573925e-13	-1.5045129470986868e-13	-5.0313970895545716e-14	-2.269054380977093e-5	4.2624994035807094e-7	2.89817194080901e-9	-6.615170108965513e-11	5.0213435970791155e-9	-7.963259122979716e-11	7.913140848878915e-12	1.9481899360861458e-7	-0.3496726382969627	-0.4574469632737101	-6.117277925320855e-5	-2.4790554404576676e-7	7.080854423211566e-8	2.2609294373547193e-8	-2.0452027021896947e-9	-1.3397527904404125e-7	-6.973372630636651e-7	-9.24187951724984e-9	7.085298540121975e-7	-5.303541193851332e-6	-1.2015301020643907e-7	-1.207965951823354e-7	-4.0400557432636444e-8	-2.8877314566101624e-9	-4.140895335784173e-8	1.7196596577080538e-6	-1.061792688550263e-7	2.407129055035816e-8	-3.1943486192290874e-9	1.8610447066161329e-9	2.468229604803468e-9	-1.2945927135424733e-8	7.831237402848775e-10	-8.022170968990941e-7	1.0845785483816482e-8	1.5136806223975522e-10	9.496731378204007e-8
70.0	-2.5123655349155917e-14	2.715356150437986e-15	-5.313758082310478e-15	-2.9287439539730554e-14	-1.303912582387354e-14	-1.6229579085462738e-13	-6.45504098036694e-14	-1.8481868053569242e-14	2.8296436703838895e-14	-7.66086226276489e-15	-4.229926160404583e-14	9.648789614850377e-14	-2.2582303717113464e-13	-3.4087990602564996e-14	-2.481447186627124e-14	1.9960900772189343e-14	2.75145069347496e-14	-8.964318899285708e-14	-1.707206567248251e-13	4.574442042287992e-14	-9.050905555636522e-14	9.59670675559275e-14	-8.87609990869206e-14	1.0707576904101244e-13	-3.170756993696168e-14	-2.19725671843568e-14	7.088973647852008e-15	-1.4674609847337664e-15	2.3482637776208122e-15	2.2311671221923562e-14	9.56050193404603e-15	7.500421390393504e-15	-6.852819374723122e-15	2.167828763751607e-15	1.2319005650855175e-14	-5.836695754902613e-16	-1.5390355926792683e-14	1.2585993611071417e-14	-6.373627724256069e-16	-6.915650532717408e-15	-5.2087756044504e-15	1.4064484137534484e-15	-4.164457349251663e-15	1.2539142520181245e-14	-5.754841797222329e-15	2.2659283957671724e-15	-5.653808965758786e-15	-2.2563747052847008e-14	-6.626034857239002e-13	8.799819228500169e-13	3.666467631463884e-13	1.234257121312028e-12	8.830916025043277e-14	-1.1789473896987687e-12	5.4295712183425813e-14	-5.157308753372294e-13	1.5196448202049572e-13	5.101259867486056e-14	-5.277699336075608e-5	1.627286456917142e-7	1.7346071717579636e-10	-7.385292850352634e-14	-5.66095510849215e-15	1.1589297718673232e-14	-2.7758360354805717e-9	-3.7877538948318257e-11	-5.078321400120713e-9	-4.893664234711448e-10	-0.46050356489829586	-0.37928720138586375	-6.66412767487134e-7	-5.908811834725791e-7	-6.224584822018069e-8	-1.7777701607799605e-8	3.4806020538301725e-9	-4.602055215310751e-9	-5.879216612173423e-8	-3.600629933540807e-6	5.90213830743985e-8	8.832899669909745e-10	5.762378236196875e-9	9.979333080404642e-9	-5.059558864255809e-8	-1.4715859923454009e-8	1.1482603559430879e-7	2.3566488041181135e-8	3.0580924864390146e-9	-3.2026994828093447e-9	-1.016496247637435e-8	2.025440303544689e-8	-9.382688237278779e-9	-4.733486782487711e-7	-7.068519259752573e-10	-1.4124374970411134e-10	-1.1445953811604256e-8
71.0	-2.385634780815806e-14	1.2313635568782358e-16	-8.390319592660156e-15	-2.85755824191148e-14	-9.877328498815706e-15	-9.731087124125085e-14	-4.5418642626887505e-14	-4.3244709805896274e-15	2.2309604864699005e-14	-5.6033578669910676e-15	-2.1380590330324413e-14	5.4871246883133324e-14	-1.413186957677629e-13	-2.6687258074173542e-14	-2.0180819584181713e-14	1.4669881298508925e-14	1.9446413198299175e-14	-6.058774714675473e-14	-9.848139880982291e-14	3.333314825747048e-14	-5.429602834172206e-14	5.786215076390089e-14	-6.37281027415241e-14	6.789538641690123e-14	-1.6805339768266394e-14	-2.0784341021918272e-14	3.75075910496375e-15	-6.158158805917996e-15	8.40074068616805e-16	1.783058728778293e-14	4.222308713257893e-15	8.762901580247314e-15	-4.866107574126421e-15	5.775418327540019e-16	4.469504727013058e-15	2.591511823651805e-15	-8.520558785630367e-15	1.1786893226618991e-14	8.401723462128397e-15	-6.874453727658169e-15	-3.7483978945992795e-15	1.7107087958745176e-15	-2.181015904827006e-15	1.1759165174978514e-14	-3.416249541793225e-15	2.7931400828135523e-15	-5.357214561412857e-15	-1.2584192398342596e-14	-4.74370449143962e-13	5.586985093313059e-13	2.2916268697527925e-13	8.654975364377032e-13	5.13759712179339e-14	-8.048874634787948e-13	3.990215566110247e-14	-3.131920209123117e-13	1.0508496110774184e-13	2.6450454949233945e-14	-3.530832251139472e-5	1.8509761720739732e-6	1.3868280316915066e-10	-5.5776162876782583e-14	1.914833352551595e-15	8.97737544707397e-15	-3.251059802265831e-9	-7.490400066535287e-12	-2.671967514368488e-9	-3.59993888241981e-10	-0.31787031167811475	-0.4525239944815084	9.482785840386297e-7	-3.8534023447215097e-7	-3.712199622469341e-8	-1.0143258726739247e-8	-8.850365547242706e-9	6.8441783304562696e-9	-6.581311901687035e-8	-2.5333331973513836e-6	5.446331544759598e-8	3.948775522192368e-9	-6.9510611000186655e-9	3.757016022672015e-9	-3.8382883762247615e-8	4.083163768983811e-9	6.792753389835357e-8	-2.8099008892597806e-8	6.420670762871375e-10	-1.0410576328586565e-9	-1.2027834753961e-8	-2.72762046314268e-9	-3.827757373202077e-9	-1.4052254917501785e-6	-1.5200994817682965e-10	-7.564822928648992e-11	-2.5469100391636786e-9
72.0	2.3950895160727318e-14	-1.3763095264007306e-16	8.311404130204985e-15	2.8634476686012126e-14	9.863963538907894e-15	9.730984144876325e-14	4.548287889060694e-14	4.297601183529986e-15	-2.226617668498486e-14	5.548759452046808e-15	2.130909220102415e-14	-5.4833371800667746e-14	1.4126362303500193e-13	2.663927452295632e-14	2.0175197568584506e-14	-1.4672174515801788e-14	-1.9529180184522368e-14	6.05522758635754e-14	9.846783261263581e-14	-3.3316827034509345e-14	5.417024729135953e-14	-5.795494477215728e-14	6.377899503235267e-14	-6.781011765046054e-14	1.6816151060688218e-14	2.073545145144967e-14	-3.745343649975167e-15	6.131158279526232e-15	-8.550193815850293e-16	-1.7792613357238872e-14	-4.291400462905396e-15	-8.759484424146652e-15	4.888532596226508e-15	-5.860124790158372e-16	-4.479974143165396e-15	-2.5930329888447606e-15	8.463163578361931e-15	-1.1728332403259027e-14	-8.437696252332469e-15	6.8773823301883304e-15	3.7441868723665855e-15	-1.5960566568935186e-15	2.2178405153801596e-15	-1.173690755321775e-14	3.41109259345032e-15	-2.793466887357306e-15	5.453493693579921e-15	1.2799159695972103e-14	4.74507844508753e-13	-5.587022822741519e-13	-2.291844765994025e-13	-8.654993311211136e-13	-5.1335086305777784e-14	8.047353559074838e-13	-3.998429987666345e-14	3.131853830799146e-13	-1.0515814898981391e-13	-2.648363439625507e-14	-5.000191293017512e-6	-9.715575219400834e-6	-7.246981153377705e-6	-7.518690018389314e-6	-1.951326409468387e-7	-7.024463319905466e-7	-4.801685323841779e-10	-0.00014332169603649558	-0.0002100268355469959	-0.00017573278386553604	-0.000197978909267055	-0.0002655102227174593	-0.45548628868200103	-0.007298881248197454	-0.008418928918794463	-0.006550564320750923	-0.0009145216386972973	-0.0009220723525743053	-5.383919414648926e-9	0.0007800860855478977	-0.00017024010816555507	-0.00023829964760940393	-0.00023036525950705238	-0.0005119690592838795	-7.590797524024826e-6	-1.3170816841638362e-5	-0.0004919290115231393	-0.0003619369194758804	-6.620902403308362e-5	-6.4708516107867e-5	7.912097590609559e-6	-0.0019397429779963488	-0.0008053876727646171	-0.0010794577357372249	-5.926013009554049e-5	-9.097890490579738e-5	5.465596547176486e-5
73.0	2.2282424410916957e-14	1.6057870874171783e-14	6.640319807620977e-15	7.013177131248542e-15	3.7132374605144935e-15	-2.480222843905662e-15	-1.3707076207404047e-14	1.1102062181807931e-14	-3.518671460105063e-16	1.2581498592005755e-14	-5.89225758558999e-16	6.239478198760062e-15	-6.525828424604563e-15	9.959559744938637e-15	1.163095659339857e-15	1.2086613271310582e-15	-3.2852361889613293e-15	3.1483388693946143e-15	9.451816032973887e-15	-6.8702381356967745e-15	1.604517952309776e-14	-1.1568996508429945e-14	1.7263088817689057e-14	-4.3243117168350095e-15	1.1322920231730151e-14	5.137988611056392e-15	-2.47087431608621e-16	-1.564754707783719e-14	-9.8939207309285e-15	1.0598233262452332e-15	-9.28894113386213e-15	-1.1164357012954167e-14	-3.8685356607948234e-15	4.378313016793138e-15	-3.720139610939333e-17	-1.6755332700308985e-14	6.2291753477504125e-15	-1.9593055084790524e-15	2.866602752259542e-14	-1.1890384968441879e-14	3.8653093096396024e-15	-2.6958435443735066e-15	-1.5383276320020965e-14	1.6638567715224065e-15	2.1781440602684976e-14	2.640397285541786e-15	-1.469397017702697e-14	4.814636762595752e-13	-2.869748171042209e-13	-1.561529758222147e-12	-6.009051930980217e-13	-4.851738838704592e-13	1.5930608336313867e-12	2.4716103806774693e-12	6.104699076868977e-13	1.860656170885197e-12	-9.734188472697026e-13	3.993538481978187e-13	-1.3507544607488614e-6	2.2614586027230332e-7	-3.4704892573145953e-7	-2.832927968246008e-7	-3.6502383353424297e-8	-4.7777318791126834e-8	-6.80385560604692e-9	-1.4115241031523412e-6	-5.609443665304916e-6	-4.527064413400744e-6	-1.2366847771807084e-6	-1.4565517939427216e-7	2.8389041278075563e-8	-0.4383085636773031	-0.12507144841296222	-0.07448254945466533	-0.011791946406125067	-0.00651097201621263	-0.0002200478659926192	7.424270927469363e-6	0.0012399468559990445	0.00025886776852459604	0.0006559802247884193	0.0012281009007242957	-0.0005968412054877279	-0.013303096439470152	-0.025061128129059914	-0.01748539161874825	-0.011572940557232212	-0.010610648688909019	-0.004308594258290567	-0.0008283381895066332	-0.0012599626943713082	-0.002348664119091627	-0.0017910538364440348	-0.0017777388383041844	0.0029813016384788423
74.0	-2.2479820709687944e-14	-1.613376766697139e-14	-6.628288508833609e-15	-7.023921059883096e-15	-3.654849885388224e-15	2.4549691994723182e-15	1.360717912623466e-14	-1.1060858025675795e-14	1.493760658459496e-16	-1.2507294010105491e-14	6.259053963446379e-16	-6.4702652593793e-15	6.50931566720523e-15	-9.750543774242176e-15	-1.2651144902101862e-15	-1.3234165227050381e-15	3.265910954914437e-15	-3.284047223224005e-15	-9.695902251604982e-15	6.9291197705558954e-15	-1.6079133811381626e-14	1.1733219625282699e-14	-1.722136986356028e-14	4.1645403395478056e-15	-1.1343560110996795e-14	-5.2235324670161804e-15	2.355097816211679e-16	1.551980306179545e-14	9.801521799813552e-15	-1.3085472938688883e-15	9.337148601437623e-15	1.0940413753563051e-14	4.004064917741847e-15	-4.283573223488769e-15	6.441812794758951e-17	1.7069402761901395e-14	-6.43759364162786e-15	1.9852012487384053e-15	-2.8948987921704386e-14	1.1999555789871435e-14	-4.1724449528206324e-15	2.5118701497175826e-15	1.527474746644899e-14	-1.757258528121992e-15	-2.19812681356479e-14	-2.627496800145201e-15	1.4491255288923514e-14	-4.81713958203154e-13	2.8684291338880873e-13	1.5612606143558854e-12	6.008869743179636e-13	4.852285885391243e-13	-1.593005163959273e-12	-2.471447788505967e-12	-6.105688824760034e-13	-1.8608056623822337e-12	9.732962151359895e-13	-3.9926167177569886e-13	1.0738792960619091e-7	6.813056017044761e-10	-1.2705795394051653e-9	-1.9794606796906247e-12	-2.298919994733726e-10	-3.0883931060092926e-10	9.167460782855223e-13	1.0690727439201277e-7	-6.985159745517782e-9	2.857672848398459e-8	2.5607717569632528e-8	2.9187612427004396e-7	7.009683241753037e-8	1.4259781062035387e-5	-0.47255342137559797	-0.38325316346794064	-2.543811030854086e-7	6.919617337136158e-9	-3.71441189898466e-9	-4.01734388315418e-5	8.834434031726203e-8	-2.2517467293067354e-7	6.613312635273301e-7	5.775420222101797e-8	5.23270978298031e-7	4.785547537499795e-7	3.1544037264990283e-8	2.167583881784025e-9	7.342550145040718e-8	-5.086002954678182e-9	3.5473352113394344e-9	2.664846807072724e-8	-1.8972880925840607e-8	-1.3837569113606273e-7	-3.467336269252345e-9	3.770317369727244e-10	-9.121936659789276e-8
75.0	-2.84721366056206e-14	-1.8138200699169895e-14	-8.4306173122042e-15	-4.931059926499462e-15	-5.175821041128958e-15	1.072580581608887e-14	1.2042952350665925e-14	-1.9740567019881578e-14	4.827194013086001e-15	-1.5285973561779108e-14	2.4443580032629158e-15	-2.7969612921673766e-15	7.041557299383166e-16	-1.43878896705875e-14	-3.5095534491508912e-15	3.288172484982406e-16	1.608264275360689e-16	-7.247658485280125e-16	-7.679479987456745e-15	2.979671786914379e-15	-1.9072642986690287e-14	1.4271274599120757e-14	-2.5476220925100962e-14	8.271120931368908e-15	-8.101888837704633e-15	-1.02601766716613e-14	3.2781800661106124e-15	1.8478605424410246e-14	7.030092770925426e-15	-3.994682494225973e-15	4.286572113381673e-15	2.0055449881590824e-14	6.393744011540191e-15	2.2460472363931102e-15	-2.5958512207068694e-15	1.6529290659761917e-14	-8.36243134144976e-15	3.5169104114759983e-15	-1.9050154056546978e-14	1.1983887375039045e-14	-5.181835659668104e-15	-1.151800349868536e-15	2.1889364666285334e-14	4.724955525655315e-16	-1.1726130918893343e-14	3.7084076536432e-15	2.460703569240237e-14	-6.557534064247777e-13	3.816336196800508e-13	2.1108564416701823e-12	8.168719068928363e-13	6.417965891713537e-13	-2.1367939065478455e-12	-3.3216185557591866e-12	-8.300806752980007e-13	-2.4931905135853883e-12	1.3250252144131982e-12	-5.403678757919802e-13	1.0390069861648956e-7	4.941819023729418e-10	-1.1413087836739936e-9	-7.290925481354547e-13	-4.889317069488618e-10	5.878802433813686e-10	1.1090394259484803e-12	8.01489966275529e-8	-1.1403188789953844e-8	-1.5884126706908064e-8	4.53551845142988e-9	2.6542718431013007e-7	-5.164344432100695e-8	9.764265428915138e-6	-0.32589553972964097	-0.4540171164398287	-3.287508348293053e-7	7.840613084818769e-9	-3.8840896310379936e-9	-1.9493782486371557e-5	-1.5314962653410817e-6	-4.550599798467743e-7	9.217309455802082e-7	9.310121126680184e-8	5.77798330094245e-7	6.014577876592177e-7	3.9744693678781884e-8	-7.746238222705997e-8	1.0722053284934201e-7	-7.2606768836971685e-9	3.9749933387320435e-9	3.1549043634945423e-9	1.658860902130881e-8	4.3153714867225473e-7	-4.7286495144514645e-9	4.366721816035018e-10	3.365093659037076e-8
76.0	2.8378851753120177e-14	1.8287048428927307e-14	8.505246621221552e-15	5.2477981327763425e-15	4.913749073010577e-15	-1.090141726906746e-14	-1.2212497281185689e-14	1.9879625562961274e-14	-4.8362083956748185e-15	1.5167401563220428e-14	-2.336217323146638e-15	2.6501072155101975e-15	-7.476851734893947e-16	1.452991509875781e-14	3.402003950208214e-15	-1.3830343836067476e-16	-2.0607593187863697e-16	7.513988119670792e-16	7.840021128722825e-15	-3.035150207332707e-15	1.9151611330014958e-14	-1.438418921709239e-14	2.549218776376032e-14	-8.203167823570526e-15	7.941496526189911e-15	1.0172053330357488e-14	-3.6439763586057495e-15	-1.8466941046426352e-14	-6.945622142167155e-15	3.9176911938907146e-15	-4.337096956043449e-15	-2.022517351934391e-14	-6.528284551861718e-15	-2.29200227832174e-15	2.3658692143372196e-15	-1.6450776839554566e-14	8.167413506743458e-15	-3.5473689724731267e-15	1.8917680155877212e-14	-1.21532886018139e-14	5.165391689171356e-15	1.4412793156763888e-15	-2.201349353892977e-14	-4.919032900269306e-16	1.1786315046205653e-14	-3.92321553809546e-15	-2.4742870660024342e-14	6.621022418705431e-13	-3.8525128751722154e-13	-2.129949626578057e-12	-8.245124704783493e-13	-6.47758375569782e-13	2.157029922870567e-12	3.3526195894379817e-12	8.375693414167696e-13	2.516046822185393e-12	-1.3369231492702895e-12	5.451625422906064e-13	2.6824864113209445e-7	3.962574970660297e-9	-1.2020773994363881e-9	-2.977776830749677e-13	-1.3379508905830529e-12	3.633107086632984e-13	7.764363311521423e-13	-6.493069717770285e-7	-5.018560085904365e-6	1.1774997122514161e-5	4.994198982284804e-7	-3.4764303761309675e-7	3.670198624994681e-6	-1.2227050881442565e-6	5.815837890047807e-6	6.860669219387117e-6	-0.48038364105753856	-0.4352782622769208	-3.2683589652239055e-8	-4.052041233253374e-5	1.684012994316096e-6	1.923461926831373e-7	1.1125665005566047e-7	2.7143673755132304e-9	3.1888126477412705e-8	-1.6148547710682957e-9	5.912996467045224e-9	5.775120708844453e-8	-9.640546904956656e-10	-2.611359967989072e-8	3.7195139940972486e-8	-3.1432068068000557e-7	-3.586436130748057e-8	-7.815117270067145e-8	-6.832309161745317e-10	5.96574127825534e-10	-1.5907962934267197e-7
77.0	1.8947780552895483e-14	9.786889695579093e-15	3.7775052846304685e-15	2.5452606552324625e-15	-1.2703838910637192e-16	-1.1777291215171625e-14	-8.26663282773956e-15	1.231077218583724e-14	-3.4331124250576356e-15	1.760444980249142e-14	-7.995252137062918e-16	5.389199527595729e-15	-3.116690306550876e-15	1.1358565884387933e-14	5.220511671289004e-15	-7.273446713443532e-15	1.3230420611137571e-15	-3.7758137693319155e-15	4.520700381398053e-15	3.915239803996074e-15	1.7434509028820734e-14	-6.472469085303108e-15	2.0309656202940914e-14	-4.132593112486135e-15	5.319946352675553e-15	1.0358427061163244e-14	4.872792742253065e-15	-1.3413551751523941e-14	-7.594347492221769e-15	3.583070517022198e-15	-3.810767057006534e-15	-1.9180174086567564e-14	-7.23312588468871e-15	-4.2045617665897286e-15	4.552318339757663e-15	-6.6361102001349446e-15	3.4167890197119587e-15	4.521669833929626e-16	1.0244772675745506e-14	-9.59893524865546e-15	6.182873891740474e-15	-5.438861885065347e-16	-1.4628062475576398e-14	8.524459675556609e-16	1.0249335838791058e-14	-4.267072660028782e-15	-8.04593932136662e-15	4.1191817421111197e-13	-2.793060180147129e-13	-1.5631204912520476e-12	-5.157369423832119e-13	-4.019050756752461e-13	1.3784785344125956e-12	2.283807489117109e-12	5.567872891010585e-13	1.825197547354629e-12	-9.797419825118044e-13	3.644747919122536e-13	1.6545012505543322e-7	2.5144335038364685e-9	-7.248395109230563e-10	-1.8816201760571294e-13	-1.2556309152980427e-12	2.7027950466137263e-13	5.311412285858682e-13	-4.0703378268427363e-7	-2.8667730384507304e-6	7.445808729855657e-6	3.9215257980810814e-7	-2.9656546877846943e-7	1.0118668029530876e-5	-7.660795042773644e-7	3.552424014147894e-6	4.2541031339138485e-6	-0.3012758887776149	-0.4518392427958354	-3.1416320092181065e-8	-4.520982279204618e-6	7.879453036709522e-7	4.509995494609575e-8	-9.344773249239204e-8	-1.5290144024257938e-8	3.5871732498142484e-8	6.621614559903059e-8	3.0671509453478786e-8	4.808318870675021e-8	-1.877957307385737e-9	-2.1919241601102817e-8	3.8190428335547666e-8	-2.0989582837128938e-7	-8.7631454155591e-9	-1.2120799610457794e-7	-2.1497054270108303e-10	-1.5171430125794284e-10	-1.5427488353809742e-7
78.0	-1.890920105927539e-14	-9.9838538784422e-15	-3.802562993012438e-15	-2.6057228882594127e-15	7.015224939744941e-17	1.1808075270677666e-14	8.287470824123566e-15	-1.2273611180311412e-14	3.377462543794316e-15	-1.7622707004112086e-14	7.41776875132483e-16	-5.315200721632624e-15	3.1217054678907063e-15	-1.1376747690048953e-14	-5.14664639053624e-15	7.399835904564955e-15	-1.2724854627165383e-15	3.767012886164332e-15	-4.4717639790031314e-15	-3.818450151862362e-15	-1.741065134579803e-14	6.486080179759009e-15	-2.0372179120738785e-14	4.21497895756745e-15	-5.27305411943379e-15	-1.0343253903952939e-14	-4.836424430607672e-15	1.3390522265922567e-14	7.524502532574947e-15	-3.585677024942107e-15	3.868400891280685e-15	1.9207608196136398e-14	7.191293109225468e-15	4.144066216964218e-15	-4.551192099480633e-15	6.580690753528015e-15	-3.3392805832805116e-15	-4.132637103373518e-16	-1.0200402614417803e-14	9.557303714468986e-15	-6.092982538275651e-15	4.2973363677082896e-16	1.4758826578446267e-14	-9.590888519453714e-16	-1.0271741210323823e-14	4.4061099779888466e-15	7.991880192154947e-15	-4.119650246535177e-13	2.7918388077542006e-13	1.5630623314860108e-12	5.156820243248433e-13	4.0176995517108763e-13	-1.3784167606450407e-12	-2.2838476571765977e-12	-5.568680830169916e-13	-1.8251268187184644e-12	9.797928493316197e-13	-3.644565508851673e-13	1.1085616608651738e-15	-1.1456403431158535e-14	4.3344644486612855e-15	-1.907568368965719e-17	2.2966203664065283e-17	2.2966203664065283e-17	-1.907568368965719e-17	-2.696579579393692e-17	7.862844065413189e-18	-2.726803886580252e-20	-2.13866440206819e-17	1.9021147611925387e-17	-2.726803886580252e-20	2.2966203664065283e-17	2.691125971620487e-17	2.691125971620487e-17	2.691125971620487e-17	-1.1185571585378691e-17	-0.47790119274681625	-0.008466367579632076	-0.00039554702116680474	-5.585487786424976e-5	-5.214925872983829e-5	-4.476898913477906e-5	1.3494416690355986e-7	0.0005481169475864864	0.0006628370643243162	0.0023001264350456254	0.0003203710288388274	0.0011229202510139754	1.7855460832313671e-6	0.0015729597905595012	-0.0006517461332262511	-0.0016045532591014587	-0.0003147977411620413	-0.0012341614641059962	-7.697306799652616e-6
79.0	-4.140625809829574e-15	3.817393198753644e-14	6.194113246863899e-15	-1.143062629249354e-14	-1.1464114583796357e-14	-1.7267334996608894e-14	1.0019695788098163e-14	-2.703465957022904e-14	1.4274449015777457e-14	-1.340819084791553e-14	2.7286644784748325e-14	-7.387817039271462e-15	-3.334806943083956e-15	1.1040311674928033e-15	9.80031998670536e-15	1.2691828053782502e-11	5.640645548568375e-16	-1.477429585929098e-14	-4.492052140526991e-15	5.0157743041955504e-14	-4.743200294482389e-16	-6.967544233331481e-15	1.286679859942478e-14	1.9252595345797477e-16	6.397106957360505e-16	-2.1225107008081002e-14	-3.225673116662254e-15	6.599959596911602e-16	-3.887563720199597e-15	1.3420555632518772e-14	3.386240927408952e-14	-3.7083570303719216e-14	-7.465698950253597e-15	-1.0798577005637604e-15	-6.2389015273037714e-15	-1.545854764165548e-14	3.033620931417373e-14	2.7639402546917557e-16	1.651534151294004e-14	2.4187577638522905e-14	-9.517799546429466e-15	2.081872963422913e-14	1.0446211845606175e-14	-1.119869731249731e-14	-3.852919895561867e-15	6.100423478251072e-15	-6.926365915783205e-16	1.6964076316152106e-14	3.902998264372168e-14	2.341359264608322e-14	4.82129283478562e-15	6.0034858736647575e-15	-3.3478711703614114e-14	3.111737685073763e-14	3.906071769423426e-15	-3.718439672148112e-14	1.5751806244115922e-14	1.310769662378208e-14	1.144844446137549e-14	1.4583336071412484e-14	1.537220026136468e-14	5.487572476128223e-16	-6.883633905571064e-16	3.2507792904826454e-16	3.3264635635240323e-15	-1.0806653286292616e-15	-1.951435579464737e-15	2.7983916342572084e-15	-1.2694027492135293e-15	-1.848173072830008e-15	1.6977091921530095e-15	2.0374108233702958e-15	4.048215026402343e-15	-5.227737763790196e-16	1.8934013441882236e-15	-1.2668967575331583e-15	-6.18658704870178e-16	-0.4525858658850485	-0.13380693435223426	-0.1156332518582984	-0.018503926629732936	-0.017715840456278557	-0.005376250654697892	-0.022021892408743946	-0.10092682003538775	-0.07715879279028354	-0.024200575850785035	-0.022464096726048502	-0.005944257619579878	-0.0008139182567331557	-0.005044116445381764	-0.005489470394177647	-0.0029532147436384195	-0.003252762023365894	-0.013190004712239837
80.0	4.376328721461868e-15	-3.837878838049597e-14	-6.110326072973163e-15	1.1121696783503601e-14	1.1448411305449793e-14	1.74270599719906e-14	-9.936805702066177e-15	2.7237495553612182e-14	-1.4544262306165342e-14	1.3449244978988711e-14	-2.7728311572365483e-14	7.233172550572937e-15	3.4667279001249976e-15	-1.0278773343379157e-15	-9.93261196110346e-15	-1.2691699971550007e-11	-4.546482628625978e-16	1.468282130985464e-14	4.627434951983323e-15	-5.0134230117274554e-14	2.7149384532702855e-16	6.878836217821032e-15	-1.2587158645608033e-14	-3.3754089825166596e-16	-8.75093765678962e-16	2.128449757385503e-14	3.463569360365089e-15	-9.839440938881848e-16	3.588096008601155e-15	-1.3824793685128214e-14	-3.390955636168631e-14	3.743692091904099e-14	7.331438227553902e-15	1.0768330994997599e-15	5.9964809409884204e-15	1.5367859329993686e-14	-3.058188035464008e-14	-3.2977051038007584e-16	-1.6476611656431046e-14	-2.4404021106369633e-14	9.327900209982187e-15	-2.0920684399688962e-14	-1.0303346052394489e-14	1.1123870523377232e-14	3.861485090302569e-15	-6.455086326592112e-15	7.161901100108605e-16	-1.7259516283728468e-14	-3.937248293622351e-14	-2.356952249169464e-14	-4.8093309108815176e-15	-6.064807887473233e-15	3.358275637428528e-14	-3.11219333272531e-14	-4.0603639727682924e-15	3.694719068218493e-14	-1.599939812816351e-14	-1.2867142402767226e-14	-1.1471388792161103e-14	-1.478626539305128e-14	-1.5336319379164294e-14	-7.195651869665919e-16	-1.992957915351534e-15	-7.651759687947396e-15	1.3600334851936967e-14	9.765028851309094e-17	5.501075379849568e-16	7.192123012596315e-15	-1.1044345074674496e-14	-8.444653985814114e-15	7.32436886835515e-15	1.818684226855877e-14	2.0087016538375736e-14	-5.85256476895743e-17	-2.0491744984421538e-14	-2.321512755293204e-14	3.6944759913780966e-15	-0.0005066688181585671	-0.4538948521291174	-0.33690665115403867	-2.3628540021611014e-5	-2.996590869977095e-6	-6.165323291996374e-8	-5.379046005422085e-7	2.561017540614016e-8	-2.838304565878186e-8	2.9283330731598507e-8	2.0416652346393143e-7	2.37181678193617e-8	-6.088917118971654e-8	-1.1403758727509383e-7	-8.340377316790262e-8	1.9306846675276363e-8	-1.1000487719707492e-9	5.534426277178624e-9
81.0	2.8432568736622163e-15	-2.73671738659739e-14	-8.782690574411233e-15	1.8602261002891324e-14	1.804024167974288e-14	1.6887372033116893e-14	-9.750005408647474e-15	1.9559597359321356e-14	3.4036011613160493e-15	1.9640992023050538e-14	-1.5275474561757374e-14	5.478719200360403e-15	2.6332328613209617e-16	-3.633731695003183e-15	-1.516548590015482e-14	-1.7137065648186884e-11	1.718844993906224e-15	2.1927263913754078e-14	-8.012032202865861e-16	-6.91994521033354e-14	4.789671736316498e-15	8.342606560794154e-15	-1.5700548490702837e-14	-3.356421509691462e-16	1.4828816279615959e-15	3.090997358208666e-14	1.2423333213664363e-15	1.949734785965097e-15	7.313361374472945e-15	-1.3068897481603703e-14	-4.2044890270305354e-14	2.8556472626817375e-14	2.436142239594598e-14	1.89061765653648e-15	6.698036735921681e-15	2.6324853743276084e-14	-2.2346174246098606e-14	-2.47348297639283e-15	-2.485855184235368e-14	-1.2997751333763681e-14	1.2046020858855047e-14	-2.2755936648899198e-14	-1.4281897424015434e-14	1.2802542825151009e-14	4.387434546663081e-15	1.0782430477079226e-15	6.988135085949987e-15	-3.642762288054884e-15	-3.28382083841859e-14	-1.981374943735202e-14	-9.31906185968302e-15	-6.4711396455711445e-15	4.61499097389181e-14	-4.25684919754879e-14	-9.666344605003634e-15	5.681312300923775e-14	-2.434989130521143e-14	-1.4771797248609187e-14	-1.9479486217684495e-14	3.2478979674228163e-16	-2.1280573752813445e-14	9.762101344163718e-16	3.229279837458236e-15	-7.430031105576335e-15	2.289348051889957e-14	-2.1814190553914206e-15	2.32295135528416e-15	1.3143567300859364e-14	-1.2361851790342752e-14	-1.528546123053791e-14	1.347172736823742e-14	1.6367531758480676e-14	3.011053780746798e-14	-1.8492056617529936e-15	-3.997620047019005e-14	-3.5442151705011645e-14	3.5299590245975958e-15	-0.0004490732343465483	-0.35481947493678306	-0.4581346365499371	-3.0843941403585446e-5	-3.967472030234617e-6	-9.657157957446323e-8	-6.00687042377628e-7	2.0757801198636446e-7	-1.2351812565446004e-7	3.3168998322177105e-8	2.767541769065307e-7	3.486650334710616e-8	-1.1611023353808231e-8	-1.395760082347454e-7	-9.189505686830542e-8	2.841055475546561e-8	-5.195846711763359e-10	5.609470465938112e-9
82.0	-2.839093979782462e-15	2.7502357900411644e-14	8.8617505113954e-15	-1.8646423637543233e-14	-1.7967507478822264e-14	-1.683569612192272e-14	9.728153649253186e-15	-1.9520386805939354e-14	-3.4006610512500492e-15	-1.956783767769146e-14	1.521102079870807e-14	-5.4561571706609814e-15	-2.195550396249843e-16	3.6135878182471605e-15	1.5320799977006272e-14	1.730135704486261e-11	-1.7562113150852658e-15	-2.213863795169435e-14	6.520695291988179e-16	6.990102868194553e-14	-4.844282271586285e-15	-7.967337271934657e-15	1.5972593972935442e-14	4.4110129431489705e-16	-1.656327032230525e-15	-3.1340905197095285e-14	-1.4628675228580514e-15	-1.9027507074503947e-15	-7.434778025794279e-15	1.3102801134414585e-14	4.247468449144459e-14	-2.8582389721871735e-14	-2.467273008828361e-14	-1.8637494030166866e-15	-6.84741718680814e-15	-2.6589999761679438e-14	2.2493794527818084e-14	2.515197949129101e-15	2.4964768205363148e-14	1.3273200652209599e-14	-1.2251571535220255e-14	2.3125670557966047e-14	1.462413326780871e-14	-1.281286718172375e-14	-4.61597755209985e-15	-1.0303351593937493e-15	-7.04274158431705e-15	3.701590322098958e-15	3.3033821499027886e-14	1.9984144039369137e-14	9.476930393481619e-15	6.632333069893077e-15	-4.63799665593141e-14	4.271295335377206e-14	9.863833547188965e-15	-5.70348218716888e-14	2.444138051146755e-14	1.4799874198075544e-14	1.9587934787596934e-14	-4.564576086809031e-16	2.1471772539560215e-14	-1.1310017599430302e-15	-3.1736417147587144e-15	7.58542764789845e-15	-2.3141972335694597e-14	2.3845383145949576e-15	-2.403911054581762e-15	-1.3229233451044113e-14	1.216993897411951e-14	1.5515815205060763e-14	-1.3649972780631885e-14	-1.660887904186076e-14	-3.040676982857398e-14	1.838297959329298e-15	4.042951752353644e-14	3.578671246281604e-14	-3.5604692569643064e-15	0.00016888991703033158	0.0001334429747594105	2.8075964197025713e-5	-0.4593519285672424	-0.3714167035353546	-3.3285091544766453e-6	-1.0062336278125518e-7	6.343400364785174e-7	-4.168947824020511e-6	2.038890065051409e-7	3.716188886138899e-8	-6.188292377010217e-8	-2.485088985844217e-7	-9.002621329197397e-8	3.85152042054511e-8	6.3240895389871585e-9	2.5067433531453364e-8	-1.1920985036695527e-8
83.0	-1.5296123498800371e-15	1.6448682658702992e-14	2.563572397222097e-15	-2.6294079306865322e-14	-7.347918245796975e-15	-1.743042445977501e-14	1.379324818245098e-14	-1.6588493613915357e-14	-2.9014058027113606e-15	-1.3257481676160627e-14	6.644687282742142e-15	-5.573299804038477e-15	2.5189609445646664e-15	2.4074337417902238e-16	1.715427094099528e-14	1.2787546928974713e-11	-5.88022666431826e-15	-1.4865437792868068e-14	1.6145445349862833e-15	5.4109772908470595e-14	-4.9644379053122235e-15	-9.752731502070381e-15	7.145482158292175e-15	-4.2332162769832165e-15	5.5826026502480194e-15	-1.3497485248166125e-14	-3.197272072412971e-15	8.177845103687894e-16	-4.899529545604679e-15	1.5631071202275982e-14	3.513206197455908e-14	-2.2244260806991313e-14	-1.6289426813201223e-14	-3.3445960912101535e-15	-1.8453471210051561e-16	-1.897584993485835e-14	1.2693656557258257e-14	1.19198968042486e-15	2.1969070395401585e-14	9.215776436245286e-15	-9.333258914676225e-15	1.1649883065119174e-14	-1.308219928280827e-18	-1.2307039905726232e-14	-1.3455512582614883e-15	-4.8447175679269595e-15	-7.998668020417247e-15	-2.2314822292876354e-15	2.447711779597692e-14	1.2374236749785462e-14	-2.0852043754662228e-15	5.734227100833042e-15	-3.466364001837816e-14	2.3658863279734024e-14	1.1376351227512515e-14	-4.2252929025586394e-14	1.7581678237132633e-14	1.6385191383080367e-14	2.3366725388535445e-14	-5.670220212882828e-16	1.2596135497263594e-14	2.8353184974528214e-15	-5.642672129566026e-15	3.646971783735356e-15	-1.992959523142217e-14	1.2359607225666865e-15	2.066596410449953e-15	-1.9911847627336027e-14	1.529148790448812e-14	1.8427692103387608e-14	1.019189772235209e-15	-7.492760192159674e-15	-1.556405898325499e-14	-5.005332585680304e-17	2.919975752128846e-14	1.9357788643703714e-14	3.7125877466088045e-16	0.0001269237025890999	9.368047869746647e-5	1.9322343424748514e-5	-0.31700771792699267	-0.45217487786069305	-3.235290882632436e-6	-9.442136321999976e-8	4.0210013461888e-7	-3.568060403902258e-6	8.786703180568634e-8	7.664120898731726e-8	-8.310078506768356e-8	-2.177391638367901e-7	-1.2557764966130839e-7	1.8621854917207214e-8	1.6624705412571494e-9	1.8046430955138104e-8	-1.2600825467221061e-8
84.0	1.5781153356597614e-15	-1.6557173158774333e-14	-2.582947261293384e-15	2.6319406044306254e-14	7.421518025471308e-15	1.7393209136866864e-14	-1.3857482257640396e-14	1.6546635825584024e-14	2.9280192515746476e-15	1.3218076205097588e-14	-6.627921045542661e-15	5.571079582213063e-15	-2.5476347103246883e-15	-2.3365272217070704e-16	-1.7146649102937916e-14	-1.2787518208028262e-11	5.978904719730895e-15	1.4825267468232248e-14	-1.5932039693292777e-15	-5.417921245410686e-14	4.9460432300030075e-15	9.7419690256825e-15	-7.147806964667898e-15	4.223525436910481e-15	-5.552652996171872e-15	1.3423781066474878e-14	3.1161542454531394e-15	-7.218187983692334e-16	5.008972218193782e-15	-1.5574246833283215e-14	-3.516911768164698e-14	2.2276002093825694e-14	1.6241545414524688e-14	3.485367327627721e-15	1.1372442012229187e-16	1.9090233474762894e-14	-1.2678609268803859e-14	-1.2264014189965728e-15	-2.1997248662693125e-14	-9.175755620696172e-15	9.33441779981871e-15	-1.1616469200474124e-14	2.5791845184686368e-17	1.2298715318630458e-14	1.3309955017824053e-15	4.886538766881913e-15	8.02302457412838e-15	2.2213983135958044e-15	-2.4500246316093428e-14	-1.243983089832566e-14	2.053808565679076e-15	-5.691096325590729e-15	3.468852665980983e-14	-2.3634153380244972e-14	-1.1401074005847166e-14	4.223914313344531e-14	-1.7650798577640754e-14	-1.6324041763466515e-14	-2.3447173016272274e-14	6.020312625459979e-16	-1.2637664171173627e-14	-2.7713274956154658e-15	5.514978330318906e-15	-3.654207731083092e-15	1.9896112237593654e-14	-1.1624170433398519e-15	-1.971592144461901e-15	1.99116792359474e-14	-1.5210467478723144e-14	-1.8515352505059546e-14	-1.0783767218758463e-15	7.519987886462542e-15	1.5550553240522196e-14	2.277697464819347e-17	-2.909155164116376e-14	-1.9347713224527203e-14	-3.261679709511004e-16	-0.01912347624149226	-0.09695321054406482	-0.08464972620856066	-0.11117236384525901	-0.10522515096129136	-0.45516262860624895	-0.001720262735325142	0.0014662709209240588	-0.0006984384426444036	0.0005545819211115939	0.0016996644842796737	-6.401457416219164e-7	0.0009174542931092531	0.00027561516041587996	4.5406256285445155e-5	3.3233935009526054e-5	4.6908126523537475e-5	-6.387394327412059e-7
85.0	1.4736128738386936e-14	4.060853748557134e-15	-3.3376181469623537e-15	7.887180782459123e-16	1.4910210439190726e-14	1.7986821754854695e-14	1.0958952983152331e-14	-1.7642105858530886e-14	7.701031404175541e-17	-8.778504778780286e-15	5.62568212314456e-15	3.116451061498249e-14	-1.497788956953297e-14	-2.0973681227610443e-15	-9.026440444852642e-15	-2.141427579943672e-15	-2.4045315709429065e-14	-9.720046467707332e-15	2.3334631684020656e-14	-4.737306371588953e-15	1.185006877760169e-14	-1.4389185611867135e-14	-4.854767739364612e-15	-5.151210669578443e-15	-7.01465592738052e-15	-1.0211934049874545e-14	-9.199070743798032e-15	-8.231198689582854e-15	6.2801807343225555e-15	-1.1424244420247475e-16	-6.66536542162687e-15	7.117763243232975e-15	5.266824976809884e-15	3.532055809707987e-15	-2.7012432507429242e-15	1.5694658099225909e-15	-1.437723962620728e-14	6.258459746040094e-15	-6.521703780016636e-15	7.346028540556428e-16	1.3719538264763246e-15	-2.4168180809554064e-15	2.739865855314701e-17	2.04681904641059e-12	-6.88172023669871e-13	-1.059022935157819e-12	-1.3719847446194428e-12	-2.491278054255407e-13	-5.4210255807468734e-14	1.7317234158105e-14	-7.605266689291204e-15	-5.658843217473629e-15	3.0706212324097953e-15	-3.0371268412256712e-15	3.549003725501672e-14	5.02064330817132e-15	-2.0344726694536218e-13	1.706451069490702e-13	-2.3958984156549096e-14	2.901714426065919e-13	1.416291270193631e-13	-3.3884091592067945e-12	-2.0734464166672133e-12	1.2552930463566292e-12	-1.7885432965568337e-12	-1.0897064087544975e-12	2.2050986460357107e-12	9.781770180801819e-13	-1.820966032012496e-12	9.961486759593982e-13	-2.12493789085711e-12	-5.753737953799896e-13	-8.221402295449094e-13	-8.927902356432794e-13	-2.304987947145763e-12	1.5692210558794742e-12	1.0940648793258554e-12	-0.00189408279962582	-0.0070619103847000195	-0.006371746243712107	-5.337194095104027e-5	-7.128912768724618e-5	-1.1152803493254572e-7	-0.4492733396320974	-0.05709792796590356	-0.07563445917477069	-0.009900897081326441	-0.010063692677487324	-0.0018169371751197787	-0.00020107833317938484	-0.0021744019378590993	-0.0022453637359236825	-0.0020081879466306613	-0.0016971476900274783	-0.004034928892340206
86.0	-1.4864542553031154e-14	-4.052066494697398e-15	3.0584388264578448e-15	-8.604043652598653e-16	-1.4895903942379366e-14	-1.786930361528567e-14	-1.0830671985286405e-14	1.761784694192983e-14	-3.233268082206814e-16	8.599142841262247e-15	-5.547332454699955e-15	-3.10800017659974e-14	1.5010092553310226e-14	2.1226691174181044e-15	9.036169657944058e-15	1.983913751230037e-15	2.4013008548486712e-14	9.843503088177557e-15	-2.340911348056616e-14	4.750056105298512e-15	-1.1979488669393739e-14	1.4471813179535278e-14	4.7202552533543525e-15	5.41559422689955e-15	7.15671028572124e-15	1.0088400022976597e-14	9.129561602327748e-15	8.234562050797717e-15	-6.276973197879367e-15	2.279064931665925e-16	6.781805410860803e-15	-6.977987839738986e-15	-5.29285406547055e-15	-3.62907027528157e-15	2.7210441198740645e-15	-1.5542834574090736e-15	1.430955291582327e-14	-6.326430561518031e-15	6.6156547544556994e-15	-7.762965491978883e-16	-1.3267266376445012e-15	2.5130089474624088e-15	-1.249063434698593e-16	-2.076674039481013e-12	6.983437114173414e-13	1.074251958945376e-12	1.3919690542295599e-12	2.527797543100134e-13	5.494333514726339e-14	-1.775671765080082e-14	7.467430884078893e-15	5.566312251964998e-15	-3.0703600743395468e-15	3.124904836777207e-15	-3.550827836855549e-14	-5.12119945712188e-15	2.0300062788649504e-13	-1.7033592908073354e-13	2.4293773579394056e-14	-2.899120003982024e-13	-1.4167208956159893e-13	3.388089563963537e-12	2.0734858574274735e-12	-1.2552767477527226e-12	1.7885380937740301e-12	1.0895947561401842e-12	-2.2050531366172145e-12	-9.78398708463811e-13	1.8209345349154905e-12	-9.962175092835713e-13	2.1248896761146445e-12	5.755223522690682e-13	8.222324924997062e-13	8.927318960855575e-13	2.3050560982652395e-12	-1.5692843235614681e-12	-1.0940507612391488e-12	0.0001394689323119752	5.092159004904676e-7	5.92078607697809e-6	-1.0247509223218771e-6	5.81902227916359e-7	-2.3428050515837185e-9	-7.557704932156425e-6	-0.47416726873246406	-0.35747768736500507	-5.021823979071913e-6	-1.9999288105863622e-8	-5.793349708199814e-6	1.5923156784197303e-7	2.7218128434923407e-8	-4.064891917914487e-8	-3.2991740339006427e-8	1.782386961349095e-8	4.3794950970447634e-7
87.0	-1.5463999165573372e-14	-7.993017496391334e-15	2.8284759408543814e-15	6.618810593759944e-16	-1.7415352652865022e-14	-1.967244187538158e-14	-1.009396896219046e-14	2.547212241963001e-14	5.664244834906536e-15	6.575252957797305e-15	-6.340334461888817e-15	-3.207002418692817e-14	1.1574076894595226e-14	7.0925249356462785e-15	1.473615195990806e-14	9.70794754425063e-15	3.027073702907652e-14	5.355362507091918e-15	-3.392114871281147e-14	1.2435702527792482e-14	-2.396660560369492e-14	1.449575845168198e-14	5.160760162270564e-17	9.212106877253128e-15	8.100842391866001e-15	1.5396540543012528e-14	8.7558873853123e-15	1.0619345735318875e-14	-3.364912423174663e-15	-3.31555857118795e-15	4.658053762637956e-16	-8.89728344040174e-15	-7.213358380376539e-15	-2.9366620165183426e-15	-4.885626766359984e-16	-3.0351316330947642e-15	1.2943055701692358e-14	-5.237306106026972e-15	5.4400822924906644e-15	-2.943515081266387e-16	-6.461888960805672e-15	1.4876345817599395e-15	6.10232596987323e-15	-9.934947362319981e-13	3.355975074301393e-13	5.279146596592293e-13	6.696193761956742e-13	1.2249354106147176e-13	2.906003809797557e-14	5.237737572426882e-15	1.0337932555289636e-14	8.857854804387243e-15	4.1872411240040895e-15	6.362733428262926e-15	-2.428415623968034e-14	-4.785092918268951e-15	3.0358831331456465e-13	-2.417230916215452e-13	5.4106898239565536e-15	-3.9343066131913546e-13	-1.86886347230072e-13	4.58010176222109e-12	2.8008630557742514e-12	-1.7013668422166378e-12	2.407612943747225e-12	1.4785617296254026e-12	-2.970616436113615e-12	-1.2973622031546723e-12	2.447862877345832e-12	-1.3502494710930512e-12	2.8825634583743953e-12	7.697079602192206e-13	1.1197398394341625e-12	1.2072046182215863e-12	3.1039021401580938e-12	-2.1353998375147425e-12	-1.4849345320259584e-12	0.0001416458865700578	3.0183199110702257e-6	6.023263897753734e-6	1.127117177465442e-6	8.43529858139191e-7	-3.563182011023385e-9	-5.388465737239179e-6	-0.35616015686547825	-0.4589956561815011	-6.589640872962357e-6	-3.913801672077512e-8	-3.4520147316256854e-6	2.4397661397703306e-7	1.2403330230979025e-7	-2.216058066267291e-7	-3.0676094513260593e-8	2.7070763614676717e-8	5.470619149415943e-7
88.0	1.5295577846314487e-14	7.969408981970299e-15	-2.701667269166145e-15	-4.874507612298785e-16	1.751844724717866e-14	1.9945323997816315e-14	1.0457803658791922e-14	-2.5390163159333193e-14	-5.660319586313454e-15	-6.687053564684776e-15	6.1848851724987014e-15	3.219269519657875e-14	-1.1665170058912267e-14	-7.233264875527383e-15	-1.4700386081617143e-14	-9.637205236983847e-15	-3.016613700305748e-14	-5.4626090687369035e-15	3.398932916675482e-14	-1.2432104758453105e-14	2.3950948860961263e-14	-1.4365205944016644e-14	7.129420494295412e-17	-9.145893495168645e-15	-8.230429748506896e-15	-1.5565585592590567e-14	-8.759773964177831e-15	-1.0506020976674056e-14	3.356159985246742e-15	3.408972828174073e-15	-3.2905114501287577e-16	8.908158061691848e-15	7.155473415194449e-15	2.8899467875817896e-15	7.834545018429983e-16	3.0731858535677545e-15	-1.3020809587841442e-14	5.13546297702446e-15	-5.400805732336381e-15	7.466643313427982e-17	6.446031691243081e-15	-1.4911669075254825e-15	-6.185279231626594e-15	9.933597625950696e-13	-3.355310241629058e-13	-5.279740912072638e-13	-6.69539340431395e-13	-1.2264844166887126e-13	-2.8809599756667064e-14	-5.1289962547340326e-15	-1.0301495478190689e-14	-8.822255297843668e-15	-4.12665740131629e-15	-6.399677622527162e-15	2.448367185618536e-14	4.827346797013939e-15	-3.063293683788451e-13	2.439150456049772e-13	-5.2755678121934674e-15	3.9702077108045955e-13	1.8841137781530895e-13	-4.619616471406301e-12	-2.8250691001098964e-12	1.7162966412656082e-12	-2.4293156888361705e-12	-1.4915938632266664e-12	2.9965637634264924e-12	1.3085141198541262e-12	-2.4701763643264824e-12	1.362496178133743e-12	-2.9075766416807935e-12	-7.765380997015909e-13	-1.1296604413070532e-12	-1.2179754921394663e-12	-3.130513166992946e-12	2.1544619168985006e-12	1.49787177685981e-12	0.0004505554246626964	1.9538651475314127e-6	-7.325815102462785e-7	-2.650673225628254e-6	-2.9239507552697754e-6	-2.6955678312172275e-8	1.1728744549617147e-5	1.6856623845486454e-6	-5.965133437820605e-5	-0.47935366155766795	-0.4217847715823983	-6.1149224688163935e-6	3.708360974675899e-8	-8.293452461131046e-8	-5.453578821410219e-7	-1.6869979374032744e-8	-4.500585626675604e-8	9.943905247947991e-8
89.0	1.2599314282323105e-14	8.287447109975901e-15	-1.0607552625283694e-15	-2.4999702386389533e-15	1.5879802086415984e-14	1.4906598941180092e-14	9.81700981431358e-15	-2.0017033992116064e-14	-8.973602197498798e-16	-3.996990786906625e-15	4.743027747698911e-15	2.5866590296889723e-14	-9.37989127396518e-15	-5.545587854416048e-15	-8.39145121104081e-15	-9.647641737367325e-15	-2.0715772754923655e-14	-2.1278313022280878e-15	2.8339756537304505e-14	-6.126426680593018e-15	1.9619480181749165e-14	-9.911136478177194e-15	-9.682111522181077e-16	-6.971031810046338e-15	-7.63583623079154e-16	-3.4534852207329667e-15	-5.2735417240498294e-15	-5.374879518997514e-15	3.3118352188229042e-15	4.384957136074825e-16	2.7385269933060053e-15	5.059629579526193e-15	3.499883773869942e-15	-3.3299349074701684e-15	3.0598637438686675e-15	-1.0313121827436744e-15	-8.745950265992662e-15	2.9013359543898645e-15	-6.6599886242251696e-15	-1.5990421969619849e-15	2.1800758355640636e-15	-3.8331146707638726e-15	-6.171555832853169e-15	6.162677264161242e-13	-2.0761028021567216e-13	-3.370066390378269e-13	-4.1916520917791653e-13	-7.218345465101253e-14	-1.562582190720818e-14	-5.226007868321796e-16	-1.0753465185887661e-14	-6.5464916380327845e-15	-4.627116632852203e-15	-5.632610503620122e-15	9.1310891764892e-15	3.944713245387972e-15	-2.4876584316851887e-13	1.6768261025501141e-13	-2.9045271873501196e-15	2.416938864407456e-13	1.2572919841091953e-13	-3.4157483312038385e-12	-2.0801103850361294e-12	1.2300954305400783e-12	-1.5708272517822256e-12	-1.0197208859722048e-12	2.1181207854042833e-12	9.541199562915213e-13	-1.559637584004489e-12	8.267356603699386e-13	-2.084870283177628e-12	-4.972819119358952e-13	-7.047335374119217e-13	-7.199889907232362e-13	-2.290072945208643e-12	1.4005266556463976e-12	1.1041627395592364e-12	0.00027863449054130944	1.2625000484820589e-6	-4.814906084871031e-7	-1.7244800150042468e-6	-1.824155210937978e-6	-1.99254705622911e-8	7.547864865644259e-6	1.0691253151736543e-6	-3.798741046901148e-5	-0.3006378691093154	-0.4506298311767115	-2.8773613915121204e-6	6.413333943749087e-8	1.4455225543659609e-8	-2.888198975303212e-7	2.0045224927968713e-7	2.7267343465311895e-9	1.159846464758666e-7
90.0	-1.2672188104069022e-14	-8.172930384420296e-15	1.1402410972840349e-15	2.386959784081618e-15	-1.5966326974903986e-14	-1.4897932662482947e-14	-9.932749597532679e-15	2.004434810343183e-14	8.294555948919595e-16	4.1127450908935196e-15	-4.733208498232949e-15	-2.5945268938713506e-14	9.378650132354883e-15	5.443281281144389e-15	8.397961163850038e-15	9.630856828228272e-15	2.0640888367171533e-14	2.1149231335580048e-15	-2.830181057924761e-14	6.148002303811369e-15	-1.9529730145636993e-14	9.812302348484895e-15	9.811638372617244e-16	7.036467867541637e-15	7.585292420536769e-16	3.445217733758348e-15	5.232493812864457e-15	5.357500242411735e-15	-3.3412026284128523e-15	-4.1258586224126375e-16	-2.7137284841698883e-15	-5.016830360470416e-15	-3.454599571498509e-15	3.29000683616401e-15	-2.9833598031477712e-15	1.072552416441293e-15	8.787602785635694e-15	-2.8072494414680852e-15	6.702797754325312e-15	1.5135104418052515e-15	-2.003169782504096e-15	3.901849463266021e-15	6.057088150309654e-15	-6.162848450495081e-13	2.0755502314511377e-13	3.369282810760022e-13	4.191974562992045e-13	7.217853013188289e-14	1.5679630486308713e-14	5.076298571047763e-16	1.0802063582480432e-14	6.484672885681397e-15	4.621303325713832e-15	5.620289608406925e-15	-9.079154713938894e-15	-4.018115603004588e-15	2.487480948777029e-13	-1.67718789329139e-13	2.9154150297474466e-15	-2.416105333606639e-13	-1.2575786060130618e-13	3.4157651012762396e-12	2.0801083372853906e-12	-1.230068345729662e-12	1.5708768787980592e-12	1.0197344404943624e-12	-2.1181263940392888e-12	-9.542652731370893e-13	1.5595775112227104e-12	-8.267416928257948e-13	2.0849057694664935e-12	4.973169638155749e-13	7.04716483903649e-13	7.199618928594884e-13	2.2900167423726723e-12	-1.4005773398956033e-12	-1.1041080093973242e-12	-1.7736844269016554e-15	-1.0085697213717786e-15	-1.327455456526635e-15	-2.8806376887285646e-16	-3.6160112829026985e-16	2.8660834200544955e-17	4.3747951081197785e-15	1.9396635833526148e-17	2.4272122003388783e-15	5.723148838162073e-15	3.0334957259554483e-16	-0.4555266433741462	-0.04082397685228613	-0.0036329599331596757	-0.003151524919144198	6.987429714889093e-5	-0.00013954125790575082	-1.154809893913816e-7
91.0	2.7221931999459475e-14	5.5814213135064e-15	-1.3028879015829548e-13	2.7442801241111503e-15	-3.303463285439515e-15	-1.4980135758533389e-15	8.082365821880466e-15	-4.254846244674096e-14	-6.085296935471857e-15	-1.2632405582373575e-14	1.0799877187169263e-13	-2.5024436390029593e-14	-5.637143795382631e-15	-6.4076605983913426e-15	2.974972006239376e-14	1.0389669503297403e-13	1.0491216318141981e-13	-3.309687802976591e-14	-7.192213299946937e-14	-1.3011031494738448e-13	-5.51872253725563e-15	6.007409827789455e-15	-5.821925956434814e-14	2.173664536797889e-14	-2.3750895881192202e-14	-2.0000534605540345e-13	8.558560455904882e-15	-1.0920277413040266e-13	-4.8311455356688925e-14	-5.77374418793884e-15	-3.5358411210370475e-14	5.894777359518818e-15	2.2798381392506132e-15	-3.428320919535574e-16	2.0456374771357314e-14	5.589850160051225e-15	3.948551462263074e-15	5.897902571076334e-15	-5.76774125411372e-15	1.4808513140819794e-15	-8.782337324179635e-15	1.471338705558285e-17	3.0274563934044822e-15	-5.897237146815903e-15	1.0359765888665513e-14	1.2710744496928974e-14	3.68238638324775e-15	7.351904974885827e-15	-6.547667679788623e-15	3.43322681398873e-14	3.676891155410931e-15	4.3347532486584236e-15	1.0422902417697792e-14	1.840616360581984e-14	2.5782773341183732e-15	-2.3927530390069073e-15	5.724479315831905e-15	1.1022723141137397e-14	-1.4156588648225751e-14	5.0294046314675384e-15	-2.2977910911889558e-14	-6.797244008367667e-14	-4.924267844492515e-15	-1.8932473687567714e-14	3.270174028487801e-15	-6.209988550310307e-14	-1.3157043556361084e-13	4.983072582771556e-15	-1.4438494891569222e-13	3.4556835587298003e-14	9.702458080708229e-14	3.736515838141454e-14	-3.79725792475797e-14	3.300077368035854e-14	-2.9723698782953443e-14	1.2573846531743384e-13	2.357319544483554e-14	-1.0949398431648736e-11	-1.4470691244723873e-12	-8.701963754163673e-13	-2.844200008068391e-13	-2.832226793736351e-13	-3.4425565283177413e-14	3.3385891343615585e-14	-1.427816915359763e-13	7.664510387169941e-13	4.761821919701427e-15	2.551548473526406e-13	-4.9631368337734206e-9	-0.43826722775465143	-0.14319446589171872	-0.13003097992140794	-0.02136476735625924	-0.02044705376979905	0.003311457149946662
92.0	-2.770958020035553e-14	-5.6586185265889835e-15	1.321836665563156e-13	-2.7095686203924522e-15	3.3437340870312968e-15	1.5991434172888294e-15	-7.943975978302727e-15	4.30805516574792e-14	5.9184122786528065e-15	1.2569779223232316e-14	-1.0936445012377448e-13	2.5415113590745693e-14	5.792495934072404e-15	6.428153282147607e-15	-3.0237756650522993e-14	-1.0543306728837802e-13	-1.0657236285590411e-13	3.3560911403679106e-14	7.290896331826463e-14	1.3217638584113957e-13	5.283611786149555e-15	-6.332044242988047e-15	5.929024100341952e-14	-2.183207376578448e-14	2.416251312834091e-14	2.0300496154762616e-13	-8.397357408047388e-15	1.1118651104016944e-13	4.886958212209534e-14	5.744756147408601e-15	3.57744488392207e-14	-6.194236097983013e-15	-2.366269092988723e-15	2.0083892396197175e-16	-2.0843789501831652e-14	-5.6608913501964825e-15	-4.2167413962101676e-15	-5.745778316505549e-15	5.788205842297166e-15	-1.4624939287432867e-15	8.529435442530237e-15	-1.170548731899442e-16	-3.1580741179868795e-15	5.736819353176683e-15	-1.0452577459773061e-14	-1.2908511313324415e-14	-3.6502045839076564e-15	-7.58629958463612e-15	6.651721143373825e-15	-3.441720575212727e-14	-3.754200425264163e-15	-4.4152925023560194e-15	-1.0621857418461248e-14	-1.8345541994489185e-14	-3.024268049750276e-15	2.366523647666817e-15	-5.950786043779771e-15	-1.1211877275607764e-14	1.3913114427537501e-14	-5.052884111457635e-15	2.288439361268048e-14	6.789974610131886e-14	5.009773514770218e-15	1.8610480134810255e-14	-3.643541629000627e-15	6.185905869680689e-14	1.3172858029639606e-13	-5.180474738004819e-15	1.4426237155687122e-13	-3.447564429734371e-14	-9.735063469281878e-14	-3.7576628703199803e-14	3.780616643166035e-14	-3.3027252618178613e-14	2.959987280315241e-14	-1.2576950837983286e-13	-2.3496572795275663e-14	1.966014296184207e-13	-6.029984877689805e-14	-7.733338532008657e-15	-2.387186257426399e-14	2.1068715257641555e-14	3.950544575246154e-14	1.0405182159583172e-13	-7.01219369982898e-14	3.906271870963376e-14	-2.5271585893332974e-15	3.9386228935777963e-14	5.720837106168668e-9	0.0002192955003276056	-0.47280442116505933	-0.3843448963289813	-1.426204945989496e-7	-1.1715424729826697e-7	2.877607892867899e-8
93.0	-1.2431506876467538e-14	-1.31906860413885e-14	6.253566491422859e-14	-8.593878335526422e-15	8.10829909887261e-15	-1.8754291996653374e-17	-1.3668768242499303e-14	1.5681085084392573e-14	6.032026662867439e-15	1.9287884337993698e-14	-6.757090393874871e-14	5.890253615188529e-15	5.058126608562087e-15	8.059619471535169e-15	-1.0288481597694824e-14	-6.092542721264742e-14	-5.242145832138827e-14	1.0940711059069576e-14	4.058719233616503e-14	6.667576325208742e-14	8.26474456207271e-15	-2.491191587766116e-15	2.6209823126457104e-14	-2.952528920367917e-14	4.1855823837383535e-15	9.855122120437225e-14	-1.0880967284552857e-14	4.0730211490329907e-14	2.5656472367778587e-14	6.097914721894819e-15	2.2214660913717235e-14	-1.0021012578594088e-14	-1.8191937253711555e-15	-1.0052401781336205e-15	-1.1258576188979307e-14	-1.3677970118579854e-14	-1.1497052294976821e-15	-9.337160717918666e-15	1.1990048524153249e-14	-2.171286135307985e-15	1.211731142856377e-14	-6.1851321437001426e-15	-3.048934308986573e-15	9.088099808155138e-16	-7.55278770495518e-15	2.8559993092930887e-15	-1.130526045245727e-15	-1.0327835388002333e-14	6.6349501332485594e-15	-1.5467235201511724e-14	-4.253892498339623e-15	-1.4198173069080038e-15	-1.0755128247420568e-14	-2.7817689827796742e-14	-4.314284724053325e-15	2.50872986572082e-15	-1.3556992015182887e-14	-1.227318609768199e-14	1.616228157606761e-14	-5.333287300790407e-15	3.7072707367258876e-14	9.890281256021197e-14	-1.9870218893971844e-16	3.0241338195284774e-14	-9.008757572127391e-15	9.000756954066293e-14	1.604700684833176e-13	-8.60172884696264e-15	2.1187925767105431e-13	-4.596768559762222e-14	-1.140800156245576e-13	-5.6097425134124313e-14	5.546180470126122e-14	-3.1854040944243276e-14	4.7846526081158616e-14	-1.7012506622102107e-13	-3.637806156715552e-14	2.0816053083572928e-13	-1.0372906632880882e-13	-2.6761260376763217e-14	-2.7210609502263235e-14	-3.587374777050205e-15	3.5036030609243736e-14	8.931827661851598e-14	-1.526188018522199e-13	6.73238207304147e-14	-2.6830632169853425e-15	4.4935285093419255e-14	4.995411331351641e-9	0.00014991809728623037	-0.32589395311642544	-0.45437970581611375	-1.2454294209007733e-7	-1.2445268889713697e-7	3.123955479869653e-8
94.0	1.2297840267849883e-14	1.3326082244159033e-14	-6.259205417330355e-14	8.753677929206718e-15	-8.119994662116386e-15	3.1002426051880085e-17	1.3775723810640458e-14	-1.5803645914003612e-14	-6.197734992305479e-15	-1.9199121539062262e-14	6.773368064459968e-14	-5.604707866777399e-15	-5.048335954162755e-15	-8.263477522800563e-15	1.0367310721001184e-14	6.091421277782796e-14	5.255519591384871e-14	-1.0951244309505973e-14	-4.040455371604098e-14	-6.65410643173836e-14	-8.086822970972775e-15	2.67685071240551e-15	-2.627755584639213e-14	2.9586570085026984e-14	-4.163975800895298e-15	-9.84554724588759e-14	1.088147760676857e-14	-4.044286277119502e-14	-2.5930498627427685e-14	-5.969756485360161e-15	-2.2318270436593306e-14	9.890772819906377e-15	1.8236163728650143e-15	1.2506458446057104e-15	1.1293454416665898e-14	1.3629604990882476e-14	1.2368432328009814e-15	9.18078024475664e-15	-1.2162775718071816e-14	2.1086050258460666e-15	-1.2185796865617927e-14	6.264584328094959e-15	3.0233873834515064e-15	-6.784509650562929e-16	7.440277685898027e-15	-2.7751154376239948e-15	1.2079671753689651e-15	1.023402555526726e-14	-6.6453539789251745e-15	1.5484830103749865e-14	4.380898204584293e-15	1.2798017655897326e-15	1.0580180161327833e-14	2.7727183718168373e-14	4.2469490497278496e-15	-2.3683739712908564e-15	1.3447272407321687e-14	1.2555235596407802e-14	-1.6511965831322448e-14	5.319294837134791e-15	-3.732203819084962e-14	-9.972854772004267e-14	2.5120402045936907e-16	-3.0386209930291787e-14	9.136153022421296e-15	-9.078614831337883e-14	-1.6188710145673591e-13	8.637350803943092e-15	-2.137557606628294e-13	4.623872946366823e-14	1.1514913716337924e-13	5.663469580825562e-14	-5.5910433803170756e-14	3.2210064108820387e-14	-4.822464260532912e-14	1.7157579665504719e-13	3.67459195088183e-14	-2.1603416873735136e-13	3.738015695978931e-14	-1.3041363793683464e-14	1.5790635259110393e-14	-1.9339957231086585e-15	-3.597647252130719e-14	-1.2048434589864427e-13	4.423587608316197e-14	-1.701503281277506e-14	2.886906881643251e-15	-4.3314884334119725e-14	3.3450623771526473e-8	1.6038883573013838e-5	-1.7305967856291797e-7	-4.228375030148544e-6	-0.48045838704658655	-0.43571289947808933	-3.7529234763948895e-8
95.0	2.6927717196437645e-15	9.495957354030056e-15	-4.125270118402539e-14	3.604707557576305e-15	-5.664066797962152e-15	-1.1083943963786272e-15	8.92909545186281e-15	-1.1017500156817731e-14	-7.600717060990925e-15	-1.568025361410575e-14	4.9071390152434226e-14	-4.340597715789124e-15	-5.899951754778331e-15	-8.59243388187351e-15	1.1538122760129426e-14	4.332165305998266e-14	3.140642402934732e-14	1.215816850880394e-15	-2.923976914100436e-14	-4.293093924983817e-14	-1.888826803095839e-15	8.030699896354085e-15	-1.5583576311458383e-14	1.9998017540210847e-14	-8.46869376959865e-16	-5.85736609236491e-14	2.7498219493001773e-15	-2.7250402316527287e-14	-1.3295022279721213e-14	-1.0265309364238638e-14	-1.0939473193065812e-14	6.478661130697375e-15	5.34775781607753e-15	9.363894646123215e-16	6.189678196851891e-15	1.345370584671693e-14	-2.0464119099005437e-15	4.572605487406488e-15	-1.0695404065745863e-14	-2.6792117944551776e-15	-1.1300327434645134e-14	5.6242059113610745e-15	4.373953087082569e-15	-3.1832943341511112e-15	7.102286538545205e-16	-9.521048320841212e-15	1.1281449689637856e-15	4.061178760216956e-15	-6.6677442870589575e-15	1.4181725258310367e-14	4.804641490734394e-15	-1.7730955055401315e-15	1.485873342135908e-14	1.7473131628375246e-14	-4.240996885117643e-16	5.221469908152459e-16	1.4348374846932493e-14	7.986540262956355e-15	-1.1219614627979399e-14	4.986399821932763e-15	-3.1995026061999547e-14	-7.311989510237862e-14	1.492380486646964e-14	-1.9500678347460567e-14	5.9068824936819576e-15	-6.607548500598273e-14	-1.107891427137091e-13	1.0128266028281383e-15	-1.55712547890962e-13	3.839098045429845e-14	7.50197975782591e-14	4.18865592330387e-14	-3.7154748443057115e-14	1.7840322464536908e-14	-2.5026549651951216e-14	1.1230789916702394e-13	2.8635664122184655e-14	-1.5314868435454375e-13	2.4189956930881068e-14	-6.5967620162150146e-15	1.3703931632837438e-14	-2.1297254927996386e-15	-2.7773900423662365e-14	-8.762386685637968e-14	3.295078999746768e-14	-7.576400887186558e-15	-3.152950145271966e-16	-3.022175160289993e-14	2.4429492895445216e-8	1.0016016899234648e-5	-2.657856126237727e-7	-2.647886131588725e-6	-0.30107506606549567	-0.45194681549759	-3.381777223389602e-8
96.0	-2.6828598110501573e-15	-9.56756949283025e-15	4.1458284768479504e-14	-3.635420970303188e-15	5.693201907687285e-15	1.0112459467562954e-15	-9.029750495881737e-15	1.1111628254719737e-14	7.596173248965365e-15	1.553034435093215e-14	-4.9142354851290466e-14	4.402931211510164e-15	5.7048377002354516e-15	8.838067031576877e-15	-1.1427254367173057e-14	-4.3392214506448143e-14	-3.1345195564226377e-14	-1.2365816911585943e-15	2.945101894962601e-14	4.2864469650350054e-14	2.0717057928760558e-15	-7.96453028196064e-15	1.5607292059052636e-14	-1.9974434564970924e-14	8.919974130016297e-16	5.865397751584786e-14	-2.6200149077855906e-15	2.7037201228012725e-14	1.3257429859967883e-14	1.0307453090021153e-14	1.0965596315962607e-14	-6.4010291892825925e-15	-5.281593488189189e-15	-9.785769684175978e-16	-6.2369314846835554e-15	-1.3387837186474961e-14	1.855579856011664e-15	-4.5398750696206116e-15	1.0834035350315871e-14	2.7424620471300767e-15	1.1078639045486443e-14	-5.590716611488555e-15	-4.45449873476489e-15	3.3815517694120943e-15	-8.323787411000454e-16	9.592686997271187e-15	-1.0672984173414032e-15	-4.093968446336759e-15	6.6852524933250454e-15	-1.429583581413248e-14	-4.7011486102242035e-15	1.7343085225472723e-15	-1.4846537460638848e-14	-1.760132897480799e-14	5.397785866121443e-16	-5.543643162813122e-16	-1.4353816556916397e-14	-7.992614912074738e-15	1.1218877335692346e-14	-5.022407360268949e-15	3.1950175494541716e-14	7.316556961418264e-14	-1.488670487653589e-14	1.9379663673276967e-14	-5.822936939001573e-15	6.601694167277786e-14	1.1069095751738999e-13	-1.0178850520588674e-15	1.5574520019604716e-13	-3.8471741521269e-14	-7.504137817597433e-14	-4.194853291069086e-14	3.717691652456566e-14	-1.7799454890858087e-14	2.4974715116082337e-14	-1.1235080048398529e-13	-2.864052033650081e-14	1.5315890214358006e-13	-2.4288895901054174e-14	6.589871577191145e-15	-1.3592411632891395e-14	2.0110053274082854e-15	2.7684762640825148e-14	8.786635921116761e-14	-3.30472245656304e-14	7.572350169875004e-15	3.5173066449825885e-16	3.0375157407603736e-14	1.0955240099856067e-8	0.27769471130707346	0.29083250949913436	0.34431913913093576	0.338078455946774	0.42624492148019333	-0.477902402479859
