# i	1	3	4	5	6	7	8	9	10	11	12	13	14	15	16	17	18	19	20	21	22	23	24	25	26	27	28	29	30	31	32	33	34	35	36	37	38	39	40	41	42	43	44	45	46	47	48	49	50	51	52	53	54	55	56	57	58	59	60	61	62	63	64	65	66	67	68	69	70	71	72	73	74	75	76	77	78	79	80	81	82	83	84	85	86	87	88	89	90	91	92	93	94	95	96
1.0	2.694084881215629e-19	-6.378825367759504e-16	-6.557902060883856e-16	-5.739259684181662e-16	-3.630528835574822e-16	-3.8513054281630207e-16	-2.0523255835262282e-16	-1.759677219075204e-16	3.479397951836557e-16	3.4934270328123437e-16	3.6914704249699245e-16	3.4428932342200967e-16	-2.289517216353765e-16	-2.3071780063861084e-16	-2.9740929744468193e-16	-2.8843474110727e-16	2.45866757695234e-16	2.4368037176014415e-16	2.1074045733265232e-16	1.6479829899687545e-16	-1.5265457550974485e-16	-1.5669670165558168e-16	-9.598970168999486e-17	-6.052767662208155e-17	-2.23942654946012e-16	-2.222215126868898e-16	-9.09296986217004e-17	-7.056370015362033e-17	-1.5772291956891778e-16	-1.5659501369717105e-16	-1.4647597306769387e-16	-2.847825036869049e-17	-2.847435079437433e-17	1.1226645935006312e-16	4.5463884033502287e-17	1.1035002851836374e-16	5.537691487555754e-17	1.7603478136275927e-17	1.7611681276199554e-16	9.709170319750256e-17	2.4843802298765607e-16	2.4975358595381464e-16	1.3973532241333814e-16	6.362363635286914e-17	9.44768269334415e-17	1.404139576536128e-17	-4.156112619022368e-17	-4.754607014592049e-17	-2.302920243001701e-17	3.710003270693166e-17	1.4883744732993235e-16	1.2746432931744085e-16	9.328716129241067e-17	3.6952950536602256e-17	1.3065846567974504e-16	2.002020418850561e-16	1.359773876807796e-16	5.51109742394558e-17	-2.2448617682726297e-17	6.248004431221641e-17	1.3859526326387045e-16	1.2744784087605442e-16	2.338836795632e-16	4.3228303498168964e-16	3.400890309814777e-16	1.965153549529796e-16	4.202908947891469e-16	4.100772270069869e-16	2.837606774458777e-16	2.819063707681944e-16	2.461665983484401e-16	3.479433767006447e-16	3.724369082434827e-16	1.9257851420793184e-16	-7.354865024279365e-18	-2.3718644962607023e-17	1.0105962181982175e-16	-7.017780036513993e-17	-8.31767498922405e-17	-2.8512358679157005e-16	-3.5960106024715113e-16	-3.118872550000147e-16	-2.2007938926718552e-16	-2.780100989709558e-16	-4.719883356502067e-16	-3.441573136665393e-16	-1.9839870965539483e-16	-2.1882549810685052e-16	-2.542432835431516e-16	-1.979707958184283e-16	-2.553966187857714e-16	-3.7161352878995254e-16	-5.600435792921208e-16	-4.2552056260524593e-16	-3.6273753349268733e-16
2.0	7.276191352410798e-18	-4.548623914526106e-16	-4.392467093636431e-16	-4.430194201242546e-16	-2.892827232723494e-16	-3.088404533385464e-16	-1.6629370368905133e-16	-1.4419427371739692e-16	2.8858331783368253e-16	2.905636225319941e-16	3.117233734298348e-16	2.2387920575640337e-16	-1.8534783449493855e-16	-1.864052801931244e-16	-2.913286769933824e-16	-2.437462072682417e-16	1.9500046147964126e-16	1.945013259042937e-16	1.978306633928501e-16	2.3343116539287405e-16	-1.1947404706445607e-16	-1.2246436983620984e-16	-3.861299915309843e-17	-6.547205614079878e-17	-1.7613390450730664e-16	-1.750603815781973e-16	-6.85391479288277e-17	-3.4518731406676187e-17	-1.2563680807755296e-16	-1.2323046829754532e-16	-2.1125888256067778e-16	-1.9922808184537565e-17	-1.9920141481237066e-17	1.0778458849799518e-16	3.181516351271091e-17	7.946423480763655e-17	3.8740391233544854e-17	1.2315888776623524e-17	1.4964000699255043e-16	5.185618345506986e-17	1.9455948380564856e-16	2.122264859762526e-16	9.77560050784603e-17	4.451305870035463e-17	6.610389564066357e-17	9.824907176232163e-18	-2.9076951230249835e-17	-5.954250652731145e-17	-1.620236565452796e-17	2.5954492800215812e-17	1.1465691802581512e-16	4.7565538245585664e-17	5.269744312031301e-17	2.583606377248485e-17	8.601129442210581e-17	1.6096324017648477e-16	1.1299848082159483e-16	5.843414888678594e-17	-8.31436336286428e-17	4.406108698721065e-17	1.0499832518731274e-16	8.916074871126315e-17	1.320520255058755e-16	3.8522227865881094e-16	2.8915814930282986e-16	1.66987853002873e-16	3.5796029710882513e-16	3.4870494773704104e-16	3.0672181364887055e-16	2.376021658134129e-16	2.0872172738284595e-16	2.954429610703645e-16	3.165096827037343e-16	1.7191338474895542e-16	-7.86460749409578e-18	-8.386923200239101e-17	6.640560605229306e-17	-4.9167235474510895e-17	-4.693775206152197e-17	-2.4622856404793228e-16	-3.055638590294918e-16	-2.624424825166488e-16	-1.892146791503759e-16	-2.36191640909878e-16	-4.0107703880350858e-16	-2.9534450655093304e-16	-1.6859335376026195e-16	-1.8527677814812298e-16	-1.564737945423752e-16	-1.0152095705157919e-16	-1.5031751811644517e-16	-2.490491639240435e-16	-4.0988658570375003e-16	-3.625594009388833e-16	-3.0824053960377194e-16
3.0	-2.5128952455400262e-17	2.334510473309034e-17	2.1210449644938837e-14	1.3748131074301222e-13	-6.278644409325512e-12	-6.9232978019436104e-12	-7.315065398295137e-12	-7.55572012520661e-12	-7.809424336701657e-12	-7.938307963487399e-12	-8.02727910947164e-12	-8.102631032419333e-12	-8.155434294491514e-12	-8.197503198764917e-12	-8.208989304624894e-12	-8.237805354855815e-12	-8.247618778202979e-12	-8.267406589215406e-12	-8.276635976146305e-12	-8.2921055139386e-12	-8.289457010560875e-12	-8.300702135730748e-12	-8.304358393598335e-12	-8.313408905042346e-12	-8.31845399301017e-12	-8.32531339382251e-12	-8.329016672881413e-12	-8.334161574512181e-12	-8.329352812893781e-12	-8.334087217359263e-12	-8.338076935453137e-12	-8.368610904900646e-12	-8.372623976585876e-12	-8.579071455213608e-12	-1.007111734000671e-11	-1.21858365725536e-11	-1.2191405638553052e-11	-1.2474216081330802e-11	-1.2159065444132081e-11	-1.1197500165371231e-11	-1.0986101995742431e-11	-8.033509185224989e-12	-5.19027037045663e-12	-6.316932344612717e-12	-8.265788001137229e-12	-7.23898134706738e-12	-6.979325848372652e-12	-6.937156236505232e-12	-6.681712342880795e-12	-7.2701809357604426e-12	-7.918410915268713e-12	-8.850868805739299e-12	-8.526458936328305e-12	-1.079958116912554e-11	-1.0628468184416283e-11	-9.657983661794002e-12	-1.0770550281747137e-11	-1.176720776837784e-11	-1.2819700130636313e-11	-1.3323869348356004e-11	-1.282657144300484e-11	-1.313527344228096e-11	-1.2749266955092492e-11	-1.3574197984430643e-11	-1.2856864879549838e-11	-1.1019387555971392e-11	-1.0326618284969494e-11	-9.60469314478392e-12	-8.98667920169317e-12	-9.579324200404422e-12	-8.699374079708268e-12	-7.737470795002557e-12	-6.622204733109051e-12	-7.95423983001207e-12	-8.135826859344618e-12	-8.860808086937214e-12	-7.793403839161207e-12	-4.401577958494263e-12	-6.574291783734024e-12	-7.316820742053405e-12	-9.56614054849582e-12	-6.5669501354132985e-12	-8.014748588629919e-12	-6.8981072496994245e-12	-7.001744936908028e-12	9.561055397962293e-15	1.1227508255308028e-16	-1.0823490682773043e-16	-1.2992329583425755e-15	-1.55406725252857e-15	-3.029037698608992e-16	1.0450663686953522e-15	-1.8374321473029072e-16	-2.4145563835250613e-16	7.861041455368314e-17
4.0	-2.6511032281414723e-17	5.789943671522627e-17	7.266584364420297e-15	1.0386522649128117e-13	-4.7433069033071535e-12	-5.826362796228961e-12	-6.1560287435958914e-12	-6.6186300444295926e-12	-6.840846953638023e-12	-7.093326925913951e-12	-7.172792440722613e-12	-7.323387636848941e-12	-7.37109625438497e-12	-7.462910600260556e-12	-7.473149703082266e-12	-7.536059955547132e-12	-7.545046680668887e-12	-7.589154389872569e-12	-7.597763551321875e-12	-7.631129665359487e-12	-7.62861134511864e-12	-7.653755354227879e-12	-7.657061734712555e-12	-7.676812338884435e-12	-7.681559489973091e-12	-7.696983426664873e-12	-7.700405558598781e-12	-7.712453078356298e-12	-7.708229949608421e-12	-7.71874270664627e-12	-7.722358208755753e-12	-7.814265575728523e-12	-7.817917694902757e-12	-8.01077676547745e-12	-9.404466494730046e-12	-1.1379559816754671e-11	-1.1384389220617641e-11	-1.1647965264652808e-11	-1.1353399595557485e-11	-1.0456116693821813e-11	-1.0258367340006115e-11	-7.502189325842055e-12	-4.846444480566314e-12	-5.898373682967801e-12	-7.7180396379661e-12	-6.759153434361701e-12	-6.5172611300250765e-12	-6.477486516825059e-12	-6.239145594177259e-12	-6.788119466932912e-12	-7.394658595563687e-12	-8.264504394961228e-12	-7.961655061745826e-12	-1.0083719369310202e-11	-9.923094576825061e-12	-9.018391576802492e-12	-1.005781764119065e-11	-1.098783164766876e-11	-1.1969800549182462e-11	-1.244172144355978e-11	-1.1977091703595872e-11	-1.2265288573797525e-11	-1.1905501143825389e-11	-1.2674885526256979e-11	-1.2004454555831387e-11	-1.0289495689985276e-11	-9.642470619145302e-12	-8.967998313233653e-12	-8.390830713477508e-12	-8.945022763299634e-12	-8.123393981326672e-12	-7.224914202560607e-12	-6.182661918934718e-12	-7.428188044796588e-12	-7.596416543319162e-12	-8.274030265032928e-12	-7.27696483365193e-12	-4.110137882262539e-12	-6.1388596240791785e-12	-6.8330247032647666e-12	-8.932238084298788e-12	-6.131614175275305e-12	-7.483504618212777e-12	-6.440214076026087e-12	-6.5381313697069316e-12	8.919650740400473e-15	1.1188769430520529e-16	-1.1050437219386114e-16	-1.1903416987762618e-15	-1.4122081712438594e-15	-2.851911592318899e-16	9.49789177718433e-16	-1.2385758209082497e-16	-1.738064039762194e-16	3.874213218724638e-18
5.0	-5.428231088025033e-16	-2.7447225554782467e-12	-1.4979410873714465e-13	-5.948940321461544e-14	-6.478178394643185e-12	2.560765196069312e-10	2.1985993742135332e-8	2.1399730447883386e-7	4.012439046506725e-7	5.676256160654566e-7	9.70356014648867e-7	1.0991175725716951e-6	1.221900734878449e-6	1.2672407727153015e-6	1.2086760726310412e-6	1.2385543787919078e-6	1.1951932090859525e-6	1.2157195755455329e-6	1.157338611740194e-6	1.1719387604724175e-6	1.068229016402186e-6	1.0784115650356658e-6	1.003394282008053e-6	1.010153149846345e-6	9.60998781353902e-7	9.657598848373568e-7	9.181559680121726e-7	9.216525304804695e-7	8.579505890436664e-7	8.606996348746604e-7	8.092568880444203e-7	8.242190115794751e-7	8.24219001751799e-7	8.242190221969051e-7	8.242190339280995e-7	8.242190104970137e-7	8.242190223317983e-7	8.242190109686809e-7	8.242190076648638e-7	8.242190486673069e-7	8.242190614409729e-7	8.242190300902982e-7	8.242190164212964e-7	8.242189933269558e-7	8.24219021916421e-7	8.242190058210647e-7	8.242190139908148e-7	8.242190017990994e-7	8.242189623340796e-7	8.242189507835341e-7	8.242189101587614e-7	8.24218918309533e-7	8.242189286706649e-7	8.242189150212734e-7	8.24218921434105e-7	8.242189243646611e-7	8.24218917974511e-7	8.242189377063851e-7	8.24218939316805e-7	8.242189323300118e-7	8.24218906213929e-7	8.242189050766907e-7	8.242189415823369e-7	8.242189095021834e-7	8.242189667470497e-7	8.242189775504617e-7	8.242189909755409e-7	8.242189718039685e-7	8.242189549886607e-7	8.24218942702037e-7	8.242189646085104e-7	8.242189835175357e-7	8.242190256926381e-7	8.242190462786814e-7	8.242190563065922e-7	8.242189968217723e-7	8.242189633968743e-7	8.242189439597007e-7	8.242189424364437e-7	8.242189402339356e-7	8.242189670044564e-7	8.242190214997352e-7	8.242190383002712e-7	8.242190332218635e-7	8.242189779688244e-7	8.242190054541e-7	8.242190077092384e-7	8.24219026894559e-7	8.242190209922608e-7	8.242190138270768e-7	8.242190233994061e-7	8.242189896910578e-7	8.242190241996432e-7	8.242190134075782e-7	8.242189977689074e-7
6.0	-7.059019714029611e-16	-3.584723477124195e-12	-1.9560082135003335e-13	-1.6702789648808508e-13	-2.2269624614370614e-12	1.9440254231422816e-10	1.6690851010811822e-8	1.8182238922223932e-7	3.409160949711149e-7	5.03780683998282e-7	8.612131000865518e-7	9.976177343148226e-7	1.1090654459483229e-6	1.1656365619234223e-6	1.1117820155051683e-6	1.1491534972129408e-6	1.1089338562279665e-6	1.1347035663305e-6	1.0802393551581976e-6	1.098538277777046e-6	1.0013829499018605e-6	1.0141159038142216e-6	9.435945782147191e-7	9.522539595275669e-7	9.059360999535637e-7	9.121681470457664e-7	8.672188663549728e-7	8.71870367211983e-7	8.116167092320968e-7	8.15300056725963e-7	7.665746496077177e-7	7.909820219248967e-7	7.909820138125363e-7	7.90982034230554e-7	7.909820431104032e-7	7.909820220356965e-7	7.909820330179889e-7	7.909820224077359e-7	7.909820198550165e-7	7.909820569111099e-7	7.909820692790961e-7	7.909820407370386e-7	7.90982027032985e-7	7.909820041663953e-7	7.909820333608225e-7	7.909820161219821e-7	7.909820241746145e-7	7.909820130527842e-7	7.90981975299293e-7	7.909819642930832e-7	7.909819252469979e-7	7.909819328260263e-7	7.909819430964605e-7	7.909819318019433e-7	7.909819370720751e-7	7.909819387611291e-7	7.90981934378843e-7	7.909819513013397e-7	7.909819522787815e-7	7.909819464780306e-7	7.909819213383782e-7	7.909819208807649e-7	7.909819550199293e-7	7.909819252744805e-7	7.90981980782946e-7	7.909819909297925e-7	7.909820024450787e-7	7.909819852373238e-7	7.909819687195508e-7	7.909819576587581e-7	7.909819773583793e-7	7.909819955308472e-7	7.909820361548747e-7	7.909820556921777e-7	7.909820661700343e-7	7.909820082484106e-7	7.909819750924838e-7	7.909819568152195e-7	7.909819564520062e-7	7.909819552529576e-7	7.909819798123206e-7	7.909820324554648e-7	7.909820479959474e-7	7.909820428159748e-7	7.909819903740722e-7	7.909820166449109e-7	7.909820186962477e-7	7.909820371668277e-7	7.909820321434479e-7	7.909820241010126e-7	7.909820337512428e-7	7.909820015949983e-7	7.909820360852081e-7	7.909820234677143e-7	7.909820081277975e-7
7.0	-1.4050209251176402e-16	-1.0464654488906715e-10	3.7980794700417116e-11	1.1879950600229634e-11	8.44542116389349e-14	1.0363395442460822e-14	-2.08964570986763e-12	1.0145099880215537e-10	6.315704207805558e-9	6.517857692235469e-8	2.2799889934917433e-7	3.4045990818662037e-7	1.8368385631443473e-6	1.9654409256541495e-6	1.338402584670506e-6	1.471851267030392e-6	2.231339646299803e-6	2.2678996777314836e-6	1.5518415148843436e-6	1.5931553473174802e-6	1.4578928553293803e-6	1.4932458484260788e-6	1.4614436807487815e-6	1.4907647840321107e-6	1.4886460366689792e-6	1.5118624967794594e-6	1.4180751501437888e-6	1.4375125205408503e-6	1.315546300226775e-6	1.331855358454584e-6	1.213066818196736e-6	1.295898979051358e-6	1.2958989310687153e-6	1.2958989171507604e-6	1.2958989080789494e-6	1.2958989117316248e-6	1.2958989126817603e-6	1.2958988861265215e-6	1.29589887001182e-6	1.2958988604531764e-6	1.2958988142496328e-6	1.295898780952935e-6	1.2958987863384068e-6	1.2958987679098079e-6	1.2958987695039802e-6	1.2958987654155347e-6	1.2958987552036004e-6	1.2958987454207494e-6	1.295898702416148e-6	1.295898691605794e-6	1.2958987062767281e-6	1.295898673570842e-6	1.2958986493198081e-6	1.2958986388389977e-6	1.2958986056963361e-6	1.2958986129588284e-6	1.2958985942608043e-6	1.295898579085011e-6	1.295898602462394e-6	1.2958985755669975e-6	1.295898552521491e-6	1.295898562520657e-6	1.2958985508097785e-6	1.295898552069267e-6	1.2958985459703303e-6	1.2958985485125345e-6	1.2958985494906649e-6	1.2958985496105205e-6	1.295898555142693e-6	1.2958985714243645e-6	1.295898560600892e-6	1.2958985421445963e-6	1.2958985259689051e-6	1.2958984956029895e-6	1.2958984834177125e-6	1.2958984640423022e-6	1.2958984770006387e-6	1.2958984788050976e-6	1.295898498935162e-6	1.2958985049335271e-6	1.2958985147450604e-6	1.2958984980611482e-6	1.295898506192421e-6	1.29589847541293e-6	1.2958984879622238e-6	1.2958985035711614e-6	1.295898517845841e-6	1.2958985190253767e-6	1.2958985449745181e-6	1.2958985379879363e-6	1.2958985397617076e-6	1.295898535663437e-6	1.2958985438027594e-6	1.295898538617685e-6	1.2958984900783442e-6
8.0	-1.3580380106899248e-16	-1.2225587694579293e-10	4.436828143099898e-11	1.556906233183589e-11	1.1069637621804563e-13	2.96133265591755e-14	-7.184894187524998e-13	7.710745487218729e-11	4.800225522014564e-9	5.55348765963179e-8	1.9426460908344954e-7	3.034796798856126e-7	1.637315305274483e-6	1.793878230749676e-6	1.2216242074382298e-6	1.3629854376638857e-6	2.06568516605934e-6	2.119535577308806e-6	1.4503466042590493e-6	1.498809542986591e-6	1.3715747017969707e-6	1.411632075780909e-6	1.3815679549439196e-6	1.4144301803136675e-6	1.4124078873517422e-6	1.4384890818224876e-6	1.349302324885226e-6	1.370862566418672e-6	1.254622144125752e-6	1.2725524784370566e-6	1.1591293343889047e-6	1.2608197680678859e-6	1.2608197113137896e-6	1.26081970416464e-6	1.2608196973627792e-6	1.2608196937150246e-6	1.260819705502371e-6	1.2608196651316352e-6	1.2608196431489474e-6	1.2608196461850985e-6	1.260819589015461e-6	1.260819557835708e-6	1.260819566830096e-6	1.2608195528742096e-6	1.2608195571690495e-6	1.260819553734718e-6	1.2608195425591047e-6	1.260819530923734e-6	1.2608194904747425e-6	1.2608194763107419e-6	1.2608194953583715e-6	1.2608194558550004e-6	1.2608194404072518e-6	1.2608194255803234e-6	1.260819388991676e-6	1.2608194018486786e-6	1.2608193759605213e-6	1.260819372030648e-6	1.2608193949390856e-6	1.260819373364776e-6	1.2608193419545689e-6	1.2608193541303732e-6	1.2608193408616783e-6	1.2608193501639322e-6	1.2608193327792213e-6	1.2608193325562115e-6	1.260819338947505e-6	1.260819335206542e-6	1.2608193454320766e-6	1.2608193566918436e-6	1.2608193534248909e-6	1.2608193370528214e-6	1.260819316101735e-6	1.2608192893310224e-6	1.260819272839789e-6	1.2608192529495534e-6	1.2608192667277365e-6	1.2608192708646098e-6	1.2608193047465482e-6	1.260819302511675e-6	1.2608193111161648e-6	1.2608192881731864e-6	1.2608193021103199e-6	1.2608192602850565e-6	1.2608192765673642e-6	1.2608192892991918e-6	1.2608193097929905e-6	1.2608193129710695e-6	1.260819335643459e-6	1.2608193374336855e-6	1.260819333387981e-6	1.260819325240639e-6	1.2608193357487485e-6	1.2608193217437626e-6	1.2608192833277734e-6
9.0	1.026214183018529e-16	3.659711035876529e-11	1.0692722284482426e-9	6.851327494522908e-10	-2.538824405348842e-10	-8.128413732885043e-11	-2.5149810767119815e-11	-1.9500759315261927e-12	-8.489031989555023e-11	-2.0993656661259966e-8	6.533187813388069e-7	-0.0003789487444781605	-0.13976287796522405	-0.15080331036104994	-0.15607855112994756	-0.1644937428660766	-0.15443956669994605	-0.1606434572997669	-0.14881981225839647	-0.15371751687533847	-0.13445852879462245	-0.13821235363535814	-0.12569188772914103	-0.1286527194966242	-0.12367529292963415	-0.12616581851760555	-0.11644065452209809	-0.1186009477131171	-0.10992297810398015	-0.11179759133524517	-0.10639158386091718	-0.11958781000213452	-0.11958779268402632	-0.11958776432866162	-0.11958773232833914	-0.11958771246304363	-0.11958771976562838	-0.11958770325216733	-0.11958768908348714	-0.1195876835829109	-0.1195876743555598	-0.11958766657483175	-0.11958766732846748	-0.11958766808999975	-0.11958766885901032	-0.11958766963536524	-0.11958767041902235	-0.11958767121022532	-0.11958767200833051	-0.1195876728138624	-0.11958767362666707	-0.11958767444622169	-0.11958767527282003	-0.11958767610624085	-0.11958767694621596	-0.11958767779278874	-0.11958767864624865	-0.11958767950616077	-0.11958768037235866	-0.11958768124517449	-0.11958768212407418	-0.11958768300936681	-0.11958768390041845	-0.11958768479753468	-0.11958768570071471	-0.11958768660968065	-0.11958768752426012	-0.11958768844422098	-0.11958768936955516	-0.11958769030005559	-0.11958769123566988	-0.11958769217593153	-0.11958769312033918	-0.1195876940684999	-0.11958769501961465	-0.11958769597263909	-0.11958769692632128	-0.11958769787647477	-0.1195876988153784	-0.11958769971542478	-0.1195877005099933	-0.1195877013639833	-0.11958770226344599	-0.11958770316842479	-0.11958770407818671	-0.11958770499222261	-0.11958770590984015	-0.11958770683051724	-0.11958770775372075	-0.11958770867920197	-0.11958770960635533	-0.11958771053491765	-0.11958771146468947	-0.11958771239540641	-0.11958771332659922
10.0	1.397497219267143e-16	4.085377403009375e-11	1.1936478323741061e-9	8.013254480350693e-10	-2.9693018187425484e-10	-1.0666836754633832e-10	-3.3003717128178456e-11	-5.6039131318622135e-12	-2.920122549342523e-11	-1.596471438696542e-8	4.968190241849315e-7	-0.000323274336191981	-0.11922529532855262	-0.13466981028817032	-0.13938068774020604	-0.1505050067705693	-0.14130584973771054	-0.14917944352038565	-0.13819957053569543	-0.14416652213896688	-0.12610415918120457	-0.13053401025366312	-0.11870911545898205	-0.12213378193495086	-0.1174085674978182	-0.1202454160247342	-0.11097661012550472	-0.11338676518777344	-0.10509031535691839	-0.10716122323843408	-0.10197940706906616	-0.11737170159894987	-0.11737168457194068	-0.11737165673964926	-0.11737162533346021	-0.11737160587480147	-0.11737161306745107	-0.11737159677388233	-0.11737158286774038	-0.1173715774721373	-0.11737156839794013	-0.1173715607782787	-0.11737156151753522	-0.11737156226465616	-0.11737156301911786	-0.11737156378079017	-0.11737156454963085	-0.1173715653258814	-0.11737156610890719	-0.1173715668992245	-0.11737156769668072	-0.11737156850076227	-0.11737156931175881	-0.11737157012945666	-0.11737157095358454	-0.11737157178418721	-0.117371572621552	-0.11737157346524939	-0.1173715743150842	-0.1173715751714514	-0.11737157603378659	-0.11737157690239428	-0.11737157777665796	-0.11737157865687006	-0.11737157954303355	-0.11737158043487196	-0.11737158133221563	-0.11737158223483643	-0.1173715831427317	-0.11737158405568646	-0.11737158497365306	-0.11737158589617028	-0.1173715868227414	-0.11737158775297614	-0.1173715886860749	-0.11737158962100068	-0.1173715905564875	-0.11737159148833805	-0.11737159240872234	-0.11737159328946525	-0.11737159406459642	-0.11737159493612141	-0.11737159581756222	-0.11737159670443263	-0.11737159759604653	-0.11737159849190486	-0.11737159939132331	-0.11737160029378892	-0.11737160119877658	-0.11737160210603906	-0.11737160301498396	-0.11737160392534264	-0.11737160483692906	-0.11737160574947253	-0.1173716066625174
11.0	5.621652593174227e-16	-1.4473718228979835e-11	1.4211599396055125e-11	1.179823155409774e-11	-5.4851267711971735e-12	-3.851702491704137e-12	-2.2404558996068844e-12	-2.5378460176248907e-13	-1.3414259035767176e-12	-3.3649345992760137e-13	-2.3920269665463916e-12	-6.440209256709175e-10	-3.1898926906404004e-8	2.1677804212151306e-5	0.018971563426805626	0.020306113074667124	0.016395334154810134	0.017168034614616513	0.007325191893321433	0.007478419044661333	0.0028479433191475174	0.0029001887499744213	0.0023332855515990794	0.0022910713509432614	0.0012457280397483422	0.0011912661316146492	0.0012077239305895472	0.0011533699613356508	0.0006397558582966369	0.0005765890351394369	0.00017356085668765242	-0.00029355253351674216	-0.00029355431009946533	-0.0002935567674546341	-0.0002935594206621935	-0.00029356129320107607	-0.0002935613793184609	-0.0002935631577317802	-0.0002935646325785498	-0.0002935655450932701	-0.00029356683907047227	-0.0002935680797807755	-0.00029356870000660625	-0.00029356931689277833	-0.00029356993212677456	-0.000293570545744908	-0.00029357115787004	-0.0002935717683690533	-0.0002935723773370024	-0.00029357298469742194	-0.00029357359057299593	-0.0002935741949331359	-0.00029357479785844387	-0.0002935753993387824	-0.0002935759994254914	-0.00029357659814347316	-0.0002935771954765051	-0.000293577791406489	-0.00029357838597548645	-0.0002935789792206337	-0.0002935795712299192	-0.0002935801618783284	-0.00029358075128096034	-0.0002935813395759251	-0.0002935819265591433	-0.0002935825124552461	-0.00029358309728171056	-0.00029358368093788234	-0.00029358426342597266	-0.0002935848449302141	-0.0002935854255511327	-0.0002935860053464725	-0.00029358658430102665	-0.00029358716251700695	-0.00029358774021599163	-0.0002935883175736429	-0.00029358889498170247	-0.00029358947304937227	-0.0002935900533657012	-0.0002935906408263993	-0.00029359124828453193	-0.00029359186553215035	-0.0002935924620752128	-0.00029359305610810545	-0.0002935936477446539	-0.0002935942371317349	-0.00029359482435446316	-0.00029359540956185195	-0.00029359599273067583	-0.0002935965740181979	-0.00029359715353606037	-0.00029359773145437	-0.00029359830782514266	-0.000293598882540032	-0.0002935994558395012
12.0	6.130512484665118e-16	-1.5763045282451172e-11	1.547512917493204e-11	1.3178512356471905e-11	-6.126847236639411e-12	-4.507200883512534e-12	-2.6221915137405825e-12	-3.3330774595731196e-13	-1.7614638735582832e-12	-9.710457047560639e-13	-8.232054051954847e-13	-4.898633996274579e-10	-2.426324852515724e-8	1.850293061416823e-5	0.016192466949135297	0.01815017991925204	0.014654614166444932	0.015728058058831207	0.0067107878233217426	0.0069559045170694824	0.002648960311996577	0.002725180401755375	0.0021924842956775096	0.0021684953709754607	0.0011790826030973628	0.0011336376899667667	0.0011492958240920464	0.0011021533731891957	0.0006113473148754861	0.0005528845946092772	0.00016642129506705842	-0.00028997442756626644	-0.00028997618218376867	-0.0002899786096157056	-0.0002899812302487265	-0.00028998307769421364	-0.0002899831555378087	-0.000289984922970809	-0.00028998637976342004	-0.0002899872808858585	-0.0002899885603308835	-0.0002899897846985783	-0.00028999039734451217	-0.0002899910067154461	-0.0002899916144508046	-0.00028999222059016136	-0.0002899928252565075	-0.00028999342831529404	-0.00028999402986198475	-0.00028999462982054095	-0.00028999522831315514	-0.0002899958253060547	-0.00028999642088453474	-0.00028999701503253317	-0.0002899976078088057	-0.00028999819922787625	-0.00028999878928019125	-0.0002899993779479638	-0.000289999965270939	-0.0002900005512857892	-0.00029000113607955487	-0.00029000171952954366	-0.0002900023017496964	-0.0002900028828723149	-0.00029000346270314907	-0.00029000404145741444	-0.0002900046191545302	-0.00029000519569705163	-0.0002900057710853681	-0.00029000634550368826	-0.00029000691904665675	-0.00029000749177499513	-0.00029000806367311465	-0.00029000863484030496	-0.0002900092054962267	-0.0002900097758148432	-0.00029001034618293323	-0.0002900109171989248	-0.00029001149043375617	-0.00029001207071652695	-0.00029001267075282934	-0.0002900132806007475	-0.00029001386985943106	-0.000290014456652186	-0.000290015041077691	-0.0002900156232792966	-0.0002900162033458708	-0.0002900167814199074	-0.0002900173574817407	-0.00029001793168386097	-0.00029001850413937035	-0.0002900190750128821	-0.000290019644357227	-0.000290020212069317	-0.00029002077837785104
13.0	-6.701086834623548e-17	3.961218273297054e-11	2.3724556682110416e-11	2.1740676770568694e-11	5.196556848169418e-11	4.368003665618692e-11	1.290945091281963e-10	1.1646442553921238e-10	1.1177132683827112e-10	3.709886136828219e-11	9.744129251828275e-12	8.277626480894249e-13	-1.6900583828007426e-11	-4.555304785739705e-9	-8.538653099451484e-8	6.002320911825611e-5	0.04278155481609891	0.04623991409797424	0.04116347839783345	0.04373065474606581	0.03616999161208038	0.03770550417330067	0.031577467893455884	0.03237096110212484	0.028665508422305728	0.02920448454627189	0.029128790764093384	0.029879351832075594	0.026082936474592023	0.02683345736984478	0.025950698000768484	0.03105178041740591	0.031051788145548993	0.03105179615210904	0.031051805100326048	0.031051814812267542	0.03105182068115106	0.031051815980102062	0.031051813992734486	0.03105181305579362	0.031051808094894162	0.031051802382014836	0.031051801904707455	0.031051802256324545	0.031051802617912124	0.031051802989431217	0.031051803370163725	0.03105180376030731	0.031051804159824673	0.03105180456868077	0.031051804986688507	0.03105180541386376	0.031051805849856277	0.031051806294470515	0.031051806747882153	0.03105180720961907	0.031051807679746544	0.031051808157991613	0.03105180864094213	0.031051809135164903	0.031051809637320602	0.03105181014718777	0.031051810664665416	0.031051811189353025	0.031051811721277845	0.031051812260067736	0.031051812805469443	0.031051813357127474	0.031051813915140503	0.031051814479102456	0.031051815048523685	0.031051815622880542	0.031051816201497467	0.031051816783605336	0.031051817368025102	0.031051817952731976	0.031051818535063502	0.03105181910953897	0.03105181966412662	0.03105182016118477	0.031051820506234076	0.031051820817402726	0.031051821178441102	0.03105182156215742	0.031051821967993824	0.031051822395062097	0.031051822842338553	0.03105182330896114	0.031051823794021254	0.031051824297008472	0.03105182481694796	0.031051825353155368	0.031051825905043483	0.031051826472276334	0.031051827053728
14.0	-8.88265092397329e-17	4.248342997931126e-11	2.544124563324448e-11	2.3688236403597312e-11	5.662282499110212e-11	4.880488347049469e-11	1.4424033673386758e-10	1.3632590278902286e-10	1.3083219408661748e-10	4.8737823815266047e-11	1.280122437636047e-11	2.3948819213081325e-12	-5.819959752905307e-12	-3.4654549885119744e-9	-6.495779734166483e-8	5.1251226537522154e-5	0.03652540460897956	0.04135143920490366	0.03681168512118339	0.04009183998885445	0.03316029855520615	0.03510405799478973	0.02939881855918889	0.03045233945801835	0.02696650596636565	0.02767892681869361	0.027607180344917534	0.02847756723629036	0.02485926333931474	0.02569071894816775	0.02484555036995833	0.03083562629063468	0.030835633964704186	0.03083564191453262	0.030835650800052683	0.03083566046210554	0.030835666314182268	0.030835661596822377	0.030835659621916686	0.030835658690560274	0.03083565375458378	0.030835648089487508	0.030835647615379283	0.030835647964480954	0.030835648323499627	0.030835648692381108	0.030835649070412568	0.03083564945779284	0.03083564985447998	0.030835650260445092	0.03083565067549614	0.03083565109965303	0.030835651532566823	0.030835651974042883	0.03083565242425607	0.03083565288273624	0.030835653349551403	0.03083565382442883	0.030835654303954345	0.03083565479470253	0.03083565529332774	0.030835655799611988	0.030835656313456215	0.030835656834461496	0.030835657362654038	0.030835657897667384	0.030835658439249916	0.03083565898704337	0.030835659541154355	0.03083566010117615	0.030835660666626907	0.030835661236984696	0.03083566181157881	0.030835662389659728	0.03083566297004687	0.030835663550752797	0.03083566412915056	0.030835664699845444	0.030835665251027523	0.030835665745849644	0.030835666090181055	0.03083566640431596	0.03083566676238014	0.030835667142938807	0.030835667545481758	0.030835667969127428	0.030835668412858622	0.03083566887581784	0.030835669357102774	0.03083566985620607	0.03083567037215951	0.030835670904279938	0.030835671451985864	0.030835672014943912	0.030835672592033285
15.0	-5.04303564962211e-16	2.7365224718029885e-13	7.992446919114593e-11	7.667101894427419e-11	2.3013266013777958e-11	2.133152214301495e-11	1.486314431515174e-10	1.3079959355584683e-10	6.706488810374769e-10	5.8030098462254e-10	1.379123213639448e-10	3.844326110224907e-11	8.694468036168474e-12	1.243545699283081e-12	1.8225396096954112e-12	4.575424763169601e-10	1.2377800395808463e-8	-8.832678121023379e-6	-0.007373270173557947	-0.008059596224033088	-0.017469635504439474	-0.01753479625191031	-0.007339477079315148	-0.007868681580116131	-0.007349310958958303	-0.007692936712283383	-0.00705452256883405	-0.007592937015364933	-0.006167907184076789	-0.006381907614405906	-0.008461848892980814	-0.011571859591280783	-0.011571856786863618	-0.011571858109379968	-0.011571860656040015	-0.011571855081562634	-0.01157186652129355	-0.011571906779259587	-0.011571934302684807	-0.011571957268668833	-0.011571983292160677	-0.01157200298514576	-0.011571995524288574	-0.011571987434394963	-0.011571979372552629	-0.011571971341331514	-0.011571963340402017	-0.011571955369346439	-0.011571947428205198	-0.011571939516651227	-0.011571931634337005	-0.011571923781163127	-0.011571915956869265	-0.011571908161263146	-0.011571900393789964	-0.01157189265438221	-0.011571884942589651	-0.011571877257985901	-0.01157186974193755	-0.01157186211082921	-0.011571854505849254	-0.011571846926419903	-0.011571839372032062	-0.011571831841872176	-0.011571824335354019	-0.011571816851435776	-0.011571809388941418	-0.011571801946834688	-0.011571794523254169	-0.011571787116344079	-0.011571779723126292	-0.011571772340027181	-0.011571764962391946	-0.011571757583070608	-0.011571750191580866	-0.011571742771355465	-0.011571735293703367	-0.011571727702076307	-0.011571719861684445	-0.011571711322643846	-0.011571700742519755	-0.011571688950361297	-0.011571677656287783	-0.01157166661828554	-0.011571655831479304	-0.011571645287631754	-0.011571634978263343	-0.011571624895732702	-0.011571615032305936	-0.011571605380657171	-0.01157159593383555	-0.011571586685174568	-0.011571577627898896	-0.011571568756140915	-0.011571560063627336
16.0	-5.328344737335659e-16	2.903819130754737e-13	8.484894415726829e-11	8.226675365605024e-11	2.469157865163401e-11	2.32494694397469e-11	1.6199415876674614e-10	1.4617881851038136e-10	7.495017251663513e-10	6.794043795391719e-10	1.6146452837956501e-10	5.0517628273719976e-11	1.1425239702240515e-11	3.6038360900836282e-12	6.281746475592918e-13	3.481331382195941e-10	9.417849920035686e-9	-7.543119293560628e-6	-0.0062962550077417636	-0.007209803812258588	-0.015627669313832068	-0.016083073487062574	-0.006731837139461073	-0.00733021640856404	-0.006846391017336062	-0.00724245404804065	-0.006641421493018843	-0.007203043891131511	-0.005851189573059123	-0.006090608546484041	-0.008075613968708005	-0.011545601090418307	-0.011545598312075127	-0.011545599632824978	-0.011545602173529776	-0.011545596610351693	-0.01154560802092497	-0.01154564819244988	-0.011545675653826398	-0.011545698566557306	-0.011545724529777309	-0.011545744172944641	-0.011545736728409488	-0.011545728656996702	-0.011545720613273138	-0.011545712600104634	-0.011545704617163236	-0.011545696664030339	-0.011545688740750022	-0.011545680846992656	-0.011545672982412426	-0.01154566514691233	-0.011545657340232001	-0.011545649562180934	-0.01154564181220208	-0.011545634090231002	-0.011545626395821119	-0.011545618728543545	-0.01154561122944117	-0.011545603615555181	-0.011545596027751816	-0.011545588465451102	-0.011545580928148868	-0.011545573415035324	-0.011545565925526755	-0.011545558458585221	-0.011545551013042568	-0.01154554358787032	-0.01154553618121637	-0.011545528791237497	-0.011545521414970531	-0.011545514048866314	-0.011545506688303314	-0.011545499326179307	-0.011545491952089757	-0.011545484549597976	-0.011545477090251962	-0.011545469518039569	-0.011545461699594169	-0.011545453190054636	-0.01154544264576487	-0.011545430877516458	-0.011545419607578643	-0.011545408592715706	-0.011545397828555005	-0.011545387306875099	-0.011545377019209942	-0.011545366957934029	-0.01154535711532827	-0.011545347484079148	-0.011545338057250328	-0.011545328828187557	-0.01154531979012841	-0.011545310937214696	-0.011545302263188105
17.0	-5.07065562419864e-16	-1.0633823259533016e-10	-5.955814899953453e-11	-5.789561929912611e-11	2.4295030365497776e-11	2.3303708500358122e-11	5.835763465761038e-11	5.4905090765654515e-11	-7.283637086873472e-11	-6.584128513709366e-11	-1.002412710450314e-10	-8.857929298050853e-11	1.6996796398310342e-12	1.0255335632859262e-12	1.7277889414039136e-11	2.417880956664049e-12	2.3331359051653844e-11	5.627383333734492e-9	8.156484225746244e-8	-5.371222600291697e-5	-0.042090498932978185	-0.04637169087937781	-0.043037014656666865	-0.04626297855300642	-0.039122931101808305	-0.04183074396829846	-0.036706797526327946	-0.0384707421003713	-0.03491630351845677	-0.03647529171840583	-0.03352143087889261	-0.04561921502223211	-0.04561924311784779	-0.045619224712002505	-0.04561920525031055	-0.04561918350774019	-0.045619173628107	-0.04561917064903846	-0.04561916759070997	-0.04561916211248805	-0.0456191525541167	-0.045619142184302484	-0.04561912922160177	-0.045619119565703393	-0.04561911000529625	-0.045619100540037545	-0.04561909116765034	-0.045619081886896645	-0.045619072697274735	-0.04561906359730719	-0.045619054585363	-0.045619045660530745	-0.04561903682134468	-0.04561902806652613	-0.045619019394653106	-0.04561901080397188	-0.04561900229355871	-0.04561899386161964	-0.045618985530024435	-0.04561897724996736	-0.04561896904381549	-0.04561896090977757	-0.04561895284609094	-0.04561894485053547	-0.04561893692114559	-0.04561892905522916	-0.045618921250695964	-0.04561891350432527	-0.04561890581277576	-0.045618898172772815	-0.04561889057939099	-0.04561888302707478	-0.045618875508949705	-0.04561886801597779	-0.045618860536162986	-0.04561885305162513	-0.04561884553460413	-0.04561883793628359	-0.04561883015153264	-0.04561882188680466	-0.04561881255334592	-0.04561880324572556	-0.04561879725315379	-0.045618791145891596	-0.04561878491329491	-0.04561877854487098	-0.04561877203122648	-0.04561876536503581	-0.04561875853886596	-0.04561875154672491	-0.045618744384121966	-0.045618737046047075	-0.04561872952922197	-0.04561872183116626	-0.04561871394928028
18.0	-5.666076303865052e-16	-1.1210353119146323e-10	-6.278028720165925e-11	-6.14966421339866e-11	2.580723149073053e-11	2.5015622169689977e-11	6.264313806289958e-11	5.98610399590607e-11	-7.941128976300132e-11	-7.360039985734215e-11	-1.1205436970957091e-10	-1.0372600629458375e-10	1.990329252012548e-12	1.3478866870494652e-12	2.2708789006497275e-11	7.0151732402332064e-12	8.050768877475866e-12	4.2825331942040806e-9	6.207211598400311e-8	-4.588872909276551e-5	-0.035947917936510636	-0.04149180970447989	-0.03850806623355021	-0.04244669495212497	-0.035895630928357916	-0.038985590745463754	-0.03421015645999974	-0.03624016925569343	-0.032891817088733344	-0.034639339013559124	-0.03183416067249864	-0.045722968502664586	-0.04572299666205771	-0.04572297821921824	-0.04572295871076446	-0.04572293690915794	-0.045722927026590705	-0.04572292402665151	-0.045722920960409495	-0.04572291547068771	-0.04572290591316301	-0.04572289550049551	-0.04572288250779983	-0.045722872829921664	-0.04572286324774562	-0.045722853760937814	-0.04572284436721383	-0.04572283506533294	-0.045722825854789234	-0.0457228167341088	-0.04572280770164965	-0.0457227987565003	-0.04572278989719392	-0.04572278112244337	-0.045722772430828146	-0.04572276382059015	-0.04572275529079953	-0.045722746839660745	-0.04572273848903151	-0.04572273019012254	-0.04572272196528581	-0.04572271381272443	-0.04572270573066985	-0.04572269771689814	-0.045722689769441105	-0.04572268188559395	-0.04572267406326529	-0.045722666299226826	-0.045722658590124546	-0.04572265093267712	-0.045722643321941064	-0.045722635752353066	-0.045722628217011264	-0.04572262070684708	-0.04572261320983156	-0.04572260570801875	-0.04572259817353655	-0.045722590557355024	-0.045722582753808014	-0.04572257446746133	-0.04572256510880663	-0.045722555777326646	-0.045722549771394276	-0.045722543650814976	-0.04572253740459534	-0.04572253102221945	-0.045722524494270375	-0.04572251781340679	-0.04572251097217907	-0.04572250396458646	-0.0457224967861276	-0.04572248943177633	-0.04572248189825436	-0.04572247418307377	-0.045722466283628735
19.0	-2.3976201464205802e-17	-5.133853828432409e-12	-1.426047034570675e-10	-1.3992402003642083e-10	-1.1603406160074276e-10	-1.1309527552234436e-10	-6.591949739603035e-11	-6.367104224855952e-11	-9.270513209414045e-12	-8.815529915089826e-12	1.835170886434822e-11	1.685793354355374e-11	-8.30150341414202e-12	-1.1593318350415056e-11	2.9252625269040926e-11	1.3312301132362127e-11	4.437501003713454e-12	8.162910031715242e-13	8.63237373080955e-13	1.7836166195920664e-10	3.3632522128401313e-9	-2.045933943777527e-6	-0.0015844885006151216	4.320173710003766e-5	0.00010693370858822907	0.00011340819783086192	0.00012877525496543852	-0.0006926232457849749	-0.006024975399704013	-0.006693661564700397	-0.007052094990731812	-0.012102251784058812	-0.012102082980447893	-0.012101823391951745	-0.01210155639898844	-0.01210132644651433	-0.01210128583228921	-0.01210126362913725	-0.012101219374670132	-0.012101181619434045	-0.012101147218595506	-0.012101121776423255	-0.012101085296250442	-0.012101048461730244	-0.012101011666762211	-0.012100974913088583	-0.012100938200983131	-0.012100901530250705	-0.012100864901081093	-0.012100828313547262	-0.012100791768202987	-0.012100755265369146	-0.01210071880543948	-0.012100682389000868	-0.012100646017348761	-0.0121006096909635	-0.012100573411073214	-0.012100537178997332	-0.012100497853114716	-0.012100461722021387	-0.012100425644655957	-0.01210038962418784	-0.01210035366411902	-0.012100317768815684	-0.01210028194366901	-0.01210024619498317	-0.012100210531219737	-0.012100174962943168	-0.012100139503190456	-0.012100104169608722	-0.012100068985121178	-0.012100033981292831	-0.012099999201788081	-0.012099964709682883	-0.012099930600901743	-0.012099897029644938	-0.012099864265229434	-0.012099832840180305	-0.012099804035959052	-0.012099782110263593	-0.012099779174825165	-0.012099785938131435	-0.01209977972759674	-0.012099772014734287	-0.012099762762886088	-0.012099752035807971	-0.012099739895028655	-0.012099726399544932	-0.012099711605670546	-0.012099695567638388	-0.012099678337864225	-0.012099659966306837	-0.012099640500706102	-0.012099619987260696	-0.012099598470050314
20.0	-1.0134736571900723e-17	-5.388250480619299e-12	-1.4963478988437588e-10	-1.4763804661804835e-10	-1.2242771182167928e-10	-1.202208251618401e-10	-7.007264013973996e-11	-6.838956917360642e-11	-9.956301541278639e-12	-9.615690563565602e-12	2.0017553367498502e-11	1.8850656330324172e-11	-9.282838894470852e-12	-1.3578525198801559e-11	3.426185976239357e-11	1.7499322517229937e-11	5.833212389319412e-12	2.370395769631751e-12	2.984064814680499e-13	1.357773680690414e-10	2.5602470515254443e-9	-1.7479189141055497e-6	-0.0013534844576790497	3.8663838757646365e-5	9.570059424362865e-5	0.00010408371240633646	0.00011818578294977036	-0.0006458149798710302	-0.005617782122810086	-0.00631199329130813	-0.0066499936206791494	-0.012187087385350123	-0.012186917388833018	-0.012186655966187164	-0.012186387087174183	-0.012186155487358092	-0.012186114581972957	-0.012186092270316425	-0.012186047701324225	-0.012186009667672498	-0.012185975044197083	-0.01218594937207616	-0.012185912663158332	-0.012185875569420244	-0.012185838515858574	-0.01218580150387173	-0.012185764533728709	-0.012185727605237891	-0.012185690718588677	-0.012185653873848672	-0.012185617071582189	-0.012185580312103735	-0.012185543595809185	-0.01218550692329414	-0.012185470295852454	-0.012185433713968973	-0.0121853971788797	-0.012185360691903516	-0.012185321089233599	-0.012185284704019781	-0.012185248372719735	-0.012185212098664872	-0.01218517588537338	-0.01218513973723408	-0.012185103659661045	-0.012185067658998868	-0.01218503174374723	-0.012184995924521077	-0.012184960214425326	-0.01218492463119744	-0.012184889197867723	-0.012184853946159618	-0.012184818919948057	-0.01218478418260486	-0.012184749830496782	-0.012184716018513621	-0.012184683017110017	-0.01218465136091188	-0.01218462233607073	-0.012184600219227099	-0.012184597240356101	-0.012184604182478236	-0.012184597922819429	-0.012184590156582015	-0.012184580840525077	-0.012184570038850234	-0.012184557813519781	-0.012184544223948117	-0.012184529326842252	-0.012184513176823893	-0.01218449582667004	-0.01218447732669866	-0.012184457724984728	-0.01218443706804773	-0.012184415400282776
21.0	2.653639906086812e-16	3.5068505268195915e-11	3.155205458902321e-11	3.1144479813484423e-11	-1.7227981980803942e-10	-1.694711578251522e-10	-2.4984512356343943e-10	-2.44449081961063e-10	-9.706260047225158e-11	-9.422748963028861e-11	-1.8168008691434927e-10	-1.7395047717442645e-10	2.205029957213961e-10	2.055830582079084e-10	-3.303236757666325e-10	-2.443064740871757e-10	-7.998853560000114e-11	-9.370124841890147e-11	-3.584070704591098e-11	-8.505311666533818e-12	-3.1810860297862515e-12	-6.044634069138455e-10	-1.116192139344833e-9	6.777950219166144e-7	0.0004620757180243038	-0.00779411297798786	-0.012015583786768397	-0.012896699081772833	-0.009802157925585937	-0.010621095492176895	-0.007845571332669934	-0.011654085721825242	-0.01165395324903631	-0.011653813985330478	-0.011653697827292035	-0.011653599963845932	-0.011653538897995287	-0.011653532461722932	-0.01165352932961383	-0.011653409671296971	-0.01165325638683878	-0.011653149524489826	-0.011653012042128767	-0.011652873954636492	-0.011652736082815595	-0.011652598442920919	-0.011652461031438145	-0.01165232384455805	-0.0116521868778325	-0.011652050126369448	-0.011651913584926652	-0.01165177724786311	-0.011651641108605592	-0.01165150515956339	-0.011651369392690587	-0.011651233799070605	-0.011651098368162334	-0.01165096308817047	-0.011650836057183622	-0.011650701034885505	-0.011650566118747473	-0.011650431286952348	-0.011650296515969428	-0.01165016177756911	-0.011650027038668978	-0.011649892259828178	-0.011649757393218585	-0.01164962237962086	-0.01164948714633978	-0.011649351600977369	-0.011649215624313314	-0.011649079058843383	-0.01164894169161892	-0.011648803222454401	-0.011648663210696141	-0.011648520968138013	-0.01164837532919869	-0.011648224066732844	-0.011648062013989985	-0.011647872624956378	-0.01164761034529483	-0.011647309118567909	-0.011647047366540396	-0.01164679180897143	-0.011646542708734098	-0.011646299811040607	-0.011646062872695113	-0.011645831660541164	-0.011645605951960271	-0.011645385534085948	-0.01164517020287011	-0.011644959763060262	-0.011644754028112122	-0.011644552819182946	-0.01164435596495145
22.0	2.3485673359377195e-16	3.669774385005241e-11	3.30183165056573e-11	3.272785397347035e-11	-1.8104056617636422e-10	-1.7905060142606357e-10	-2.639669430896411e-10	-2.6014746799559225e-10	-1.0329589736539874e-10	-1.0130569133254368e-10	-1.9532723384845517e-10	-1.8987649902647608e-10	2.406917153191602e-10	2.3000192785655035e-10	-3.6955895008331207e-10	-2.8622995754973684e-10	-9.371466026875744e-11	-1.2319033462171075e-10	-4.712036065896163e-11	-2.471380537601755e-11	-1.102431899417002e-12	-4.6031898197582426e-10	-8.500084875403217e-10	5.79231682450311e-7	0.0003948072967597293	-0.006977337592682998	-0.010756422892617124	-0.01184173011925828	-0.00900031893001922	-0.009914902602259745	-0.007323920787754088	-0.011797889745221718	-0.011797755599088288	-0.011797614591734914	-0.011797497018746142	-0.011797398304613403	-0.01179733641352139	-0.011797329331484896	-0.011797326155515283	-0.011797205173767153	-0.011797050331782391	-0.011796941748804466	-0.011796802695095265	-0.011796662895502191	-0.011796523319149908	-0.011796383977491437	-0.01179624486691742	-0.011796105983608104	-0.011795967323006997	-0.01179582888017	-0.01179569064979804	-0.011795552626135608	-0.011795414802526083	-0.011795277171302685	-0.01179513972423857	-0.011795002452321143	-0.011794865344854646	-0.011794728389889006	-0.011794599784555012	-0.01179446309050157	-0.011794326502781255	-0.011794189999980961	-0.011794053558231743	-0.011793917148890417	-0.011793780738384675	-0.011793644286706633	-0.011793507745304278	-0.011793371054059964	-0.01179323413922394	-0.011793096907013495	-0.011792959236362064	-0.011792820967449772	-0.011792681884052176	-0.01179254168140808	-0.011792399912109947	-0.011792255877265942	-0.01179210839314331	-0.011791955197885522	-0.011791791046199495	-0.011791599196242316	-0.011791333910018098	-0.011791029485099419	-0.011790764390845324	-0.01179050568932984	-0.011790253524400131	-0.011790007638147837	-0.011789767784387515	-0.011789533727113883	-0.011789305240972782	-0.011789082110498348	-0.011788864129132198	-0.011788651099229882	-0.011788442831956174	-0.011788239146282643	-0.011788039868782893
23.0	1.0734646897316728e-17	-8.32548299939804e-14	8.439846777784706e-15	8.04197578316245e-15	5.438886733465592e-13	5.383167588379243e-13	-1.8660648626165466e-12	-1.8403297037719455e-12	1.0175320192721676e-12	9.988985572673402e-13	-5.977336752674241e-11	-5.828225206373251e-11	-3.94492366066583e-11	-3.803002229888378e-11	-1.6217612304748373e-11	-1.5324463608395315e-11	-2.0866886479463552e-11	-1.827680452608208e-11	-4.5784397679299545e-11	-4.637894056021097e-11	-2.5493920781184506e-11	-5.7135028404243745e-12	1.3791126671044513e-12	2.44321173682915e-10	-4.515431886588987e-9	2.726246135281804e-6	0.0011478477950877138	0.0015573803962492048	0.011691186509064701	0.012815150500519588	0.01156333954151534	0.02484113144995353	0.024840965980374878	0.02484082586153932	0.02484067368607183	0.02484049633784003	0.024840319443142866	0.02484027095097499	0.02484028412129905	0.024840367071287495	0.02484049402079533	0.024840577835741267	0.024840603725588148	0.024840635743704882	0.024840667676251746	0.02484069951543735	0.024840731258458253	0.02484076290217885	0.024840794443327614	0.02484082587816967	0.024840857202641783	0.024840888412625755	0.024840919503232837	0.02484095046911556	0.024840981304803132	0.024841012003801396	0.024841042558971776	0.02484107296274555	0.024841103256255177	0.02484113410595656	0.02484116477654026	0.024841195253164486	0.024841225521648545	0.024841255565806186	0.024841285366665137	0.024841314902208672	0.024841344146859783	0.024841373069338524	0.0248414016324296	0.0248414297901714	0.02484145748539471	0.024841484644051563	0.024841511170103463	0.024841536932710667	0.02484156174667582	0.02484158533535126	0.02484160725105716	0.024841626682624365	0.02484164186367349	0.024841647604968067	0.024841632782508772	0.024841614712660994	0.024841623142371056	0.024841632258605337	0.024841642327144097	0.024841653305574467	0.02484166515390324	0.0248416778330484	0.024841691306544275	0.024841705538676036	0.02484172049572101	0.024841736145568165	0.02484175245665513	0.024841769399599128	0.024841786945772507
24.0	1.1237051322004226e-17	-8.698318292224647e-14	8.785295961753866e-15	8.424203153750812e-15	5.706234362492749e-13	5.670600477204512e-13	-1.965636201954601e-12	-1.948571380318053e-12	1.077603844702871e-12	1.0649765928613118e-12	-6.373113787216172e-11	-6.276106237429139e-11	-4.2481201401849e-11	-4.156467342353998e-11	-1.7724924375262182e-11	-1.7160303434794958e-11	-2.33667755613408e-11	-2.142317435334183e-11	-5.366633981347178e-11	-6.098862121015448e-11	-3.352468859034381e-11	-1.6609521063203287e-11	4.798602218240017e-13	1.8618521962854448e-10	-3.440968167213758e-9	2.330997716171516e-6	0.0009811588064033657	0.0013950277642924014	0.01047236836596829	0.011785727155271179	0.010634471255265886	0.025310157290892248	0.025309989034974768	0.025309846382653316	0.02530969169310081	0.025309511393420765	0.02530933010790826	0.025309281591275382	0.025309295037670425	0.025309379509116593	0.02530950809605481	0.025309594134864527	0.025309620531949437	0.025309653155323263	0.025309685690148603	0.025309718129791083	0.02530975047136521	0.025309782711709323	0.025309814847455005	0.02530984687479952	0.02530987878962099	0.02530991058769212	0.025309942264033766	0.025309973813223047	0.025310005229626644	0.025310036506647024	0.025310067637007504	0.02531009861300579	0.02531012947639301	0.025310160907288888	0.02531019215469818	0.025310223204312417	0.025310254041670803	0.025310284650281283	0.025310315010795083	0.025310345100789156	0.025310374894164687	0.025310404359032302	0.025310433457493488	0.025310462142708323	0.025310490356397337	0.025310518023195665	0.025310545045295472	0.02531057128957493	0.025310596567715997	0.02531062059866561	0.02531064292834065	0.025310662736170695	0.025310678244897133	0.025310684307733252	0.02531066986454169	0.02531065083128793	0.025310659329779783	0.02531066862497888	0.025310678890210547	0.025310690082272155	0.025310702160427117	0.025310715084866604	0.02531072881844613	0.025310743324787287	0.02531075856953779	0.025310774519991124	0.025310791143996605	0.02531080841162287	0.02531082629371335
25.0	-2.550193716607053e-17	-2.929334374170366e-14	1.1878000258460107e-13	1.1810236267953669e-13	-3.125719328274379e-14	-3.111717416872276e-14	-3.149182563862202e-13	-3.1219535951977485e-13	-1.3753380298957025e-12	-1.3605103949800247e-12	2.1642796839979426e-12	2.1326478471693594e-12	-9.956930628317718e-12	-9.75288107527661e-12	-2.7806305795255604e-11	-2.6976350968104226e-11	-1.771530130125164e-11	-1.6904050560530053e-11	-1.1841609932598025e-11	-1.0687828669355924e-11	6.228556378859835e-12	2.10292538278449e-12	-2.2030996626224356e-11	-8.194774886113014e-12	9.7052853300947e-13	1.5506348116291324e-10	-7.247725880129906e-9	4.7683623005506044e-6	0.0038569303783906076	0.0037356659251347336	0.005676919582629151	0.01600499595892284	0.016005259961368576	0.016005185576643755	0.016004914258734328	0.01600433916881151	0.016003719277516103	0.016003216199061934	0.016003222620016664	0.016003228971483333	0.016003235301184696	0.01600324161765298	0.016003247928256845	0.016003254224337165	0.016003260508063784	0.016003266780550283	0.016003273042808363	0.016003279295718688	0.016003285540104953	0.01600329177669849	0.01600329800619013	0.0160033042292442	0.016003310446407536	0.016003316658114226	0.01600332286500176	0.01600332906755924	0.01600333526617923	0.016003341461099597	0.016003347716797362	0.016003351992879635	0.01600335628244547	0.016003360571990276	0.01600336486151583	0.016003369151088066	0.016003373440650618	0.016003377730227995	0.01600338201980585	0.016003386309470898	0.01600339059905814	0.016003394888656822	0.016003399178244043	0.016003403467896016	0.016003407757554287	0.016003412047279335	0.01600341633703963	0.016003420626868336	0.016003424916899697	0.016003429207234597	0.016003433498432015	0.016003437792674085	0.016003442090378177	0.01600344638056719	0.016003450669087753	0.016003454957830923	0.016003459246592466	0.01600346353542596	0.016003467824264653	0.01600347211312854	0.01600347640204217	0.016003480691010284	0.016003484979990157	0.01600348926901719	0.01600349355807772	0.016003497847127995	0.0160035021361775
26.0	7.530055180628409e-18	-3.071440821491929e-14	1.245055609790256e-13	1.2417519733536962e-13	-3.287720255082993e-14	-3.282024590894877e-14	-3.3188068623744883e-13	-3.3024341754221217e-13	-1.454866640615698e-12	-1.4461595439057797e-12	2.300869477649932e-12	2.2818404047685627e-12	-1.0653826816013208e-11	-1.0534198425915468e-11	-3.003391321654166e-11	-2.9556737353351017e-11	-1.940980305563141e-11	-1.896394305872757e-11	-1.3284604845468384e-11	-1.2542919818311111e-11	7.309593279031306e-12	2.76655017756322e-12	-2.89834017314904e-11	-2.383101244476436e-11	3.4029096469141183e-13	1.1832370419877763e-10	-5.5307325972919455e-9	4.082027076316688e-6	0.003300545046960281	0.0033548751853026562	0.00509824917271103	0.01645029541990761	0.016450566816284807	0.016450490577351255	0.01645020639086	0.016449622440377107	0.016448984551147957	0.016448466487516546	0.016448473083237745	0.01644847961139081	0.016448486115497336	0.016448492609255683	0.01644849909533911	0.01644850556646816	0.01644851202493099	0.01644851847184689	0.016448524908260133	0.016448531335073804	0.016448537753151044	0.01644854416319908	0.01644855056596564	0.016448556962135256	0.016448563352226362	0.01644856973673726	0.016448576116283094	0.01644858249139841	0.016448588862454625	0.016448595229716055	0.016448601646482375	0.016448606045539597	0.016448610454483686	0.016448614863406236	0.016448619272309603	0.016448623681248192	0.016448628090177376	0.016448632499125718	0.01644863690807521	0.016448641317102348	0.016448645726044462	0.016448650134992276	0.016448654543934092	0.01644865895292641	0.01644866336191644	0.016448667770956268	0.016448672180003957	0.016448676589099084	0.016448680998335848	0.016448685407763588	0.016448689817764473	0.016448694229873564	0.0164486986445248	0.016448703052923026	0.016448707461218827	0.016448711869652133	0.016448716278090296	0.01644872068658306	0.016448725095074494	0.016448729503578136	0.016448733912118266	0.016448738320699485	0.016448742729285218	0.016448747137908063	0.016448751546547256	0.016448755955181273	0.016448760363794036
27.0	2.1220742321645397e-16	5.27724388582217e-16	5.119471129666902e-16	5.748566660691065e-16	-7.93254187976494e-16	-7.872160346556376e-16	-6.768403816738599e-16	-7.059391265725995e-16	-1.2381399793166154e-15	-1.399212606560492e-15	-2.2734954244750785e-15	-2.2470796248173246e-15	3.4253614584222694e-15	3.3457435808199085e-15	-2.29899596497906e-15	-1.7420047688276153e-15	-3.5362456849887696e-14	-3.428450689662417e-14	-8.427975439537143e-14	-8.117014876983147e-14	3.2036734789694425e-14	2.5925897185173126e-14	1.5607258624605215e-12	1.3191722774182272e-12	3.255598473990694e-12	1.3175456068695418e-12	-3.409932145397256e-13	-5.874857119129768e-11	1.506685939504205e-9	-4.726159193586713e-7	-0.00021689434047288234	-0.020793311221349864	-0.020793311207251117	-0.020793311204442014	-0.02079331121226121	-0.020793311213397062	-0.020793311176272807	-0.020793311193430794	-0.020793311194756664	-0.02079331119499664	-0.02079331119432316	-0.02079331119405009	-0.020793311194385045	-0.02079331119415789	-0.02079331119396218	-0.02079331119381622	-0.020793311193650743	-0.020793311193455285	-0.020793311193296426	-0.02079331119315182	-0.020793311192992686	-0.020793311192894733	-0.020793311192775023	-0.020793311192655164	-0.02079331119248999	-0.020793311192344198	-0.020793311192236076	-0.020793311192095574	-0.020793311191818865	-0.020793311191736052	-0.020793311191627535	-0.020793311191468416	-0.02079331119138825	-0.020793311191260877	-0.020793311191186294	-0.020793311191112124	-0.020793311191009644	-0.020793311190906216	-0.020793311190853068	-0.020793311190819272	-0.02079331119072569	-0.02079331119067009	-0.02079331119067727	-0.02079331119062055	-0.02079331119064988	-0.020793311190791013	-0.02079331119100813	-0.020793311191500748	-0.020793311192710814	-0.02079331119658074	-0.020793311203604586	-0.02079331120298864	-0.020793311202200876	-0.020793311201474502	-0.020793311200793963	-0.02079331120014116	-0.02079331119952164	-0.02079331119892287	-0.0207933111983108	-0.020793311197733606	-0.020793311197168828	-0.02079331119664645	-0.020793311196087225	-0.020793311195582396	-0.020793311195116636
28.0	9.283236753747597e-17	5.446115440042038e-16	5.649305666056246e-16	6.016457151974371e-16	-8.363915399437688e-16	-8.419404620780119e-16	-7.499318996961842e-16	-7.653504082594888e-16	-1.3233863166971071e-15	-1.4807448486231206e-15	-2.4235224154734683e-15	-2.401969532659612e-15	3.659971822253394e-15	3.6451675052518246e-15	-2.4757882446153564e-15	-1.889569079123936e-15	-3.8441627007448427e-14	-3.781642467350969e-14	-9.285523322876836e-14	-9.144983389417639e-14	3.609451608965607e-14	3.054692847423397e-14	1.8369120010547902e-12	1.737650071633227e-12	4.288417515333764e-12	3.83272213132932e-12	-1.2141610469869322e-13	-4.498250403354447e-11	1.1536632718933594e-9	-4.066200718173637e-7	-0.0001865608395695884	-0.02166704402062678	-0.021667044019077878	-0.021667044024982277	-0.02166704397192855	-0.021667043967851733	-0.021667044006252578	-0.021667044052259946	-0.021667044054165596	-0.021667044055295705	-0.02166704405443978	-0.0216670440564158	-0.02166704405735924	-0.021667044057874868	-0.02166704405836018	-0.02166704405883773	-0.02166704405925557	-0.021667044059581652	-0.02166704405990352	-0.02166704406020194	-0.021667044060472734	-0.02166704406074716	-0.021667044060963887	-0.021667044061174052	-0.021667044061304448	-0.021667044061433605	-0.021667044061562297	-0.021667044061656763	-0.02166704406324112	-0.02166704406318789	-0.021667044063122885	-0.021667044063013133	-0.02166704406295898	-0.021667044062868672	-0.021667044062834626	-0.021667044062788594	-0.0216670440627241	-0.021667044062643262	-0.021667044062608103	-0.02166704406258755	-0.021667044062511784	-0.02166704406244659	-0.021667044062427955	-0.021667044062352803	-0.02166704406230567	-0.021667044062330627	-0.021667044062353934	-0.021667044062495235	-0.021667044062918618	-0.02166704406445427	-0.02166704406748599	-0.021667044068625168	-0.021667044068245652	-0.021667044067873432	-0.021667044067531522	-0.02166704406719407	-0.02166704406689263	-0.021667044066577202	-0.021667044066253464	-0.021667044065957472	-0.02166704406565929	-0.02166704406538506	-0.02166704406507335	-0.021667044064808735	-0.021667044064571754
29.0	-1.9074269546819314e-15	1.2716085915408329e-14	1.2083689691864376e-14	1.478604871366663e-14	1.1539114341126627e-14	2.0284543631463186e-14	2.1941837352442652e-14	1.799597181989618e-14	9.661213814193872e-15	3.061304211164085e-14	3.96718225781148e-14	3.5235614107901143e-14	3.1344359035548666e-14	4.159549502393964e-14	3.124012100040616e-14	2.911171317705667e-14	3.457807991589767e-14	4.0112028778836786e-14	4.389784689254337e-14	4.3602914385792127e-14	3.52058257151942e-14	3.1234182576839404e-14	3.1778090732716906e-14	2.870813295852521e-14	3.010401063151331e-14	3.054158731155867e-14	3.2160993216406726e-14	1.0994902991825301e-14	4.447680094440883e-17	-5.509817129268115e-16	-5.742973501869503e-16	5.021005354811298e-13	4.875406129082258e-13	2.8509391635599184e-14	-1.4605953867188409e-15	1.6693716046618697e-14	-1.9478874954501314e-15	-3.808664767612276e-16	7.853826117359291e-15	6.900202291328552e-15	-3.5200399814718956e-15	-1.1227594344874765e-15	-1.1178300108836163e-14	-1.4752210284577266e-15	-7.747780957325816e-15	3.0934535234396986e-16	1.8202545878677617e-15	5.6988096742109175e-15	1.6562431184508635e-15	7.255748394899084e-15	-3.2990611788857753e-14	7.115771932958189e-15	1.5736297374261154e-15	-1.7393251621627957e-14	-2.1615501421235553e-15	-8.447806586914587e-15	-1.2223621982186806e-16	-8.4913984858916e-15	-9.46412411682508e-15	-5.084423198445854e-15	-5.040715610544434e-15	-5.5074503867932125e-16	-5.8017736573881026e-15	1.0671552833918908e-14	-4.0032299257368515e-16	-9.148818411821883e-15	2.1475421586352507e-15	1.9300850907832255e-15	1.1397267981864206e-14	2.8008911118023915e-14	1.4703653720649486e-15	-8.445430839126706e-15	6.287460254927909e-15	3.929663132504546e-15	4.708703358612016e-14	-2.0229932852831872e-14	-2.0194130382224154e-14	-1.2128874158357533e-16	-2.6710930360548597e-15	6.413178346093525e-15	-9.027552798055127e-15	3.78413864723896e-15	2.3341045944223445e-15	1.0731506556502002e-14	-1.0144344791479946e-14	1.5063496518715914e-14	1.6261388309552635e-15	-1.1092967272559786e-14	-6.791570323578036e-14	9.432762267536526e-15	1.2505051616546704e-14	-2.7284882638666974e-15	2.2850289961304366e-14	2.1639245742704496e-14	9.305083643285041e-15
30.0	-2.0414969131691378e-15	1.3589482057699469e-14	1.2585027497601843e-14	1.6328289659394773e-14	1.3421462927449057e-14	2.168005591989558e-14	2.400790557575905e-14	1.9165343274139332e-14	9.198325362089894e-15	3.275129579341585e-14	4.345667243213656e-14	3.8658963486382995e-14	3.412614284743258e-14	4.632068341284335e-14	3.443736794558534e-14	3.224629666067292e-14	3.7328594855883144e-14	4.356847551172275e-14	4.872917230453039e-14	4.8938118254099894e-14	3.951722431542107e-14	3.497990728190278e-14	3.6020015264415975e-14	3.418562161089756e-14	3.590175335823243e-14	4.053208862514837e-14	4.2540242163222e-14	3.1963939784929937e-14	-4.828879121405967e-18	-4.1826773868230405e-16	-3.7335003535945427e-16	5.378835152967651e-13	5.220990804301711e-13	3.04166068739553e-14	-2.2828624109769417e-15	1.7907757143829493e-14	-1.9519643966965005e-15	-3.663518151507186e-16	7.881712835515097e-15	7.181299806657005e-15	-4.7321659923545065e-15	-1.610831349485418e-15	-1.2470819968565056e-14	-1.8099787277065862e-15	-8.893558614586362e-15	2.3854539703040865e-16	1.935067740892015e-15	6.511471826793772e-15	1.8781163545553157e-15	7.454330773391681e-15	-3.576980239995088e-14	8.155969407430432e-15	1.337983504197417e-15	-1.7812652388982593e-14	-2.5106509426572785e-15	-9.594730589410746e-15	-9.681252569151619e-17	-8.88465434269034e-15	-9.756421085731603e-15	-4.818265494328362e-15	-5.257977794381825e-15	-4.014980088285483e-16	-6.2303381019111754e-15	1.1944730360441069e-14	-5.251675824066533e-16	-9.249245641166014e-15	2.432039156780302e-15	1.3448249299276912e-15	1.2859355165883608e-14	3.040341281575858e-14	1.81682335577051e-15	-8.73805645692101e-15	6.450268650059528e-15	3.7270437810494414e-15	5.056485457780718e-14	-2.171736994982944e-14	-2.2240162607709194e-14	-6.716872121217042e-16	-2.9025634868108532e-15	6.3309635927672696e-15	-9.033978762633947e-15	3.549173918447836e-15	2.7763391213655887e-15	1.16834100392348e-14	-1.0345929020979057e-14	1.5970909514460714e-14	1.7972799194117937e-15	-1.1904670615907404e-14	-7.252948987819378e-14	1.043094990334864e-14	1.3372216778167086e-14	-2.9278669940706605e-15	2.4448842912916906e-14	2.3361416537850498e-14	1.0458190445979647e-14
31.0	2.4094520233076706e-14	2.3400984727634617e-14	2.3585160183131744e-14	2.3560341143325252e-14	2.3491587544236954e-14	2.356474345031068e-14	2.3859576208175874e-14	2.3657614554079694e-14	2.3509216732443465e-14	2.367369775998769e-14	2.424179357120775e-14	2.511971421033021e-14	2.5257209504317583e-14	2.5483965884332066e-14	2.576186038617222e-14	2.4262983791080272e-14	2.3964458375602556e-14	2.023919640937293e-14	1.9424712196416648e-14	1.859357966054304e-14	1.856380967508252e-14	1.85079594088322e-14	1.878074519845131e-14	1.798154486899497e-14	1.7129306985391508e-14	1.661887603720607e-14	1.6770171849390807e-14	1.4844200170820102e-14	-1.5581395072355417e-14	-7.139462552097015e-15	-1.2902999467073878e-18	8.142373981208069e-17	-1.1802942625067465e-10	-1.1641870486454263e-10	-1.1659753001244573e-10	-1.1717775657684138e-10	-1.1754801669467335e-10	-1.1708671106393108e-10	-1.1933480210490848e-10	-9.721594411562975e-11	-9.439193573243437e-11	-9.478630743282829e-11	-9.456578645430571e-11	-9.56600487560541e-11	-9.56231621694608e-11	-9.582459794118658e-11	-9.876591943212333e-11	-9.976287831782648e-11	-9.741962741906271e-11	-9.675690780629072e-11	-9.709289937355781e-11	-9.710465495969774e-11	-9.492862115696148e-11	-9.492725725504233e-11	-9.535584789812267e-11	-9.700711476569837e-11	-9.543586802788255e-11	-9.713566744248458e-11	-9.614961914152478e-11	-9.544683052559172e-11	-9.737818473447808e-11	-1.0148317294941368e-10	-1.0229729245271839e-10	-9.80349554009001e-11	-9.796273248128817e-11	-9.835701083800133e-11	-9.694413686889198e-11	-9.725021440779198e-11	-9.637881782078576e-11	-9.524165164719891e-11	-9.256026134303741e-11	-1.8852800519075837e-10	-1.8809285690005345e-10	-1.8746479044820342e-10	-1.8756294744303121e-10	-1.8730739106121857e-10	-1.8383169917269735e-10	-1.8253461646822245e-10	-7.609842999209911e-9	-7.610710901278863e-9	-7.61146539248278e-9	-7.611826592540596e-9	-7.612074682880603e-9	-7.6093226033396e-9	-7.611064604879295e-9	3.095353845978946e-7	3.0953516836534426e-7	3.0953505830379543e-7	3.095357416842124e-7	3.095352274324439e-7	-7.90242704075611e-5	-7.902427059908797e-5	-8.624740115519289e-5	-8.624740070539272e-5	-0.0004829162768395679
32.0	2.868431144552016e-14	2.7731214055760874e-14	2.7868274221405833e-14	2.8073970536278655e-14	2.776178317663243e-14	2.7860161023867536e-14	2.8219509495144954e-14	2.8088337185759666e-14	2.781196963418191e-14	2.79397366910796e-14	2.8576103918947727e-14	2.977499484024831e-14	2.984596185694732e-14	3.0336753364352686e-14	3.043944915723949e-14	2.8852371476962444e-14	2.8408304525634406e-14	2.4045694957383043e-14	2.3182757127874433e-14	2.2278610579144504e-14	2.2236482001522436e-14	2.2331978234908147e-14	2.26674329524126e-14	2.2084684060582014e-14	2.0993643601389396e-14	2.0977214396618758e-14	2.101531984944188e-14	2.0248172520452724e-14	-2.1382154208690467e-14	-2.086082330503266e-14	1.8421566495986266e-18	2.762330351613237e-17	-1.3889223781333164e-10	-1.36997026037126e-10	-1.3720737835177425e-10	-1.3789014704170912e-10	-1.383260406344748e-10	-1.3778379107015457e-10	-1.4042897795766117e-10	-1.1440032586528451e-10	-1.1107700769220282e-10	-1.1154119904777672e-10	-1.1128183931781951e-10	-1.1256914223581052e-10	-1.1252587645029739e-10	-1.12763019401037e-10	-1.1622427582730891e-10	-1.1739686747894307e-10	-1.1463968606928229e-10	-1.1385997955349368e-10	-1.1425510005047795e-10	-1.1426928636965771e-10	-1.1170828208770487e-10	-1.1170750652188726e-10	-1.1221131978904724e-10	-1.1415388337520575e-10	-1.1230524951551524e-10	-1.1430553327889654e-10	-1.1314562865129504e-10	-1.1231824409575939e-10	-1.1459109261215749e-10	-1.1942155443524565e-10	-1.2037870710674175e-10	-1.1536408135188606e-10	-1.1527922783035445e-10	-1.1574227031799489e-10	-1.1407994400968525e-10	-1.1444026029518676e-10	-1.1341550512144196e-10	-1.1207670770986114e-10	-1.0892173172728511e-10	-2.2185187077528953e-10	-2.2134028346630216e-10	-2.206012659319995e-10	-2.207171104922105e-10	-2.2041574101001012e-10	-2.1632656348731188e-10	-2.1479959050358844e-10	-8.95497108556897e-9	-8.955992114077124e-9	-8.956879990764628e-9	-8.957305720714385e-9	-8.957596862800967e-9	-8.954359147547303e-9	-8.956408309764277e-9	3.642493662157693e-7	3.6424911209426365e-7	3.6424898264683624e-7	3.6424978711452867e-7	3.6424918181678973e-7	-9.299273000265745e-5	-9.299273022881643e-5	-0.00010149263318362376	-0.00010149263265522656	-0.0005682773496666152
33.0	6.699270692036792e-9	6.702062450795901e-9	6.702752951436295e-9	6.703120551244788e-9	6.703418704362542e-9	6.703558924009547e-9	6.701641692675064e-9	6.702079009139193e-9	6.7021186244582906e-9	6.703145988429052e-9	6.70417881584475e-9	6.7043119391559916e-9	6.704309433799307e-9	6.704152570940007e-9	6.706737767890606e-9	6.709462817473831e-9	6.709377875865542e-9	6.7044125161568664e-9	6.704410070568903e-9	6.704890691741807e-9	6.705231301891712e-9	6.7056181738710565e-9	6.705327583520925e-9	6.706496411328428e-9	6.706615313289137e-9	6.7091569069817066e-9	6.709303049291116e-9	6.710172092371783e-9	6.711755083661538e-9	6.714132864660745e-9	6.71439199757071e-9	3.6924685458476496e-17	3.814971785252224e-6	3.8149716099717735e-6	3.8149716050811145e-6	3.814971350609075e-6	3.8149716134663985e-6	3.814971841514263e-6	3.814972320253003e-6	3.8149729838658725e-6	3.8149731761001676e-6	3.81497377714419e-6	3.814973992701078e-6	3.814973591750251e-6	3.814972681382092e-6	3.814972978459057e-6	3.8149730304487095e-6	3.814973357771219e-6	3.814975761064675e-6	3.814976325837055e-6	3.814976377414026e-6	3.814976115205889e-6	3.814977794921717e-6	3.814978279396436e-6	3.814978378170099e-6	3.814978213102229e-6	3.8149816926381715e-6	3.8149861044456404e-6	3.8149862456829126e-6	3.8149862796276215e-6	3.814989754615576e-6	3.814992317048704e-6	3.814991621581783e-6	3.815001120609525e-6	3.815003552112784e-6	3.81500471168618e-6	3.815004508588639e-6	3.815005647043009e-6	3.8150068777367604e-6	3.8150116741835975e-6	3.815009991188133e-6	3.817218852551442e-6	3.817219699832338e-6	3.817219979815609e-6	3.817222354216283e-6	3.817224035099064e-6	3.8172258382572155e-6	3.817227843146836e-6	3.823786790046434e-6	3.823786866246416e-6	3.823788536255701e-6	3.823792419968135e-6	3.823797739156498e-6	3.823800170901238e-6	3.823803371551034e-6	3.96990156015648e-6	3.969903568312493e-6	3.969904388216792e-6	3.969908977675805e-6	3.969910218949489e-6	0.00015066822713267247	0.00015066822628557544	0.00016672293584531295	0.0001667229370930695	1.10381503137592e-5
34.0	5.6929717574895325e-9	5.695344224247211e-9	5.695930803635868e-9	5.696243317358518e-9	5.696496638796404e-9	5.696615689562706e-9	5.694986541068102e-9	5.695358102006868e-9	5.6953919014037105e-9	5.69626473363373e-9	5.697142514904901e-9	5.697255684268079e-9	5.697253565579878e-9	5.697120302700243e-9	5.69931711857236e-9	5.701632780378408e-9	5.7015607268607375e-9	5.697341216912607e-9	5.697338961430578e-9	5.6977475032683235e-9	5.698036865727575e-9	5.6983657556890355e-9	5.69811889957092e-9	5.699111813808441e-9	5.699213174477373e-9	5.701372887862308e-9	5.701497083723466e-9	5.702235593319487e-9	5.7035807217496534e-9	5.705601394413778e-9	5.7058216965439296e-9	9.913712083191062e-17	1.3071232341513273e-6	2.7732722401920976e-6	2.7732722367450924e-6	3.029505339091702e-6	3.029505548182426e-6	3.1196643189556407e-6	3.1196647100865876e-6	3.1617793477386565e-6	3.161779506983536e-6	3.1848403222764753e-6	3.1848405019648635e-6	3.198835631288307e-6	3.1988348740983734e-6	3.2079669313031523e-6	3.2079669800162195e-6	3.2142554038743912e-6	3.214257429370745e-6	3.218772353574408e-6	3.218772400869194e-6	3.222123072879479e-6	3.2221245042233605e-6	3.2246810961519114e-6	3.2246811904082224e-6	3.2266765523236822e-6	3.226679493894253e-6	3.228273504404563e-6	3.228273650442152e-6	3.2295697686772206e-6	3.2295727213804084e-6	3.230693360416916e-6	3.230692769773768e-6	3.241948917583621e-6	3.241950983948152e-6	3.241951969081517e-6	3.241951796541578e-6	3.241952763896929e-6	3.2419538097689726e-6	3.2419578857095524e-6	3.2419564555401984e-6	3.243833523441311e-6	3.243834243392847e-6	3.243834481241763e-6	3.2438364990226125e-6	3.2438379275736863e-6	3.243839459664651e-6	3.2438411634927907e-6	3.249414889487969e-6	3.2494149541300136e-6	3.2494163731349804e-6	3.249419673583605e-6	3.2494241938578417e-6	3.2494262602013056e-6	3.249428980012325e-6	3.373581726029919e-6	3.373583432403901e-6	3.373584129262931e-6	3.373588029347822e-6	3.3735890839832368e-6	0.00012803631778855084	0.0001280363170683143	0.00014167944498096397	0.00014167944604100204	9.380107194850552e-6
35.0	-1.3104992582909677e-16	-1.0391738412954158e-16	2.4508557835940155e-16	3.0849112726068095e-16	-9.86984590135706e-15	-2.7969693185994846e-14	-1.0884206124722734e-13	-1.124727361295776e-13	-1.5538524516096541e-13	-1.405538142490135e-13	-9.293152678066187e-14	-1.0398498258274268e-13	-1.8319545344177296e-13	-1.7495227441977574e-13	-1.5375551629262796e-13	-2.0151562416798288e-13	-1.9883836388374193e-13	-2.5015710639068807e-13	-2.4232984403438756e-13	-1.9739935733517544e-13	-2.0757640415812388e-13	-1.7298447758560097e-13	-1.9601498313549786e-13	-1.8465353377600567e-13	-2.1230070767796652e-13	-1.371169088758618e-13	-1.5697032829565457e-13	-1.4239798418073577e-13	-1.949358456572907e-13	-1.0540656198083128e-13	-1.2176830763167397e-13	-7.549044096445685e-16	1.0527127527914596e-16	-1.6869434183012192e-16	2.654315196385347e-15	7.4782589585994e-15	-4.794837781802596e-12	-5.394264688423641e-12	-5.6946091607769566e-12	-5.868148970232792e-12	-6.122693462707398e-12	-6.223229937128835e-12	-6.291718788936986e-12	-6.348804301771958e-12	-6.3780847990548486e-12	-6.413671859317064e-12	-6.437434571708835e-12	-6.459030204691557e-12	-6.4583707627064766e-12	-6.473756750724248e-12	-6.482030534079512e-12	-6.49375832479528e-12	-6.517933097504859e-12	-6.5269633781270285e-12	-6.5329716388245915e-12	-6.54076593433913e-12	-6.543012180506248e-12	-6.548531592892721e-12	-6.551250521688484e-12	-6.555437671713582e-12	-6.551234008402341e-12	-6.554887600420125e-12	-6.5717830968304974e-12	-6.593347642761091e-12	-6.607477262106693e-12	-3.771340439588081e-12	8.054539830413568e-13	1.68357474468154e-13	1.0033669771029532e-13	6.941988244641404e-14	1.2475136984650148e-14	-2.2273869422480205e-16	1.2301302288763442e-15	2.4139464134626836e-16	-6.326400175291723e-17	-2.9813246309330754e-16	-7.988171400037941e-16	8.274154377885518e-18	-2.0218154991530324e-16	5.513903216091575e-16	-1.0262706490894804e-16	-1.5197773767674798e-16	-3.261115214943151e-16	-1.3274475055965956e-16	7.775036270027929e-17	9.417100003457313e-18	-6.830884218727815e-17	-9.57498917472155e-17	1.2721026626457354e-16	6.052134790623498e-17	-1.0510810210066153e-16	1.6654568645548624e-16	2.0255073445952797e-16	-8.393846009877784e-17	-1.3293558442251305e-15
36.0	-9.214388448567421e-17	-1.7949796025037063e-17	6.155139611468033e-17	2.3662810273807453e-16	-9.269556429498552e-15	-2.5984417443742665e-14	-1.0228044044925379e-13	-1.0470728135254255e-13	-1.456601833196027e-13	-1.3126982260818937e-13	-8.708726205985811e-14	-9.720890457277192e-14	-1.7175227698647896e-13	-1.629898650198017e-13	-1.4293844361631206e-13	-1.882376861729082e-13	-1.8446055380525722e-13	-2.338848963381811e-13	-2.2601661525649176e-13	-1.8538114283697978e-13	-1.9330594675465425e-13	-1.6109143898273048e-13	-1.8347749401767167e-13	-1.7220213962014266e-13	-1.9711468390525838e-13	-1.2762474437403023e-13	-1.4620425473038506e-13	-1.3360850394996104e-13	-1.8213266165529256e-13	-9.874221965300904e-14	-1.13149272701156e-13	-9.818934175843352e-16	1.180476885151149e-16	-4.625711115500857e-16	8.744392338676915e-16	5.655170959413e-15	-3.6224137869246893e-12	-4.539537124867584e-12	-4.792325928594567e-12	-5.140354859487743e-12	-5.3633803638180355e-12	-5.5608159375914045e-12	-5.621964356189646e-12	-5.738205491586766e-12	-5.764643546185489e-12	-5.838678550824117e-12	-5.860421164499858e-12	-5.908773123141722e-12	-5.908132406604455e-12	-5.9427324276267426e-12	-5.950315518128621e-12	-5.976191125281417e-12	-5.998438174961763e-12	-6.018200523320179e-12	-6.0237828295269705e-12	-6.039953710415887e-12	-6.042070340638449e-12	-6.054226226986306e-12	-6.056733831390294e-12	-6.066436810194639e-12	-6.062464133357556e-12	-6.071034494638883e-12	-6.086550892503637e-12	-6.1567156479795705e-12	-6.170031537177921e-12	-3.5214430195650107e-12	7.526780576903292e-13	1.5732050159804543e-13	9.394008028197843e-14	6.482709751060622e-14	1.1648622544387559e-14	-2.378848861822555e-16	1.138257976979984e-15	2.3048450156690587e-16	-7.614466501012042e-17	-2.386685979564702e-16	-7.587717821818602e-16	8.932276073799773e-17	-2.261614954545986e-16	5.122653215721542e-16	-8.786175211633927e-17	9.242729697490447e-18	-3.3120242140988125e-16	-9.274350690304248e-17	7.119751857979537e-17	5.464380103204494e-17	-2.533662063750337e-17	-7.115307015884584e-17	1.1103910783112418e-16	8.037870008240822e-17	8.059244682574309e-17	1.146763015033784e-16	4.144279127724966e-16	-1.925893555695348e-16	-1.3041638978041455e-15
37.0	-5.391804628651383e-17	-5.2386519520146854e-17	4.1647209801368595e-17	-1.3512684777116956e-18	-4.710170148371141e-17	9.548320156805883e-18	-5.975883437250558e-19	7.584818005755554e-16	5.839259068959816e-15	8.409448453473955e-17	2.3354562704291658e-17	-7.552672816922511e-17	-7.873182200048403e-18	-8.425333534149452e-18	-3.9795576778924565e-17	-4.237563852776504e-17	-4.0627787301144255e-17	1.597241306500065e-17	2.1915269916504002e-17	3.204726479037651e-16	4.688813742990978e-17	-3.52352457107455e-18	-5.654122455101894e-17	9.432794276198491e-18	1.2592722287446398e-16	-5.797712866395232e-16	-7.268444149898174e-16	-6.304981795548617e-16	-1.7930664834004675e-16	-5.781431570145204e-17	1.9991304333187532e-17	-5.534376724591259e-15	4.515441910061139e-12	1.5862248559866705e-12	1.129083433393771e-12	4.783690485872243e-14	-5.599566428221538e-13	2.2803993388825242e-11	2.300039136793698e-9	2.2387252933334578e-8	4.1882611136388726e-8	5.939031754575565e-8	1.0122950394252678e-7	1.1466218910495349e-7	1.291957628600752e-7	1.357756503947223e-7	1.2754657582236024e-7	1.3065474154990429e-7	1.2335989314734122e-7	1.2555581545093285e-7	1.200995594568021e-7	1.2162750921807173e-7	1.1270586365496511e-7	1.1379217559896033e-7	1.0277244768223036e-7	1.0348676151684091e-7	9.973618898575255e-8	1.0023462339622815e-7	9.395704658025655e-8	9.432803275123718e-8	8.89519633753852e-8	8.925155210496926e-8	8.596638376106231e-8	8.750011689184255e-8	8.750015418558533e-8	8.750015897815835e-8	8.75001902307061e-8	8.750021337760233e-8	8.750022942849804e-8	8.750021781335426e-8	8.750018300557692e-8	8.750018235142207e-8	8.750017034022165e-8	8.750018678641368e-8	8.750018067171011e-8	8.750022262979569e-8	8.750024522024502e-8	8.750021767843094e-8	8.750024556391978e-8	8.750026382570364e-8	8.75002737265387e-8	8.750029588838901e-8	8.750031633818423e-8	8.750031650223059e-8	8.750031161743723e-8	8.750032980733921e-8	8.750035294514335e-8	8.750031615682801e-8	8.750037052184276e-8	8.750041740447057e-8	8.750041253871573e-8	8.750045589364199e-8	8.75004939469836e-8	8.750048277458272e-8	8.750048278877622e-8
38.0	-6.8765114256459e-17	-2.7801547594476905e-17	3.8822868801541074e-17	4.43737729964027e-18	-5.572395654395457e-17	-6.29310783396276e-18	3.861775191694827e-18	7.587044377280018e-16	5.6604400384541325e-15	1.2323951151276882e-16	3.010794084862181e-17	-5.059557036208083e-17	-1.7634753736253664e-17	-3.16264615785117e-17	-2.4302896451388342e-17	-5.1275518835176286e-17	-5.671347206416213e-18	3.693043963295382e-17	1.3306140437366368e-17	3.0373778551385106e-16	6.187877200407886e-17	3.1032926362847687e-18	-3.266288654636004e-17	-2.0839123587416437e-17	8.053692732896089e-17	-5.565115150779636e-16	-6.855860014220738e-16	-7.101395648416125e-16	-1.0169057385487585e-16	-5.38494174959051e-17	2.8029970049252656e-17	-6.41588230040327e-15	5.247390406113087e-12	2.0716790483242724e-12	1.4746157135692937e-12	1.3432781956557835e-13	-1.9249327330934852e-13	1.7311772158265408e-11	1.7460939266517483e-9	1.9021285447780017e-8	3.558547808895489e-8	5.271026167071192e-8	8.984349412303593e-8	1.040735187318838e-7	1.1726517020900169e-7	1.2488863783747114e-7	1.1732142369690968e-7	1.212229522720665e-7	1.1445818636306979e-7	1.1719036757361639e-7	1.1209883729745008e-7	1.1401023483214698e-7	1.0565163176839058e-7	1.0700678519996176e-7	9.664820213180114e-8	9.75549695441046e-8	9.402054295820984e-8	9.467238343417595e-8	8.874417297724471e-8	8.923299025679758e-8	8.414788016508834e-8	8.454377232343904e-8	8.143204687721622e-8	8.397163594912477e-8	8.397167145999498e-8	8.397167660270745e-8	8.397170782328074e-8	8.397173006602003e-8	8.397174501329141e-8	8.39717323441155e-8	8.397170143001914e-8	8.397169894718323e-8	8.397168926999463e-8	8.397170533153573e-8	8.397169797864481e-8	8.397173825145479e-8	8.397175977191593e-8	8.397173317046136e-8	8.397176032279779e-8	8.397177725575747e-8	8.397178644200375e-8	8.397180764640439e-8	8.397182847529682e-8	8.397182821579542e-8	8.397182485393344e-8	8.397184110895983e-8	8.397186356956139e-8	8.39718284880849e-8	8.397188046286385e-8	8.39719258721966e-8	8.397192043623885e-8	8.397196263481377e-8	8.397199895017001e-8	8.397198735219063e-8	8.397198764178218e-8
39.0	9.785921953388755e-17	1.1352220327431179e-16	1.0301586473281914e-16	7.778552152032052e-17	-1.425700651070443e-16	-3.5855450238991595e-16	-1.4055048409515252e-15	2.431600483792007e-15	5.904623826716857e-16	3.814102233159096e-16	1.9580591122863215e-15	3.834547211749555e-15	-1.7089263991500134e-16	-3.0941636896126163e-15	-1.1709657440795277e-15	6.6167885895196855e-18	5.938938224795967e-17	-1.3590238701579334e-16	1.995474326928792e-16	-3.8101191781098963e-16	1.754663042443489e-15	1.9453934033787394e-15	2.0276007725919898e-15	4.471684147289113e-16	-1.7012502728045667e-15	-5.538270226653311e-16	8.096738523243559e-16	3.0290611997506754e-16	2.1356946124530192e-17	1.8171683303651222e-16	-9.121597050840948e-16	-1.7367980411055424e-10	1.118075277979538e-9	5.7697483720906e-10	5.809729180878323e-11	1.8248820507810465e-11	2.7407966589168203e-12	2.1707184274361117e-13	4.262828103782846e-12	-2.060930189202318e-10	-1.264466422456133e-8	-1.304929206902584e-7	-4.6656242142698164e-7	-6.966884255818403e-7	-5.6643299987799385e-6	-6.173215040229699e-6	-3.5779282719264192e-6	-3.7934693317104607e-6	-2.7810544614302244e-6	-2.849679307335217e-6	-2.472394817696275e-6	-2.541416868560876e-6	-2.378861868018348e-6	-2.441563108398578e-6	-2.248522711811328e-6	-2.3050564263057216e-6	-2.3924923051491565e-6	-2.432233408141299e-6	-2.2176991601709773e-6	-2.2502290674569626e-6	-2.078390156365017e-6	-2.1043733709660515e-6	-1.9335036019722884e-6	-2.0673657054960122e-6	-2.0673657429445242e-6	-2.0673657345624382e-6	-2.0673657082822886e-6	-2.067365710114509e-6	-2.0673657218136755e-6	-2.067365738560731e-6	-2.067365779782884e-6	-2.067365777140296e-6	-2.067365778259892e-6	-2.0673657868352576e-6	-2.067365790878151e-6	-2.0673657615319076e-6	-2.067365771934512e-6	-2.0673657642032174e-6	-2.0673657607849554e-6	-2.067365795540588e-6	-2.067365783601788e-6	-2.067365782014938e-6	-2.067365785926279e-6	-2.067365776278734e-6	-2.067365769403824e-6	-2.0673657861482846e-6	-2.0673657890079517e-6	-2.0673658306716055e-6	-2.067365811136404e-6	-2.067365802238287e-6	-2.067365831242838e-6	-2.067365830646313e-6	-2.067365860412619e-6	-2.0673658666653786e-6	-2.0673658762022115e-6
40.0	-8.797223637210735e-17	3.910738640310366e-16	8.739461068625814e-17	4.0929929639538834e-16	-2.7091097225401204e-16	-2.769839169782302e-16	-3.1886734882345967e-15	3.725219609772814e-15	8.168651967254047e-16	3.9958211450133286e-16	2.156074725451294e-15	3.97491637252611e-15	1.1223429849032185e-16	-1.9316971162300155e-15	-1.880229728362059e-15	4.7505966785538526e-17	5.5009308336629706e-17	-3.4219354832872264e-16	4.2446654448121835e-16	-5.020512615577169e-15	2.605856381329377e-15	2.006475340229754e-15	2.552350290797582e-15	-1.9259269349103628e-15	-2.93659494932541e-15	-2.6093120239401605e-15	9.851272436665484e-16	4.1780347979292497e-16	3.632726764483987e-16	3.3274652855506953e-16	-9.569773034919994e-16	-1.933648920981577e-10	1.2449914294923094e-9	6.740071579476835e-10	6.786874097182104e-11	2.3915727697734384e-11	3.5918753336314903e-12	6.193435949444667e-13	1.465698419914213e-12	-1.5664009134012736e-10	-9.610526048401521e-9	-1.1118543227347503e-7	-3.9753071883274715e-7	-6.210151023591284e-7	-5.049052235241861e-6	-5.6342687008953e-6	-3.265654582502813e-6	-3.5125100577733946e-6	-2.574750851746135e-6	-2.6632832853707393e-6	-2.310693939330505e-6	-2.3909218816221795e-6	-2.2380122201580346e-6	-2.3081110783660556e-6	-2.125674343686968e-6	-2.187072418583708e-6	-2.2699574313788763e-6	-2.314181470725538e-6	-2.1101824013628907e-6	-2.145902940244121e-6	-1.98211603911353e-6	-2.010641127280276e-6	-1.847486159916973e-6	-2.0114033261326046e-6	-2.0114033645834272e-6	-2.0114033615241314e-6	-2.011403337196362e-6	-2.0114033370129254e-6	-2.011403341516589e-6	-2.0114033644484763e-6	-2.0114034109105187e-6	-2.011403405718179e-6	-2.011403404097123e-6	-2.0114034042144226e-6	-2.011403407550858e-6	-2.011403380421552e-6	-2.0114033952933987e-6	-2.011403377146122e-6	-2.0114033731576817e-6	-2.011403418149032e-6	-2.011403406488836e-6	-2.0114034057568323e-6	-2.011403412127751e-6	-2.011403409593973e-6	-2.0114033835336943e-6	-2.0114034054732855e-6	-2.0114034218116926e-6	-2.011403458801252e-6	-2.011403419971659e-6	-2.0114034266041893e-6	-2.0114034553859237e-6	-2.0114034491444395e-6	-2.0114034801101954e-6	-2.0114034938619566e-6	-2.0114034902971096e-6
41.0	5.378516458122474e-15	1.078982914988779e-15	3.340974781490135e-16	-7.0898961616414265e-15	-1.7935317720588393e-14	-2.003394512111688e-14	-2.073803493989324e-14	-1.270898974913617e-14	-2.311072309821217e-15	-2.84575648560849e-15	3.352688500668612e-16	1.8317304243533147e-17	-2.7508989938534413e-17	-4.099284870238538e-17	-1.5036067148826993e-16	-1.607398384796735e-16	-1.1391522156097571e-15	-6.862446190694209e-16	-6.77053613377359e-16	-3.6236268971863664e-17	-7.288781128886666e-17	-1.304614547982544e-16	-2.1794318637295776e-17	-1.2201704675894436e-16	-1.2049676368643093e-16	1.1361406018022713e-17	2.342284168801593e-17	-4.536845541300524e-17	-5.2929878725056293e-17	2.7924629699024565e-17	-2.383479626533036e-17	-3.795672269926025e-11	1.5457320324132706e-10	1.227327081246452e-10	1.493879239838761e-11	1.0338353232847684e-11	-7.1997527944381994e-12	-2.278332673744192e-12	-3.6402893636191116e-13	2.840434551770726e-13	2.937219533437552e-11	7.2640712519128396e-9	-2.2599067283940026e-7	0.0001312435129357292	0.08008953475557311	0.08935470542508045	0.09923571599894088	0.10457316968728854	0.09654261808538583	0.1004457660428387	0.09439917879503065	0.09756325715439376	0.08511928981973374	0.08765424788669643	0.07434330571195485	0.07645559885736128	0.0726457910298798	0.07434034106509123	0.06726027229863558	0.06867095427709027	0.06344832945214245	0.06466988426697577	0.06177114587474805	0.0694963567966062	0.06949643308893531	0.0694964901309332	0.06949654693884705	0.06949660351449635	0.06949665985990856	0.0694967159767513	0.06949677186685059	0.06949682753187048	0.0694968829734673	0.06949693819357956	0.0694969931936693	0.06949704797485462	0.06949710253914693	0.06949715688824896	0.0694972110234464	0.06949726494663569	0.06949731869915948	0.06949737220537983	0.06949742550364461	0.06949747859538156	0.06949753148214509	0.06949758472887062	0.06949763811168437	0.06949769128062015	0.0694977442372632	0.06949779698320865	0.06949784951998161	0.06949790184931144	0.06949795397292634	0.06949800589206781	0.0694980576083177
42.0	3.8632689132650885e-15	1.0657475647306536e-15	2.886707164408481e-16	-6.690160283465655e-15	-1.8993150050310413e-14	-1.8816190320815222e-14	-2.0016532558667657e-14	-1.3825017293262898e-14	-2.3131398363219526e-15	-3.27443122017854e-15	3.179196388449249e-16	6.170449439788312e-17	-2.929319744465162e-17	-9.02289475671933e-18	-2.1887386788436936e-16	-1.5038611295470384e-16	-1.1733201707484977e-15	-6.277326532948544e-16	-6.844004178551955e-16	-6.162275046178653e-17	-5.936831199501558e-17	-1.1505795496774374e-16	5.997230263672743e-17	-1.1849551285449506e-16	-1.0012176011643804e-16	2.106516372373648e-17	2.049489493601922e-17	-1.0523037457983246e-16	4.332114878709772e-18	1.040785164898008e-16	-1.917260496369156e-17	-4.1271044647790843e-11	1.6801241747320102e-10	1.3701171012842335e-10	1.6682992998174028e-11	1.209164985747431e-11	-8.420863578684616e-12	-2.9897892337600885e-12	-4.777526253709791e-13	8.161810119597576e-13	1.0103647497887933e-11	5.5239932201399725e-9	-1.7185556054337314e-7	0.00011196061266183224	0.06832070613904298	0.07979520646707676	0.08861911092844828	0.09568014676164581	0.08833252448101779	0.09327764501515722	0.08766256013705141	0.09150131758737129	0.07983053573173243	0.08278464522494353	0.07021318990398809	0.0725815300290748	0.06896477272384553	0.07085187839954435	0.06410404912648521	0.06565190158677736	0.06065888406931558	0.06198795168565007	0.05920942853025474	0.06820850414729727	0.06820857900703306	0.06820863499202755	0.06820869074728873	0.06820874627460347	0.06820880157595936	0.06820885665299117	0.06820891150749137	0.06820896614108686	0.0682090205554075	0.06820907475235	0.06820912873335534	0.06820918249951155	0.06820923605279704	0.0682092893948815	0.06820934252702805	0.06820939545109347	0.06820944820759679	0.06820950072243337	0.06820955303316738	0.06820960514119964	0.06820965704805511	0.0682097093222705	0.06820976171571211	0.06820981389924201	0.06820986587441553	0.06820991764279866	0.06820996920588986	0.06821002056538696	0.06821007172298414	0.06821012267990044	0.06821017343768704
43.0	-1.517479628415831e-17	3.605935865507876e-17	7.771484411188401e-17	2.8094222857673013e-16	5.005248325543352e-16	4.4328598400764516e-16	1.0362716128970069e-14	4.2733077793628674e-15	4.313198182016918e-15	1.0495550587774296e-15	-2.536251363301094e-15	-6.052335051337451e-16	-3.88620504746673e-16	3.526686264960684e-17	6.083703195612151e-17	7.19683094074015e-17	3.3082224812074393e-17	1.6721105568235194e-15	-1.450979931883087e-15	-2.269264218239596e-15	-6.086949894927169e-16	5.2730022042487106e-17	7.024714925811042e-17	1.3034172135413188e-16	1.431952125617341e-16	-5.67004242648581e-16	1.0335103538318692e-15	7.546599319585283e-16	2.939888443690459e-16	4.1975890278650244e-17	6.463040956359296e-16	1.831633033899184e-11	3.199227831358281e-11	2.8393939464034385e-11	4.442359636479609e-11	3.613266756051629e-11	-1.949205203659162e-11	-1.1433473972454373e-11	5.0105215028348726e-11	7.45885579822095e-12	1.7258309919978807e-11	1.479075696807785e-12	-2.965947357119637e-11	-7.989291539606291e-9	-2.625108516773049e-7	0.00017750843133613656	0.11260236629939177	0.1213207205162056	0.12325635561116956	0.13021704745451462	0.1134592710901864	0.11861460373838036	0.10246546371793713	0.10636336762472708	0.08882213328670915	0.09194753618667438	0.08783581640112563	0.09041139469282505	0.08202077508445775	0.08426135891452753	0.07809675109369318	0.08013939868134586	0.07713764339135101	0.09209723912745092	0.0920972893301119	0.0920973277221306	0.09209736592339109	0.0920974039353836	0.092097441759563	0.09209747939717584	0.0920975168496188	0.09209755411828086	0.0920975912042992	0.09209762810909723	0.09209766483405839	0.09209770137993357	0.09209773774835907	0.09209777394057032	0.09209780995778792	0.0920978458012677	0.09209788149633404	0.09209791699799244	0.0920979523293777	0.0920979874917613	0.09209802248620225	0.09209805769795673	0.09209809291257008	0.09209812795481542	0.09209816282603293	0.09209819752730264	0.09209823205997351	0.09209826642528016	0.09209830062436407	0.09209833465841646	0.09209836852873371
44.0	-5.080668685984339e-18	3.3139238563574187e-17	1.5256511083649767e-17	5.279542426671352e-16	5.07249183274296e-16	4.857998761666176e-16	1.0296147987054567e-14	4.1020324998742316e-15	4.273080941135239e-15	1.1443761413292257e-15	-2.430917733438537e-15	-5.545799769959488e-16	-3.322117901370775e-16	3.0150306210447433e-17	-3.197207503668894e-17	1.1430470653442988e-16	2.2499230661503533e-17	1.797853179851018e-15	-1.4965290909438516e-15	-2.89145345886174e-15	-5.95320374802787e-16	3.558997006061383e-17	8.375682043348165e-17	1.0413349063724786e-16	1.8565337426377601e-16	-6.604377211218866e-16	9.881195250312638e-16	7.582507495614116e-16	3.337069944656808e-16	1.1660880783087386e-16	6.706620459833481e-16	1.961939655204047e-11	3.426664416896537e-11	3.092393105719006e-11	4.83777483070071e-11	4.0359900218596976e-11	-2.1772464189688486e-11	-1.337723457184155e-11	5.863240851877447e-11	9.79500114906368e-12	2.266353373828608e-11	4.268045790603277e-12	-1.0207172180474779e-11	-6.076906361830746e-9	-1.996733663571841e-7	0.00015151689663934917	0.09610752906724444	0.10843990233791309	0.11017002815572685	0.1192950332323229	0.1039428240285202	0.11032708988975588	0.09530627800726404	0.09994497200476529	0.08346224773249161	0.0870282204010749	0.08313648365475627	0.08603741175788746	0.07805271972178057	0.08052003008573183	0.0746291413414097	0.07684550756281223	0.07396712876154149	0.0909746677598667	0.0909747173342774	0.09097475525815026	0.09097479299362882	0.09097483054217254	0.09097486790521023	0.09097490508397901	0.09097494207984647	0.090974978894187	0.09097501552811789	0.09097505198305429	0.09097508826034768	0.09097512436074853	0.09097516028586558	0.09097519603692182	0.09097523161512289	0.09097526702170453	0.09097530228157628	0.0909753373505283	0.09097537225127653	0.09097540698508817	0.09097544155300182	0.09097547635751144	0.09097551114249754	0.09097554575723248	0.09097558020302215	0.09097561448094518	0.090975648592331	0.09097568253840115	0.09097571632027887	0.09097574993914259	0.09097578339627377
45.0	1.6631267297606292e-17	4.7694034545729806e-17	1.8261688055702624e-16	4.185279479108219e-16	-1.8837365404992692e-15	-2.4467307212331885e-15	-1.1034095898995899e-16	2.740712572761015e-17	9.730178899065543e-17	4.460033537217029e-15	6.214446321338304e-15	7.8263910733221855e-16	3.531438923512708e-15	1.237669445089986e-14	1.3356843575309728e-14	2.0314745276851733e-14	1.7787720375504493e-14	8.824545584678651e-15	1.009911824875195e-14	7.310237264009257e-15	6.475904469540351e-15	9.125183163849342e-15	1.6051900959131436e-14	1.9295807468803465e-14	1.6623767096639408e-14	2.895513117673827e-14	3.356108286349327e-14	3.7843412999662743e-14	3.0921591771266966e-14	2.6992958747031894e-14	3.187704685543608e-14	-7.237496428342553e-12	1.1102329986279972e-11	1.058316184001542e-11	-4.5004343961054925e-10	-4.141873240268997e-10	-8.157907924982444e-10	-6.846734427348292e-10	-4.3636472032000104e-10	-3.8665497456257183e-10	-2.562903216456786e-10	-8.486885929465207e-11	-2.176183024666637e-11	-2.5518559516309454e-12	-5.470676624976016e-12	-1.4682977727364704e-9	-4.308860070365305e-8	3.054839047811908e-5	0.025287917136833184	0.025956838258727702	0.02366271702822675	0.024625852804860595	0.01579959066912059	0.015561756569899004	0.009139684814896262	0.00869941766844174	0.006756059962852871	0.0066390851315803875	0.0034746926676847635	0.0032775418960143514	0.0006746943611079127	0.0005408158045600857	0.0004605000523102354	-0.0012686998426415658	-0.0012687107768977802	-0.0012687213133825688	-0.0012687318414560808	-0.0012687423616751007	-0.001268752874326592	-0.001268763379722401	-0.0012687738779614266	-0.0012687843692216602	-0.0012687948536478514	-0.0012688053313362662	-0.0012688158022947508	-0.0012688262666086106	-0.0012688367241019956	-0.0012688471748721526	-0.0012688576190176294	-0.0012688680562585096	-0.0012688784896209015	-0.0012688889119347735	-0.001268899327578253	-0.0012689097364866225	-0.0012689201384289204	-0.0012689305520060146	-0.0012689409681396469	-0.0012689513769210837	-0.001268961778041823	-0.001268972171650188	-0.001268982557492909	-0.0012689929355844622	-0.001269003305946199	-0.001269013668383704	-0.001269024022832554
46.0	1.2685840663023154e-17	1.0876240931691325e-16	1.743062073637109e-16	4.0633636339379965e-16	-1.9172052630043818e-15	-2.551951124846723e-15	-1.1496890346886678e-16	2.6599520338351887e-17	7.646132316960322e-17	3.2684982187695786e-15	5.970180013979633e-15	7.675862222207641e-16	3.4857225065477815e-15	1.2429007561266416e-14	1.212164088871297e-14	2.0576758827471682e-14	1.7046591336068045e-14	8.456944251270257e-15	9.790798831390096e-15	7.351472729578095e-15	5.315084527403173e-15	8.017444559236286e-15	1.706286044899631e-14	1.8992957152914184e-14	1.558106505956652e-14	2.6465885637960813e-14	3.348079522986826e-14	3.6902734472792026e-14	3.0228203318804134e-14	2.56628552083871e-14	3.211889688146148e-14	-7.67475921092595e-12	1.1775699943540448e-11	1.1350229729554717e-11	-4.826536827592902e-10	-4.5129145295504866e-10	-8.888631865914745e-10	-7.650042531218126e-10	-4.875604878547664e-10	-4.525938350178932e-10	-2.9999767916853434e-10	-1.1149472431034476e-10	-2.8589181783886956e-11	-7.382795373207771e-12	-1.883933770567237e-12	-1.1170165937511301e-9	-3.2779585404623936e-8	2.6082905624522028e-5	0.021589944215864066	0.023212686922551094	0.021161099828119014	0.022576742619484946	0.014484914045740928	0.01448808744962216	0.00850910345238315	0.008183801672918788	0.0063556294818909445	0.006292270952076617	0.00329318179556899	0.0031237776554894243	0.0006430435083501901	0.0005177843462769731	0.0004408873964046685	-0.00125986833629032	-0.001259879206638812	-0.0012598896698580737	-0.001259900124710689	-0.00125991057176262	-0.0012599210113022185	-0.0012599314436330187	-0.0012599418688561848	-0.0012599522871487583	-0.0012599626986557482	-0.0012599731034714178	-0.0012599835016038625	-0.001259993893134592	-0.0012600042778943012	-0.0012600146559756406	-0.0012600250274761816	-0.0012600353921215308	-0.001260045752912885	-0.001260056102732492	-0.0012600664459293375	-0.00126007678243804	-0.0012600871120272742	-0.001260097453483715	-0.0012601077971583572	-0.0012601181335299065	-0.0012601284622952367	-0.0012601387835952788	-0.0012601490971901016	-0.0012601594030811761	-0.0012601697013001909	-0.0012601799916467707	-0.0012601902740600713
47.0	3.2058519936169577e-18	-5.796595685030859e-16	-1.4113328102801826e-15	-1.2595089091945957e-15	-1.0234133608384658e-15	-1.137990149555269e-15	-3.4602124124904713e-16	-2.0079975158549751e-16	-8.158560055210681e-17	6.713122448128944e-16	-7.64115444019054e-16	-7.98665389236564e-15	-7.289796808103369e-15	-7.361825512135845e-15	1.859575608858019e-15	2.090630356443822e-16	2.9615427776118116e-16	5.575326566605624e-16	6.563533455148022e-16	-1.900058502433737e-16	8.95888307663383e-16	1.5966546417537997e-15	-1.6273642572048023e-17	1.5798134483531923e-17	2.890560388658621e-16	9.435784189178119e-17	1.3807185052429336e-16	6.694675300154784e-17	7.624979417541763e-17	8.660457288473844e-17	-6.4121736914014465e-15	1.0465819832132866e-12	6.936492123718944e-13	6.662340448719296e-13	7.137972205726118e-11	6.846320714059219e-11	-1.17591833723392e-11	-1.0947544034499161e-11	-1.816563849629541e-10	-1.5936072048840694e-10	-1.0885563935444747e-10	-9.358020921281605e-11	-5.466547659019808e-11	-1.484144020181204e-11	-4.59725059989919e-12	-7.764642331946699e-13	-2.910713201988986e-12	-7.303309474752489e-10	-1.692675970876842e-8	1.1875273740080193e-5	0.01024070214325543	0.011336076335983545	0.014646348217345995	0.016703089646472803	0.016782708235382554	0.018679840586651113	0.018428898444711832	0.019328537062909587	0.016132378107122793	0.01687477199572571	0.013820509500995995	0.01435169863262144	0.013222470349270656	0.015575219429551776	0.015574913434033675	0.015574718974146357	0.015574525339619508	0.015574332522649663	0.01557414051601586	0.015573949313173083	0.015573758908197337	0.01557356929547994	0.01557338046991821	0.015573192426226777	0.015573005160240821	0.015572818667535354	0.015572632943798341	0.015572447985216186	0.01557226378743262	0.015572080346661864	0.01557189740441196	0.015571715456817055	0.015571534255268658	0.015571353796425989	0.015571174076890648	0.015570991810004722	0.015570808001759537	0.015570624988191652	0.015570442765798482	0.01557026133017405	0.01557008067752323	0.015569900803806375	0.015569721704946604	0.015569543377273115	0.015569365817034901
48.0	5.073035116273826e-17	-6.269479068277019e-16	-1.5049881060223172e-15	-1.3663634078943888e-15	-5.552308499317522e-17	-1.1532801534886822e-15	-3.2517055721713614e-16	-2.6500019066642968e-16	-7.842919669060567e-17	7.621095204977224e-16	-7.827295497419178e-16	-7.942366886832749e-15	-7.87857496935565e-15	-7.208379635989898e-15	1.9607864965941746e-15	1.5776574444063697e-16	2.88957590400868e-16	5.585632555415356e-16	6.115457816541374e-16	-2.1490587316636126e-16	9.006798458675396e-16	1.5372107851419847e-15	3.657155841161524e-17	6.190560150761294e-17	2.727460916429848e-16	9.393819697962154e-17	1.3690175574422476e-16	3.03865249636017e-17	6.283762038029017e-17	5.655316574231465e-17	-6.817923356845556e-15	1.1020657114198163e-12	7.304433871129326e-13	7.072689023112026e-13	7.577488738268119e-11	7.345993488061485e-11	-1.2621679055701186e-11	-1.1931793648994143e-11	-1.9798901071492956e-10	-1.7809813693087005e-10	-1.2165467886016438e-10	-1.0956172010129413e-10	-6.40011012406919e-11	-1.9502852632429024e-11	-6.041159820652893e-12	-2.2502330509284532e-12	-1.0032071421811895e-12	-5.556877920968251e-10	-1.2879070279494219e-8	1.0141528429274928e-5	0.008744840759416636	0.010140822105777235	0.013102069288571678	0.015320221428919409	0.01539324971497891	0.0174015530755217	0.01716778113175991	0.018196699779478128	0.015187692822329821	0.016008260113347307	0.01311082935028422	0.01369662008551543	0.012618935972982045	0.015539876513941535	0.015539571231304847	0.015539377212590572	0.015539184017354279	0.01553899163782584	0.015538800066800241	0.015538609297748168	0.015538419324752487	0.015538230142222557	0.015538041745065631	0.015537854128005908	0.01553766728688871	0.015537481217298919	0.015537295914934237	0.015537111375990875	0.015536927596121202	0.015536744571545011	0.015536562044333724	0.015536380509549919	0.015536199719123372	0.015536019669716135	0.015535840357938162	0.015535658508415895	0.0155354751171421	0.015535292518742494	0.015535110709723094	0.015534929685688257	0.015534749442851293	0.015534569977180954	0.01553439128461231	0.015534213361480757	0.015534036204041719
49.0	5.553211462296753e-15	-5.3804727875619824e-17	6.6276443650196644e-18	1.194302398935612e-18	6.470769981894081e-17	1.167658266948526e-16	-1.626387378063915e-17	-1.0886778276727393e-16	-1.6101080061258e-16	6.902954588021926e-17	2.4727683127524195e-16	5.867286122287344e-16	3.854043602040251e-16	-6.795920917261926e-17	3.480004752551865e-16	-1.0872503599472004e-15	-1.4323310444584868e-15	-1.256125282056503e-15	-6.227670000494594e-16	-1.889582255927085e-16	-9.08849999999027e-16	2.0403164506048705e-16	6.437227658639581e-17	-2.675710804955642e-17	-1.3716100997498134e-16	-2.560025998189932e-16	-1.5870286841229175e-16	-2.3800393391189117e-16	-5.875088946869692e-17	2.1981213776718687e-17	-9.713062624382957e-17	4.650931421020288e-13	7.237918949913663e-12	7.046708436630017e-12	1.0938494245074803e-11	1.0642108704614896e-11	-4.9237113396771634e-11	-4.721708433386779e-11	3.302359524059216e-12	3.107311635763775e-12	-2.2741825448490226e-10	-2.0580871042965444e-10	-9.022918892777509e-11	-9.105274161719228e-11	4.876647802315389e-11	1.7970582563297564e-11	5.303997679157554e-12	4.71575523902575e-13	-4.4851835419588895e-13	-1.0090798140227828e-10	-1.4442970074951587e-9	9.582238975806476e-7	0.0006410483821637352	-0.005371086295956407	-0.020351906106803177	-0.02206396899766308	-0.019073370398285897	-0.02017808120139415	-0.016902312925027745	-0.017569855379280498	-0.012045277288984605	-0.01229152032917858	-0.00849839463989155	-0.009418773573375536	-0.009418687743219339	-0.00941870074189299	-0.009418713689853515	-0.009418726585143576	-0.00941873942653357	-0.009418752212554352	-0.009418764942035576	-0.009418777614075027	-0.009418790227648445	-0.00941880278197293	-0.009418815276310893	-0.009418827710339476	-0.009418840083152007	-0.00941885239490266	-0.009418864644829796	-0.009418876833123573	-0.009418889229005667	-0.009418901341293147	-0.009418913387054025	-0.009418925366195327	-0.00941893727933671	-0.009418953004542487	-0.009418971348165524	-0.009418989558205998	-0.00941900763547397	-0.009419025580648667	-0.009419043394893448	-0.009419061078994036	-0.009419078633675419	-0.009419096060179492	-0.009419113359303162
50.0	5.394800313830108e-15	-3.2463224272102105e-17	-1.4862631166954178e-17	1.6890641450115884e-17	4.2851693592753785e-17	1.5343642491457976e-16	1.1087980863753243e-17	-1.2046165424758063e-16	-1.71686644238861e-16	6.932971055770804e-17	2.36017803428554e-16	5.770086543793273e-16	4.442262747039997e-16	-7.080237753910156e-17	3.432600504880535e-16	-1.0383111020153788e-15	-1.4581062749563516e-15	-1.3855262893867126e-15	-6.147924467118318e-16	-1.6152130294185534e-16	-1.0754258000026697e-15	2.392668273554748e-16	6.753669279173764e-17	-3.1227374568755463e-17	-8.282811716037533e-17	-2.4060226010161824e-16	-1.5549159101550624e-16	-1.8793123937726157e-16	-1.0588722903958888e-16	9.661177763450006e-18	-1.0716590264391965e-16	4.873853086173361e-13	7.583291505339772e-12	7.428112936127633e-12	1.1533369669142445e-11	1.1303994566778612e-11	-5.230195748198468e-11	-5.0685709601777404e-11	3.545810899264968e-12	3.3876309368998024e-12	-2.4794650077041677e-10	-2.3006236677285551e-10	-1.0086193196046268e-10	-1.0662165188154147e-10	5.710512163033101e-11	2.3619139402072542e-11	6.971260804795422e-12	1.3681591974609972e-12	-1.5476438760002382e-13	-7.67926852406534e-11	-1.0991430769814517e-9	8.184752410290135e-7	0.0005474997431354372	-0.004805862224976022	-0.01821019270296699	-0.020243885193445346	-0.017499985791640953	-0.01880565268744653	-0.01575268616701236	-0.016551136465571648	-0.011346877608661576	-0.011672833655317183	-0.008070631319558406	-0.009440195017707691	-0.009440109018001085	-0.009440122046130208	-0.009440135023394816	-0.009440147947876188	-0.00944016081833982	-0.009440173633316251	-0.009440186391627721	-0.00944019909236936	-0.009440211734513608	-0.009440224317278543	-0.009440236839924994	-0.009440249302124743	-0.009440261702973662	-0.009440274042621315	-0.009440286320307554	-0.009440298536220765	-0.009440310960172301	-0.009440323099912714	-0.009440335172978714	-0.00944034717927399	-0.009440359119415475	-0.009440374881531306	-0.009440393266767847	-0.009440411518117378	-0.009440429636395232	-0.009440447622280176	-0.00944046547693679	-0.00944048320115468	-0.009440500795661722	-0.00944051826170072	-0.009440535600067535
51.0	-1.1421432801348876e-16	2.0061608765960366e-17	3.352729331075387e-17	-1.35503576386865e-16	1.1287238996571263e-18	1.8401274469551873e-16	2.564373040908423e-17	1.4237281669260866e-18	-6.249444805897377e-17	3.059293633041555e-15	2.6502289750608206e-15	7.285280128206938e-16	-2.567551814693644e-15	-7.44572048000198e-15	-3.1541955355890033e-14	-2.4935426798682333e-14	-3.595180989148155e-14	-3.806319869291394e-14	-5.3500808158741116e-14	-5.619526775835202e-14	-3.8470373620731796e-14	-3.987625579159055e-14	-3.48824091445634e-14	-1.575600527667542e-14	-1.5868978321930652e-14	-1.62776156601862e-14	-1.1724347628987749e-14	-1.2019919602661603e-14	-1.7739464195338804e-14	-2.544377116423603e-14	-9.720449667469504e-15	-7.430477910591244e-14	6.905140768613042e-13	6.751344038344025e-13	-8.786824518851678e-11	-8.621437736162999e-11	-6.730142677053418e-11	-6.558947284514768e-11	-2.0431268562733112e-10	-1.9734370250718558e-10	-4.875939060811677e-11	-4.6367540844418015e-11	-1.7292917004894424e-10	-1.5934149858971382e-10	-4.665489355036098e-10	-4.55763353642159e-10	-1.1372412614164826e-10	-1.4489875048549306e-10	-4.8015433316939033e-11	-9.215790564729117e-12	3.7619982865107026e-13	7.656601615410876e-11	6.10793827709823e-10	-3.860834110764819e-7	-0.00021618787899396584	0.016100313845028885	0.017810946875190307	0.02056384196131111	0.019376365060131576	0.021570139926564813	0.018640042902187057	0.02095585429279519	0.020529045907517942	0.03355070126858185	0.033550708727067495	0.03355071927026118	0.03355072935942321	0.033550738937162684	0.03355074797113783	0.03355075644776104	0.033550764368003694	0.03355077174337248	0.03355077859243432	0.03355078493890484	0.033550790809291034	0.033550796232330954	0.03355080123706892	0.03355080585220974	0.03355081010573134	0.033550814024789606	0.033550818803708755	0.03355081921393314	0.03355081963159509	0.03355082005643154	0.03355082048850434	0.03355082364509237	0.03355082882206411	0.03355083403274081	0.03355083927851495	0.03355084455963506	0.03355084987685234	0.033550855231074914	0.033550860622828346	0.03355086605294247	0.03355087152193397
52.0	-6.48071546509658e-17	1.743564601086906e-17	-4.0725101174664485e-17	-1.588878437801038e-16	5.774292397914244e-17	1.6122283453427234e-16	-7.722974188474213e-18	-3.432402055207991e-17	-3.3144833379828684e-17	2.9816263726095792e-15	2.5969508761108013e-15	7.439127512852864e-16	-2.845092857176034e-15	-7.84661966969821e-15	-3.210594791170997e-14	-2.6081520094504932e-14	-3.615812746513884e-14	-3.737917091701996e-14	-5.3803500038959527e-14	-5.641434546494274e-14	-3.770250544511578e-14	-3.985222235595651e-14	-3.3590912009650405e-14	-1.5450258943301784e-14	-1.5555299495303696e-14	-1.5768267072188562e-14	-1.1428549096473793e-14	-1.2154369730501306e-14	-1.8047697890125472e-14	-2.6138467858147165e-14	-1.0055199110850564e-14	-7.753610464553802e-14	7.206251924669558e-13	7.081440072166944e-13	-9.219952994424847e-11	-9.096739625886681e-11	-7.10098245237648e-11	-6.972187155969688e-11	-2.1718637039960993e-10	-2.1196844886892705e-10	-5.2372165057534714e-11	-5.057600420050173e-11	-1.886248643078976e-10	-1.7817675508581647e-10	-5.216986259600441e-10	-5.338092486039602e-10	-1.3319828536221112e-10	-1.9047189852284676e-10	-6.311729960123784e-11	-2.6761324111776556e-11	1.2999704311401654e-13	5.828381363993581e-11	4.6494563295723594e-10	-3.298452060183509e-7	-0.00018467804234332714	0.01440904847950419	0.0159399868137468	0.018873162531868576	0.017783317308492405	0.020112337756351198	0.017380275935073564	0.01976097410964767	0.019358499565773242	0.03378588785868244	0.03378589540861564	0.033785906025836955	0.03378591618578651	0.03378592583071101	0.033785934928044006	0.03378594346410584	0.03378595143987238	0.033785958866936104	0.033785965763998234	0.03378597215493429	0.03378597806644577	0.033785983527468165	0.03378598856725319	0.0337859932147066	0.03378599749800013	0.03378600144448432	0.03378600625696801	0.03378600667000358	0.033786007090531055	0.03378600751828122	0.033786007953318986	0.03378601112521269	0.03378601633841701	0.03378602158556368	0.033786026868053744	0.03378603218613692	0.03378603754056791	0.03378604293226762	0.03378604836175928	0.033786053829880265	0.03378605933715082
53.0	1.7761099225129685e-15	9.802612599376798e-16	-1.0888204200585662e-15	-2.9255511735966817e-15	-2.520217409691598e-15	-6.6288898080043156e-15	-2.418970081579451e-15	7.039974049556167e-15	1.1454891870619928e-15	8.244999138618344e-16	1.2290607364388852e-15	8.33712436465309e-15	4.425285995061696e-15	3.4785276103662107e-15	3.0003373782688447e-16	-3.811122822275032e-16	8.331884739177316e-16	3.7301444002808923e-16	2.1414840061711635e-16	7.423269825356204e-16	-5.466486326168772e-16	-1.1562255877258077e-15	-2.1618084355876803e-15	-5.693418438983771e-15	-1.1928590595499551e-14	-1.795053363126033e-14	-2.5947377480427233e-14	-3.430270455955658e-14	-2.9333499514885216e-14	-1.7172435627227204e-14	-5.058848034629961e-15	1.8372198072039636e-13	2.080199348096457e-11	2.0557272973660166e-11	2.0448668717565434e-11	2.0181948675507058e-11	4.2720641418228486e-11	4.2023272260317683e-11	5.252415912541452e-11	5.1387542812729094e-11	2.243594305499597e-11	2.177329689797015e-11	3.7580134086778466e-11	3.6002818921682395e-11	-5.967626209623352e-11	-5.535412997245723e-11	-1.0651200709628263e-10	-9.041601309476318e-11	-1.0333701639297379e-11	-4.566194267916851e-12	7.879297805058545e-13	4.573546047720591e-13	7.80775401652167e-13	1.498386963274801e-10	-1.2908851041034801e-10	7.098712865639012e-8	2.9856319808066077e-5	-0.005469693470193223	-0.005798872728322025	-0.00676181780521778	-0.011974041510351346	-0.012725889971830218	-0.009701338204636317	-0.01711861884303418	-0.01711864339953216	-0.01711866038189946	-0.017118676140119988	-0.017118690835321655	-0.017118704613648034	-0.017118717606355017	-0.017118729929023913	-0.017118741682898612	-0.01711875295641031	-0.01711876382602686	-0.017118774357244564	-0.01711878460642963	-0.017118794621228277	-0.017118804442333595	-0.01711881410342974	-0.017118823633814714	-0.017118836019613202	-0.017118844975055347	-0.017118853920532452	-0.01711886285575328	-0.017118871780897556	-0.017118881053517315	-0.017118889970967312	-0.017118898972312595	-0.01711890805754365	-0.017118917226307897	-0.017118926478135205	-0.017118935812478104	-0.017118945229024754	-0.017118954727452052	-0.017118964307277197
54.0	1.8037792868284593e-15	6.457016127682965e-16	-1.1360296592942479e-15	-2.7980592317081494e-15	-2.4826622775531747e-15	-6.625688205795003e-15	-2.5059926696417773e-15	9.08871792589025e-15	1.0205404768154162e-15	8.188857115533471e-16	1.2707903140794895e-15	8.670975514450403e-15	4.3939015194280194e-15	3.5665287782192785e-15	4.3681098217749016e-16	-4.0118469287428175e-16	8.35336820939697e-16	3.8575187820302743e-16	2.3918914448781283e-16	7.394112416030512e-16	-6.275708850022785e-16	-1.1122862430179294e-15	-2.773767973075691e-15	-5.805622135353682e-15	-1.1225480923581434e-14	-1.7981739119652584e-14	-2.6283489632517246e-14	-3.4620598387897676e-14	-3.0471235416355927e-14	-1.7426404500544126e-14	-4.571170238966702e-15	1.916013275360814e-13	2.1689828577825707e-11	2.1512438622889087e-11	2.1398846682884833e-11	2.1208007720232716e-11	4.489299183082813e-11	4.439863422692489e-11	5.549309359609312e-11	5.468760746494941e-11	2.3876005030573662e-11	2.3408856773084356e-11	4.040274954916546e-11	3.9299058770474895e-11	-6.51400788687398e-11	-6.192898336890845e-11	-1.1916333850871427e-10	-1.0593155595537028e-10	-1.2106956922468205e-11	-6.0032829039706724e-12	1.0358888906037193e-12	1.32897796532699e-12	2.7059777299912836e-13	1.1410720700798546e-10	-9.830425505300887e-11	6.066458819232453e-8	2.551953681961229e-5	-0.004896502915465253	-0.0051911882908047755	-0.0062086948322396885	-0.010994535712751947	-0.011879747738097055	-0.009056305433441936	-0.017329851952687363	-0.017329876842726577	-0.017329894035354457	-0.017329909988585548	-0.01732992486558345	-0.017329938814304557	-0.01732995196764254	-0.01732996444261647	-0.017329976341723886	-0.01732998775449896	-0.01732999875836443	-0.01733000941962149	-0.017330019795339477	-0.017330029933756114	-0.017330039876076325	-0.017330049656392784	-0.017330059304373046	-0.017330071843188972	-0.017330080909089093	-0.01733008996490222	-0.017330099010330478	-0.017330108045560347	-0.01733011736156247	-0.017330126390115594	-0.0173301355035736	-0.017330144701930124	-0.017330153984833375	-0.017330163351797493	-0.01733017280228217	-0.017330182335957765	-0.017330191952511734	-0.017330201651443323
55.0	1.0722592591964824e-16	-2.1899078128075854e-16	-5.4878091327455044e-17	4.0458633933739446e-16	1.0480586465403282e-16	8.864072249594942e-17	-9.294826208070392e-17	1.6232377833252312e-17	-8.98864050701955e-16	1.9835464623306417e-15	-1.0095660975696293e-15	-2.2212517196973066e-16	3.052805244465035e-17	-2.785247158538184e-17	4.20021941675825e-16	1.8030021714615284e-16	-1.0144151581646976e-16	-3.048031113634865e-16	-4.812509548888934e-16	-3.021279748066892e-17	1.8063467626449597e-16	4.602618503316245e-16	1.152975856275356e-15	2.1289229158735602e-16	-1.311009992729189e-15	6.32546974492976e-17	6.677333364363313e-17	-5.461345065832714e-16	-5.224273091065708e-16	-4.698962675862331e-16	-9.33652833062757e-18	1.1695957667854025e-13	4.025495844154997e-14	4.02317841119186e-14	-2.4437539893924036e-13	-2.419563117363377e-13	4.664324964164085e-13	4.648513872312739e-13	1.008772536342815e-12	9.950610930604313e-13	4.460590189839807e-13	4.3813618307735467e-13	-1.7551120156474077e-10	-1.7114302064768366e-10	-1.4704258237194134e-10	-1.4161546123404034e-10	-9.708501175733161e-11	-9.170631418099523e-11	-6.930267071393389e-11	-5.322486861993959e-11	-3.6764493790978226e-11	-4.129533923357698e-11	-1.975828344920754e-11	-5.356117893342246e-12	1.4950344137094918e-12	2.724532500080629e-10	-6.6374829093066755e-9	4.010092466209918e-6	0.0029641239204803355	0.003036182588112461	0.01604438426222717	0.017422191952691263	0.0104207375071369	0.027435749488857426	0.027435624284592064	0.027435608993743765	0.02743559570964815	0.027435584134326233	0.027435574016635742	0.027435565143812287	0.027435557335537215	0.027435550438520844	0.02743554432261333	0.02743553887665787	0.02743553400573002	0.027435529628989104	0.02743552567689843	0.027435522090325987	0.02743551881799879	0.027435515816396465	0.027435511959472636	0.027435510486121202	0.027435509000103477	0.02743550750134636	0.027435505990170073	0.027435510332407907	0.027435518345124376	0.027435525922938783	0.02743553307163951	0.02743553979756208	0.027435546106067996	0.027435552002971385	0.027435557494119554	0.02743556258474035	0.027435567280155605
56.0	1.1377303622352476e-16	1.7938609449720087e-16	1.7095078432015708e-17	5.633687321738946e-16	1.610408622278168e-16	1.5155556892093253e-16	-1.3945403140254111e-16	7.772944238990981e-17	-7.189518950863324e-16	1.3932574399147643e-15	-1.1253184212522897e-15	-2.2945195154756066e-16	1.684874760519111e-20	1.2047329877269828e-16	1.219862362742075e-16	2.5562717314475203e-16	-7.457932314507872e-17	-2.9867936616666273e-16	-5.222435870914834e-16	-1.178504934021191e-16	1.8113891603438459e-16	3.7820584135668145e-16	2.0498257284254644e-15	2.4929086044148684e-16	-1.1357964093772313e-15	9.511781715415418e-17	7.399409764763837e-17	-5.564140505989898e-16	-4.795553417967532e-16	-4.831385714138107e-16	-7.721288969155457e-17	1.219642422144423e-13	4.201675485131756e-14	4.20918823253934e-14	-2.555642858629179e-13	-2.537936107196473e-13	4.901639928113561e-13	4.896757030847996e-13	1.0625823158281162e-12	1.0536200730138375e-12	4.721355652190059e-13	4.671610187059027e-13	-1.8713593558140785e-10	-1.842948101256442e-10	-1.5834250456381876e-10	-1.5477790186252886e-10	-1.0610852289939668e-10	-1.0269263253083238e-10	-7.760503719625332e-11	-6.238767988434486e-11	-4.309365039379823e-11	-5.430345275513531e-11	-2.5982262038745596e-11	-1.5570396058484636e-11	5.202153439193136e-13	2.076235261770095e-10	-5.058241620638434e-9	3.428728778973083e-6	0.002533666628321937	0.0027196549543259804	0.014371741892585405	0.016022693664553708	0.009583651565702659	0.027953767058079622	0.02795363936234636	0.02795362379423632	0.027953610269048548	0.027953598483482667	0.02795358818187483	0.027953579147613955	0.027953571197135953	0.027953564174377773	0.02795355794684422	0.027953552401373878	0.027953547441325992	0.02795354298439988	0.02795353895980373	0.02795353530733452	0.027953531974797472	0.027953528917879323	0.027953524995733576	0.027953523494676218	0.02795352198071286	0.027953520453768126	0.027953518914167946	0.02795352232531514	0.02795353049219871	0.027953538215903222	0.027953545502401242	0.027953552358122642	0.02795355878854566	0.02795356479959503	0.027953570397192876	0.027953575586712912	0.027953580373563682
57.0	-6.784613098150425e-17	-1.4892583991623445e-15	-7.565457727461022e-16	-1.399897133693236e-16	2.4236688242173198e-17	-1.1088088242154703e-16	-3.2481023025218986e-16	7.912158194113451e-16	3.0080395998895586e-15	2.340262062914157e-16	-1.3614030735731266e-16	6.12275636771312e-16	-2.3849884716204497e-15	-5.971907887930602e-17	-1.950876294697156e-15	-1.3888232756938463e-15	6.292773411722e-15	1.820675939810294e-15	9.847422015801905e-15	2.211588100068123e-15	-3.093940837785987e-15	-2.1302213535301863e-16	4.20179859614297e-16	9.500132586350623e-15	7.779586014068217e-15	7.931145726543482e-15	9.857587736936806e-15	6.899357641516511e-15	1.2579122943694743e-15	8.655079529306104e-15	-2.5005466904456273e-15	2.7776402885859224e-14	3.9086514983001704e-14	3.880651022596942e-14	-1.8660715312362753e-13	-1.856236800136475e-13	-5.556065524611127e-13	-5.520204227907243e-13	2.928683698733308e-12	2.9030793704295442e-12	2.140914308197166e-12	2.118522213641714e-12	6.438242932651288e-12	6.342663753273996e-12	-1.6294775312566274e-12	-1.596392031356282e-12	2.6449259762103886e-11	2.566031968709251e-11	2.7973315855434856e-11	2.6603539131671112e-11	1.6119384305792786e-11	1.4463138500888802e-11	7.754219679138167e-11	6.214497267841606e-11	4.830362464149274e-11	1.5369830175316947e-11	-8.044049365743515e-13	-1.3952610139960095e-10	6.596839138063349e-9	-4.370910499295395e-6	-0.0032005699209116958	-0.003975559164189715	-0.010483641634054892	-0.025222824028839585	-0.02522283815853169	-0.025222852646524137	-0.025222866914045454	-0.025222880979504154	-0.025222894860920532	-0.025222908575328645	-0.025222922138578643	-0.025222935565298556	-0.02522294886899521	-0.0252229620620413	-0.025222975155408757	-0.025222988159061696	-0.025223001082016056	-0.025223013932343955	-0.02522302671700548	-0.025223039442468276	-0.025223050379670722	-0.025223059441068132	-0.025223068495796662	-0.025223077543979785	-0.02522308658548846	-0.025223096052327657	-0.02522310560892706	-0.025223115173823103	-0.025223124746807227	-0.025223134327761108	-0.025223143916676457	-0.025223153513245573	-0.025223163117421312	-0.025223172729094807	-0.02522318234818566
58.0	-4.157649789663092e-17	-4.811360711719036e-16	-7.737293126275816e-16	-1.618726721370543e-16	-2.6808959845746614e-17	-8.614700864978267e-17	-6.422130252648038e-17	5.224504405058806e-16	2.676651446505021e-15	5.3015580793854725e-17	3.1690018238649915e-17	3.4952061381977376e-16	-1.2688207865448153e-15	1.3907160119630642e-16	-5.578362411476176e-17	1.1811608989060796e-15	4.2940138466537276e-15	2.767340169473016e-15	7.720140009032042e-15	1.7849140155667434e-15	-3.0832487221255896e-15	-2.1990427929582404e-15	2.2096726111528967e-16	8.663878675617971e-15	6.900038570762816e-15	7.994764045902863e-15	9.47470196188215e-15	8.258176059398835e-15	2.5928568569847755e-15	2.9580240363244824e-15	-6.715436166638264e-16	2.91578745752183e-14	4.0889549360720876e-14	4.066517688585027e-14	-1.9570726129996986e-13	-1.9509252214031671e-13	-5.839790411172068e-13	-5.818086424456715e-13	3.086610252350419e-12	3.0709674064611424e-12	2.2648092438409156e-12	2.251882872305227e-12	6.8435340722281456e-12	6.786374149041673e-12	-1.743544495855969e-12	-1.7243006553924286e-12	2.8568187543890502e-11	2.8114824586448882e-11	3.064907974241672e-11	2.9845287378250216e-11	1.8083720250009103e-11	1.6973592028064267e-11	9.100057386295686e-11	8.17564388723109e-11	6.354705957556025e-11	4.4696517384704304e-11	-2.820376356295743e-13	-1.0646785480742453e-10	5.0336677171242605e-9	-3.7417957774602258e-6	-0.002738869332676184	-0.0035703181308693425	-0.00941500434188747	-0.025924587305060646	-0.025924601863098518	-0.025924616754923625	-0.0259246314200272	-0.025924645877347573	-0.025924660145430965	-0.02592467424179417	-0.025924688182745768	-0.02592470198332887	-0.025924715657431457	-0.025924729217777075	-0.025924742675652812	-0.025924756041296557	-0.02592476932398572	-0.025924782532010734	-0.0259247956725328	-0.025924808752204497	-0.025924819993696818	-0.025924829307300716	-0.025924838614048536	-0.025924847914071264	-0.02592485720723157	-0.025924866873047035	-0.02592487669596943	-0.025924886527411303	-0.02592489636716785	-0.025924906215115128	-0.025924916071244832	-0.025924925935240282	-0.02592493580705176	-0.02592494568657046	-0.02592495557371004
59.0	-6.8329409692916226e-18	-2.580558629434843e-16	2.704042482222218e-16	1.0050478332300847e-16	-3.289787811968325e-17	-4.454414078479604e-17	-4.416073690483154e-18	-5.947154390623787e-17	1.0342150655505553e-17	2.3836474826328388e-17	4.9100332787548486e-15	3.732023338443158e-15	-1.298033585473696e-16	-2.1481371668191025e-16	2.7591352580664863e-15	1.0119239001093858e-15	6.737014777584755e-17	4.121920347106351e-17	-5.280508999912022e-17	-6.779992816271861e-17	1.8572496732151507e-18	4.67470273778441e-17	-1.5329143101815604e-15	-1.5821449498866845e-15	-2.251434753652149e-17	2.776426698602387e-17	1.4090033973675496e-17	-7.037266268587141e-18	-5.907294657610673e-17	1.9124812056751583e-17	-6.702439432939248e-17	-4.5465874629593715e-16	-1.31112260543298e-15	-1.269202085451889e-15	-1.2668504208494235e-15	-1.2622472100023386e-15	-1.6310801213541676e-15	-1.6467190517484384e-15	-1.784579018584796e-15	-1.6541256459619146e-15	3.567794150601796e-16	3.6073035239176033e-16	-4.148996696883717e-15	-3.939322264751625e-15	-3.9130221128512875e-15	-4.130775209043834e-15	-2.5438188206052036e-15	-2.3130374136911838e-15	-7.605476973357358e-15	-7.246902518379372e-15	-1.7618650810001944e-14	-1.6740080215538728e-14	2.543534193669543e-13	2.3614474411377297e-13	-2.8254485463572674e-13	-2.6322218962305473e-13	-4.083373307249111e-12	-1.608806187188606e-12	-7.624946833346524e-13	-1.3062523807702388e-10	3.800537295731953e-9	-8.77221971024978e-7	-0.0008920981373333631	-0.004506499748875499	-0.0045064998498194645	-0.004506499849690762	-0.004506499849575164	-0.004506499849492775	-0.004506499849438488	-0.0045064998493647675	-0.0045064998492646245	-0.004506499849205002	-0.004506499849122482	-0.00450649984910332	-0.004506499849060801	-0.00450649984899169	-0.004506499849002238	-0.004506499848921974	-0.0045064998488716194	-0.004506499848795801	-0.0045064998486980005	-0.004506499848620748	-0.004506499848578098	-0.004506499848540964	-0.004506499848503986	-0.004506499852031045	-0.0045064998519188	-0.004506499851806209	-0.004506499851723681	-0.004506499851674145	-0.004506499851521979	-0.004506499851418188	-0.004506499851278371	-0.004506499851198281	-0.004506499851074732
60.0	-8.274811599615405e-17	-2.6731442146843356e-16	5.375570948824675e-16	1.1681708367252824e-16	-1.5937111153027e-17	-1.758292039041265e-17	-8.936751215094339e-18	1.7324419053722945e-17	5.796814835716759e-18	1.2174094696902392e-16	4.333540348378916e-15	3.588852980581696e-15	-1.7340403260960165e-16	-1.788831340918097e-16	2.8861492414600738e-15	9.720014900145e-16	8.145381959386099e-17	5.131347258891944e-17	-8.951547483104993e-17	-7.836352631745696e-17	-1.0508473304264086e-17	4.8012890918206514e-17	-1.0074214740689166e-15	-1.535081173424554e-15	-2.198674162013006e-17	6.25134317601783e-17	4.9864716075430215e-17	-1.7681702224759432e-17	-5.184026365953577e-17	4.183914170670707e-17	-9.263603208490858e-17	-4.485188992194671e-16	-1.3903303205728706e-15	-1.353505962307591e-15	-1.345774565862977e-15	-1.3351743024047833e-15	-1.6918628038437687e-15	-1.7452706704033656e-15	-1.891604318297581e-15	-1.7425583761300355e-15	3.9348116603870077e-16	3.4517168862592366e-16	-4.410925697870234e-15	-4.229511606677797e-15	-4.20325516732829e-15	-4.428506623688819e-15	-2.721760351639718e-15	-2.514100362896091e-15	-8.25457703020438e-15	-7.991036671634437e-15	-1.941634799835413e-14	-1.887433895416926e-14	2.8657277237999754e-13	2.7796563510383445e-13	-3.3253551804155924e-13	-3.4673018665388353e-13	-5.378775299904127e-12	-4.679978163012848e-12	-2.715736243158779e-13	-1.0001697401371073e-10	2.9098878902058353e-9	-7.602333678724887e-7	-0.0007673254889097324	-0.0046958624135928165	-0.0046958625241155395	-0.00469586252420216	-0.004695862524282227	-0.0046958625243833044	-0.004695862524490212	-0.004695862524560808	-0.004695862524594596	-0.0046958625246695555	-0.004695862524705342	-0.004695862524788226	-0.004695862524849705	-0.004695862524881999	-0.0046958625249634315	-0.004695862524978978	-0.0046958625249919304	-0.004695862524990021	-0.004695862525100012	-0.004695862525063164	-0.00469586252505339	-0.004695862525066386	-0.004695862525061727	-0.004695862526361455	-0.004695862526323742	-0.004695862526301922	-0.004695862526306809	-0.004695862526343744	-0.004695862526272759	-0.004695862526251606	-0.004695862526196945	-0.004695862526181923	-0.004695862526137689
61.0	2.7086087404523812e-15	9.949004414227557e-15	2.919685065564245e-14	4.452584796192024e-14	7.114257083346092e-14	5.81850370662924e-14	8.24101325756289e-14	1.1214883336909621e-13	9.212879232591095e-14	2.69042834282146e-14	6.764476227190868e-15	8.281604456237142e-15	7.64415651788343e-15	1.0710043799133153e-14	-1.9284108917490316e-15	1.5171172414244007e-14	2.075386233953778e-14	2.6960537792526118e-14	2.917563854177914e-14	1.4471708224538145e-14	1.0296281256237902e-14	5.5066162669687154e-14	2.4742814717329648e-14	3.196387651096146e-14	1.2943483277614218e-14	3.7313238637260153e-16	5.038766944173457e-15	8.671640307017819e-15	-7.220978086150298e-15	-1.7029870318652902e-15	2.0007841659156164e-14	1.643378201595376e-14	-1.7318535016801545e-15	-6.314554304912998e-15	-1.6621288853292342e-14	-1.994421628126734e-14	-1.7855081671148325e-14	-2.4754145492219058e-14	-2.8958938176453965e-14	-3.277562387810961e-14	-2.461323761649796e-14	-2.6288929517712513e-14	-2.999319411878854e-14	-3.164863186573998e-14	-2.8611726378271264e-14	-3.8995809925229663e-14	-3.2688675465656675e-14	-3.0838596993692525e-14	-1.5229316189166758e-14	-7.725538947746872e-15	7.602223265115187e-16	9.191618777417095e-16	-1.9523819072670026e-14	-2.9871441865231415e-14	-3.1986799889155595e-14	-3.008891060225409e-14	-2.2708290761509505e-14	-2.146266176762793e-14	-2.2085093173440922e-14	-9.26130085324832e-15	2.311410980554621e-15	-9.331019306020866e-17	-3.4199269554691827e-16	-6.899719385379965e-13	-6.803037660809244e-13	-8.414524130773543e-14	-1.1525068148781736e-13	5.264132652838878e-14	1.845210529868937e-13	3.4563658834786876e-14	-1.0866695484551348e-12	-4.453992218755335e-12	-6.9921433434519765e-12	-6.947042182777176e-12	-6.424663003427717e-12	-6.754661052844342e-12	-8.760055659757987e-12	-8.636051071493e-12	-8.764774846307649e-12	-8.73267061009516e-12	-8.760227251768083e-12	-9.157851939874042e-12	-7.806326798400348e-12	-9.230994593433423e-12	-9.450173093981069e-12	-8.83553703984125e-12	-1.0218658110289211e-11	-9.255044075730417e-12	-9.537899523820898e-12	-9.183009135849972e-12	-9.697540970946097e-12	-1.0153553015932246e-11	-9.196050117132755e-12	-9.312402015327576e-12	-8.55520408462532e-12
62.0	2.7241596191994594e-15	1.0527344937752125e-14	3.1270142384857545e-14	4.7951435909483834e-14	7.705617772952528e-14	6.226295912497417e-14	8.971907295992723e-14	1.1973796161989837e-13	9.888705566226296e-14	2.869125925607307e-14	6.990990710848091e-15	9.729440001545658e-15	7.973543929766602e-15	1.1828001296983516e-14	-1.8906715442528096e-15	1.591501188552466e-14	2.2757275592024115e-14	2.927025371056715e-14	3.152903300196484e-14	1.5613178665067603e-14	1.1529465757507271e-14	5.87445779477144e-14	2.565396086701653e-14	3.4512325518679555e-14	1.3775875519731709e-14	1.7999220951449542e-16	5.162083090484782e-15	8.921969115075216e-15	-7.303938591260152e-15	-1.828994034633173e-15	2.1254687616680296e-14	1.7879225541532964e-14	-1.815017380220959e-15	-5.692590919097394e-15	-1.787288146073326e-14	-2.1749157448980625e-14	-1.9390591023076694e-14	-2.72900178870501e-14	-3.1744582772038864e-14	-3.554624348134711e-14	-2.479397489804485e-14	-2.808793795798851e-14	-3.2701977851354806e-14	-3.3749686816673693e-14	-3.111211574609119e-14	-4.244011300900622e-14	-3.564222448801459e-14	-3.37305554960202e-14	-1.5850396734108655e-14	-9.3952536113379e-15	1.015372625793922e-15	1.070941702422342e-15	-2.1500576412235107e-14	-3.353520135733006e-14	-3.6318075785923594e-14	-3.569439491355465e-14	-2.688716789481575e-14	-2.8313481389666653e-14	-2.915665619976788e-14	-2.697196274644507e-14	7.625113777815976e-16	-7.207605945328575e-17	-5.929304550432889e-18	-7.393637969764237e-13	-7.288184393319408e-13	-9.015457814733441e-14	-1.2277130850692957e-13	5.536735511812248e-14	1.9773256295585676e-13	3.6916528782217765e-14	-1.1623702638617646e-12	-4.757157691977571e-12	-7.502099394149224e-12	-7.445554585389454e-12	-6.88559447570974e-12	-7.2351091675134296e-12	-9.392519539409358e-12	-9.248887846523448e-12	-9.376112429765845e-12	-9.365800782776938e-12	-9.380338044184447e-12	-9.806068336285405e-12	-8.360445109943322e-12	-9.88122039388354e-12	-1.012091934319657e-11	-9.457448061850497e-12	-1.0952661858846223e-11	-9.909438768661513e-12	-1.0211464063759826e-11	-9.833072518867842e-12	-1.0387474786629787e-11	-1.0873435018206652e-11	-9.847893122450657e-12	-9.976113915036665e-12	-9.15876827475154e-12
63.0	2.1265547943113484e-11	2.121071111637297e-11	2.140570672890867e-11	2.13524264961528e-11	2.2534619473921266e-11	2.118213577946477e-11	2.1687831722196898e-11	2.212910810010576e-11	2.3157424130255378e-11	2.3311492159597552e-11	2.4797674768256585e-11	2.3151495424519358e-11	2.3306415649821693e-11	2.4120819678917565e-11	2.418360620031474e-11	2.5018753889284647e-11	2.5006774962602598e-11	2.91389999583742e-11	2.908643067353436e-11	2.970323259154913e-11	2.8870694515018672e-11	-1.6930670680799395e-9	-1.6930272741025258e-9	-1.6929054402892463e-9	-1.6932215388066318e-9	-1.6929801342217818e-9	-1.6921472761127543e-9	-1.6911015194186687e-9	-1.691084307946729e-9	-1.691167618947552e-9	-1.691027963942388e-9	-1.685161386750556e-9	-1.685161359422807e-9	-1.6845779563044424e-9	-1.6845779599591063e-9	-1.6839022756955078e-9	-1.6839021672105961e-9	-1.6830726778306717e-9	-1.6830717684295059e-9	-1.6820308288208228e-9	-1.682030556451065e-9	-1.6806970695341662e-9	-1.6806974632072777e-9	-1.678950024954687e-9	-1.6789501245006225e-9	-1.6765955929752686e-9	-1.6765958819756955e-9	-1.673316156773765e-9	-1.673316366001692e-9	-1.668552974990885e-9	-1.6685525432709293e-9	-1.6612517290129693e-9	-1.6612516272786244e-9	-1.6492230528018377e-9	-1.6492224829211055e-9	-1.6272554364434298e-9	-1.627255107952883e-9	-1.580227212951092e-9	-1.5802275644048084e-9	-1.4465732926005833e-9	-1.4465822961512077e-9	-6.818159469124509e-10	-3.263611575389996e-17	2.0044023644817388e-16	7.800463441753467e-17	-3.615829161172027e-9	-3.6152556844369596e-9	-3.6163596084373233e-9	-3.6161045890253706e-9	-3.6144086260061144e-9	-3.61425196289627e-9	-3.613791595999724e-9	-3.613069537341574e-9	-3.6128720194914726e-9	-3.6144832477846353e-9	-3.614913081470373e-9	-3.615278254277653e-9	-3.6137043639903652e-9	-3.6158315018871865e-9	-3.6128904064685826e-9	-3.6128027889485426e-9	-3.6129253658023286e-9	-3.6136451155369677e-9	-3.6130966961690723e-9	-3.615787863809638e-9	-3.616523525932204e-9	-3.6195045185521523e-9	-3.6204591237470574e-9	-3.6210800226378994e-9	-3.6207193243602818e-9	-3.6180765573041666e-9	-3.6174255886496897e-9	-3.6164981327389706e-9	-3.61595405749344e-9	-3.6162731602390266e-9
64.0	2.5024340808873244e-11	2.4960509387216564e-11	2.518930084364011e-11	2.5127177519217038e-11	2.65177116073613e-11	2.4926110515300333e-11	2.5521449537452334e-11	2.604108191999144e-11	2.7250371572034307e-11	2.7431747249992085e-11	2.918129380418752e-11	2.724348783344926e-11	2.742614515105344e-11	2.838452112269659e-11	2.8458212154593287e-11	2.9440557350887646e-11	2.942723187642499e-11	3.428951047140229e-11	3.4227811590143327e-11	3.495353549665352e-11	3.397423636519231e-11	-1.9923362480924067e-9	-1.992289787957463e-9	-1.99214601166624e-9	-1.992518884044347e-9	-1.9922339859435e-9	-1.991254204296476e-9	-1.9900239661303914e-9	-1.9900034865886083e-9	-1.990101246089256e-9	-1.989936262728068e-9	-1.9899374855749585e-9	-1.9899374471690735e-9	-1.9899373475943485e-9	-1.989937568684689e-9	-1.989937946329486e-9	-1.9899377878559132e-9	-1.9899377888507832e-9	-1.989936650623195e-9	-1.9899367641452853e-9	-1.9899363565609306e-9	-1.9899361832433162e-9	-1.9899367256234006e-9	-1.989936991325676e-9	-1.9899372797847123e-9	-1.989937535643243e-9	-1.989938020004999e-9	-1.989938029785017e-9	-1.9899384572090844e-9	-1.9899383841367204e-9	-1.9899377602819013e-9	-1.9899370505354706e-9	-1.9899369454667906e-9	-1.989936925979517e-9	-1.989936352770117e-9	-1.989936510175675e-9	-1.9899360380732006e-9	-1.9899359643789056e-9	-1.989936421816515e-9	-1.9899364769133006e-9	-1.9899490137201216e-9	-1.9899490602460053e-9	-3.4841893360454353e-17	1.6738594234367122e-16	-5.984395282228417e-19	-4.2549685151015144e-9	-4.254294043827719e-9	-4.2555934593058965e-9	-4.255293114984521e-9	-4.253297485809542e-9	-4.253113248099763e-9	-4.252570963970903e-9	-4.251722329822051e-9	-4.251489104533186e-9	-4.25338467461418e-9	-4.253890894866677e-9	-4.254320840367446e-9	-4.252468921728717e-9	-4.254972046221597e-9	-4.251510639238561e-9	-4.25140784032064e-9	-4.25155214323031e-9	-4.252398770193628e-9	-4.251753733780712e-9	-4.254920644700785e-9	-4.255786253439558e-9	-4.259293283469911e-9	-4.260416973041503e-9	-4.261147938989392e-9	-4.260723276553245e-9	-4.257613930860848e-9	-4.2568475465742736e-9	-4.255756356983017e-9	-4.255116430320546e-9	-4.2554916037730605e-9
65.0	-7.35450844567481e-9	-7.354080020804573e-9	-7.35379706770059e-9	-7.353730562264041e-9	-7.3517724121144775e-9	-7.3483714693002206e-9	-7.3471703738310165e-9	-7.3466258689022245e-9	-7.346845803698711e-9	-7.346624190377269e-9	-7.347775445443531e-9	-7.348365739549028e-9	-7.347620499659973e-9	-7.3471904079389775e-9	-7.3453187361062075e-9	-7.342234592084099e-9	-7.339924836170443e-9	-7.328764713547927e-9	-7.328129320826565e-9	-7.327206576401002e-9	-7.325777157816313e-9	-6.298121912119222e-9	-6.298158117267446e-9	-6.29718483069979e-9	-6.297652942200749e-9	-6.298636068917549e-9	-6.300961316955855e-9	-6.299728527271691e-9	-6.299529833173887e-9	-6.2992894249545835e-9	-6.299137816641852e-9	-6.2993718603614e-9	-6.299927640811785e-9	-6.3002597623962604e-9	-6.30140845275368e-9	-6.301767542138778e-9	-6.311018206951604e-9	-6.311096132913391e-9	-6.311120075120993e-9	-6.312379331642278e-9	-6.313456743801862e-9	-6.316061783185702e-9	-6.319231625510657e-9	-6.319634871699806e-9	-6.3195707577597914e-9	-6.32024210080996e-9	-6.316754336529706e-9	-6.316571318713708e-9	-6.320654550384815e-9	-6.320525553004939e-9	-6.32080016441217e-9	-6.322074198539037e-9	-6.322107348580426e-9	-6.322221411684642e-9	-6.323043355522126e-9	-6.32359142883116e-9	-6.324780427235368e-9	-6.324214663836205e-9	-6.325354852877014e-9	-6.325841066492486e-9	-6.325935208234072e-9	-6.325929389567605e-9	-6.325912291227908e-9	-2.1022186230939606e-17	-1.5943795728384343e-10	4.67290608923476e-12	4.669768107923855e-12	4.6472983746863645e-12	4.605242984558254e-12	4.567401281624197e-12	4.54955339981476e-12	4.498559170757895e-12	4.419426461451074e-12	4.383540955905587e-12	4.639276865691113e-12	4.563767768657494e-12	4.347748703706885e-12	3.205438469691399e-12	3.281759265882247e-12	3.5558357550759832e-12	4.034751359380174e-12	3.6700633256023496e-12	3.5761564149225333e-12	3.6046313678379675e-12	3.551710853277434e-12	3.5589537902904757e-12	3.7318653452748605e-12	3.66903572648899e-12	4.624847234029401e-12	4.9043464141283125e-12	4.517458685817847e-12	4.422984917908153e-12	4.737847717215331e-12	5.167634112463407e-12	5.159196793444422e-12
66.0	-6.24978608713991e-9	-6.249421994625093e-9	-6.249181598869634e-9	-6.2491249988638885e-9	-6.247460846982364e-9	-6.2445708954297075e-9	-6.243550336155269e-9	-6.2430876334557854e-9	-6.243274407905674e-9	-6.243086068091628e-9	-6.244064446518448e-9	-6.244565968003622e-9	-6.243932766068826e-9	-6.243567215374735e-9	-6.241976695159258e-9	-6.239355727082702e-9	-6.237392963006431e-9	-6.227909309871884e-9	-6.227369245043656e-9	-6.226585250302274e-9	-6.225370454903089e-9	-5.352079494877304e-9	-5.352110261545665e-9	-5.351283177151557e-9	-5.35168100734174e-9	-5.352516464319941e-9	-5.354492463700898e-9	-5.353444885519515e-9	-5.353275993019007e-9	-5.353071770193888e-9	-5.3529427912427174e-9	-5.353141853442649e-9	-5.353614069088027e-9	-5.35389630149618e-9	-5.35487255859791e-9	-5.355177516032133e-9	-5.363038745522883e-9	-5.3631050158284345e-9	-5.363125329159858e-9	-5.3641953105673625e-9	-5.365110913956521e-9	-5.367324685582077e-9	-5.3700183462413785e-9	-5.370361017142499e-9	-5.370306646880039e-9	-5.370876917060969e-9	-5.36791317701856e-9	-5.367757777149568e-9	-5.371227452894709e-9	-5.371117804448048e-9	-5.371351308068154e-9	-5.372434015762185e-9	-5.3724621178346486e-9	-5.372559134168339e-9	-5.373257617420089e-9	-5.373723289757195e-9	-5.374733741202747e-9	-5.374252854846926e-9	-5.3752218159557934e-9	-5.375634913041775e-9	-5.375715085323175e-9	-5.375710096558266e-9	-5.375695499325083e-9	-6.994419168304967e-17	-5.462849316122756e-11	3.3965172980486666e-12	3.3946197023158886e-12	3.690435092477105e-12	3.657314472706761e-12	3.735251392552909e-12	3.7203475340526305e-12	3.728124977741847e-12	3.662693631285393e-12	3.659537955036316e-12	3.8730887180956814e-12	3.8267233303783776e-12	3.645998676121212e-12	2.695349702194633e-12	2.759670084139088e-12	2.9959637539364756e-12	3.399559106327819e-12	3.096458323275476e-12	3.0172744698251325e-12	3.0445889674038024e-12	2.9998003857917574e-12	3.0083179181176096e-12	3.1544281172022544e-12	3.1033170928605776e-12	3.911695043179266e-12	4.1500375732149585e-12	3.8227649566810726e-12	3.744238434031282e-12	4.010795936947537e-12	4.376123276131829e-12	4.369052017194284e-12
67.0	7.70719256102283e-16	-3.55279265241968e-16	-2.0835571581586894e-16	-3.915985565125407e-15	-2.6268623558430535e-15	-1.6182108945471654e-15	-8.392725930872513e-15	5.742145905021209e-15	1.0088836147988007e-15	-2.9478612020863997e-16	-8.228200537459059e-15	-4.6507131108004244e-15	2.0687646210964516e-15	5.118645450865161e-16	1.4973420626681164e-16	-6.541596008953814e-16	-8.96006618860574e-17	4.649930656948747e-16	-4.122479865643536e-16	1.4208802008883304e-15	8.769420962017383e-16	8.905360206419786e-15	1.3123495434935496e-14	2.0195910194907398e-15	-4.1247015463710836e-17	-2.1231508859838524e-16	-1.403047871189567e-16	1.208630074821687e-16	2.5947173064035648e-17	6.531531868595533e-17	3.889148417019003e-17	-1.6045564294911677e-16	-2.0261663772643583e-16	1.0060349824146107e-15	1.0391250511610858e-15	7.243865503049876e-16	-3.3341667792187142e-15	-4.249685415790578e-15	6.1256560817371e-16	2.7447189313537204e-15	2.2116621860378693e-15	8.268068510298731e-16	-1.912513527264806e-15	-1.8857534802217646e-14	-4.4742649958414796e-14	-1.0626856381925806e-13	-1.0126557832443872e-13	-8.620253320362865e-14	-1.6062285149440122e-13	-1.1952461003789495e-13	-1.4779282018409281e-13	-1.577325353886601e-13	-1.7716171581107702e-13	-1.7193819519630035e-13	-2.343839343607451e-13	-2.2200817062344858e-13	-2.6803975436388133e-13	-2.1754796491934055e-13	-1.8847173953676906e-13	-1.359703266957872e-13	-1.169715560954673e-13	-1.0114518053002854e-13	-1.581450743728382e-13	-6.143657905906991e-16	-9.618173868132813e-17	-8.549842698546795e-17	-7.080454680193338e-14	-2.3503848641448787e-13	1.0711725636680586e-11	1.1786218430684985e-11	1.2441808481204435e-11	1.2850311216687207e-11	1.3395537699034536e-11	1.3615420137724116e-11	1.3766125455300114e-11	1.3894316696382486e-11	1.3993533717639367e-11	1.4071846535555757e-11	1.411565780509552e-11	1.4166640704019559e-11	1.4173908586761345e-11	1.420975679057694e-11	1.4230788632246035e-11	1.4256107175020828e-11	1.4274937611575879e-11	1.429502305452068e-11	1.4316208896392372e-11	1.4331346137276302e-11	1.4349902281001961e-11	1.4362158476765761e-11	1.4383661149050563e-11	1.4392824570672554e-11	1.4401671569362625e-11	1.4410158476027213e-11	1.4423906365960949e-11
68.0	6.940084774793415e-16	-3.177147744459633e-16	-1.7969447288036635e-16	-3.541618952156742e-15	-2.41099454127616e-15	-1.5217158518188103e-15	-7.86083061815659e-15	5.19393139913477e-15	1.0176223914663527e-15	-1.3825703572100829e-16	-7.674264923438358e-15	-4.285659175478811e-15	1.803271110997839e-15	3.591058419722912e-16	9.614897930760255e-17	-6.531628294162491e-16	3.6948000642871414e-17	2.54116026546999e-16	-3.3086172834176493e-16	1.3717384955911885e-15	7.89878892105614e-16	8.254666637137344e-15	1.17326716126673e-14	1.957609475746716e-15	2.6414617241504035e-17	-2.2715920972518105e-16	-2.748060866615236e-16	9.734746185326413e-17	3.1238544692871194e-17	1.2050723246611745e-16	2.2555717822078187e-17	-1.5794131713458486e-16	-2.8172454137158495e-16	9.59140083901729e-16	1.0424232307962808e-15	7.337605554939914e-16	-2.9689553747344797e-15	-3.994723025405472e-15	5.95682214945293e-16	2.640735345761878e-15	2.2363639374842484e-15	7.407808201013035e-16	-1.8117033651615662e-15	-1.7617719745188943e-14	-4.224477386074915e-14	-9.954530152847046e-14	-9.493537153453248e-14	-8.132852977207508e-14	-1.507864613624221e-13	-1.1120365552493463e-13	-1.381477981848664e-13	-1.4794195705304964e-13	-1.6425534760857623e-13	-1.5915437268317064e-13	-2.1896259604903627e-13	-2.070953390334237e-13	-2.503218596160353e-13	-2.028883696606103e-13	-1.7659849795560933e-13	-1.2688639732619067e-13	-1.088141614648615e-13	-9.469821591798612e-14	-1.4790766663593655e-13	-7.93309737813811e-16	-1.4858879152096663e-16	-2.4696652297206736e-16	-2.4368949038137866e-14	-1.7757672093595872e-13	8.09248686485717e-12	9.918763776859896e-12	1.047045801218712e-11	1.1256533341172431e-11	1.1734133078147606e-11	1.2166015593831401e-11	1.230072725696904e-11	1.2558058252228312e-11	1.2647668384850852e-11	1.2810595473278784e-11	1.2850514965619008e-11	1.2959808373057576e-11	1.2966520741430877e-11	1.3044170274925572e-11	1.3063448451623428e-11	1.3119808670714855e-11	1.3137120884037925e-11	1.3180876361047369e-11	1.3200386560624854e-11	1.3234034065730448e-11	1.3251179706886815e-11	1.3278005432602127e-11	1.3297969902100557e-11	1.331914362278505e-11	1.33274141842397e-11	1.3346282237353666e-11	1.335893234164111e-11
69.0	-1.0921691639160728e-16	-4.307528563413859e-16	-2.1986827537623035e-16	1.2065298198173646e-16	1.345364478403021e-16	9.745279081873518e-17	8.450865932140239e-17	1.4091679054186021e-16	1.455618559493486e-16	2.3999014265570774e-16	-1.6192135165770139e-15	-1.5948118656149806e-15	-1.6823598447789748e-15	-3.727994732707124e-15	-1.6399867326839568e-16	-4.8699310242573356e-17	5.0582357471655194e-17	1.112355072344464e-15	4.000771269988063e-16	-3.4354009449536446e-17	-1.0062529275668201e-17	-2.0303391096413757e-16	-2.1505714699498462e-16	-1.6677763726212904e-15	2.1227940067759097e-15	2.3425558672489445e-15	7.64477931227266e-15	1.833628052841173e-15	-1.7174315647570163e-15	-4.778542549317672e-15	-3.810348553981885e-15	1.4284444438476884e-16	9.408592993448944e-16	2.1494164428923e-15	-1.682770107159087e-16	-8.57104473079832e-17	-6.1094771610885e-16	-3.2749542638113943e-16	6.469188081674585e-16	-1.932990439498794e-16	-7.685191737895103e-17	7.137002750370909e-17	-4.088740700674238e-17	1.578522149220257e-17	7.84975404962314e-17	6.504459375443353e-17	2.0998810364638684e-17	1.0579457178568233e-16	7.571886550743073e-15	-5.822168217680463e-16	-6.529791151260285e-16	-2.3980050371223445e-16	-3.665999747457905e-16	-3.9202909955435083e-16	6.957326121968446e-17	-6.6095219173478954e-18	-3.6666131082183006e-17	5.0131324773306815e-15	1.1071283766120954e-14	6.464803351397048e-15	2.283011072066079e-15	9.252044432311503e-16	4.459886639761286e-16	6.2050403807663005e-15	-4.0353198854573283e-13	-2.0964265797104592e-13	3.829885632662264e-12	2.4627182735625585e-13	6.643870172447342e-13	-2.61560459870959e-11	-2.4614877790717917e-9	-2.3958819944310785e-8	-4.5687755416733794e-8	-6.468670900052988e-8	-1.106135896015291e-7	-1.2529118809108145e-7	-1.4061242315006177e-7	-1.4791947092770177e-7	-1.409161304723539e-7	-1.4470007987116268e-7	-1.3349405799993387e-7	-1.362468613106013e-7	-1.2652700655128242e-7	-1.2826207424889295e-7	-1.1850498140364804e-7	-1.1965055586466348e-7	-1.084345087950256e-7	-1.0919924005980274e-7	-1.0152826326116025e-7	-1.0206979944667815e-7	-9.670381121764057e-8	-9.709257705668527e-8	-9.602234911150675e-8	-9.635158341101924e-8	-9.379309192762436e-8
70.0	-1.5222525246106338e-16	-3.2702203384503665e-16	-2.258435871308411e-16	1.0811963613940026e-16	1.158423684415666e-16	1.069071824902238e-16	7.144822916641922e-17	1.559787442948084e-16	1.3403054153413299e-16	2.207037831993994e-16	-1.5821669906102184e-15	-1.9620621632299987e-15	-1.7117357367608368e-15	-3.614051116792969e-15	-2.1650995834821975e-16	-9.52634036202038e-17	6.155586803560649e-17	1.068405272447259e-15	4.842465058016889e-16	-4.674527333433701e-17	-1.5728327647486314e-17	-2.6434648640407823e-16	-2.156188079376983e-16	-1.5607348942133703e-15	2.2230157595306526e-15	2.262621525573884e-15	7.221039983043135e-15	1.6785734505839598e-15	-1.7547297563850596e-15	-4.606601071180224e-15	-3.71774331222455e-15	8.843309876274246e-17	8.584964083422364e-16	2.051147120250628e-15	-1.6048495859430348e-16	-6.095113210185808e-17	-5.896249148032668e-16	-3.2656027623208253e-16	6.520472408755529e-16	-1.8512725076109112e-16	-6.343203527053866e-17	7.403517934534757e-17	-3.515775853786678e-17	2.0008588092466725e-17	2.061424896852199e-17	7.220646186550854e-17	1.6152291214298248e-18	5.916016708160691e-17	7.289991239031533e-15	-6.623714154754314e-16	-6.089799439971397e-16	-2.134177434717109e-16	-3.547309214573017e-16	-5.4567973435057193e-17	1.0405910777067388e-16	-1.7425585684615122e-17	-1.2483004806771162e-17	4.9691278291377316e-15	1.0689110882698132e-14	6.116604078701449e-15	2.2537171672681364e-15	7.471303201369481e-16	3.891772201029504e-16	7.181429453893979e-15	-4.690227571828784e-13	-2.7379304631391227e-13	5.001942828200305e-12	6.915580339412606e-13	2.283881670403856e-13	-1.9856562294285787e-11	-1.8686589753292465e-9	-2.0356564285540052e-8	-3.881851174236072e-8	-5.7410930049510235e-8	-9.817208419705128e-8	-1.1372096514859263e-7	-1.2762758541546494e-7	-1.3605880261903114e-7	-1.2961914606564737e-7	-1.3425399482759988e-7	-1.2386045209054883e-7	-1.2716717077221815e-7	-1.180994545893157e-7	-1.2022921164529117e-7	-1.1108586323504741e-7	-1.1251513720855969e-7	-1.0197095086632094e-7	-1.0293989536494776e-7	-9.570983503117522e-8	-9.640571559620828e-8	-9.133790003572306e-8	-9.184820863986148e-8	-9.083584715356389e-8	-9.126929803251363e-8	-8.884585852919428e-8
71.0	2.0972413282128142e-15	3.4101085580578945e-16	1.6160929717972516e-16	1.4302123921649214e-16	-1.2556377306871911e-16	-1.5838932867946967e-16	1.00211426335696e-15	2.1933086406458337e-15	1.6166810009264202e-15	-3.2729796490536543e-17	-2.116711900751627e-16	4.216719205202225e-15	1.4963095115203158e-15	-1.9360379028989327e-15	-1.9308359630823304e-16	4.858452340760771e-16	3.778370484336354e-15	8.404408955626346e-18	4.525810821364187e-16	3.7193954623059626e-17	3.3077658693298556e-16	2.9601234812348437e-16	1.5463764304053986e-16	-4.278272978262709e-15	-8.131270148896369e-15	2.042402955907006e-15	3.505552755719228e-16	-1.8905900159780535e-17	-1.0891481959494535e-15	1.1064083250137647e-14	6.4925371694267814e-15	5.501829849737806e-15	2.342452687567861e-15	-7.260122073928281e-16	-3.1677107473620217e-16	-1.168737239676908e-15	-7.366309567179908e-16	1.1127149488476604e-16	2.554267933563961e-15	-1.8025384391048125e-16	-2.5704669390156243e-16	1.0978440209301739e-14	1.5911650329858986e-14	2.029839576356617e-14	2.043503012231588e-14	1.8479473136911935e-14	2.8027071624957182e-14	2.277967122661639e-14	1.6708882189546528e-14	9.805160070615758e-15	1.9238175856557372e-14	2.0541829081820914e-14	1.9057037332770295e-14	6.79648209233292e-15	1.2632781822498198e-14	4.584673703273245e-15	-8.824095182202546e-16	1.1863416368663125e-16	-1.3807799260245494e-15	2.3307323241705854e-16	4.931607713712194e-15	2.317254422790076e-16	-6.781121892489143e-16	3.383320848005321e-10	2.695858556294872e-9	1.3906522185787109e-9	3.399522763108791e-10	1.06546383310471e-10	9.259246380069025e-12	3.270797741174556e-13	-1.442079501337138e-12	7.081274308134861e-11	4.35339669442384e-9	4.49284576517023e-8	1.6707800017193017e-7	2.4950272067787356e-7	2.059461179191559e-6	2.253621329393682e-6	2.3051645022105687e-6	2.413940148522125e-6	2.2946255545963508e-6	2.3902271969313614e-6	2.3000566179927733e-6	2.373959744665834e-6	2.268555279927112e-6	2.3342566859974043e-6	2.1464880055590495e-6	2.2021221121515204e-6	2.1392111075973483e-6	2.1820574697933595e-6	2.008877215553373e-6	2.041944488905484e-6	1.8398359374307802e-6	1.8651702092308997e-6	1.7083934785589124e-6
72.0	1.7620307406656975e-15	3.9901313421166874e-16	2.417160839906249e-16	1.7970390930572764e-16	-3.2689427685594313e-16	-9.542335018946612e-16	1.7306608913986343e-15	5.5184354292017e-15	1.8282310040896777e-15	-1.6262817861276938e-15	-4.742939345391173e-16	8.742569160760794e-15	3.785153439832834e-15	-3.2628592147181555e-15	-3.0847500570445417e-16	3.926735007805801e-16	8.110524916340774e-15	-3.1283344244639807e-17	5.341856057141321e-16	7.823905691722999e-17	6.319034027072488e-16	5.837731142398069e-16	5.588885327229845e-16	-3.957491095562559e-15	-9.298498321883094e-15	4.263137709956011e-15	1.0702012016737898e-15	-5.002127775691641e-17	-2.3045499331984546e-15	1.7784454439364788e-14	6.409842301707016e-15	4.040678164225788e-15	3.943179067137319e-15	-1.2855273713292749e-15	-3.4556549019791306e-16	-2.5264895646468173e-15	-1.3403801423841344e-15	4.063408258783289e-16	2.553015955063079e-15	1.7915724943855704e-15	3.910341644997602e-15	1.13318744037263e-14	1.4388196493683176e-14	2.312486960659317e-14	1.572562941111686e-14	6.891671662257931e-15	2.6481801069057738e-14	3.004579666452569e-14	1.5965168812468334e-14	1.0005525172404138e-14	2.0803895045279467e-14	2.0143439642613038e-14	1.847736583086155e-14	4.52455547700173e-15	1.7616033438311083e-14	9.482721269244727e-15	-2.374390619587528e-15	-1.1768789347850315e-16	-2.1737762952065517e-15	-8.545407964412356e-17	1.1575376416602768e-14	4.950538906058238e-16	-3.365846733192514e-15	3.766877906483892e-10	3.0017720494053666e-9	1.6245232741596444e-9	3.9711886768030044e-10	1.3963306587537098e-10	1.2134498061669659e-11	9.32911646395895e-13	-4.958330804025608e-13	5.3820854722918946e-11	3.3087815459871966e-9	3.8280927085226116e-8	1.4235745219948622e-7	2.2240208287448234e-7	1.8357558660566543e-6	2.056870415106834e-6	2.103927694031192e-6	2.234902452790118e-6	2.124436835521266e-6	2.233901469375988e-6	2.149629612127748e-6	2.2333868340277157e-6	2.1342323634189078e-6	2.206659514692809e-6	2.0292064352891073e-6	2.0893888458399386e-6	2.0297126429478122e-6	2.0761883558004054e-6	1.9114761250363643e-6	1.947256361446915e-6	1.75460797469082e-6	1.7820768927132215e-6	1.6323698748766823e-6
73.0	-3.949519023149913e-18	2.6847729605369725e-17	4.719827484752583e-16	-1.1633391009619105e-14	-2.6388262808958493e-14	-2.7008493575884427e-14	-6.561794178686064e-14	-7.366014834612638e-14	-6.895517560505275e-14	-9.435515052109605e-14	-6.486077905408813e-14	-5.933612382143932e-14	-4.945752049036143e-14	-2.7219583380482122e-14	-1.868885847502801e-14	-3.6568585714558114e-14	-4.445822758042334e-14	-5.947062232163029e-14	-5.1248819583690364e-14	-3.144198243902332e-14	-4.0063764022289744e-14	-2.6939805371355842e-14	-2.2779817031281452e-14	-2.090357968245169e-14	-3.041231460737467e-14	-2.5426992316828038e-14	-3.865877163547777e-15	1.9932798211778468e-16	1.4160636567093252e-16	5.265956434371325e-16	-1.7821538612010313e-15	-1.2010643364659303e-14	-1.1553802275942629e-14	-1.2157191739907487e-14	-1.0428430444259755e-14	-7.514276710909636e-15	-7.221274790199854e-15	-1.080407314519414e-14	-2.5237306719851622e-14	-1.9486932683309058e-14	-1.549224793462639e-14	-8.13506528020029e-15	-9.269582199551346e-16	-1.1877966144175705e-15	-1.1969212161736877e-15	2.0883823622654544e-16	1.9389113654827025e-16	1.4710634489071869e-16	9.579066823270007e-16	2.1285587712945344e-15	1.0014927656051332e-15	1.0890821831419972e-15	1.4756145537446816e-15	6.81434706378945e-15	6.065311892824426e-15	2.10321914223489e-15	6.638730533932759e-16	-4.540576685377284e-16	6.9904826719310355e-15	5.890686721095873e-15	7.338050727302874e-15	6.498065344017158e-15	6.474017883683472e-15	-5.531976036429417e-11	3.615695413358671e-10	2.8736623283487867e-10	1.0534135350830392e-10	6.711369946510437e-11	-4.1220517090598594e-13	-1.7500169638046252e-13	-2.7955643598736213e-15	-9.109621865850144e-14	-2.7750037275301276e-11	-6.862871884272291e-9	2.1347289457281528e-7	-0.00012397894163595789	-0.07659183452613981	-0.0858334910829111	-0.09554772956701019	-0.1012990514599923	-0.08956853559216255	-0.0940684272411832	-0.08285866847983672	-0.08608263262485602	-0.07530516632840006	-0.07789889022071049	-0.06771924591272799	-0.06997408512986697	-0.06445402462395049	-0.06620329989894826	-0.058398893450025385	-0.05980630233406685	-0.05593361688179027	-0.057181197685285484	-0.056679837458598815
74.0	7.398278136870524e-18	4.2716884624491794e-17	6.569276426746076e-16	-1.1307268763570844e-14	-2.6946601523975437e-14	-1.90579518862877e-14	-6.248815518630354e-14	-6.884373505344312e-14	-6.191258870443832e-14	-9.329608432534641e-14	-5.857257272071504e-14	-6.371287368928954e-14	-4.2948903030968746e-14	-2.7070265228144144e-14	-1.7893875751063266e-14	-3.524954209242291e-14	-4.287396491158811e-14	-5.4555544793532985e-14	-4.718194181943664e-14	-3.233805842193177e-14	-3.9227103326445484e-14	-2.886717178649975e-14	-2.1420564349972967e-14	-2.2345074919620663e-14	-3.0589628166253537e-14	-2.2301367647677018e-14	-4.038272468955626e-15	3.349808034604452e-16	1.510919369968402e-16	6.235609661488621e-16	-1.7173707464574976e-15	-1.2193015462942471e-14	-1.2457247332107562e-14	-1.1927564504977932e-14	-1.1116884384598408e-14	-7.641294340666087e-15	-6.727918853422792e-15	-1.1114871497852892e-14	-2.333267101206173e-14	-1.9648088609740814e-14	-1.7748706851727124e-14	-7.110700755390751e-15	-9.008463232572817e-16	-1.3027201025372212e-16	-1.3039901139507971e-15	-3.88354242564499e-15	1.4800673166111016e-16	1.1724184113226648e-16	9.57764153020652e-16	1.90085392906222e-15	1.078286347119538e-15	9.503278415148831e-16	1.4658605314390781e-15	3.876462371910757e-15	6.371488869722768e-15	2.8453560695865687e-15	6.887247017541326e-16	-9.124117571043005e-16	6.647589999771562e-15	7.807027334137392e-15	7.818563024388888e-15	9.555260482270454e-15	6.283545527255381e-15	-6.014599429429895e-11	3.930725241513302e-10	3.207990468245214e-10	1.1760100211410368e-10	7.849555611188208e-11	-4.819809076614439e-13	-2.2964624627170906e-13	-3.629303606336515e-15	-2.6176062547806707e-13	-9.545673948801422e-12	-5.21890002894766e-9	1.6233636322533715e-7	-0.00010576333836676374	-0.0653369786064011	-0.07665070548631174	-0.0853256773888166	-0.09268446477888899	-0.08195152576684671	-0.08735541344223843	-0.07694561914823182	-0.08073402466753306	-0.07062619870341397	-0.07357124222416958	-0.06395712683997687	-0.0664284462112312	-0.06118809060045522	-0.06309667192559319	-0.05565849518966861	-0.05717697481613365	-0.05347455704539755	-0.05480984245531878	-0.054329263978311504
75.0	1.552269791484359e-16	2.3580851522632686e-16	1.9840234773466994e-18	-1.2593265583551438e-17	-4.018170727575068e-17	3.0463980879840916e-17	-2.607192265056468e-16	3.6783557416619595e-16	-2.5904961794057712e-17	-8.023305727666679e-17	1.1459653892122754e-17	6.568446759272032e-18	-3.1353276130529754e-17	5.760608856372283e-18	-1.8407630053484545e-16	-1.8265747225863734e-16	-2.4271412503863077e-16	-1.4977275278369902e-16	-7.503188432872016e-17	-1.2036259208791324e-16	8.151006737863537e-17	5.236619610976273e-16	-4.702137542977341e-16	-4.470913350381487e-16	8.977392187017602e-16	6.96241938406495e-15	-2.2822650750113823e-16	-5.992425450287944e-16	-2.5122629304741435e-15	3.311724155957927e-16	8.011785787478483e-16	5.2035970403164375e-15	-1.1339373174862682e-15	-1.0711907300842273e-15	-9.369387564703815e-16	-5.13133940001457e-16	-1.8977196574436758e-15	-1.7021392418239435e-15	-3.566541396280516e-15	-4.285989859368829e-15	-1.264684145102225e-14	-1.5473458489941176e-14	-2.150396953252739e-14	-2.9752488949575026e-14	-3.4242286245485265e-14	-2.5915429031375202e-14	-2.4252799919260962e-14	-1.8058998383312984e-14	-1.3629162438680348e-14	-6.697360389084748e-15	-1.2484936081383212e-15	-1.9118884391473122e-15	4.504851677028512e-15	7.992190778913624e-15	2.6809515568107884e-15	4.031949368378205e-15	-2.701623252794124e-16	-1.9651478335102705e-16	5.4922656354284684e-17	1.510617890732969e-17	-1.2746049221318873e-17	7.071986820845444e-18	-5.619116137187145e-18	1.7185246311769937e-11	1.4695382872957248e-11	1.3032761070552721e-11	1.5472843885043705e-11	1.2606948905415822e-11	1.2210080671386905e-11	7.945663737898296e-12	3.2916215806024344e-11	5.1092669234322915e-12	-6.340070882522269e-12	-8.720041292160217e-13	2.0792266632546865e-11	5.599871839026684e-9	1.80175294933425e-7	-0.00012201412046129617	-0.08791508163310402	-0.0952796944035457	-0.08633140953859278	-0.09185560737572301	-0.08181058207430017	-0.08582542176175963	-0.07191870361539528	-0.07492567812420724	-0.06273028420801477	-0.06520962800351084	-0.060070517549183564	-0.0620453314557959	-0.05449680510277525	-0.05616524256461053	-0.05303342074501901	-0.054501744324298176	-0.05284206127388387
76.0	1.7029033226159516e-16	2.3857801157806106e-16	9.192344579069222e-18	4.4306959325125543e-17	-3.799313656906321e-17	2.6039091631907597e-17	-2.398997900709229e-16	2.6156526003977185e-16	-1.1500144622463698e-17	-1.490854596985247e-16	-2.9368614544369003e-17	-8.130037124097634e-18	-5.261303457789264e-17	1.1238139545432546e-17	-1.7197416678822486e-16	-1.9436694702049948e-16	-2.0183654791163664e-16	-1.1584749811389388e-16	-7.275511925672409e-17	-1.1235550904609296e-16	6.688381308589517e-17	5.045449079311099e-16	-4.474664048096867e-16	-4.542670447244378e-16	1.2209546595996063e-15	6.7603928580607895e-15	2.805185920886216e-17	-5.871939647032922e-16	-2.5955157833274358e-15	3.877368572954973e-16	8.145924270479217e-16	5.138748534042272e-15	-7.081910933661924e-16	-1.0565732569843762e-15	-1.0125754134483994e-15	-4.70436093529688e-16	-1.913050792514458e-15	-1.7194070651435991e-15	-3.3858228264136385e-15	-4.261797338805458e-15	-1.4758537392284334e-14	-1.6060478706235635e-14	-2.0742118748771662e-14	-2.848829435667335e-14	-3.3543219001652717e-14	-2.5402326113391847e-14	-2.37017030833589e-14	-1.587563547051419e-14	-1.360996237703308e-14	-6.0182864857053064e-15	-1.3321157527474256e-15	-4.2835106391280036e-17	4.637433697158383e-15	9.873152743034655e-15	2.604695545669938e-15	4.708024109621686e-15	-2.7610459574700123e-16	-2.0320139379955735e-16	5.661691432868603e-17	2.3494079900933426e-17	1.6723578888742562e-18	-8.855411453720877e-18	-7.595948818964495e-19	1.8409502597600748e-11	1.5740059824520662e-11	1.4194046990346988e-11	1.6846876441184698e-11	1.4081841990632493e-11	1.3638459449543589e-11	9.297930293395808e-12	3.851835733836799e-11	6.709503868543337e-12	-8.325733294472712e-12	-2.5161252051421785e-12	7.1556179302520886e-12	4.259438606882849e-9	1.370465563137438e-7	-0.00010414713462264207	-0.0750366233875008	-0.08516369297506168	-0.07716546271076868	-0.08415117831987515	-0.07494868618426874	-0.07982886529456976	-0.06689379944737428	-0.0704043622803839	-0.05894488447057044	-0.06172082636066736	-0.05685666632478943	-0.0590436622485105	-0.051860321412502644	-0.053671423708904445	-0.050678654054997885	-0.052261605884906914	-0.050670144821282806
77.0	-5.290574840057428e-18	-6.802348437183075e-17	-6.333337247905753e-17	-2.214139965078192e-17	-5.3228451364784376e-17	9.064469941580238e-19	4.931447749137806e-17	1.2152047496929207e-16	2.7808739744219125e-17	-1.852613378995157e-16	1.8921985499114836e-16	1.8800145003101457e-15	6.57547363507156e-16	5.431507494496629e-16	4.655885860574439e-17	-4.535634202853377e-17	-1.4891028626430117e-16	-1.0661399590891656e-15	-1.7918992280074367e-15	-1.122905262760328e-15	-4.453212505534979e-15	-1.5936505225654639e-15	2.196716428272125e-16	3.5447630955704993e-16	2.237993731641925e-15	1.5694135425578134e-16	7.038412895148102e-17	6.441932827687703e-17	6.378387505753453e-17	4.013745864133129e-17	2.1287968389018842e-17	5.818136345540588e-17	6.392706490056524e-17	2.413324009925134e-17	-1.1792332787805702e-17	-3.671550990640983e-17	1.6730899339648533e-16	-2.2042902726240748e-17	5.342795937062265e-17	-4.075547184581384e-17	1.296574760001234e-16	3.1555224943650083e-18	-9.500188660175182e-18	2.0608884214617145e-16	-1.335312652521507e-17	1.937096779748061e-15	3.773716819526223e-15	3.942664858637191e-15	2.759845370987223e-15	1.1585505284069823e-15	1.5885643101641753e-16	2.2413083241288733e-16	3.371991436239668e-17	1.218486001261789e-16	9.951042216358349e-17	-3.90402441675391e-17	-8.249447085111043e-18	-3.509159357592787e-16	1.1013606596147865e-15	4.325573475624566e-16	1.5217639015002606e-16	-5.78565900477293e-17	-2.2589539343958084e-17	-3.803188202329224e-12	2.4959460081836267e-13	2.38002237573116e-13	1.2107093528300576e-11	1.114860531245119e-11	4.200851403055515e-11	3.518545575000965e-11	3.772122981272839e-11	3.496483525348617e-11	4.7577553634460566e-11	1.5592131669065204e-11	1.9813649085280697e-12	1.9746474982587375e-13	-2.497532753145644e-13	-6.698385551313438e-11	-1.7875053256656284e-9	1.2691689508355492e-6	0.000724138646897769	-0.004689860167977847	-0.015984551129778462	-0.016273376903064823	-0.0013887214721498896	-0.0006111606873971802	0.00539505396002854	0.005956960455370055	0.006071891041969869	0.006868246729547358	0.007990599047713359	0.008590747512487545	0.008893683879061864	0.00953009568229351	0.009391878835704205
78.0	-3.707247620245525e-18	-6.752979946090371e-17	-8.264001585026455e-17	-2.7460011706495515e-17	-2.2627606513518166e-17	5.907832096870692e-18	5.882080188393319e-17	1.3509528450520687e-16	1.6795961509600044e-17	-1.837401761177882e-16	2.0614777432841975e-16	1.3628024493961736e-15	6.205911559047742e-16	5.795629720762469e-16	-1.577982065031869e-17	-2.579245162968083e-17	-1.3571656620351442e-16	-1.114301032996771e-15	-1.6428887446490807e-15	-1.1613951868378919e-15	-4.492547098143777e-15	-1.3596957339075874e-15	2.546827831710484e-16	3.473355640931046e-16	2.2284616615973325e-15	1.316933677964534e-16	1.0807866473470452e-16	7.699524150034067e-17	6.221742328055459e-17	2.0475397855668067e-17	1.6207616621080053e-17	-1.8022110859578506e-18	6.807395806268172e-17	8.567307889186115e-17	-5.2107038759862955e-18	-4.9067498976134074e-17	2.156964106785115e-16	-5.61301896207325e-17	1.1793704662268404e-16	-6.773947772929559e-17	1.3508601711649132e-16	8.655478969037858e-19	3.357655796156517e-17	1.8194986885908872e-16	-7.016483310845166e-18	-2.2000700615510653e-15	3.712393681398326e-15	3.557349673420463e-15	2.7701303020571586e-15	1.367262160242087e-15	8.78705123886843e-17	2.2761727952032586e-16	4.5476279337427676e-17	1.8005921176956433e-16	6.934733077144326e-17	-1.0027980202150874e-16	5.332855189904203e-18	-2.9110063264042683e-16	1.100980943739694e-15	4.314933587997416e-16	1.0558765744313527e-16	-5.682012813199639e-17	-1.092277668360728e-17	-4.033182768570286e-12	2.6531752905656765e-13	2.552948258409006e-13	1.2985244879000072e-11	1.2147296929530534e-11	4.577138975357901e-11	3.931367086591486e-11	4.214712611499416e-11	4.092762785782294e-11	5.569112243628762e-11	2.048390802442934e-11	2.602985094674175e-12	5.713023760780409e-13	-8.602259966745673e-14	-5.09583289286579e-11	-1.3598445634576352e-9	1.083631370927284e-6	0.0006182471136799697	-0.004194061463706576	-0.014294665534160785	-0.01491927280402251	-0.0012731697027645527	-0.0005690036778521337	0.005022828048333783	0.005603891473295236	0.00571200871588009	0.006509466787561452	0.007573192649369925	0.008187713943666443	0.00847644067250171	0.009124244241241882	0.00899191321997186
79.0	4.795081183105172e-15	6.29137165749664e-15	4.8130398081998705e-15	7.255018905148817e-15	5.5379901569273464e-15	2.7925235736076275e-14	2.4607338560476407e-14	4.5431254385620053e-14	4.370922471929289e-14	6.598626060490766e-14	7.604497048529941e-14	7.48292479495059e-14	9.090952317435145e-14	9.76322365419532e-14	9.099166245677298e-14	1.1349768572473977e-13	1.022438830605275e-13	1.150485629259688e-13	1.1703415704809377e-13	1.0975261235939951e-13	1.3153567121456041e-13	1.1606672107020648e-13	1.245278763754893e-13	1.4011773150491662e-13	1.565474753512682e-13	1.4239763073742893e-13	1.4323007785399173e-13	1.3966730881603867e-13	1.6994257896313596e-13	1.827239356677343e-13	2.0112246325294589e-13	2.0537844634602602e-13	1.8615739154426534e-13	2.1072251039985562e-13	2.379929745043825e-13	2.6190920000587037e-13	2.5583761824959974e-13	2.625731292378863e-13	2.7231044212080355e-13	2.8755532392031066e-13	2.559614466892115e-13	2.754375686847102e-13	2.6090418542764006e-13	2.3574503646183996e-13	2.3141001803078325e-13	2.2387448101664517e-13	2.347069272843731e-13	2.673980844906453e-13	2.745200026907508e-13	2.751373758677831e-13	2.9685037983806137e-13	2.751200818705341e-13	2.756491210910657e-13	2.451140612484869e-13	2.4979901152059144e-13	2.499635061789581e-13	2.519083749986887e-13	2.277521459260796e-13	2.461037218263034e-13	2.414779582176725e-13	2.7086887342176205e-13	2.3854393794475873e-13	2.3854865671052746e-13	8.272914476954286e-12	6.917161806993806e-12	6.686687071381656e-12	-1.841999384958823e-11	-1.7661320878619672e-11	3.6393614362876795e-12	3.372310069081991e-12	1.021109598414498e-11	8.99647778029904e-12	-7.668050639359692e-11	-7.693709335590639e-11	-2.2333793302158073e-11	-6.540675211507024e-12	-2.405838625315134e-12	-5.485513475961665e-13	1.3495639443069884e-11	3.4072096021069284e-9	8.33517358011961e-8	-5.876220751313321e-5	-0.0508303691139076	-0.055598589569838125	-0.048199758252766386	-0.05179871319826985	-0.04267994852736729	-0.04529300099384683	-0.03928345488847603	-0.04110956622368932	-0.034638911936128614	-0.03605289200679654	-0.03361526778376816	-0.03482992185712812	-0.0308730977380108
80.0	4.84505367431985e-15	6.1717472706248534e-15	5.4255047405299325e-15	7.721864254768206e-15	5.796187489596389e-15	2.6295187168462686e-14	2.54840869539084e-14	4.4224267773280405e-14	4.21710415674635e-14	6.633342216032098e-14	7.498246155371237e-14	7.451841697265362e-14	8.94257543124005e-14	9.865030336013456e-14	9.07033753741243e-14	1.1291888243954392e-13	1.0275384101749326e-13	1.138405574077047e-13	1.183563468872969e-13	1.1055830323273529e-13	1.3171158354121106e-13	1.156827282571644e-13	1.2294570272623585e-13	1.4062087201092274e-13	1.5462920040642595e-13	1.4171250707079638e-13	1.4336659790404704e-13	1.397862330239891e-13	1.6734765061628338e-13	1.8103608967690778e-13	2.0282191446767338e-13	2.0478898803979111e-13	1.8725192008997181e-13	2.1238720155801848e-13	2.366178990776038e-13	2.6433286983530937e-13	2.570829826716472e-13	2.6297023988314736e-13	2.709037604504523e-13	2.88536024395507e-13	2.540649234501237e-13	2.755712803369796e-13	2.596152887692335e-13	2.3767422852443353e-13	2.314694431158838e-13	2.215859104655346e-13	2.3350473716903493e-13	2.662824241778276e-13	2.7233312700075356e-13	2.782959525505485e-13	2.9719073060329606e-13	2.777925444761046e-13	2.7391078524072826e-13	2.432636802165239e-13	2.472878462399902e-13	2.4916743431207573e-13	2.523141789613724e-13	2.2761406767593157e-13	2.473511510223834e-13	2.397387312442996e-13	2.6986532049128634e-13	2.384149776293093e-13	2.387807062479852e-13	8.711412127057844e-12	7.283690374716753e-12	7.0982515928095295e-12	-1.9553760238519755e-11	-1.895029667778316e-11	3.906304180145955e-12	3.675407635763377e-12	1.1129199374455357e-11	1.0054285916107745e-11	-8.569620199987485e-11	-9.007620141922779e-11	-2.614790402741473e-11	-8.594999096737835e-12	-3.161417352364366e-12	-1.5896794717963485e-12	4.65135846914749e-12	2.5924417121564253e-9	6.341971961260871e-8	-5.018917905087423e-5	-0.043405561318599496	-0.04973637802819135	-0.043117670527991904	-0.04751025235561739	-0.03914643178439824	-0.0421935374017768	-0.036595227368599166	-0.03870226238382486	-0.03261052132878068	-0.034201598419676564	-0.03188914685945679	-0.03324012390980069	-0.02946391330760711
81.0	1.2253623506221269e-17	4.9311579152470504e-17	-2.4292100792202375e-16	-1.7447458447726464e-16	-5.260244530168534e-17	-1.6379066031970575e-16	-9.295430706673364e-17	-2.1311933269626437e-16	-2.0634454016245058e-16	-2.630438261213407e-16	1.9718751433583812e-16	-2.4865512035270248e-14	-1.8238382669694047e-14	-1.4419936120598763e-14	-1.0561988973335218e-14	-1.3351704317227334e-14	-1.833640469594727e-14	-3.096001162093262e-14	-3.960296393143705e-14	-3.0956952452452334e-14	-2.69104947489041e-14	-3.186633960856455e-14	-3.0099882870112034e-14	-2.691419001956636e-14	-1.626019176169953e-14	-1.6522979260396748e-14	-2.340078145510562e-14	-2.4683780681244308e-14	-1.8969665730569645e-14	-2.1373078191490617e-14	-3.043644352895778e-14	-6.70837197194341e-15	-1.3702235833931163e-15	-3.770332021103526e-15	-4.201055069657669e-15	-5.062648411420961e-15	-4.622017025155376e-15	-3.5759279816002975e-15	-1.2169985675281311e-14	-9.07352132494839e-15	-1.1997338635632461e-14	-9.878249424272011e-15	-7.02737221317484e-15	-4.3195904831292846e-15	-2.8933060179162188e-15	-2.5321993383828215e-15	2.9384730597591876e-15	2.920066620743434e-16	3.1246733337593874e-16	2.6660258714047034e-16	2.7224998377654057e-16	1.0718348115726502e-15	9.237015200292383e-16	4.223625079672101e-15	4.9532888856621445e-15	4.095400306649168e-15	6.4320689521062135e-15	1.761652986200205e-14	1.1749686367045481e-14	1.7529960390630585e-14	2.346602505742047e-14	2.027188063588701e-14	2.0765874219597537e-14	-3.0204410650576754e-12	1.798559173375262e-12	1.7684664471526945e-12	3.3048244390313365e-12	3.2202989443191894e-12	-7.241305589592132e-11	-6.943378831526578e-11	2.2899839237057902e-11	2.1562758701911505e-11	3.5407150462206625e-11	3.2137976047209246e-11	-5.537904806927041e-11	-5.556708224381834e-11	-8.105677731579854e-11	-2.800805629191303e-11	-7.498318309458659e-12	-1.100524983564997e-12	9.75023378681909e-13	2.2627736743468181e-10	5.539235678648108e-9	-3.7208021916769314e-6	-0.0032697519120124885	-0.004508665729604488	-0.020865091777304053	-0.02249269331219975	-0.0216252841638466	-0.023603028311098485	-0.01912062146758948	-0.020276085200135522	-0.017977185665529267	-0.01901594295242973	-0.01635699551578825
82.0	1.0232757170142355e-16	6.365635117596837e-17	-2.2715016279363525e-16	-1.607189487264649e-16	-1.1041769584122824e-16	-1.9609853277878227e-16	-1.1325767551295388e-16	-2.1275270988513725e-16	-2.671734730022119e-16	-2.7817520518205676e-16	1.6188621010259227e-16	-2.5461499697544933e-14	-1.8515842069454533e-14	-1.47004294011699e-14	-1.035777120647006e-14	-1.3440658254976107e-14	-1.7785071990282054e-14	-2.9891327561000724e-14	-4.0056974523878505e-14	-3.073066583484847e-14	-2.7102394991354637e-14	-3.403643219323106e-14	-3.077651494081001e-14	-2.6652032869025142e-14	-1.5592848647957396e-14	-1.6785695914833844e-14	-2.3801781030824104e-14	-2.434762717523666e-14	-1.539472843174131e-14	-2.1723000474033763e-14	-3.105855074250982e-14	-7.147990614770088e-15	-1.322669728452513e-15	-3.996547971223431e-15	-4.473191318790948e-15	-4.842186021562063e-15	-4.671880633486795e-15	-3.549436668594828e-15	-1.2306741824674496e-14	-9.207384410790655e-15	-1.3185644235325002e-14	-1.0607523318307057e-14	-7.063023465304748e-15	-5.614347659066037e-15	-2.8662910259295575e-15	-2.951736030511874e-15	2.7578013732206754e-15	1.6979602781958959e-16	3.2574424557424944e-16	2.0045607821107328e-16	2.897398245685235e-16	1.1489887556980853e-15	9.253063680811307e-16	4.2173915842177594e-15	5.1607656144625195e-15	4.235913377378956e-15	6.504109198314317e-15	1.814764322058844e-14	1.2336671710810503e-14	1.616279257340781e-14	2.349753051901683e-14	2.1148550959011187e-14	2.0666003778020482e-14	-3.1652324458220622e-12	1.885639020895444e-12	1.8641665661785345e-12	3.4836067507078344e-12	3.420613104278545e-12	-7.691802172657834e-11	-7.453443118937125e-11	2.4582525745937503e-11	2.3509144435924582e-11	3.860363210478801e-11	3.592532141204519e-11	-6.190509685341888e-11	-6.506875189029083e-11	-9.491689457326283e-11	-3.6811652847986374e-11	-9.855257874648576e-12	-3.1929541844463174e-12	3.3638500328704615e-13	1.7220422314503736e-10	4.215480333354859e-9	-3.1781621305938014e-6	-0.0027925742494741127	-0.004034198478834598	-0.018669376055031738	-0.02063724716464549	-0.019841392132044007	-0.021997651150105494	-0.01782011455689924	-0.01910045562890383	-0.01693485225556069	-0.018058798285037814	-0.0155336760810156
83.0	1.680164366055508e-17	-7.158997252498377e-18	3.5843792170168555e-18	-2.1696725812114213e-16	-1.0492718739344485e-16	-2.5109758545129433e-16	-2.1254672862184348e-16	2.6115262412830405e-16	-1.487892127585508e-15	-1.13879604331934e-15	-2.7679589952890467e-16	1.242706913076318e-16	-4.1626412037440224e-16	-1.259138139951924e-17	-5.054653623569318e-17	8.246372943266205e-17	-6.306746333458805e-17	8.995846623678339e-18	-8.694981146895727e-17	-3.9886045146869467e-17	-5.01937866222955e-17	5.553917823371594e-17	1.4402854835350612e-16	2.507765388351476e-16	6.093188150482736e-17	6.795510664978456e-17	3.201876537438544e-17	6.142918086403895e-17	5.73938204300515e-17	-2.655004240455333e-17	9.16587501162577e-17	-2.1386392470609884e-15	1.1287108283893628e-15	3.0789204112385766e-15	4.7688473472213975e-15	-2.1719588863630015e-15	-7.125311337473448e-15	-1.061222970832592e-15	-9.6062297119316e-16	-1.2815810075198906e-15	-1.7361204515996293e-15	-1.8654626208425745e-15	-6.132766852032314e-16	-2.0185712268291876e-15	-2.8369014481654497e-15	-5.864308591332149e-16	5.407158937989307e-16	3.910687423057119e-16	-4.117362474733573e-15	-7.480120257194139e-15	-7.044438928121805e-15	-7.746908886772255e-15	-5.117884551653756e-15	-1.0036970458924863e-15	-4.996136622495338e-16	1.5133176779295793e-15	1.9448541922187155e-15	-9.146129915286227e-16	-1.2140438483066515e-15	-7.794460592086325e-16	-9.372270807320513e-16	-1.974145047240927e-16	-1.2530350007341487e-16	2.163260144932507e-13	1.1647997177814911e-11	1.1452950970741104e-11	-6.983435677134067e-11	-6.852526321760653e-11	-5.314912509366671e-11	-5.180068964040857e-11	-6.060485353179546e-10	-5.853791388067442e-10	-2.4442964855701123e-10	-2.3247445304913988e-10	-5.836656398011173e-10	-5.372100655551509e-10	-4.540396017418855e-10	-4.4407817196514404e-10	-1.8223920102587603e-11	-9.071372615236691e-12	1.6686271475674281e-12	1.6366819415146872e-13	-8.409868509469798e-12	-1.7161284155117535e-9	-1.722055888338502e-8	1.122227280842714e-5	0.008745787163322031	0.010510690387436777	0.01034599621188782	0.012051966550692059	0.012648473221531618	0.013837481731336917	0.013594717765585186	0.014928495960089308	0.014616870805791408
84.0	4.9594111923252054e-18	-9.472926627687037e-18	1.6295487808540424e-17	-1.93287877497073e-16	-9.784726269081569e-17	-2.8152298589333414e-16	-2.167821293843511e-16	1.245571537984098e-16	-1.5946962617701241e-15	-1.1299982155125051e-15	-3.291602230107917e-16	1.2689380902162853e-16	-4.292056264854628e-16	-9.723081167933229e-18	-1.684881002657063e-17	1.2391401234070435e-16	-6.839700820836684e-17	4.4114048093121713e-17	-9.998758898427429e-17	-6.973276493010826e-17	-3.5459212163025215e-17	5.482246163688154e-17	1.4818877549646556e-16	2.526329848978387e-16	5.582421365191191e-17	7.225958429851304e-17	2.2718961530945753e-17	2.959418986752425e-17	8.14701155977727e-17	-6.826022492409593e-17	8.420153368708398e-17	-2.1812332555812867e-15	1.1855048871993372e-15	3.056759379293139e-15	4.672573909484649e-15	-6.23490134734215e-16	-7.39065904651603e-15	-1.0951050468178042e-15	-9.744404806613228e-16	-1.2909304660954114e-15	-1.7081237563941266e-15	-1.9054049130232976e-15	-6.077208295656789e-16	-2.1423108962879043e-15	-2.8184360127889113e-15	-8.773471740073187e-16	3.6159364172185603e-16	3.582001500529368e-16	-4.2329600752452995e-15	-7.255202630307043e-15	-7.228671769646886e-15	-7.544686435962409e-15	-5.105612903756521e-15	-1.049219391666257e-15	-5.173561740619345e-16	1.573814428150199e-15	1.9967150089269835e-15	-9.873077361331956e-16	-1.2864892633656471e-15	-7.886434972425032e-16	-8.265908068963391e-16	-1.585321125426781e-16	-1.2781171267603198e-16	2.2600047615276425e-13	1.2163328703041969e-11	1.201668327138892e-11	-7.327785954119208e-11	-7.230303948924047e-11	-5.607779524324746e-11	-5.506437993841659e-11	-6.442359790875311e-10	-6.287604185541567e-10	-2.62540119719993e-10	-2.5357442094049513e-10	-6.366399673921895e-10	-6.007120371756332e-10	-5.077104180346705e-10	-5.201228923764041e-10	-2.1344677410030033e-11	-1.19245308770327e-11	2.1934401973971285e-12	4.750388277350882e-13	-2.9068752184880036e-12	-1.3063552095004137e-9	-1.3108538613316945e-8	9.58781815606121e-6	0.007470682809331816	0.009406590495770598	0.009259202424127738	0.011061113826097325	0.011608561511601499	0.012902283973046888	0.012675930330274558	0.014077291215016738	0.013783431689512836
85.0	1.7288890220907614e-16	1.6636045592470494e-16	-7.340408902633929e-16	-2.5922715250671754e-16	-1.4464117021269572e-15	-1.9208800418358208e-17	-8.787294092938105e-17	9.163637925179946e-16	-1.2381677574604538e-15	-3.1275945768401143e-15	-5.33363153220128e-15	-1.1503311713502154e-14	-1.2044397961356675e-14	-8.18904328889164e-15	-6.7684695989800835e-15	-4.138826472111264e-15	-3.2170381479607782e-15	-2.8387431156803695e-15	4.141108090457073e-17	1.4449640106489325e-17	-5.754008980669998e-16	5.641513874231394e-16	2.4932643942850922e-16	1.728152035032166e-16	5.3736287116638275e-15	8.865317430896302e-15	4.903733732770796e-15	1.520598686394453e-15	1.1301476148550698e-15	9.539879661121778e-16	-2.8251891991313e-17	1.3340720774884585e-17	8.211073271204965e-16	5.064619920170973e-16	3.336350483538804e-16	1.6738410779252591e-16	-3.588711122077901e-17	3.3838426104583684e-16	3.69259807568771e-16	-4.766008573965427e-17	1.8397268184548203e-16	3.5363919220617935e-16	2.3488947518443585e-17	7.741088478386402e-18	5.014343545403636e-17	1.8173317215169204e-16	-1.2324768300711314e-17	-1.3349212835897315e-16	-1.5010450994033166e-16	5.729072569564512e-18	1.0419432749303159e-16	1.3154277707780171e-17	-4.3802939665820314e-17	1.4484174884265643e-16	-5.64639074972896e-17	-1.0196882458095524e-16	-6.75665762549043e-16	-6.389380712963355e-16	3.8646742015474074e-17	6.566234784393405e-17	5.9907396586285666e-18	6.298447321834852e-15	2.992089845558939e-15	-8.029718059370587e-15	6.086619196891593e-12	5.9671135459663305e-12	6.32848157752436e-12	6.245915951382947e-12	-3.563230340409555e-11	-3.5055388971757495e-11	-1.829720697399471e-10	-1.7900951034959773e-10	-9.148468185287402e-11	-8.881095967114273e-11	-1.4436814684397123e-10	-1.3823742932286285e-10	-7.099275886384965e-11	-6.620749211931811e-11	-9.171174239969447e-11	-6.518211876972323e-11	6.6643226914771045e-12	1.8987433199313263e-12	4.8280474082948435e-12	8.13730346314139e-13	-4.4354158414550156e-12	-8.761128311424706e-10	-2.4097595055836184e-9	1.5060644446680666e-6	0.0008694912991208206	-0.0028725944357892758	-0.0173670029549715	-0.019443540727397193	-0.015239895340997784	-0.016805917146448524	-0.015260610119031471
86.0	2.0173488965045969e-16	1.7776373552513159e-16	-7.530382902541625e-16	-2.5047799098812184e-16	-1.5274050315844295e-15	-2.4363097044733306e-17	-7.174289432424261e-17	1.052900880987687e-15	-1.3954354716149843e-15	-3.0440131893938426e-15	-5.634917035835547e-15	-1.1647662567033507e-14	-1.2515895263963538e-14	-8.345925681017577e-15	-6.663429330539085e-15	-4.1092936891597096e-15	-3.70521417042689e-15	-2.8791875542250524e-15	3.952620794304271e-18	4.8280933290278e-17	-6.508690987449746e-16	6.019428292912163e-16	2.5323273769411153e-16	1.694638600150788e-16	5.4320766289026514e-15	8.543135123577187e-15	5.02096432265213e-15	1.6030265299085895e-15	1.7638635969689207e-15	1.126322286677063e-15	-3.9813602800472304e-17	-9.511400597961932e-17	8.437639106389041e-16	5.509536427394902e-16	2.9697141756226007e-16	1.6444666991583031e-16	-1.801936222615769e-17	3.491640384656408e-16	3.6398619287539807e-16	-4.6994204597066485e-17	1.842930029494904e-16	3.6690748763801875e-16	1.6652503383469862e-17	1.8561770873885466e-17	3.1565060868697576e-17	2.0413551530914196e-16	-7.840983253986234e-18	-1.317282260472568e-16	-1.5377100765892096e-16	6.722896508815965e-17	9.544074845572423e-17	-3.368851166522418e-17	-3.5767312680328824e-17	1.4124819963058002e-16	-4.338497418360223e-17	-1.6133435636966007e-16	-7.321342419353071e-16	-6.464849944898725e-16	3.539644001572634e-17	5.669463131019638e-17	6.363024969082566e-17	7.590024665555776e-15	3.034967217547975e-15	-8.389387840278178e-15	6.3362124906078564e-12	6.244360967153502e-12	6.622541222041751e-12	6.5634902588103295e-12	-3.7444950892837876e-11	-3.703692014243149e-11	-1.93312656469644e-10	-1.9050551741459415e-10	-9.735940317327744e-11	-9.548226913046905e-11	-1.5521272949535687e-10	-1.508937360157659e-10	-7.749232191583077e-11	-7.40715352269155e-11	-1.0260495808824587e-10	-7.636751350826071e-11	7.807961321556833e-12	2.4962805397172853e-12	6.347568789480374e-12	2.3644261268686124e-12	-1.5370369177040737e-12	-6.671916836906978e-10	-1.835124992823291e-9	1.287062065077381e-6	0.0007429020552286934	-0.0025715660207597255	-0.015547044597341889	-0.017853015836480513	-0.0139932399505569	-0.015688498934200285	-0.014245936260992622
87.0	1.4991241489765625e-17	-2.930531768018684e-16	-2.894771394201103e-16	3.3459819590710786e-17	1.6076743789215465e-16	-2.093828200958907e-16	-9.990970937556006e-17	2.1421118448386757e-15	3.540593456056436e-15	3.2743042335833774e-15	-4.394945874560626e-16	4.293240300268532e-17	-5.221383078355614e-18	-3.561675001165621e-17	4.8084347243926003e-17	-8.448539359539639e-17	-8.601786104506749e-17	1.0591258969114807e-16	3.3906616927915072e-15	1.7554711490389709e-15	3.359630420288627e-16	6.206984571400514e-16	5.820927570409444e-16	1.9826720796097524e-15	7.068449394519498e-16	4.3717344080032516e-16	6.032141492792819e-16	3.8773709772885776e-16	3.6866956031430887e-16	1.2623050937253184e-16	9.285674838009803e-17	-4.787801840706646e-16	-2.3968368452768695e-16	-1.6191881006479658e-16	-2.743164471755685e-16	-3.998248559667267e-15	-4.141972198142345e-15	-7.84818417881505e-16	5.313190047540149e-16	7.413167369918309e-16	-5.407797341336875e-16	-3.3499256201671233e-16	-7.238384940305487e-17	-6.970299991310439e-16	-6.613994296979278e-16	6.850372939681731e-15	-2.6712339034415275e-15	-1.6403911374551925e-15	-1.4702207014526717e-15	-1.0401847691030332e-15	-8.987662854863086e-16	-4.85086001333578e-16	2.2567788674356057e-16	-1.34048778970993e-15	-1.5695966415713987e-16	4.540358807153557e-17	4.177903059257831e-17	5.820147806352098e-17	3.687129864590443e-16	-1.4104721005543974e-16	2.9256075090596092e-16	1.4573190231036891e-16	1.4197648728397683e-16	-7.488019753787824e-13	-9.100088828822984e-13	-9.017892901884499e-13	-6.107694858223458e-13	-6.052187285744039e-13	-4.323965790411078e-12	-4.2768398661012816e-12	-4.540609179747555e-12	-4.478345683937355e-12	-6.1002380301528864e-12	-5.989737239830431e-12	-1.0889806491330618e-10	-1.0618885389256693e-10	-1.242974673389003e-10	-1.198865270883185e-10	-1.0225359421482804e-10	-9.646030387073353e-11	7.747315206910553e-12	6.389174722076753e-12	3.114810009943698e-11	2.844597424769499e-11	1.1622322679335716e-11	2.8231661690571227e-12	-4.191833760386763e-12	-7.157703102538663e-10	1.1258584747306836e-8	-6.68327919415333e-6	-0.004755288474112503	-0.00545343325093793	-0.006674917330841447	-0.0074234321007387695	-0.0181067705195064
88.0	2.1720696347896823e-18	-2.9520850670104783e-16	-3.7558155725304744e-16	-1.5980851341158138e-17	1.0616932275315951e-16	-3.0828166576698885e-16	-7.539783995662222e-17	2.1011158669074125e-15	3.147919894798465e-15	3.2476762972101625e-15	-3.5663444659539784e-16	7.41323852838639e-17	1.0231276069914719e-17	-1.7393585284228352e-18	-1.2485606253040314e-17	-7.917861539539828e-17	-5.380982982204733e-17	9.416683059801715e-17	3.53028531742279e-15	1.504944766870165e-15	2.988803523331363e-16	8.335331725625174e-16	4.588642616089534e-16	1.8698201696652875e-15	6.093215199958505e-16	4.4041293785581044e-16	6.214114698333706e-16	4.183965263521999e-16	3.8572739061715945e-16	3.6779056768267933e-16	1.3754793574655753e-17	-5.089067879180338e-16	-2.2315913493132213e-16	-1.1847705420122932e-16	-1.624277906862011e-16	-4.29011933922905e-15	-3.5341388909211135e-15	-6.983273405748711e-16	5.498188644189201e-16	8.16581192365574e-16	-5.185468982334932e-16	-4.0409400058689155e-16	-7.564572020036405e-17	-5.6377240916815135e-16	-4.524314441662846e-16	7.116315715283018e-15	-2.9864884646295214e-15	-1.7196383190337716e-15	-1.500319593363243e-15	-1.1195372026292507e-15	-9.178846442381248e-16	-4.945513413018723e-16	2.2616080367362433e-16	-1.5044134160634607e-15	-1.937804672360808e-16	5.795677400469427e-17	5.720048802672357e-17	7.470177099067973e-17	3.667766553723266e-16	-2.6461593053940987e-16	2.64349399124611e-16	1.458685307363136e-16	1.871069680859951e-16	-7.811939225863168e-13	-9.491972182308824e-13	-9.433203296280501e-13	-6.38839024512029e-13	-6.349998911593832e-13	-4.536592141666313e-12	-4.505119780432603e-12	-4.782946913300142e-12	-4.741771688820942e-12	-6.459110321829359e-12	-6.3865575522552764e-12	-1.1611098691337667e-10	-1.1434912783892068e-10	-1.338482683641167e-10	-1.3102931171716353e-10	-1.117573914061476e-10	-1.080161536430783e-10	8.675254846144988e-12	7.489182016964075e-12	3.651036430857987e-11	3.7406632097612363e-11	1.528346322606809e-11	8.207055615143879e-12	-1.45870742261756e-12	-5.454541491382672e-10	8.579551694962779e-9	-5.714423168032335e-6	-0.004064712344870211	-0.004884910286990266	-0.005979053142851683	-0.006827120795548735	-0.016652277121163885
89.0	-1.173509524878739e-15	2.2342313935319817e-16	-2.2753855917856704e-16	3.2058499572492083e-16	-1.4580296350268368e-16	-3.421193757903041e-17	-8.916626211790493e-17	-5.334896316725585e-15	-1.0853834283183469e-14	-6.783621499994975e-15	-2.2327408247856096e-14	-5.786913128992992e-14	-5.821718300767312e-14	-8.117348973002201e-14	-6.976286155082174e-14	-6.379756888949711e-14	-5.632666876323586e-14	-3.7895040366485823e-14	-3.704358128979238e-14	-2.7327575644756613e-14	-4.458352524874928e-14	-4.073937409215612e-14	-3.4073542919472006e-14	-4.820063133709742e-14	-3.3575713235966374e-14	-3.1105664121601625e-14	-3.542732481158316e-14	-3.0123936784512805e-14	-1.501741430969803e-14	-1.2161102862779571e-14	-1.496082639581688e-15	-2.670470425286605e-15	5.5642687615639375e-15	-2.9020416577347294e-16	1.7100421943048325e-16	-2.2268302963656612e-17	-1.0783984628974817e-16	-2.1735406104863086e-16	1.380407370357173e-15	-7.606807014777105e-17	-4.2881661823846306e-15	1.4376162355453018e-15	-1.32550725107024e-15	4.2075415365010326e-16	2.0679331553168222e-16	-1.3620075404558945e-16	-4.620913628074737e-16	-3.075721445646789e-16	-5.326922781598064e-16	8.326349321155325e-17	-5.793356424660455e-16	6.197972280372557e-16	5.023504524963363e-16	-1.1986701172625395e-16	-1.635063512985887e-15	-5.554941740840866e-16	3.35931174514203e-17	4.799356363807817e-16	7.867151362824826e-15	-8.341004974987543e-15	-8.151458027856161e-15	-1.774321972897158e-15	1.390902043273196e-16	-1.9984041124195946e-13	-5.0932656759669744e-14	-5.0664919521155e-14	4.804656313359563e-13	4.773920294641352e-13	8.204566599549168e-13	8.148216888183651e-13	-1.3735116298822966e-12	-1.3618857735096018e-12	-6.260679126791557e-13	-6.200756444669354e-13	1.4487362656915157e-12	1.4242852578438503e-12	4.782102078808055e-12	4.684365773731877e-12	8.700945642137507e-12	8.44212690869451e-12	3.877072008609129e-12	3.687312199114158e-12	2.7181729629925194e-12	2.2795952882371365e-12	-3.0440240523640684e-10	-2.614895049184092e-10	-1.696258995767714e-10	-4.884818800586954e-11	3.5116988257358656e-13	5.4962423155942344e-11	-1.9778204879870237e-9	1.3578318929629143e-6	0.0008303359711824404	-0.0012336410055324711	-0.007446764037410726
90.0	-4.492870786920396e-16	-4.0118791754674566e-17	-1.5668470709066713e-16	1.431135807006173e-16	-4.8383430248703865e-17	-1.4689889913728972e-17	2.8379249722740598e-16	-4.373337844118214e-15	-8.469137409329826e-15	-7.965229936662652e-15	-2.2073721936318648e-14	-5.6839669603710205e-14	-5.455939055420704e-14	-8.010699696313792e-14	-7.287943740774469e-14	-6.599886800963025e-14	-5.826224696212391e-14	-4.22207949273955e-14	-3.741293574646345e-14	-2.92898669417443e-14	-4.910344520729805e-14	-4.686201216872085e-14	-3.584217932386718e-14	-4.9057574602323684e-14	-3.348903424006886e-14	-3.1196587651404087e-14	-3.454916066328796e-14	-2.7254199840214856e-14	-1.5380662485410823e-14	-1.2629088726166122e-14	-2.892310015247838e-15	-2.3653086380460054e-15	3.4583034379247554e-15	-5.461139170072863e-17	-1.595890161414232e-17	-2.5715936424303432e-18	-5.4856909021176256e-17	-2.8495482580069284e-17	4.548432817073148e-16	5.391523492735371e-18	-8.63122217588652e-16	8.150473147342841e-16	-9.513620526908762e-18	2.8349767317559295e-16	8.608614523686387e-17	-1.0145275309860057e-16	-2.385499063632202e-16	-4.493829155307163e-16	-3.850996443442286e-17	-7.303985504273745e-17	-1.764802817533205e-16	3.74219769757817e-16	2.3025705369526854e-16	-1.069154974342448e-18	-6.250554094876223e-16	-1.6011277725779458e-16	2.6358582474082993e-16	3.247332345885225e-16	2.3073546222192064e-15	-5.818071386831118e-15	-4.158166061042548e-15	-5.469155549617285e-16	3.0013901030723875e-16	-2.0919006501383725e-13	-5.3296911322092897e-14	-5.312684509353965e-14	5.037524077936596e-13	5.017310997552187e-13	8.622946301622803e-13	8.588116558598743e-13	-1.4475598510890045e-12	-1.4405938958888334e-12	-6.623653840922165e-13	-6.590955755597435e-13	1.5391206366303789e-12	1.5239531643568734e-12	5.116779530364569e-12	5.059639960763075e-12	9.397872451665771e-12	9.249544277832082e-12	4.2479346700196e-12	4.136614399203196e-12	3.0494086063939547e-12	2.6754383400687597e-12	-3.572350207869403e-10	-3.440092907449649e-10	-2.231558115404924e-10	-1.4205385319973337e-10	1.2316517905103333e-13	4.1940230029089845e-11	-1.509159035561234e-9	1.162388284830311e-6	0.0007105587147008671	-0.001107894332658258	-0.006687686913602348
91.0	-1.3600545139051787e-16	-5.155258064512879e-16	-3.7968375100817376e-16	-7.01871204767061e-17	-2.0956427330758593e-17	1.1894729037865773e-16	4.81775634329607e-16	1.5279002515096141e-15	4.857898009490548e-16	2.4880813619139877e-15	2.5642766920498225e-15	2.308628667668146e-16	2.913182800839044e-16	-4.878907489793299e-18	3.140928514699485e-17	9.300086383570999e-18	-9.131180341319448e-17	-1.0278021445581017e-17	-6.779473613518382e-17	6.949758823713237e-17	-1.545312646044403e-15	9.226038766562635e-15	1.0517094804375909e-14	1.3544902027312831e-14	1.12244939033e-14	5.542711659446305e-15	1.4591207631605986e-15	2.7646879903102806e-15	5.991236415795251e-16	3.153183261236983e-16	2.281878412505115e-16	1.441652859579011e-17	-5.290705205306203e-17	1.8265538880575155e-16	5.3939693028993355e-17	1.8191658665884943e-16	8.384483237881265e-17	-7.359483570436486e-16	4.3058819327768027e-16	2.327849040092978e-15	-8.990876768941681e-17	1.1763403977065796e-16	1.0494741335686078e-16	1.9958996697094396e-16	1.6394059159057344e-16	2.7727390524646027e-16	-9.093765002676505e-16	-8.516816074391161e-15	-1.3906585071586482e-14	-1.0588471832002886e-14	-2.5923286957426622e-14	-4.1798248076010695e-14	-4.0274447325013176e-14	-3.9307627200757234e-14	-2.5907678353098513e-14	-1.8054790273696993e-14	-5.609257082826192e-15	-1.5707790642904318e-14	-1.8035891675232973e-14	-5.269596798124868e-14	-2.7782334110910513e-14	-4.824655728734796e-14	-6.547963617875407e-14	8.67704269721494e-13	8.65314486204446e-13	8.61303750461557e-13	8.612129501961145e-13	8.585634468705e-13	8.565873034358947e-13	8.521054673015006e-13	8.515513388414053e-13	8.477497357756669e-13	8.466935999246557e-13	8.411664849654037e-13	8.379304247380817e-13	8.31262118636246e-13	8.213379947415946e-13	8.128504637652032e-13	8.096179484224727e-13	7.970334858269578e-13	7.943104756393936e-13	7.759253384395029e-13	7.788476562803813e-13	7.491893920810517e-13	6.826795670735445e-13	6.340190402921902e-13	8.016113433261179e-11	6.818139794978735e-11	4.1243003292261315e-11	1.5920868761571905e-11	-7.221316901462072e-13	-1.2502109129241e-10	3.758412383650426e-9	-6.379649435803536e-7	-0.0006384953839687813
92.0	-1.641841775779479e-16	-4.26426280536896e-16	-8.3237760763484075e-16	4.52769208543395e-18	4.8620984708355285e-18	1.1048732805450737e-16	4.649941924611748e-16	1.600637289648167e-15	4.683847184291354e-16	1.7115924440519233e-15	5.688083267147168e-15	3.7684698401031217e-16	3.1010506018542597e-16	2.280869149615831e-17	2.416042034636076e-17	1.1937671213785907e-17	-1.344413525162091e-16	-8.913304834794242e-17	-1.1327572466400873e-16	4.4283630213949926e-17	9.108648031704883e-16	9.84371011138062e-15	9.033368352380182e-15	1.197700867113267e-14	1.1415550613560875e-14	5.560079438145544e-15	1.5794290285824255e-15	2.2729498910657124e-15	5.260974861892636e-16	3.658642494951405e-16	3.3928394476987793e-16	8.582761118018164e-18	-4.6495308618482414e-17	2.1533799778974033e-16	2.2286781023492394e-17	1.3257385603607352e-16	1.0142174540388285e-16	-7.183639366412402e-16	2.622132534888146e-16	2.082713744415379e-15	7.880163832189747e-18	1.3243148081681142e-16	1.0814695990159168e-16	1.809446320340553e-16	1.9481405841349512e-16	2.449951893583912e-16	-1.0726156404427968e-15	-7.216710753086196e-15	-1.3620128637825343e-14	-1.0317086852902975e-14	-2.575526666662384e-14	-4.1746376474728656e-14	-3.790652038435977e-14	-4.1199370156431373e-14	-2.934626267019224e-14	-1.2969153084096935e-14	-8.805539180947103e-15	-1.4400624230330347e-14	-2.2660499616798878e-14	-5.0343708103839047e-14	-2.978141547987461e-14	-4.650636613421026e-14	-6.59051173351551e-14	9.160168530454585e-13	9.131610012557647e-13	9.104554704152559e-13	9.103704865984032e-13	9.089945071274277e-13	9.067616800791475e-13	9.037009064954888e-13	9.033753872102211e-13	9.015275862111478e-13	9.00224438596138e-13	8.972821319289398e-13	8.93927523315558e-13	8.906222795171334e-13	8.799847223887586e-13	8.761492012496378e-13	8.726238921111678e-13	8.665311176748595e-13	8.635832514947916e-13	8.548559919132904e-13	8.580938348982703e-13	8.441505861117508e-13	7.692521029798105e-13	7.461341531283786e-13	9.434627904733272e-11	8.981175700901103e-11	5.4327173136800976e-11	4.6313489907578966e-11	-2.571719913253056e-13	-9.572583751800858e-11	2.8777701076735847e-9	-5.498595340520448e-7	-0.0005491970249114389
93.0	9.056242820169555e-15	-2.782623321332466e-15	-9.245258756028729e-15	-1.3352482547977584e-15	-9.600822333498082e-15	-1.7853249235239685e-14	-7.731446773872984e-15	-8.434470133350005e-15	-3.363307018805291e-16	-5.446692920572149e-15	-2.5639135432246485e-15	-1.9551068499593174e-15	-1.149321408195329e-15	7.969696507859446e-15	9.12605992605927e-15	6.795009790151436e-15	-6.950204264821876e-15	8.396541683096499e-15	1.0581634123349194e-14	2.02455846420765e-15	5.593312533890552e-15	7.812969286278302e-15	-7.523178842587525e-15	-4.951468791511981e-15	1.939503960958031e-15	4.122750843659517e-14	5.065823605129623e-14	1.546574919867615e-14	2.2732595670299776e-14	3.750308913675172e-14	3.3478082707311726e-14	3.061261561037722e-14	1.3159513017716272e-14	2.453248619540813e-15	-3.46709129338395e-15	1.5791335591252527e-14	9.00880971669373e-15	1.3634314860110343e-14	-2.3876043156797172e-14	-5.723954985428038e-15	-2.1067949700278548e-16	-8.081945833650833e-15	-8.847769942607609e-15	1.1236828114044202e-14	1.0170150077341192e-14	-2.4782481046513745e-14	-4.14470009872378e-14	-4.522319002114132e-14	-3.209815597006706e-14	-2.4124001432295207e-15	4.141077927313727e-15	1.783738841941492e-14	2.5867832925577294e-14	1.4994954350312837e-15	1.6909642924693723e-15	3.2160215349774505e-14	3.1240599167907246e-14	3.7904403268051696e-14	4.441859194597312e-14	2.15629716780213e-15	-7.298722291912684e-15	-1.3986678322065252e-16	3.707889594686339e-15	2.7077202934390183e-15	6.412464117450695e-15	-5.439482666810593e-15	4.150996865434299e-15	4.196368304175191e-15	8.845374512448293e-15	7.270198489791857e-15	4.136213496010052e-15	6.952989246362759e-15	-4.8383370746176164e-15	-7.508275262806968e-15	-1.4849969081686032e-15	1.4658792337403948e-15	1.3733047363545345e-14	2.153903367640584e-14	2.10066272699273e-14	2.201922186069416e-14	2.1269489194168195e-14	5.104812101325154e-15	-2.1821919497545504e-15	-2.743595492167419e-15	-3.826546550028285e-16	6.387948816962832e-15	4.70969117460653e-15	4.875198026704495e-15	2.9858496719785295e-14	2.721413526850339e-14	2.5612955562079326e-14	5.51024113498542e-15	-2.5238324051474292e-15	4.663076315118212e-16	2.4476972891318695e-16
94.0	9.203274504282537e-15	-2.732897703084719e-15	-1.0282748538193252e-14	-1.6379102544771623e-15	-1.0845299954600548e-14	-1.9238249233540717e-14	-7.528693265208947e-15	-8.766864489344693e-15	-3.178182478663287e-16	-5.6466574113155185e-15	-2.6254593477306377e-15	-2.4288220212505152e-15	-1.3418684945234974e-15	7.92975401437267e-15	9.571918077432476e-15	6.810565366625152e-15	-7.694365955134332e-15	8.416457247127345e-15	1.0705255586474865e-14	1.859548379102059e-15	5.517393557637942e-15	7.841653393566481e-15	-7.734256938238904e-15	-4.787952635073443e-15	2.2375476707828544e-15	4.3836889064116107e-14	5.32982012169388e-14	1.6200693103197034e-14	2.386470602450376e-14	3.994483149535042e-14	3.57323921056978e-14	3.354348663096457e-14	1.4020739328487759e-14	2.5275769457190543e-15	-2.73435924615272e-15	1.656942517475216e-14	9.069427516857252e-15	1.4624835603674728e-14	-2.5153611385057853e-14	-6.656345303073451e-15	-3.168539176062463e-16	-8.977344712615328e-15	-8.451586983586003e-15	1.2958624102910058e-14	1.0308099444741097e-14	-2.6446348171277986e-14	-4.4039424136826766e-14	-4.802188406638407e-14	-3.461339190946234e-14	-2.40452278650161e-15	3.973150464337968e-15	1.9197907774539793e-14	2.735628840899543e-14	1.682572096605389e-15	1.6495673700252055e-15	3.451356409032044e-14	3.445789260482552e-14	4.092904410389103e-14	4.6795532154631943e-14	2.2835738589728043e-15	-6.874711449643424e-15	-1.3051340811621699e-17	4.029436006856101e-15	2.28460892340079e-15	7.749850844834641e-15	-6.429403453515377e-15	4.390870564702198e-15	4.576391498033934e-15	9.850595627962453e-15	7.415631276977385e-15	4.000699350437279e-15	7.729765763760173e-15	-4.436244175331653e-15	-8.693519247815696e-15	-1.4372169466275428e-15	1.4300185136201182e-15	1.3680195859142495e-14	2.3072858556108457e-14	2.2537772560544643e-14	2.451681817861854e-14	2.4466994373814384e-14	5.682616225532737e-15	-2.622872274749342e-15	-2.9631950802717924e-15	-1.3823369183732241e-15	8.283410361292839e-15	5.8967203642562714e-15	5.781471212638555e-15	3.56658921383716e-14	3.605118426562706e-14	3.391584111346976e-14	1.6077076647472228e-14	-8.835952983316862e-16	1.0323061467086397e-15	3.1970359693448676e-16
95.0	-5.112860113417743e-17	1.0802327676940757e-16	2.733249199472058e-16	3.840073176091066e-16	4.9518039098275485e-16	3.690469254384582e-16	6.072524023264391e-16	1.2399037600142123e-15	-5.639470480731991e-16	7.930889379313803e-16	4.199913960634942e-16	1.478409268195069e-16	6.235121665580556e-16	3.3181766861948344e-15	2.9321809536182637e-15	2.3184746795673807e-15	1.013006570701309e-15	-1.6809941791346621e-15	-1.7659759211675075e-15	-1.8690740337589158e-15	-2.1153843880580095e-15	-2.4257883290795996e-16	4.690113217509204e-16	5.934096746331192e-16	1.1191718508666024e-15	1.219107394920658e-15	1.3942613757345262e-15	5.6078363326875764e-15	9.63689049321118e-15	5.544876928155347e-15	1.7319321019354725e-15	-1.4994055902764274e-15	-5.923036968543908e-16	-6.965895923804152e-16	-2.0923997356666833e-16	-2.78072916557061e-15	-1.748820977492711e-15	8.471634323268432e-16	8.402707954391843e-18	-5.8496741683756576e-15	-4.1369935204123056e-15	-5.1528741894646455e-15	2.4975679242014066e-15	-7.868944548281665e-16	-1.868513215575802e-15	-2.3059671168387606e-15	-1.9011444820866853e-15	-3.277039439792429e-15	-5.2438256287748034e-15	-3.3549298186704577e-15	-4.288998675405203e-15	-3.202988169716045e-16	1.6724279769494042e-16	-1.291712427452989e-16	-3.331374019960719e-16	-8.165109566372142e-17	-6.004807002574603e-17	-6.258853761718432e-16	-1.3855462764964808e-16	-4.1927185575034257e-16	-2.0626835222746295e-15	-9.589849163927386e-16	-1.4645247986358128e-17	-5.111867463258611e-16	1.0526249116643816e-16	1.169564997833898e-16	-1.1436603359216007e-16	4.0974884602920866e-17	-1.4393780902930474e-16	-1.32944130801085e-16	1.1389411668489558e-16	1.8576906615358764e-16	-1.593252780365891e-16	-1.5763360977627345e-16	3.5304875517276864e-17	6.206375495690277e-17	1.3517153772166393e-16	1.6548027350249867e-16	1.7018494241471006e-17	-3.3648165083568184e-18	1.560220303053466e-16	2.0859146512066681e-16	4.929262106545315e-16	-1.9912646757784724e-17	-1.847439590835096e-16	-2.113800365653248e-16	-3.4048536158965667e-16	-6.202999482544195e-16	2.515900907210579e-16	4.120949863050143e-16	4.395077301307014e-16	2.8928595099590795e-16	-3.9140145213633043e-16	-3.90796946134998e-16	4.710365994476117e-18
96.0	2.8984732280384504e-17	6.576101518185842e-17	3.4554779867982793e-16	4.771810357922458e-16	4.492694274241305e-16	4.869816599175399e-16	7.320900419201469e-16	1.408490630967899e-15	-6.487253691166003e-16	1.149063628471972e-15	6.277579904753489e-16	1.79481474267582e-16	8.98390255970003e-16	4.059625530836883e-15	3.3098632957945883e-15	2.7117506561560155e-15	1.034299180553203e-15	-1.9220604837397657e-15	-2.1844092509428443e-15	-2.1850248004836203e-15	-2.540534907606698e-15	-2.975184026812491e-17	5.333887247375194e-16	7.615826565240463e-16	1.3442984213986575e-15	1.5247257305375144e-15	1.6066014087460287e-15	6.646157429249554e-15	1.1130674383581101e-14	6.559100588413177e-15	2.157764426060589e-15	-1.6593705413636529e-15	-6.878973016310777e-16	-1.0773154575123606e-15	-1.785822157855525e-16	-3.2368764834619158e-15	-1.9765989072582232e-15	1.0365885217648856e-15	-2.0362991267652124e-16	-6.9600817510214035e-15	-5.329352507539934e-15	-5.9329314295621574e-15	3.0107170078741965e-15	-8.566400735424658e-16	-2.092702524715486e-15	-2.5757156664082524e-15	-1.943250200977867e-15	-3.853310616348686e-15	-6.349493296312895e-15	-4.236320349720349e-15	-4.731848939067662e-15	-4.3805882424790556e-16	1.8045634209875684e-16	-5.794038733328691e-17	-4.0529264985174857e-16	-1.984022229400995e-16	-2.5205119288280255e-16	-8.826957887506627e-16	-3.359813208983978e-16	-5.149258535990834e-16	-2.4081419872027546e-15	-1.0261627556955225e-15	-2.825055690069405e-16	-3.2503648419452267e-16	1.2440995373687e-16	1.392686121245935e-16	-6.998888571771754e-17	-7.268560102560861e-18	-1.605116542161702e-16	-1.6022681936846682e-16	7.361745031684294e-17	1.4628794156642092e-16	-9.722349626493697e-17	-9.676866473888121e-17	-1.2146021625362034e-17	7.027051906475005e-17	1.6869337822935118e-16	1.074857568509056e-16	-2.993552901576002e-17	5.536032132818336e-17	1.9421938457027166e-16	1.5696739530196954e-16	4.796666804920291e-16	-1.2458295669307978e-17	-2.2645562243836027e-16	-2.591517253627127e-16	-3.240928941579367e-16	-6.32173660645199e-16	2.6493016193293076e-16	4.725277475723506e-16	4.647120779991734e-16	3.6598173257632936e-16	-5.839993925735465e-16	-1.187497285679677e-15	2.946135389454276e-18
