# i	1	3	4	5	6	7	8	9	10	11	12	13	14	15	16	17	18	19	20	21	22	23	24	25	26	27	28	29	30	31	32	33	34	35	36	37	38	39	40	41	42	43	44	45	46	47	48	49	50	51	52	53	54	55	56	57	58	59	60	61	62	63	64	65	66	67	68	69	70	71	72	73	74	75	76	77	78	79	80	81	82	83	84	85	86	87	88	89	90	91	92	93	94	95	96
1.0	-0.4686827361538012	0.3419509448081035	-0.3419509448081041	-0.28225152203657766	0.28225152203657655	0.2457894256210896	-0.2457894256211036	-0.22057555177170007	0.22057555177159188	0.20180725624377807	-0.2018072562427505	-0.1871357612291036	0.16655800072080648	0.15476009633930274	-0.15288083533131763	-0.14321671859739435	0.14442057532873226	0.1362792150471196	-0.1396398980081703	-0.13256618641957998	0.13489743312220023	0.12868375976059485	-0.13144391347609377	-0.1259209154417511	0.12717176718622944	0.12213572797483875	-0.12362344004282702	-0.11909806878568416	0.12034068487692928	0.11601815667257075	-0.11679309988220354	7.383079834533544e-9	6.870651727020342e-11	-8.472760478022587e-11	4.5356599406762205e-12	3.375955309924877e-12	4.929313572637341e-12	2.0708913013742413e-12	4.618826135795025e-12	-6.488180146093617e-12	3.2562869918619596e-12	-2.6382238558351936e-12	8.702728183649831e-12	3.1027443228397054e-12	4.222848307622317e-12	2.389896232663561e-12	5.113057930229315e-12	-3.494959621698446e-12	3.1007245620194015e-12	2.213181785630937e-12	-6.377388866810003e-12	-4.277090202431074e-12	-8.953618864280012e-12	6.48439104694104e-12	3.5192949269030983e-12	6.337845416512068e-13	-1.6956226527613996e-12	-9.203174771563141e-12	-1.3831670800856609e-12	9.604543301551663e-12	1.0315995722832356e-11	6.003891644763336e-12	-3.518176068796393e-12	-8.111266848305457e-12	-9.977483930924711e-14	-2.0966309342637656e-12	3.285738801817437e-12	7.608470757682625e-12	-9.616882907152877e-13	1.5207245557929327e-11	3.3563034632531824e-12	5.18523065813941e-12	-3.653536050596647e-12	-3.740670788718041e-12	-8.992706440624203e-12	-1.3538989440629256e-11	3.054796602041246e-12	4.566289419888145e-12	-4.94845190159463e-12	4.899071002715592e-13	1.2961233275957534e-11	1.3208147425979097e-12	1.3485532368437818e-12	4.476021302415168e-12	-3.501144705589798e-12	-8.192345204795515e-12	-7.58738014379698e-12	4.373252911635065e-12	-7.847791735506703e-12	-7.641410329784273e-12	-1.6682961160406235e-12	-2.0373546031641397e-12	-7.699079952408658e-13	2.486608148760006e-12	-6.18993793179016e-12
2.0	0.46868273615380135	-0.34195094480810345	0.3419509448081041	0.2822515220365778	-0.2822515220365766	-0.24578942562108966	0.24578942562110356	0.22057555177169996	-0.2205755517715919	-0.20180725624377807	0.20180725624275042	0.1871357612291034	-0.16655800072080637	-0.15476009633930277	0.1528808353313176	0.14321671859739435	-0.14442057532873237	-0.13627921504711965	0.13963989800817048	0.13256618641957993	-0.1348974331222003	-0.12868375976059485	0.1314439134760938	0.12592091544175119	-0.1271717671862295	-0.12213572797483882	0.12362344004282703	0.11909806878568412	-0.12034068487692921	-0.11601815667257082	0.11679309988220361	-7.3830797053353336e-9	-6.870660409988037e-11	8.472760359805412e-11	-4.53556192359151e-12	-3.375934505231574e-12	-4.92943268921916e-12	-2.070861544091537e-12	-4.6189554026401785e-12	6.488196403988067e-12	-3.2562962473926997e-12	2.6379033340234267e-12	-8.702746391005437e-12	-3.1027895431808108e-12	-4.2228958289254096e-12	-2.389828358237733e-12	-5.113013794265173e-12	3.4949224886098615e-12	-3.100707266916597e-12	-2.2132060802843256e-12	6.377476055480001e-12	4.277137489108349e-12	8.953586878970603e-12	-6.484406820177622e-12	-3.5193900804435904e-12	-6.337357733160161e-13	1.6956907007122094e-12	9.203269615769838e-12	1.3830861006536745e-12	-9.604708389082672e-12	-1.031599172249242e-11	-6.003782124213505e-12	3.5179830496555864e-12	8.111169768681738e-12	9.998033398896873e-14	2.0964878593676674e-12	-3.2857055608268725e-12	-7.608480752553622e-12	9.61390023396559e-13	-1.520717767434473e-11	-3.3562202479819618e-12	-5.1852703122431806e-12	3.653736246275291e-12	3.740315994532012e-12	8.992522117446922e-12	1.3539289872319884e-11	-3.0546749259926692e-12	-4.5663072378046494e-12	4.9483731481511e-12	-4.898172645289736e-13	-1.2961246607392942e-11	-1.3207917084696267e-12	-1.3484899510299116e-12	-4.4760567631116015e-12	3.5009928484705718e-12	8.192325274936593e-12	7.587074685220581e-12	-4.373087380520022e-12	7.847599239812668e-12	7.641221893222067e-12	1.6682433460257486e-12	2.0370854752977143e-12	7.700647386125009e-13	-2.4865506428861192e-12	6.189768150472337e-12
3.0	0.41374031718479315	-0.4770287870614761	0.47702878706147667	0.38513232569975553	-0.38513232569975236	-0.3342918414324226	0.3342918414324413	0.2997432367730693	-0.29974323677292136	-0.2741558340882364	0.27415583408684213	0.25419175829586577	-0.22624040847604948	-0.21020182941609084	0.20764933615339645	0.19451663303346337	-0.1961517085951085	-0.18509059918038748	0.1896549846492901	0.1800455871406766	-0.1832117841583724	-0.1747713630957711	0.1785200555249012	0.17101818890994822	-0.1727170203122254	-0.16587682796333433	0.16789734208484888	0.16175089966268305	-0.16343853643919656	-0.15756769732547643	0.15862017057939573	-1.0021349278176882e-8	-9.331597064943425e-11	1.1506982804798797e-10	-6.182589119420005e-12	-4.560240416429673e-12	-6.727470101508088e-12	-2.7792776759278718e-12	-6.26613870086153e-12	8.804718062852415e-12	-4.42026760231846e-12	3.572334211119107e-12	-1.1805806126455698e-11	-4.1834375185677304e-12	-5.716042671516188e-12	-3.2363662248172025e-12	-6.97097767119547e-12	4.7176930557943966e-12	-4.196888878564064e-12	-2.9923988794743066e-12	8.630902036212974e-12	5.781847908702315e-12	1.2135718582466593e-11	-8.802700258663138e-12	-4.7537485640226965e-12	-8.342594678508016e-13	2.2775671376755496e-12	1.2484499500346579e-11	1.8949804066627107e-12	-1.3019092681489677e-11	-1.4025318074588549e-11	-8.129087879452387e-12	4.754827823319624e-12	1.1027917951798402e-11	1.1024989867305564e-13	2.8307851493018874e-12	-4.485824155262372e-12	-1.034468093531978e-11	1.287822140249213e-12	-2.0634778149993898e-11	-4.580501209243046e-12	-7.064356148936249e-12	4.981582958467531e-12	5.05845048461214e-12	1.2204225053233892e-11	1.8375070798702244e-11	-4.1331135613348175e-12	-6.197669721507568e-12	6.73776602062585e-12	-6.629591122721863e-13	-1.760157158006178e-11	-1.81727985798452e-12	-1.8039427630321155e-12	-6.102512745295946e-12	4.775141890903678e-12	1.1095915941468597e-11	1.0305642374256998e-11	-5.910987274932279e-12	1.0636308105145601e-11	1.0370115575295785e-11	2.2934515902121255e-12	2.7833991049196473e-12	1.0767873154638804e-12	-3.3785433876655026e-12	8.397199909162322e-12
4.0	-0.41374031718479315	0.47702878706147606	-0.4770287870614765	-0.38513232569975553	0.3851323256997525	0.3342918414324226	-0.33429184143244156	-0.2997432367730694	0.29974323677292153	0.27415583408823624	-0.2741558340868423	-0.2541917582958658	0.22624040847604954	0.2102018294160908	-0.20764933615339676	-0.19451663303346342	0.19615170859510836	0.18509059918038767	-0.1896549846492903	-0.18004558714067675	0.18321178415837225	0.17477136309577102	-0.17852005552490116	-0.17101818890994816	0.17271702031222538	0.16587682796333422	-0.1678973420848488	-0.1617508996626832	0.16343853643919637	0.1575676973254765	-0.15862017057939592	1.0021349399243844e-8	9.331599590397304e-11	-1.1506985033996588e-10	6.182742692713432e-12	4.56033727477023e-12	6.727442551565847e-12	2.7794714048513186e-12	6.266059956069374e-12	-8.804537622821967e-12	4.4202331938433705e-12	-3.572183685360842e-12	1.1805851191544919e-11	4.183531935225217e-12	5.716135456429585e-12	3.2363720453871924e-12	6.970886702283163e-12	-4.717605205043472e-12	4.196646660595237e-12	2.9924230078010285e-12	-8.630792591084406e-12	-5.7817803591080334e-12	-1.2135330124711879e-11	8.80265092792102e-12	4.753824967143639e-12	8.341364157133752e-13	-2.2775790015451543e-12	-1.24843341428262e-11	-1.894884236266585e-12	1.3019089608631436e-11	1.4025437878808149e-11	8.129046692710428e-12	-4.755017728929504e-12	-1.1027945678059593e-11	-1.099862968676525e-13	-2.8306400050207025e-12	4.485927725151304e-12	1.034490015768556e-11	-1.287958855403108e-12	2.0634853035526306e-11	4.580889213640951e-12	7.06434463486082e-12	-4.981392852664185e-12	-5.058307393690388e-12	-1.2204128347079043e-11	-1.8374953052546858e-11	4.133005619180538e-12	6.19757831327897e-12	-6.737716192758329e-12	6.628250693820574e-13	1.760169482509338e-11	1.817025759911906e-12	1.8038486679650382e-12	6.102403187935737e-12	-4.775194099208654e-12	-1.1095828009648081e-11	-1.030572713479953e-11	5.911167689792278e-12	-1.0636455512746683e-11	-1.0370366414930421e-11	-2.293751530915597e-12	-2.783363448394122e-12	-1.0768210179298048e-12	3.378471167555149e-12	-8.39720101769727e-12
5.0	-0.3863564162713525	0.4164893280633419	-0.4164893280633465	-0.4787259931102061	0.4787259931102065	0.39988847324111937	-0.3998884732411275	-0.3559497921787671	0.355949792178599	0.3248266710409073	-0.324826671039242	-0.3009006776567657	0.2678131375505677	0.24872271503380936	-0.2457024603587845	-0.23011286232633515	0.2320471538257844	0.21893501315605127	-0.22433401140326295	-0.21295187530534077	0.216696746905997	0.20670416492076973	-0.2111377877644177	-0.2022591311123903	0.20426829823680773	0.19617454594690617	-0.19856411062664467	-0.19129225758340646	0.19328811559999826	0.18634305267699833	-0.18758773045957366	1.2363379471751236e-8	1.211275207296278e-10	-1.4731775485624774e-10	6.727156975311915e-12	6.083533247348227e-12	7.495247418061685e-12	3.8437869443210375e-12	7.536356254144604e-12	-1.301444836915207e-11	5.24703446294167e-12	-4.55271559483453e-12	1.574377132361513e-11	5.681751411546095e-12	7.829622666889575e-12	3.9920420931381184e-12	7.932026667792521e-12	-6.3768505112126595e-12	6.339930838688e-12	3.8048097614745486e-12	-1.0799255217605575e-11	-7.762720913666195e-12	-1.5351970047296925e-11	1.0549833288246507e-11	6.094087225596367e-12	1.7320869249292443e-12	-2.8981743507233097e-12	-1.497578614230523e-11	-6.109865259938271e-13	1.6290400221895585e-11	1.5235312916872332e-11	9.86945661282352e-12	-6.410357150738252e-12	-1.1473359975994622e-11	-1.0278705260740959e-12	-4.401922243261403e-12	5.064246959421748e-12	1.1110784085483612e-11	-2.3444770944368776e-12	2.4543890585372416e-11	5.1921474237990985e-12	7.831432999945715e-12	-5.215740666943251e-12	-6.498211943731743e-12	-1.6025549955445498e-11	-2.2621762290324935e-11	5.22195915342166e-12	9.686792739941851e-12	-7.731149903251639e-12	1.143423570482465e-12	2.1204441150577464e-11	1.955397954133744e-12	3.0912102658079383e-12	6.130713529950867e-12	-4.3482233559668756e-12	-1.387802283872368e-11	-1.2182157460694867e-11	7.485386604632438e-12	-1.3838671629886045e-11	-1.2274568779866573e-11	-2.4153752098230636e-12	-3.1601031880932255e-12	-4.97691339593142e-13	3.979005685528385e-12	-9.979088071904726e-12
6.0	0.3863564162713524	-0.4164893280633418	0.4164893280633468	0.478725993110206	-0.4787259931102063	-0.39988847324111926	0.3998884732411284	0.3559497921788294	-0.35594979217881684	-0.32482667104128365	0.3248266710403416	0.3009006776580318	-0.26781313755192276	-0.24872271503515772	0.24570246035995572	0.23011286232749245	-0.2320471538268611	-0.21893501315711267	0.22433401140423925	0.21295187530630236	-0.2166967469067963	-0.2067041649215576	0.21113778776511175	0.20225913111306704	-0.20426829823742398	-0.19617454594750425	0.19856411062719065	0.19129225758393598	-0.19328811560046158	-0.18634305267744694	0.18758773045997307	-1.2363379698291134e-8	-1.2112747367554159e-10	1.473177079713866e-10	-6.727190107196925e-12	-6.08338434498203e-12	-7.49505125460194e-12	-3.843925689550196e-12	-7.53639179341407e-12	1.3014604960611492e-11	-5.247163521701778e-12	4.55282201816608e-12	-1.574387890206417e-11	-5.681665757690869e-12	-7.829763501887217e-12	-3.99212062445734e-12	-7.931984785061776e-12	6.376803167069564e-12	-6.339880301349957e-12	-3.8046861574277214e-12	1.0799186972794131e-11	7.762836478364804e-12	1.53519368760872e-11	-1.054995475460498e-11	-6.094111359307938e-12	-1.7320030061164358e-12	2.898263900251952e-12	1.4975998856569858e-11	6.110834098114484e-13	-1.6290225078466618e-11	-1.5235280822263786e-11	-9.869371036524062e-12	6.4105264493034005e-12	1.147332885171873e-11	1.0279400520690701e-12	4.402030391331748e-12	-5.06402371606186e-12	-1.1110685573996234e-11	2.344417480471162e-12	-2.4543960485731537e-11	-5.192430545166501e-12	-7.831611368894324e-12	5.215807009707546e-12	6.49836691646686e-12	1.6025546054694813e-11	2.262181157292644e-11	-5.2219943325542755e-12	-9.686797784007292e-12	7.731354549476243e-12	-1.143558036442165e-12	-2.1204299677994862e-11	-1.95537646056805e-12	-3.0911858097533176e-12	-6.130842716755589e-12	4.348308254918471e-12	1.3877953204607726e-11	1.218221938881432e-11	-7.485352156623591e-12	1.3838715239927828e-11	1.2274755826130996e-11	2.4154611719231056e-12	3.1600503615654926e-12	4.976040508063095e-13	-3.9786680904017126e-12	9.979324459474107e-12
7.0	0.36706257474227644	-0.38764008161077496	0.38764008161078134	0.41691205785607266	-0.4169120578560745	-0.47933535630386265	0.4793353563038638	0.4067149796131232	-0.4067149796131204	-0.36727393297251676	0.3672739329714505	0.33899546057485014	-0.30171895469341864	-0.2797770094279849	0.2763796617760688	0.25864510710822136	-0.26081923649620586	-0.24597853359589886	0.25204443209052574	0.23919790192645243	-0.24340432743737836	-0.2321451045601186	0.23712441397058734	0.22713078681020119	-0.2293870197723357	-0.22028352343185276	0.22296675395150412	0.21479140166964308	-0.21703243894640428	-0.2092271044453007	0.2106246361008954	-1.3758450106794684e-8	-1.4398937657004308e-10	1.7401316581481037e-10	-7.160965886606409e-12	-6.807256066704451e-12	-8.049847349135273e-12	-4.7750473070999044e-12	-8.485227689199583e-12	1.6546999590034316e-11	-5.94642294962061e-12	5.106375312058826e-12	-1.9013381140391993e-11	-6.9462071383041336e-12	-9.546089258080936e-12	-4.477342252448484e-12	-8.595470597699502e-12	7.46897439801105e-12	-8.094435974008429e-12	-4.291813062955883e-12	1.2598159470787357e-11	8.80315344551729e-12	1.7965551534833737e-11	-1.1800139864913988e-11	-7.347696019775425e-12	-2.4557752926754772e-12	3.527590245585602e-12	1.680980023750561e-11	-4.0296493612029516e-13	-1.8770232960629892e-11	-1.618300478331008e-11	-1.1180593606240686e-11	7.834580713565293e-12	1.1707378046544971e-11	1.457084240996034e-12	5.817411062650563e-12	-5.525090351680168e-12	-1.1638056678801756e-11	3.1694502753865645e-12	-2.776088687010294e-11	-5.542984374510845e-12	-8.359144062664682e-12	5.5097292597142905e-12	7.59945739613427e-12	1.8902256414073704e-11	2.616823946743072e-11	-5.925698893536546e-12	-1.2674582328362893e-11	8.2427135213975e-12	-1.5421851602917165e-12	-2.4051034031483605e-11	-1.996847783375223e-12	-3.843029658932064e-12	-5.82484416386675e-12	3.842892775064889e-12	1.6142519640835525e-11	1.367009527572781e-11	-8.781158760614438e-12	1.6476939041926478e-11	1.379032148792981e-11	2.4854339454987663e-12	3.44558278978246e-12	6.1172804517133465e-15	-4.469077678146875e-12	1.123580227143962e-11
8.0	-0.3670625747422765	0.38764008161077473	-0.3876400816107813	-0.41691205785607227	0.4169120578560749	0.47933535630386254	-0.4793353563038641	-0.40671497961312314	0.40671497961312036	0.36727393297252375	-0.36727393297153715	-0.3389954605750163	0.3017189546964381	0.27977700943122485	-0.27637966177493817	-0.2586451071076732	0.260819236502313	0.2459785336017056	-0.25204443209270216	-0.23919790192863458	0.2434043274391437	0.23214510456190932	-0.23712441397237333	-0.22713078681199814	0.22938701977416942	0.22028352343367547	-0.22296675395309978	-0.2147914016712383	0.21703243894773075	0.2092271044466309	-0.21062463610199053	1.3758449220479815e-8	1.4398912168783668e-10	-1.740132227782194e-10	7.160880760814219e-12	6.807133208472327e-12	8.050058684391603e-12	4.775145894932525e-12	8.485116366635867e-12	-1.6547030917405217e-11	5.94632527262356e-12	-5.1063664617245074e-12	1.901339343590217e-11	6.9460979311568e-12	9.546113158807301e-12	4.477612338230813e-12	8.595558293852647e-12	-7.468902858950504e-12	8.09449320300462e-12	4.292061956872122e-12	-1.2598274422090942e-11	-8.803044754715296e-12	-1.7965423951286625e-11	1.1800329838631443e-11	7.347552667694298e-12	2.455770510098192e-12	-3.527581550944023e-12	-1.6809926942657986e-11	4.0282878055184357e-13	1.8770245184318578e-11	1.6183109842824615e-11	1.1180707429640083e-11	-7.834380402083048e-12	-1.1707335268258496e-11	-1.4570598979952523e-12	-5.817381493776283e-12	5.525330592734603e-12	1.1638208318994422e-11	-3.169616704878016e-12	2.7761001910526458e-11	5.542892796493446e-12	8.35900486831402e-12	-5.509584228318918e-12	-7.599539451824336e-12	-1.8902133682035616e-11	-2.6168282131088593e-11	5.9256023840264415e-12	1.2674460927050145e-11	-8.242620424097535e-12	1.5423713823187056e-12	2.4050972689336236e-11	1.99681118513709e-12	3.8432253619113e-12	5.824628205016399e-12	-3.842840973434215e-12	-1.6142387079607184e-11	-1.3670241749060677e-11	8.781515823623736e-12	-1.6476793437107757e-11	-1.3790491388403126e-11	-2.4852389583806456e-12	-3.4452562350648534e-12	-6.428410141721779e-15	4.4691505254698645e-12	-1.1235802393762861e-11
9.0	-0.3511182219385084	0.36743052544353955	-0.36743052544356103	-0.38743477363827294	0.38743477363826956	0.416890571701003	-0.4168905717010021	-0.4796148507163516	0.4796148507163531	0.4104334400127283	-0.41043344001163495	-0.37398287863623947	0.33285909805123104	0.30719346293212507	-0.30346319716375614	-0.2833807014052833	0.28576275535956513	0.2692036662901599	-0.2758423046142504	-0.261618781898721	0.26621948664351486	0.2538089397065738	-0.2592529202971866	-0.24826708896632937	0.2507332822649256	0.24074435186610976	-0.2436768121397527	-0.23471639289241328	0.23716531911362046	0.22861748845168695	-0.23014453751674896	1.7002857770839443e-8	1.6291297022210917e-10	-1.969873975923952e-10	7.576003115831513e-12	7.068548463366787e-12	8.492837055999482e-12	5.580947098553192e-12	9.227867326137807e-12	-1.947468870928739e-11	6.574641774182204e-12	-5.42395515159172e-12	2.179265981493441e-11	8.009790716938124e-12	1.0932342780438883e-11	4.794464190145336e-12	9.107927443372752e-12	-8.190099451871235e-12	9.474080468666263e-12	4.5779020182551e-12	-1.4121267855465281e-11	-9.28916850243287e-12	-2.0144721428692827e-11	1.2748842904423972e-11	8.489682776498328e-12	3.024325409436003e-12	-4.153735977693333e-12	-1.8252561058690885e-11	1.1355432263942756e-12	2.0691617697296346e-11	1.7058836997532315e-11	1.2212856001843291e-11	-9.06467688849504e-12	-1.192493477665602e-11	-1.5616103309850884e-12	-7.029397481660579e-12	5.9273955999212376e-12	1.2105283184522501e-11	-3.785369644499331e-12	3.0525235292110076e-11	5.770622334712885e-12	8.80029117549372e-12	-5.8775719112183574e-12	-8.475522312108833e-12	-2.1127266275468183e-11	-2.9195128923551256e-11	6.374576109574333e-12	1.5137728869888696e-11	-8.525713827658594e-12	1.864604045371181e-12	2.6396188772940558e-11	2.00098910591533e-12	4.241058132608182e-12	5.453391451965258e-12	-3.4033372350479224e-12	-1.804499601087373e-11	-1.4943104536336575e-11	9.876977590392429e-12	-1.8674290445778738e-11	-1.5058193586290036e-11	-2.556034019240717e-12	-3.70309481749239e-12	3.709169849277441e-13	4.88793484607677e-12	-1.2308683489076397e-11
10.0	0.3511182219385083	-0.36743052544353894	0.367430525443561	0.3874347736382727	-0.38743477363826934	-0.41689057170100297	0.41689057170100235	0.4796148507163515	-0.4796148507163531	-0.4104334400127295	0.41043344001272797	0.3739831639969056	-0.3739831624059069	-0.3478832943770968	0.34711996856607297	0.32651479660131183	-0.32263968950480976	-0.3056480029709035	0.30668327198311185	0.2921748571305732	-0.28831091269577946	-0.27575818861523244	0.27702717664213605	0.26591205417483027	-0.26713805724891043	-0.2570000084460403	0.2573102656099411	0.24825839328061167	-0.24868851048600019	-0.24004842806501883	0.24046945013582008	4.933567987002725e-9	2.0853082343310207e-11	-2.3053484340802332e-10	-9.966582924886962e-12	-5.4162655173413925e-12	-8.667630972669072e-12	-6.750426896916371e-12	-8.696551126049584e-12	1.5520585048078448e-11	-6.104758201927451e-12	5.265005515452098e-12	-2.671790002075573e-11	-9.284499632185039e-12	-1.2935127463047244e-11	-5.199164443052085e-12	-9.237467781754325e-12	8.596827840795896e-12	-1.1233973097618806e-11	-4.361913537018448e-12	1.5477739359944423e-11	8.352806361495328e-12	2.1138735205176743e-11	-1.3358179739207633e-11	-9.49736395688294e-12	-4.722999621450049e-12	4.9634502749762084e-12	1.842204353403597e-11	-2.6804033441686122e-12	-2.238840322348565e-11	-1.6492780882405253e-11	-1.2373963643821583e-11	1.1753959922355921e-11	1.0810169049918193e-11	1.7225087562222392e-12	8.566757760614832e-12	-6.2873113732227845e-12	-1.0910364278452193e-11	4.904994798061082e-12	-3.291866616751764e-11	-5.562080385458401e-12	-9.226835974228342e-12	5.8279033120422154e-12	8.71179464837057e-12	2.370562869724663e-11	3.177991737863474e-11	-6.728109721071175e-12	-1.8683211560705528e-11	8.321012669147535e-12	-2.2250640201708284e-12	-2.9328316229699313e-11	-2.07044610907317e-12	-3.787387534093986e-12	-3.6170099003921766e-12	2.178159176712907e-12	2.0197917260160363e-11	1.5812666130180094e-11	-1.0218664930879944e-11	2.0552117390608082e-11	1.5587654669642282e-11	3.002656976984797e-12	3.423567073571147e-12	-5.933702610844185e-13	-4.846755810870928e-12	1.3160478987805201e-11
11.0	0.33666328802994144	-0.3506359559239892	0.35063595592402014	0.3665591154997362	-0.3665591154997302	-0.3868482618822852	0.38684826188227445	0.4166818259578459	-0.4166818259578567	-0.47975855824508334	0.47975855824505004	0.41268018185738237	-0.4126801805781351	-0.37829630618168825	0.37746624964762315	0.35305611185186975	-0.3488660115338707	-0.32961079405030197	0.33072722929049925	0.31463194902342995	-0.3104710106864142	-0.2967074063504098	0.29807279980624574	0.2859667073818765	-0.28728517405297105	-0.27629059883560314	0.27662414450139705	0.2668326202442947	-0.2672949187830619	-0.2579660655230589	0.2584185124962485	2.9531300022304844e-9	1.4029987390429203e-11	-2.3722875300395363e-10	-1.06265624625747e-11	-5.476360573861425e-12	-9.112779113558348e-12	-7.434005647596912e-12	-9.266492662388193e-12	1.738917788028077e-11	-6.647022627327523e-12	5.503147327948203e-12	-2.9226280040534264e-11	-1.015153853668452e-11	-1.3938054150440035e-11	-5.458635807110753e-12	-9.763777189339062e-12	9.035908530259153e-12	-1.2163999906809141e-11	-4.6037553063316704e-12	1.6759710657221828e-11	8.544268817346663e-12	2.2910107482130387e-11	-1.4145821356201955e-11	-1.0429413690678e-11	-5.129108442571084e-12	5.643388835579433e-12	1.9702993498719634e-11	-2.978375290902107e-12	-2.3879122688693776e-11	-1.7487031134108432e-11	-1.326459900862506e-11	1.2824367431256213e-11	1.1379130387603195e-11	1.547752749071204e-12	9.346756842559396e-12	-6.73571040386373e-12	-1.1554884436162085e-11	5.314446452881292e-12	-3.548116270785877e-11	-5.814386883533922e-12	-9.805012599062936e-12	6.317096832892102e-12	9.423454351210684e-12	2.547529892077215e-11	3.433194311350925e-11	-6.923082828308424e-12	-2.034005958097607e-11	8.628356582640605e-12	-2.462151474628056e-12	-3.1386261107765136e-11	-2.1427137759705656e-12	-3.897949670099526e-12	-3.4696040681773376e-12	2.0361398677731845e-12	2.1813543360377322e-11	1.7085601326017858e-11	-1.1201979800764668e-11	2.235242160998525e-11	1.6769518755105416e-11	3.1546393082438064e-12	3.6749209939790735e-12	-6.369730852827027e-13	-5.2697646326933385e-12	1.4202528985905722e-11
12.0	-0.33666328802994183	0.350635955923989	-0.3506359559240203	-0.36655911549973597	0.36655911549973047	0.38684826188228555	-0.3868482618822744	-0.4166818259578456	0.41668182595785735	0.47975855824508395	-0.4797585582450501	-0.4126801818573825	0.4126801805781382	0.37829630725359653	-0.37829630571491657	-0.3538535047230562	0.3493748410009031	0.3301030423383506	-0.33079920511134076	-0.314698582576775	0.3104537644509407	0.29669117778647763	-0.29805706944588517	-0.28595133214031343	0.28728157669368226	0.27628701282021495	-0.2766251481813062	-0.26683339042421667	0.2672964941601708	0.25796750984467787	-0.25842113423646307	-4.8688822347456035e-9	-5.270809465649018e-11	2.3624671673511203e-10	1.0654201777379317e-11	5.488052456226165e-12	9.15708797036469e-12	7.424028601491303e-12	9.287142508522698e-12	-1.7352913874008608e-11	6.659479062438214e-12	-5.517340323485864e-12	2.919661625059364e-11	1.0144844971224306e-11	1.3926491907122267e-11	5.475260489547381e-12	9.806881286491637e-12	-9.031046230236933e-12	1.213231829746769e-11	4.611350769961452e-12	-1.677733135295036e-11	-8.550122177177783e-12	-2.292522749113065e-11	1.4178300300477402e-11	1.0428315362932166e-11	5.108944836874178e-12	-5.652478405747632e-12	-1.9766846701686698e-11	2.9157963504698463e-12	2.3909780648374117e-11	1.758390809469575e-11	1.3300148764525725e-11	-1.2827486408603442e-11	-1.1493499444500229e-11	-1.5285338087176376e-12	-9.311106921106205e-12	6.768694935293096e-12	1.1646597897309326e-11	-5.294377006192276e-12	3.556840497611681e-11	5.846171379491097e-12	9.85803829913733e-12	-6.360095941174158e-12	-9.432895975977329e-12	-2.547622006604763e-11	-3.4382470754835505e-11	6.9250832742089e-12	2.0276334620528594e-11	-8.671078420536885e-12	2.4560409153095636e-12	3.1442785665799473e-11	2.1624451363105946e-12	3.8810098708521054e-12	3.5419150743903932e-12	-2.1052301893368374e-12	-2.1838353992007434e-11	-1.7138821349369422e-11	1.1212364393982541e-11	-2.235873381671963e-11	-1.681503779056891e-11	-3.173997555244645e-12	-3.694261320690335e-12	5.985086855472744e-13	5.293072951509887e-12	-1.4242327933904974e-11
13.0	-0.322753699604425	0.3352544787005494	-0.33525447870057756	-0.34895054047012863	0.3489505404701141	0.36522847967807204	-0.36522847967806094	-0.3859975060777902	0.385997506077812	0.4163331803873591	-0.41633318038764305	-0.47983340087588755	0.479833399569374	0.4141377776459925	-0.4141377766182264	-0.38123435845530756	0.37640914082475746	0.35337514365147	-0.3541203859954152	-0.33583477641183895	0.33130485831298356	0.31607655804488977	-0.31753169596981257	-0.3043253091707229	0.3057410298556094	0.293851299536769	-0.29421093128691694	-0.28367574183865696	0.2841680771953934	0.27416665713679245	-0.2746487673799143	-3.079008839054042e-9	-4.7636681967646214e-11	2.413485420306926e-10	9.651974781875002e-12	5.063516664736916e-12	8.264439562488068e-12	8.128175580514737e-12	9.114767960851804e-12	-2.0795467374230383e-11	6.64787238509973e-12	-5.197372982732212e-12	3.230364782377037e-11	1.0870253768599455e-11	1.4932944323208637e-11	5.1414604382407245e-12	8.961251287742493e-12	-9.437311793356529e-12	1.3638745171642242e-11	4.5126790864885116e-12	-1.7117267076012574e-11	-8.434855454912863e-12	-2.3658370839915573e-11	1.3818232834691588e-11	1.1106473811986593e-11	5.920527040304592e-12	-5.76276817478874e-12	-1.8746913604318628e-11	4.831387696195343e-12	2.4043543366106977e-11	1.563534784540048e-11	1.2847727932509977e-11	-1.3363440301804221e-11	-8.647516118961225e-12	-1.9078590260543703e-12	-1.0892217293687852e-11	6.126959528948701e-12	9.498908084863554e-12	-6.0844132953343255e-12	3.4805795464086784e-11	5.11570960367504e-12	8.722312993450003e-12	-5.488703099489991e-12	-9.594689710608936e-12	-2.656542250811363e-11	-3.463792166765824e-11	7.067420452089191e-12	2.3200873449481813e-11	-7.660105059218661e-12	2.741719556769112e-12	3.127807575428542e-11	1.65037905143331e-12	4.3872691465547605e-12	1.417932884187528e-12	-7.719567605657782e-14	-2.2188350413776697e-11	-1.6424761305648017e-11	1.149614664126652e-11	-2.332758263958286e-11	-1.6313923132771622e-11	-2.7311089985704634e-12	-3.3148748222116815e-12	1.768171370733326e-12	4.865730727329591e-12	-1.3780027060376612e-11
14.0	0.32275369960442485	-0.3352544787005494	0.33525447870057745	0.3489505404701292	-0.3489505404701143	-0.3652284796780718	0.36522847967806066	0.38599750607778993	-0.3859975060778121	-0.4163331803873591	0.4163331803876431	0.4798334008758877	-0.47983339956937393	-0.41413777764599263	0.4141377766182502	0.3812343676523928	-0.3812343689257911	-0.35806550071174853	0.35791739385410315	0.33957849222565056	-0.3339302595587004	-0.31863380127589686	0.31975566580035664	0.3065149839599808	-0.3077729280944728	-0.2958874114878474	0.2963553662768107	0.2858415635416928	-0.2860076390085751	-0.2760240524241429	0.27639577278998273	1.6910330734545238e-8	-5.448389569177477e-11	-1.891467976650423e-10	-9.034673106272205e-12	-4.990855393247609e-12	-8.165081212300935e-12	-8.142125864480094e-12	-8.962611232513897e-12	1.1908083741866583e-11	-7.1183441124262045e-12	5.140396629783259e-12	-3.1875224607413245e-11	-1.0878024792548335e-11	-1.4962989772872434e-11	-5.114380922158014e-12	-8.898535935643031e-12	9.45521355498968e-12	-1.374534669793856e-11	-4.495619309851639e-12	1.711354139677712e-11	8.362796055429866e-12	2.3672265260226978e-11	-1.3855517492328944e-11	-1.1146523523582879e-11	-5.97790370488959e-12	5.8020033876814325e-12	1.870046610571871e-11	-4.959764457463626e-12	-2.4085466408015504e-11	-1.5542291129265776e-11	-1.2759605337363162e-11	1.3537896297663103e-11	8.539161664020477e-12	1.9245852928700845e-12	1.0994104502152813e-11	-6.0933960417669866e-12	-9.31297265928365e-12	6.140675966641255e-12	-3.485080007008233e-11	-5.081301560583476e-12	-8.672609596494211e-12	5.4213819721482056e-12	9.573846274413923e-12	2.6664889558246046e-11	3.464248730611046e-11	-7.129091648446025e-12	-2.3370263557847066e-11	7.645821902988713e-12	-2.7860971518923667e-12	-3.1318480042949954e-11	-1.6090259844402692e-12	-4.381983053228118e-12	-1.2652875576041374e-12	4.91142547666242e-14	2.224336823698936e-11	1.6385716337970892e-11	-1.145497334969248e-11	2.3378490413951796e-11	1.6303046251935312e-11	2.7476200281296847e-12	3.3162416386258725e-12	-1.8169379657548335e-12	-4.784367532459926e-12	1.3790308166669063e-11
15.0	0.3088088054429468	-0.3202714928719538	0.320271492871981	0.3325589391814798	-0.332558939181457	-0.34664406523547153	0.34664406523545943	0.36346287002161615	-0.36346287002165295	-0.3848540518440806	0.3848540518443672	0.41583268743280094	-0.41583268581267335	-0.4798659156976316	0.4798659158260399	0.4151319175432811	-0.41513191882527534	-0.38332288347906585	0.38316433232047126	0.3609907140328225	-0.35498632698859645	-0.33754077837734836	0.3387292117132353	0.3240661788589705	-0.3253961535961329	-0.3124580916285791	0.3129522522995067	0.30161816716960405	-0.3017934102264803	-0.29110259892638635	0.2914946247090193	1.5474304993377312e-8	-6.044094426129815e-11	-1.8968802903828777e-10	-8.25869990698823e-12	-4.634105313722396e-12	-7.446413367395164e-12	-8.596960368820985e-12	-8.803919847002253e-12	1.4043348598157245e-11	-7.0862123196732736e-12	4.895762712797266e-12	-3.4185709413556455e-11	-1.1303288967423063e-11	-1.543420494470325e-11	-4.788346979686081e-12	-8.231120622324832e-12	9.6076561864964e-12	-1.4571009456024147e-11	-4.4105359995417016e-12	1.7162141995064964e-11	8.192310515263428e-12	2.3929238994112602e-11	-1.345377288801754e-11	-1.1503920675258285e-11	-6.4006119798133854e-12	5.849786697197516e-12	1.7761153842234526e-11	-6.1501298016154806e-12	-2.381053050594717e-11	-1.4020344601270886e-11	-1.230229783201008e-11	1.3687152530196964e-11	6.547888800434142e-12	2.1106319327513974e-12	1.1906895683207585e-11	-5.594326186804304e-12	-7.750051671709891e-12	6.632065601768555e-12	-3.38658018303886e-11	-4.571145930764321e-12	-7.784611002651413e-12	4.787484607670784e-12	9.584741075475369e-12	2.7153327984860824e-11	3.435956017371093e-11	-7.040795481613449e-12	-2.504030465508887e-11	6.910484449022639e-12	-2.927462780828673e-12	-3.088650895396962e-11	-1.2091604852076072e-12	-4.617316199062637e-12	2.1643346367954546e-13	-1.3144870288534519e-12	2.221351729487777e-11	1.5762162510240335e-11	-1.1593209465471832e-11	2.3789395772837075e-11	1.5772248902373714e-11	2.4244063506524222e-12	3.0332368960772708e-12	-2.536364700557798e-12	-4.435762401022556e-12	1.3361574834826382e-11
16.0	-0.3088088054429466	0.32027149287195383	-0.32027149287198103	-0.3325589391814798	0.33255893918145707	0.34664406523547203	-0.34664406523545943	-0.3634628700216162	0.3634628700216531	0.3848540518440809	-0.3848540518443676	-0.4158326874328009	0.4158326858126737	0.47986591569763176	-0.47986591582604005	-0.41513191754328144	0.41513191882527606	0.38332288369641576	-0.3833228894167813	-0.3611473572885585	0.3557147424717486	0.338180637563331	-0.3383059821096248	-0.3236201087102623	0.3249370151212484	0.311956727008737	-0.31241328284128655	-0.301083961049825	0.30120975341246137	0.29050529083326126	-0.2908892320833605	-2.4793887554634402e-8	-8.215726541267535e-11	7.172639138665454e-11	7.980891035284365e-12	4.643759819287613e-12	7.460906030116504e-12	8.586571865637849e-12	8.841519667236247e-12	-3.2154862875623206e-11	7.356157283517852e-12	-4.884007425489453e-12	-1.2513235933208469e-11	1.1250757141160818e-11	1.541581636595148e-11	4.788379290684308e-12	8.241306746133921e-12	-9.60586196632284e-12	1.453916016057486e-11	4.409154219331908e-12	-1.7157099686466632e-11	-8.221825867723101e-12	-2.3921911868456173e-11	1.3446829030063323e-11	1.1485961457710376e-11	6.3785434074179844e-12	-5.836214253191618e-12	-1.7766210094013807e-11	6.107927037285124e-12	2.3781059639524566e-11	1.404040962781325e-11	1.2319793156943693e-11	-1.3626360029039745e-11	-6.572631265920412e-12	-2.0995422656213873e-12	-1.187538871305226e-11	5.6034303694244076e-12	7.796351736653933e-12	-6.617034457187424e-12	3.383167531970332e-11	4.5768963444481935e-12	7.78910362594321e-12	-4.805304020022978e-12	-9.586039999541053e-12	-2.711439081431261e-11	-3.4343806081982434e-11	7.0194178905781386e-12	2.49812408269279e-11	-6.9100341590920225e-12	2.9141857348622762e-12	3.085535354038179e-11	1.2136423503050243e-12	4.61918568327161e-12	-1.7935154188837192e-13	1.3011758797318766e-12	-2.2180353690321717e-11	-1.5765343440477205e-11	1.1604365426827398e-11	-2.3759201361307727e-11	-1.5767171275302984e-11	-2.417503821451917e-12	-3.031063720511269e-12	2.524353772702628e-12	4.45087584516103e-12	-1.3349640904042489e-11
17.0	-0.2944010337863683	0.3050491169670195	-0.30504911696704856	-0.31632454624105827	0.31632454624102824	0.3290021735679116	-0.3290021735678985	-0.3436465163310877	0.3436465163311336	0.3611473676088533	-0.36114736760909655	-0.38332288571342876	0.38332288434124545	0.4151319139812263	-0.4151319142057089	-0.4798659187136441	0.4798659155681093	0.4158326948327151	-0.4158326919966336	-0.38485404358668196	0.3790648161706751	0.3576818004335899	-0.3578143717331333	-0.34097340132646375	0.34236092443632077	0.32796695126949943	-0.3284469404018867	-0.3161084725834071	0.31624054337745305	0.30472241313473397	-0.30512514510728833	-2.3575762580896782e-8	-7.763989520883647e-11	6.738536702370431e-11	7.226128440800671e-12	4.4045658266660045e-12	6.956932637840887e-12	8.8269152769552e-12	8.613750110540636e-12	-3.346220099747934e-11	7.0783495431302264e-12	-4.561969418831667e-12	-1.2636792050474959e-11	1.1341342433474963e-11	1.5381985090272135e-11	4.520393621725671e-12	7.62820903167393e-12	-9.469868541682598e-12	1.4787030741775816e-11	4.41888797706303e-12	-1.6856615986061534e-11	-7.802188211591857e-12	-2.3535788018352684e-11	1.2790254404875666e-11	1.153327720858368e-11	6.598990738530037e-12	-5.7605516588873584e-12	-1.674632659560749e-11	6.834402107537056e-12	2.3281300685378943e-11	1.2778859541523127e-11	1.1708026789444826e-11	-1.3490270835229321e-11	-5.130176028377567e-12	-2.2610485147594934e-12	-1.2268260526953742e-11	5.0491801182065875e-12	6.6618274454404216e-12	-6.742379228139361e-12	3.2680675327998024e-11	4.2039662546105595e-12	7.127289771674087e-12	-4.2292598965448444e-12	-9.400151192308322e-12	-2.6920066768651896e-11	-3.355206391967023e-11	6.948180117354709e-12	2.5663481185398393e-11	-6.3887887639258566e-12	2.995754929468097e-12	2.9994427121702904e-11	9.8538824857364e-13	4.647332630157074e-12	-1.1035056750928546e-12	2.2589354851470624e-12	-2.1861024575266553e-11	-1.5024301938819966e-11	1.1446345825482957e-11	-2.3741199660909934e-11	-1.522057360338294e-11	-2.102326200520508e-12	-2.8279857235101386e-12	2.920234559479016e-12	4.174723675263616e-12	-1.2866337440830369e-11
18.0	0.29440103378636845	-0.3050491169670199	0.3050491169670486	0.31632454624105855	-0.3163245462410285	-0.3290021735679117	0.32900217356789835	0.3436465163310878	-0.34364651633113336	-0.36114736760885263	0.36114736760909616	0.3833228857134288	-0.3833228843412456	-0.4151319139812259	0.415131914205709	0.47986591871364415	-0.4798659155681097	-0.41583269483271534	0.41583269199665845	0.3848540522060826	-0.38485405236424075	-0.36346286750997314	0.36345458503485295	0.34664399619258435	-0.3466015880417623	-0.33232749943500856	0.3320055957971179	0.3196708066246169	-0.3193382841631523	-0.3078446082263357	0.30792438468626965	1.4754752702573722e-8	1.5371828351406673e-10	-1.5246718383667721e-10	-7.137628155813335e-12	-4.3842285770153724e-12	-6.827753643114178e-12	-8.803297045301793e-12	-8.484487354000672e-12	9.105771318218995e-12	-6.945467835429122e-12	4.5608970607575485e-12	-3.6119259751758406e-11	-1.1339097202496738e-11	-1.5290338017698e-11	-4.46057100445847e-12	-7.53109610378907e-12	9.457020747545806e-12	-1.48142919347456e-11	-4.403086844599701e-12	1.6788410607718866e-11	7.753727189154929e-12	2.3502722625996918e-11	-1.277169347193185e-11	-1.1532385948361171e-11	-6.583782938804886e-12	5.7585537903394304e-12	1.665849065781774e-11	-6.878800066693766e-12	-2.3210683977979264e-11	-1.2690898450589449e-11	-1.1582816342126778e-11	1.3524524180209883e-11	5.0200469316181804e-12	2.263238622709258e-12	1.2336997815238756e-11	-4.983632589796523e-12	-6.502153178249692e-12	6.737458540608003e-12	-3.2576956093012227e-11	-4.1598962711272324e-12	-7.023033724188925e-12	4.1829388863241814e-12	9.33982552813717e-12	2.687230476570225e-11	3.344045858169907e-11	-6.979564316341622e-12	-2.568113294760908e-11	6.36446953782767e-12	-3.026118343614149e-12	-2.986618186682063e-11	-9.407007723935853e-13	-4.646771151250938e-12	1.1968441535775422e-12	-2.2518990153612343e-12	2.180411041576847e-11	1.4926402984083967e-11	-1.14043792832945e-11	2.3696345314512758e-11	1.5171875437199357e-11	2.0845859002643143e-12	2.8564301454899563e-12	-2.9638653099602575e-12	-4.080367042377853e-12	1.282822893163049e-11
19.0	0.2791516366297998	-0.2890930517299208	0.2890930517299527	0.299548817423069	-0.2995488174230247	-0.3111836459795243	0.3111836459795166	0.32439753344839267	-0.32439753344844563	-0.3397258575524816	0.339725857552679	0.35806550266292975	-0.3580655015659283	-0.381234363117616	0.3812343633518203	0.41413777943241176	-0.41413777501798815	-0.47983340065677554	0.4798334006238684	0.41633318081214055	-0.41633318656555335	-0.3859975044037331	0.38598871653339484	0.36522840522703204	-0.36518372593033455	-0.3487076993088715	0.34836992584882537	0.3346256946984313	-0.33427761597897415	-0.32174596851140314	0.321829343438488	1.348951898298931e-8	1.4832500653570253e-10	-1.4645770105480363e-10	-6.449516686115138e-12	-4.187378107220248e-12	-6.3235918583092e-12	-8.86921303569441e-12	-8.202265390607302e-12	9.929537695066158e-12	-6.640487221677857e-12	4.235801919150642e-12	-3.7201831722147e-11	-1.1204913886300865e-11	-1.4932180574454e-11	-4.176471434400513e-12	-6.946174437624789e-12	9.220249747354913e-12	-1.4680385111457812e-11	-4.370870270693332e-12	1.6277419656150717e-11	7.304819566182824e-12	2.2810487254767632e-11	-1.2112988431602809e-11	-1.1358256592946728e-11	-6.601090734592179e-12	5.579730295885454e-12	1.554352385319172e-11	-7.256373097013164e-12	-2.2434520064445867e-11	-1.1633797957894059e-11	-1.0881189909620614e-11	1.3125367938338732e-11	3.914937679400664e-12	2.3128165014227153e-12	1.2392819734095751e-11	-4.438307528294747e-12	-5.63307022037874e-12	6.677387716105403e-12	-3.1175747149150374e-11	-3.8653102217641065e-12	-6.4827531177972976e-12	3.691245704885953e-12	9.029075851190573e-12	2.6295864371428422e-11	3.223640183508175e-11	-6.8354878522393746e-12	-2.5673963152516932e-11	5.958834542115951e-12	-3.0104421971224583e-12	-2.8788069863370008e-11	-8.066636419367165e-13	-4.571181774968677e-12	1.7823480756559991e-12	-2.912312483079915e-12	2.1168740131818736e-11	1.4117655586096403e-11	-1.1054885576037374e-11	2.321079569508497e-11	1.454691006989164e-11	1.8307234695955675e-12	2.6804714766363897e-12	-3.1565328037319716e-12	-3.771191239304756e-12	1.2269385608925485e-11
20.0	-0.2791516366297996	0.28909305172992134	-0.28909305172995314	-0.2995488174230695	0.2995488174230252	0.3111836459795244	-0.3111836459795164	-0.3243975334483932	0.3243975334484463	0.33972585755248147	-0.3397258575526791	-0.3580655026629296	0.35806550156592826	0.38123436311761605	-0.3812343633518204	-0.41413777943241176	0.414137775017988	0.47983340065677565	-0.47983340062386864	-0.4163331808121403	0.4163331865655533	0.3859975044168723	-0.3859975061462064	-0.3652284745107676	0.3652277176292164	0.3487714594411116	-0.3485134495985286	-0.3348167683108485	0.33453242265944005	0.32202127699428107	-0.3221205611994699	-2.496490252125786e-8	-1.3555669963207593e-10	1.0159398658288538e-10	6.506456838268395e-12	4.176415480008056e-12	6.307963135260816e-12	8.869049132373736e-12	8.1689580036038e-12	-2.2942701967377993e-11	6.3773564923008894e-12	-4.2345193672542194e-12	-2.3639374922665627e-11	1.114771752166688e-11	1.493171751064433e-11	4.175093397621919e-12	6.934229561875663e-12	-9.219785517229316e-12	1.4689122449200694e-11	4.365721913009903e-12	-1.6272007052815948e-11	-7.279968723346828e-12	-2.279792954264463e-11	1.2115695954187727e-11	1.1364264729694323e-11	6.612686057561329e-12	-5.583376943312737e-12	-1.5521261268394233e-11	7.271921315163837e-12	2.2432125637865022e-11	1.1615212077131356e-11	1.0857795165063598e-11	-1.3145974629444136e-11	-3.895211332752128e-12	-2.315668218694818e-12	-1.2400631568833158e-11	4.4291816463090834e-12	5.602616216514759e-12	-6.680991677319568e-12	3.11733158846318e-11	3.86571556761729e-12	6.473878506290806e-12	-3.6783655974076165e-12	-9.024594143878995e-12	-2.6309537631368704e-11	-3.22195525997255e-11	6.8432732614057875e-12	2.5687675232684335e-11	-5.95754685118955e-12	3.015657088984435e-12	2.8787336637595875e-11	8.064157822919723e-13	4.564025201935215e-12	-1.80916562554993e-12	2.9158351329882704e-12	-2.1171734834176333e-11	-1.4109618374156257e-11	1.1037390208841227e-11	-2.320565832333726e-11	-1.4540120617908742e-11	-1.8379438626618333e-12	-2.6807235847982225e-12	3.1606100826742233e-12	3.750667361411047e-12	-1.2267444765260162e-11
21.0	-0.26265795384901025	0.2719290647369497	-0.2719290647369793	-0.2816439765147396	0.28164397651467316	0.2923955926076333	-0.2923955926076306	-0.3045018151504741	0.3045018151505282	0.31834477863922717	-0.3183447786393936	-0.33448451184084305	0.33448451096575904	0.3538535113664632	-0.35385351158487033	-0.3782963089369871	0.3782963050030593	0.4126801803987386	-0.4126801803522298	-0.4797585683848162	0.479758559376622	0.4166818353130632	-0.4166818356665868	-0.38684826798009053	0.38684745956919336	0.3663710047263778	-0.3660999670757725	-0.3501781629289696	0.3498807723763026	0.3358993037598983	-0.3360028669729715	-2.3324542125873455e-8	-1.28413854494295e-10	9.505510229743007e-11	5.852558675192469e-12	3.881836923597366e-12	6.1246892126541886e-12	8.691163347757359e-12	7.924325156028939e-12	-2.3040347847287724e-11	6.038243165371808e-12	-3.974781460157267e-12	-2.2701897681824835e-11	1.0915038452163208e-11	1.4341971968242055e-11	3.848236898747173e-12	6.350881845452198e-12	-8.763803760216872e-12	1.4276923957284454e-11	4.288928906746714e-12	-1.5473680759787155e-11	-6.911298697440963e-12	-2.1752006147596513e-11	1.1281910235813813e-11	1.0893241513527404e-11	6.414579283107526e-12	-5.2284436051264744e-12	-1.4497110564342225e-11	7.496222273736307e-12	2.1453345252228714e-11	1.0604642646948016e-11	1.0177044136527728e-11	-1.2683094278711086e-11	-3.1776265339111514e-12	-2.2600279675864407e-12	-1.2191497299961666e-11	4.0534691578489795e-12	4.8692391385719565e-12	-6.563138108145577e-12	2.945387102191424e-11	3.427229150822984e-12	5.936684168060864e-12	-3.2843745024277345e-12	-8.541083004746124e-12	-2.5180528386543357e-11	-3.065674047902377e-11	6.628669928677902e-12	2.5223103821772392e-11	-5.518761314930931e-12	2.911199208459296e-12	2.741698983022305e-11	6.947288887684786e-13	4.425721685779241e-12	-2.110258421037828e-12	3.3302572183644646e-12	-2.021802527007986e-11	-1.314750823426516e-11	1.0562241186296318e-11	-2.2390494434245482e-11	-1.3722926974715441e-11	-1.5030902339706513e-12	-2.4717158211173094e-12	3.1771339647761313e-12	3.5524477140818975e-12	-1.1681766418076175e-11
22.0	0.26265795384901025	-0.2719290647369501	0.27192906473697975	0.2816439765147396	-0.2816439765146727	-0.29239559260763337	0.29239559260763054	0.3045018151504742	-0.30450181515052854	-0.3183447786392269	0.31834477863939303	0.3344845118408428	-0.33448451096575893	-0.35385351136646304	0.35385351158487066	0.37829630893698724	-0.3782963050030595	-0.41268018039873855	0.4126801803522296	0.4797585683848165	-0.4797585593766224	-0.41668183531306285	0.4166818356665869	0.3868482679815887	-0.3868482672960215	-0.36655913089380576	0.3665539930706436	0.3506282316945372	-0.35014294514900496	-0.33617189894308075	0.33619409574065073	2.754302066570986e-8	1.3139448242966797e-10	-9.224453731463179e-11	-5.842293877396514e-12	-3.879371878749428e-12	-6.1245086263730355e-12	-8.693216243201352e-12	-7.924120005218718e-12	9.792230712003293e-12	-6.125011840688832e-12	3.976317058864017e-12	-1.596941528377317e-11	-1.1143710529001537e-11	-1.4340473156055013e-11	-3.845267488929467e-12	-6.3461587416289825e-12	8.763398912524729e-12	-1.4282047776413324e-11	-4.293529752767748e-12	1.5470602894297683e-11	6.910586161668628e-12	2.1753712738870568e-11	-1.1282292921120806e-11	-1.0892032021638826e-11	-6.413686873085925e-12	5.228277330944125e-12	1.4493354892996609e-11	-7.505707903985972e-12	-2.14567033362885e-11	-1.0602262143419645e-11	-1.017027499988078e-11	1.2687337297243847e-11	3.1741323858675418e-12	2.2577064234686573e-12	1.2196800951972363e-11	-4.0533172912027754e-12	-4.861189896601312e-12	6.565511566428344e-12	-2.945728909012353e-11	-3.426764381249336e-12	-5.9348343623498515e-12	3.2835517394843395e-12	8.536500952727105e-12	2.5181275985845596e-11	3.065697811272682e-11	-6.634733885025728e-12	-2.5233058302761088e-11	5.5227698484215764e-12	-2.9098980889036516e-12	-2.742384608181088e-11	-6.939095829037708e-13	-4.425102909510202e-12	2.1136588056014605e-12	-3.331465023608618e-12	2.0221926221592102e-11	1.3141479467675747e-11	-1.0561799899490271e-11	2.239609652875894e-11	1.3723074512489574e-11	1.498414985986018e-12	2.470125924323445e-12	-3.1772570514374105e-12	-3.54959160822272e-12	1.1685658203976585e-11
23.0	0.2444144334746719	-0.2530000741154082	0.25300007411543585	0.26197961277867765	-0.2619796127786057	-0.27189008690369826	0.27189008690370003	0.2830022704068831	-0.2830022704069425	-0.2956226831900348	0.2956226831901831	0.31016740091344625	-0.31016740020353173	-0.32725225151724546	0.32725225171832223	0.3478832989109413	-0.3478832956803464	-0.3739831623415181	0.3739831623268206	0.4104334523062739	-0.41043343935236976	-0.47961484991402786	0.47961485042394075	0.4168905742459274	-0.4168905870458523	-0.3874347886971934	0.3874293660983957	0.36742242922408275	-0.36691390393952383	-0.35060573835960673	0.3506288900960192	2.5528475951253057e-8	1.2271576509325388e-10	-8.508330337727521e-11	-5.364320959277584e-12	-3.54558704438916e-12	-5.550244894489147e-12	-8.314931803989525e-12	-7.44777275521717e-12	1.0071637205162034e-11	-5.6476453836897406e-12	3.5858678842349383e-12	-1.3098569297023683e-11	-1.0634780792316096e-11	-1.3650305898457177e-11	-3.5935690603647733e-12	-5.873131167500564e-12	8.231555412403446e-12	-1.3539666686557069e-11	-3.96088919174212e-12	1.4556726573045964e-11	6.43236599115285e-12	2.042513956619112e-11	-1.0455584559968219e-11	-1.0313892943529562e-11	-6.231373589374348e-12	4.768029952855208e-12	1.340408871844521e-11	-7.306781641220601e-12	-2.0211369760862915e-11	-9.638428442403542e-12	-9.502402594782027e-12	1.2135049028309025e-11	2.6161616125251783e-12	2.227758673580056e-12	1.1678325328770826e-11	-3.651988745493634e-12	-4.263034610889374e-12	6.29805801580384e-12	-2.7448683978006136e-11	-2.9849445198835755e-12	-5.455481283697595e-12	2.881376150378516e-12	8.067137262458307e-12	2.3866383383949698e-11	2.8757648071124468e-11	-6.280915983252852e-12	-2.4125362927757387e-11	4.997932772029866e-12	-2.8372020056915822e-12	-2.563007452687223e-11	-6.549649472127582e-13	-4.169552065413869e-12	2.3049416024965613e-12	-3.4552268209534585e-12	1.8982397838248938e-11	1.2244267256323596e-11	-9.882103935327009e-12	2.1083797938881122e-11	1.2762550618337174e-11	1.3987021755863696e-12	2.329833225109661e-12	-3.1251715222030743e-12	-3.3013015776552043e-12	1.0936472898227479e-11
24.0	-0.24441443347467204	0.25300007411540804	-0.25300007411543557	-0.26197961277867776	0.2619796127786055	0.27189008690369826	-0.27189008690370026	-0.2830022704068831	0.2830022704069426	0.2956226831900345	-0.29562268319018303	-0.31016740091344597	0.3101674002035312	0.32725225151724535	-0.3272522517183226	-0.3478832989109412	0.3478832956803462	0.37398316234151824	-0.37398316232682083	-0.4104334523062737	0.41043343935237026	0.4796148499140276	-0.47961485042394075	-0.41689057424592746	0.41689058704585247	0.3874347887220675	-0.387434783335621	-0.3674305223685958	0.3673688070896608	0.3510714239161884	-0.3510098651919445	-2.6250436298305258e-8	-1.1148988720785597e-10	8.552166384335705e-11	5.34543160936303e-12	3.534434279288271e-12	5.531208932586315e-12	8.301468069307336e-12	7.419315554836881e-12	1.0800036197258615e-10	5.879155414581398e-12	-3.5800195100074916e-12	-1.26508097909191e-10	1.0568674176355927e-11	1.363958206578529e-11	3.5872665682188218e-12	5.857841792814313e-12	-8.221462905731959e-12	1.3533394031892703e-11	3.952069731935519e-12	-1.453867056362675e-11	-6.413040535073739e-12	-2.039597566179909e-11	1.0445814196620559e-11	1.0309174914817158e-11	6.230846833128571e-12	-4.763765552267427e-12	-1.3381346660039157e-11	7.314624868712098e-12	2.0197616560296962e-11	9.6147282819098e-12	9.481032806654971e-12	-1.2149747372038401e-11	-2.603700067592763e-12	-2.2309396533473503e-12	-1.1678444866653662e-11	3.6418676515773934e-12	4.231861893646646e-12	-6.2984216120915326e-12	2.742437671058631e-11	2.9752251816860788e-12	5.442660650938286e-12	-2.8705633325952557e-12	-8.058625288623987e-12	-2.3855852871404023e-11	-2.8722961194408778e-11	6.281858204204376e-12	2.4120056095032273e-11	-4.990391873957894e-12	2.840864475189971e-12	2.5608259747732263e-11	6.536983372282566e-13	4.161133489310102e-12	-2.3248531055359918e-12	3.4519002192257248e-12	-1.8964149151392042e-11	-1.2228416417887842e-11	9.86113941194047e-12	-2.1060336363971912e-11	-1.2743516738028412e-11	-1.3995353316131883e-12	-2.32964827451956e-12	3.1248850152118046e-12	3.286817582371213e-12	-1.0931161900654944e-11
25.0	-0.22368422119942663	0.2315229870225371	-0.2315229870225612	-0.2397140014007351	0.23971400140065482	0.24874263326397997	-0.24874263326398785	-0.25884664285649367	0.2588466428565477	0.2702876565905987	-0.27028765659073367	-0.2834081840117842	0.28340818342478796	0.29868721894539235	-0.2986872191284291	-0.3168353519243145	0.3168353493287234	0.3389957198333126	-0.3389957198462146	-0.3672739448733794	0.36727393294663446	0.4067149763930184	-0.4067149768454625	-0.47933535564740964	0.47933535866791444	0.4169120626192694	-0.4169120835982269	-0.38764010280411487	0.3875749628315164	0.3670136566643413	-0.36694930409082627	-2.5456679801558188e-8	-1.0250251466814833e-10	7.777294402753064e-11	4.8688911186387255e-12	3.1988654345576607e-12	4.875147346264236e-12	7.756225246225728e-12	6.898008341428328e-12	9.90961973960971e-11	5.298644644528506e-12	-3.153028041862872e-12	-1.1739347166271225e-10	9.848067086387521e-12	1.2590240863535617e-11	3.3442375697286697e-12	5.350563393864345e-12	-7.589760727024372e-12	1.2586310754592155e-11	3.682231991394e-12	-1.343162061612428e-11	-5.830423541337147e-12	-1.8747910174261592e-11	9.501777567904728e-12	9.508617520534553e-12	5.869473502699365e-12	-4.328167375095424e-12	-1.2165118772818376e-11	6.9315608407067705e-12	1.8621268780857937e-11	8.636674865233635e-12	8.649738737382295e-12	-1.1386094863374851e-11	-2.184949796971287e-12	-2.1048388205391796e-12	-1.0957590355101181e-11	3.1883324378278533e-12	3.761528832053344e-12	-5.876309121899982e-12	2.512086913527746e-11	2.4885777417665913e-12	4.874884151455466e-12	-2.5045579063277725e-12	-7.45422690752817e-12	-2.2154327028001546e-11	-2.6450211803050044e-11	5.783682826594372e-12	2.2525772317831142e-11	-4.456668268409631e-12	2.6904004660897827e-12	2.35281412768492e-11	5.992442063676809e-13	3.828569064419006e-12	-2.3124858061779567e-12	3.4670361361429867e-12	-1.740767633096355e-11	-1.1203564579255281e-11	9.153458596215187e-12	-1.948139337109029e-11	-1.1700693086029827e-11	-1.2860053698135471e-12	-2.1718233572481263e-12	2.95176386698474e-12	2.98909716710143e-12	-1.0046936879129877e-11
26.0	0.22368422119942674	-0.2315229870225372	0.23152298702256108	0.2397140014007353	-0.2397140014006549	-0.2487426332639801	0.24874263326398813	0.2588466428564936	-0.25884664285654746	-0.2702876565905985	0.2702876565907338	0.28340818401178436	-0.2834081834247882	-0.2986872189453927	0.29868721912842916	0.3168353519243145	-0.3168353493287237	-0.3389957198333125	0.33899571984621424	0.36727394487337933	-0.36727393294663474	-0.40671497639301823	0.4067149768454621	0.4793353556474098	-0.4793353586679145	-0.4169120626192693	0.4169120835982274	0.3876401028815239	-0.38764007786709676	-0.3670625710039525	0.36706236876163645	2.9676559919885748e-8	1.4249458489914362e-10	-7.755935402542821e-11	-4.859684805920564e-12	-3.1923892658305093e-12	-4.868675157635034e-12	-7.751886429431276e-12	-6.883827506569401e-12	-9.865449561966082e-11	-5.275678409660094e-12	3.1533327993546596e-12	1.1713009405734564e-10	-9.84891796933478e-12	-1.2584479302535285e-11	-3.3432332718109424e-12	-5.346740244735443e-12	7.584701159497857e-12	-1.2586097154478299e-11	-3.679937552037655e-12	1.342202948307999e-11	5.817970110453694e-12	1.8732252755693923e-11	-9.488877129851749e-12	-9.50910983668177e-12	-5.862711788719448e-12	4.327957330893779e-12	1.2161739364415927e-11	-6.933645615400748e-12	-1.8619511242926216e-11	-8.62723333715825e-12	-8.637236204005665e-12	1.1396698279790759e-11	2.1789884049569187e-12	2.1063880403580883e-12	1.0953961664038823e-11	-3.178703314320986e-12	-3.747359225357675e-12	5.876419422657922e-12	-2.511217346983612e-11	-2.487112940790811e-12	-4.871748518553881e-12	2.501569115144476e-12	7.452281464523388e-12	2.2159150828198033e-11	2.643302751406179e-11	-5.786225088834081e-12	-2.2526514506924632e-11	4.455898746896609e-12	-2.6856334763928014e-12	-2.352323143267359e-11	-6.032817872276515e-13	-3.82839468546533e-12	2.319519984785134e-12	-3.467438823639375e-12	1.7403835288761472e-11	1.119401799210749e-11	-9.147109422601583e-12	1.9476763371462902e-11	1.1690510248899775e-11	1.2959392649676607e-12	2.1746630285085085e-12	-2.9507809486496606e-12	-2.9849387484751908e-12	1.0048716719817138e-11
27.0	0.1992189320263712	-0.2061933317119487	0.20619333171197185	0.21347845123861406	-0.21347845123854084	-0.22150440057428988	0.2215044005743026	0.2304794636941101	-0.23047946369416375	-0.24063029987918816	0.24063029987929505	0.25224955280270256	-0.25224955231533336	-0.2657377568786786	0.2657377570414737	0.2816677079288934	-0.2816677058503324	-0.3009009079472348	0.30090090797894037	0.32482668307285	-0.32482667315609876	-0.35594978974037544	0.35594979014291334	0.39988847065386146	-0.39988847453311344	-0.4787259926138992	0.47872599439775393	0.41648935434514195	-0.41648933254490045	-0.3863564125913885	0.38635619853915937	2.5459178995540356e-8	1.2763272301289766e-10	-6.86773776593065e-11	-4.340021396700976e-12	-2.792626562203365e-12	-4.233657944075393e-12	-6.97994273790072e-12	-6.211638386021422e-12	-8.847946534322624e-11	-4.753536852396679e-12	2.759175206065902e-12	1.0543859510184241e-10	-8.892058912739315e-12	-1.1295782777362848e-11	-2.9757436592005725e-12	-4.712861079711422e-12	6.764902824808694e-12	-1.1275115132388974e-11	-3.2830583260243034e-12	1.2043382550561417e-11	5.1305791187248754e-12	1.673610935280125e-11	-8.475280479667387e-12	-8.547161876353015e-12	-5.3078298412462965e-12	3.834743166841222e-12	1.0791386227241602e-11	-6.258432680075959e-12	-1.6676843082332305e-11	-7.60199826332622e-12	-7.686138594941219e-12	1.0276810371950533e-11	1.835965531700464e-12	1.8894771428619533e-12	9.88731613387086e-12	-2.797359878966236e-12	-3.2790931704755633e-12	5.297897379421788e-12	-2.235946422934281e-11	-2.1021836994192465e-12	-4.235848738167376e-12	2.1641503605069257e-12	6.7086083398383785e-12	1.9899577253708833e-11	2.3680389043484718e-11	-5.152100532578062e-12	-2.028815544429607e-11	3.851402504547913e-12	-2.426148889480391e-12	-2.1014038264534837e-11	-5.259400117129542e-13	-3.4607463443194733e-12	2.1645441464680866e-12	-3.3221711424424215e-12	1.55617450324191e-11	9.982560923988523e-12	-8.222805141546989e-12	1.7539508049446193e-11	1.0430262402445205e-11	1.1240133711353055e-12	1.9068930105412257e-12	-2.7009750844466216e-12	-2.6226395413292795e-12	8.978020821920498e-12
28.0	-0.1992189320263713	0.2061933317119484	-0.20619333171197177	-0.2134784512386141	0.2134784512385406	0.22150440057428977	-0.2215044005743027	-0.23047946369410985	0.2304794636941639	0.24063029987918855	-0.24063029987929488	-0.25224955280270234	0.2522495523153333	0.26573775687867873	-0.2657377570414735	-0.2816677079288933	0.2816677058503327	0.3009009079472348	-0.3009009079789405	-0.3248266830728499	0.3248266731560985	0.3559497897403755	-0.3559497901429131	-0.3998884706538617	0.3998884745331134	0.4787259926138992	-0.47872599439775404	-0.4164893543451417	0.41648933254490067	0.38635641259215214	-0.3863564140992888	-2.3972908694552914e-8	-1.079231617173068e-10	6.889921433044727e-11	4.338675294934895e-12	2.7792215235423935e-12	4.229879763458702e-12	6.972259646471631e-12	6.1960972154682155e-12	8.803243798038596e-11	4.727495017735059e-12	-2.7530249237172767e-12	-1.0511420609826092e-10	8.891130561069557e-12	1.128894384352981e-11	2.9744267932080665e-12	4.706728868241008e-12	-6.754720554249166e-12	1.126646979706735e-11	3.278586710877818e-12	-1.2032274895186433e-11	-5.114332027224836e-12	-1.6716330873332876e-11	8.46988352716939e-12	8.540342024950405e-12	5.307647558470163e-12	-3.831929607899897e-12	-1.0775722146858074e-11	6.25645291053041e-12	1.666691636087948e-11	7.591273941151284e-12	7.673397128878768e-12	-1.0280393819614401e-11	-1.8322630583561138e-12	-1.890094781693459e-12	-9.882199432180598e-12	2.793250208809313e-12	3.267209516214636e-12	-5.2952605872079965e-12	2.2342344485705175e-11	2.0986782123422378e-12	4.229470898143916e-12	-2.1595148180805283e-12	-6.7070172236712085e-12	-1.989298092017372e-11	-2.3654327489689896e-11	5.150576193038685e-12	2.0275774787732043e-11	-3.844851548080718e-12	2.424749076008217e-12	2.1000316678240158e-11	5.275067317996194e-13	3.455477445647567e-12	-2.167415946801439e-12	3.323618234051929e-12	-1.555163960442175e-11	-9.972448758420439e-12	8.211042621260756e-12	-1.7526903133522663e-11	-1.0418679692519916e-11	-1.128495147946952e-12	-1.905884054878447e-12	2.6991444351606887e-12	2.614180583954551e-12	-8.976134022041987e-12
29.0	-0.16845526630325647	0.1743507935257371	-0.17435079352574917	-0.1805082723717129	0.18050827237165318	0.1872908336651978	-0.1872908336652143	-0.19487372210790133	0.1948737221079598	0.2034470162537728	-0.2034470162538732	-0.21325515552605287	0.21325515513177762	0.2246307015256759	-0.22463070166339658	-0.23804447240073232	0.2380444707636359	0.25419195282576545	-0.2541919528670195	-0.2741558439625046	0.2741558361894407	0.299743237515314	-0.2997432378497367	-0.334291843855313	0.3342918474424637	0.38513232324885255	-0.3851323249082887	-0.477028788921122	0.4770287877554473	0.41374032064700605	-0.4137403241155476	-1.919523369038939e-8	-9.141143159137404e-11	5.7977088313396086e-11	3.65913849664141e-12	2.3489008101082443e-12	3.543347901669175e-12	5.911676156496363e-12	5.1931632432160615e-12	7.483911826862104e-11	4.051822006555011e-12	-2.3416975081928384e-12	-8.947121587241345e-11	7.601498648589679e-12	9.652823189362687e-12	2.5313213000084056e-12	3.973156895803227e-12	-5.745273923236603e-12	9.581662614171354e-12	2.787670865412441e-12	-1.0215781096411584e-11	-4.3376195226064975e-12	-1.4165329264905646e-11	7.125180311333797e-12	7.287141387179362e-12	4.521639820677299e-12	-3.2360271679675793e-12	-9.140262729272659e-12	5.3527344157550115e-12	1.4098269565878019e-11	6.342466969525345e-12	6.4937107779342324e-12	-8.756522767862489e-12	-1.4567086240780601e-12	-1.5937327485255387e-12	-8.437053468913343e-12	2.354679957082172e-12	2.74307363274644e-12	-4.510979750852087e-12	1.8888891928021776e-11	1.7274625369062102e-12	3.5435631617414024e-12	-1.7804598905172691e-12	-5.688648629385581e-12	-1.68608788053497e-11	-2.009605684796644e-11	4.371599197863522e-12	1.7287913627004804e-11	-3.1758151992315304e-12	2.0767877034189996e-12	1.7751130206480046e-11	4.374756291025938e-13	2.9470145714685723e-12	-1.941132893741634e-12	2.947636972495668e-12	-1.3152916122340857e-11	-8.4645787862766e-12	6.932732377145086e-12	-1.490367878757785e-11	-8.733092495124384e-12	-9.243120861187432e-13	-1.6265110653428864e-12	2.3277658379882804e-12	2.22903613963897e-12	-7.575706811618062e-12
30.0	0.16845526630325636	-0.17435079352573712	0.17435079352574906	0.18050827237171307	-0.1805082723716531	-0.18729083366519772	0.18729083366521443	0.19487372210790102	-0.19487372210796	-0.2034470162537728	0.2034470162538733	0.21325515552605273	-0.21325515513177748	-0.22463070152567588	0.2246307016633968	0.23804447240073234	-0.2380444707636361	-0.25419195282576534	0.25419195286701934	0.2741558439625043	-0.2741558361894407	-0.29974323751531423	0.2997432378497364	0.3342918438553131	-0.3342918474424641	-0.3851323232488526	0.38513232490828875	0.47702878892112216	-0.4770287877554475	-0.41374032064700594	0.4137403241155473	1.9195233857733295e-8	9.141140779765531e-11	-5.797712949948567e-11	-3.65923989722214e-12	-2.3487690453115303e-12	-3.5434518345254465e-12	-5.911689061110974e-12	-5.1932561107919825e-12	-7.483920923825437e-11	-4.051789348214026e-12	2.3416141466787234e-12	8.947103705743084e-11	-7.601339492157207e-12	-9.652825453821414e-12	-2.5312087147595526e-12	-3.973286099456268e-12	5.745380055774465e-12	-9.581768804466723e-12	-2.787548718648265e-12	1.021568868784908e-11	4.337795128388929e-12	1.4165160120937603e-11	-7.125335701056348e-12	-7.287370723691812e-12	-4.5215655402868575e-12	3.235966225554783e-12	9.140133399673942e-12	-5.352676330483659e-12	-1.4098297533029249e-11	-6.342520958723487e-12	-6.493694778252294e-12	8.756729443009973e-12	1.4567822446744083e-12	1.593608208269376e-12	8.436834553658966e-12	-2.354585677764689e-12	-2.7431565715834006e-12	4.511246740492886e-12	-1.8888611236172516e-11	-1.7272072036759035e-12	-3.5435330840201934e-12	1.7806536836565408e-12	5.6886397383924315e-12	1.686093843490863e-11	2.0095993547552207e-11	-4.371485735389192e-12	-1.7288097479523053e-11	3.175931745570664e-12	-2.076813031865394e-12	-1.7751453418185494e-11	-4.37466921509285e-13	-2.9469928994102935e-12	1.9411860009233652e-12	-2.9476546268944574e-12	1.3153178412738585e-11	8.464514555616541e-12	-6.932854980156129e-12	1.4903839275469004e-11	8.733120533239974e-12	9.242949196159597e-13	1.6263804270545214e-12	-2.3275586714594063e-12	-2.2289134519478965e-12	7.575881659849894e-12
31.0	0.12403474670817624	-0.12837543858959105	0.12837543858958766	0.1329089145003171	-0.13290891450027212	-0.13790248422042728	0.1379024842204472	0.14348508077382957	-0.14348508077387248	-0.14979647925165426	0.1497964792517351	0.1570163332946171	-0.1570163330111088	-0.16538880240984413	0.16538880251131938	0.17525910963147068	-0.17525910847155327	-0.18713590335926691	0.1871359033951595	0.20180726318547654	-0.2018072578022909	-0.22057555275573257	0.22057555299056536	0.24578942783019544	-0.24578943040754556	-0.28225152076083954	0.28225152208266296	0.3419509454202903	-0.3419509443811911	-0.46868273622124307	0.4686827369160567	1.3642142596885375e-8	6.730593257705704e-11	-4.2563236273823666e-11	-2.6916308180254615e-12	-1.7051213337853026e-12	-2.590059718377002e-12	-4.369910053462569e-12	-3.816161978958139e-12	-5.5278682976157467e-11	-2.997545861498125e-12	1.7435441211898175e-12	6.608252995465499e-11	-5.625572290809167e-12	-7.127831985733982e-12	-1.8629213314476772e-12	-2.9191082251854503e-12	4.2591010476394944e-12	-7.074082364884915e-12	-2.0518695977532627e-12	7.537988466612659e-12	3.1901532051394924e-12	1.0449997628596104e-11	-5.249191333258935e-12	-5.4012151559213966e-12	-3.327791191295787e-12	2.3996314162267115e-12	6.769551527805748e-12	-3.972124429775598e-12	-1.0376061760923681e-11	-4.6206318479860314e-12	-4.7782102839563274e-12	6.455683878903182e-12	1.026911818285922e-12	1.166099386722748e-12	6.2439903560438345e-12	-1.746555356945777e-12	-1.989251403839575e-12	3.3603010940466094e-12	-1.3914430495332122e-11	-1.2604658248352376e-12	-2.5862430030852135e-12	1.3199731275358058e-12	4.207923266336922e-12	1.2437475925738644e-11	1.4824289603722802e-11	-3.2058664304322368e-12	-1.2781168940889096e-11	2.3210402358376397e-12	-1.5076809046374615e-12	-1.3067104412349072e-11	-3.1288926301883497e-13	-2.1741989733248126e-12	1.4550041027365097e-12	-2.2120226029449657e-12	9.714686859611408e-12	6.234344323676906e-12	-5.096154369130773e-12	1.1016337384452564e-11	6.438980497632322e-12	6.708361383480472e-13	1.1561549191089728e-12	-1.717786787300865e-12	-1.6230670439100687e-12	5.554435009248145e-12
32.0	-0.12403474670817632	0.12837543858959105	-0.1283754385895877	-0.13290891450031714	0.13290891450027212	0.13790248422042725	-0.13790248422044718	-0.14348508077382957	0.14348508077387243	0.1497964792516544	-0.1497964792517351	-0.15701633329461717	0.1570163330111088	0.16538880240984394	-0.16538880251131938	-0.17525910963147068	0.17525910847155335	0.18713590335926705	-0.18713590339515962	-0.20180726318547657	0.2018072578022909	0.22057555275573257	-0.22057555299056536	-0.24578942783019536	0.24578943040754542	0.28225152076083954	-0.28225152208266296	-0.3419509454202903	0.341950944381191	0.46868273622124307	-0.46868273691605683	-1.3642142604217152e-8	-6.730595355369351e-11	4.256319748579365e-11	2.6915772232521485e-12	1.705090489683179e-12	2.5900911895688637e-12	4.369906827200166e-12	3.8160752694454755e-12	5.5278713259352564e-11	2.99745676612096e-12	-1.7435061064797747e-12	-6.608251907631247e-11	5.625513651867702e-12	7.12782494559639e-12	1.863042273704091e-12	2.91910757685498e-12	-4.259036540668721e-12	7.0740672467256015e-12	2.051931934770537e-12	-7.53805846472608e-12	-3.1901953519320633e-12	-1.0450055908637423e-11	5.249103912003462e-12	5.401139275642596e-12	3.3277815852496643e-12	-2.399792947744151e-12	-6.769631746558019e-12	3.972112226956002e-12	1.0376084089574269e-11	4.620571157533932e-12	4.778165276547677e-12	-6.455668802377085e-12	-1.0268673979544677e-12	-1.166156282784253e-12	-6.2439066019567045e-12	1.746561873805753e-12	1.989245961144255e-12	-3.3602780151533013e-12	1.3914393887429282e-11	1.260391405953428e-12	2.5861864677562306e-12	-1.3199488369987223e-12	-4.2079278992477174e-12	-1.2437502309464208e-11	-1.4824294362104188e-11	3.2059121515927424e-12	1.2781252524669508e-11	-2.3210628183144595e-12	1.5076920252716313e-12	1.3067059342786824e-11	3.129401802387866e-13	2.174242769852166e-12	-1.4549866591001955e-12	2.2119476533004086e-12	-9.714687569174941e-12	-6.234277819333443e-12	5.0961784429227046e-12	-1.1016225458238997e-11	-6.4388497655692695e-12	-6.710122681355464e-13	-1.1562343695694324e-12	1.7179704972208194e-12	1.6227738254535453e-12	-5.5542904143121306e-12
33.0	8.5630305430681e-14	-8.484814009462949e-14	8.706007005557934e-14	5.867904742379939e-14	4.209792840980545e-14	1.54078362320795e-14	-1.3166682302527488e-13	9.153608896174985e-15	-2.8566858091567354e-14	1.1909239797345591e-13	4.539011215773132e-14	-2.3812382167354344e-15	-8.272979144358851e-14	-6.482977417289234e-14	-8.483913109926085e-14	-3.464502637792861e-14	-3.763407320821025e-14	-4.9682422738380007e-14	3.073442489262587e-14	-5.467538039635886e-14	-8.032005144037216e-14	3.947516200049185e-14	1.6890449481378328e-13	6.629544388837065e-14	1.6041390284108718e-14	-5.2069302632142294e-14	-2.057096032493079e-14	-9.267991390712655e-14	-7.288387378345031e-14	4.885547289080956e-14	-1.2429210746460838e-15	-0.4686827361541959	0.46868273614055234	0.3419509448040276	-0.34195094480403165	-0.2822515220286412	0.2822515220286464	0.2457894256154774	-0.24578942561547282	-0.22057555176509322	0.22057555176508062	0.20180725624161766	-0.2018072562413546	-0.18713588679633775	0.18063735434699976	0.16834674418422627	-0.1535633686277258	-0.14395308967708922	0.14441515532274743	0.1363071688667077	-0.1404973465484144	-0.13338265630466908	0.13766201413638215	0.131352150017975	-0.13465608435100476	-0.1287554151626711	0.12957202237152532	0.12449162968645071	-0.12605184633355426	-0.12146661580250531	0.12224728861199358	0.11785164909711919	-0.11846801114521872	7.4192598165171146e-9	2.2405235891766244e-11	6.55147238680312e-12	-4.844241494756625e-13	-2.747892832283054e-12	1.3537311104576298e-12	-4.359133956495139e-13	2.3896921847975296e-12	1.3315044957342852e-12	9.785879713515664e-13	1.4211152116691762e-12	2.16867430333594e-12	-1.8452301151215606e-12	-5.774686870445652e-13	8.810809761283145e-14	1.891676531420688e-12	-1.6378254031552769e-12	-1.3371536987744696e-12	2.1130700484501673e-12	2.4637099747872403e-12	8.209493298145598e-13	-1.1818335725734908e-12	-4.272517628114365e-12	1.0564268868742096e-12	-7.091621083083526e-13	3.251377669057917e-12	-2.123882939435024e-12	9.88036900144353e-13	4.929517198393794e-13	1.8764438794402177e-12	2.164784644604697e-12	-3.432907612450115e-12
34.0	-8.553937720646174e-14	8.468291937553583e-14	-8.74436130447297e-14	-5.888109649134969e-14	-4.211948761864471e-14	-1.560409603261521e-14	1.3174500995716063e-13	-9.059725713866681e-15	2.860386609957922e-14	-1.1905405988509233e-13	-4.5305921661742e-14	2.2528651741757996e-15	8.275874328047418e-14	6.494947160334725e-14	8.487963762338463e-14	3.434911324647825e-14	3.727701046820017e-14	4.95251080432593e-14	-3.105181737457365e-14	5.4397732117739533e-14	8.046322918008243e-14	-3.935537104099611e-14	-1.6882030997801526e-13	-6.634030377185046e-14	-1.612882403572172e-14	5.203564430044601e-14	2.071913898290897e-14	9.250818576882833e-14	7.275277031467001e-14	-4.884534497029573e-14	1.2256737442028213e-15	0.46868273615419614	-0.46868273615419515	-0.34195094481398103	0.34195094481398525	0.2822515220368567	-0.28225152203686205	-0.24578942562263184	0.24578942562262754	0.2205755517715137	-0.22057555177150082	-0.20180725624749193	0.2018072562472287	0.18713588680178503	-0.18063735435225753	-0.16834674418912654	0.15356336863219563	0.14395308968127932	-0.14441515532695115	-0.13630716887067548	0.14049734655250423	0.13338265630855137	-0.13766201414038942	-0.13135215002179865	0.13465608435492443	0.12875541516641892	-0.12957202237529697	-0.12449162969007461	0.12605184633722308	0.1214666158060407	-0.12224728861555194	-0.11785164910054967	0.11846801114866716	-7.41925999926074e-9	-2.2405318136256724e-11	-6.551503093661698e-12	4.842646514379051e-13	2.7477830482819596e-12	-1.3539911639501222e-12	4.3578158750334557e-13	-2.3897109665603704e-12	-1.331794120043457e-12	-9.786322543992463e-13	-1.4210848586488864e-12	-2.1689373734315217e-12	1.8451558094316476e-12	5.774491527124383e-13	-8.803980773443046e-14	-1.8917952837667168e-12	1.6377488487695514e-12	1.3370189030770687e-12	-2.113166742224207e-12	-2.4637292209674913e-12	-8.210243155637871e-13	1.1818001447603554e-12	4.27233680446409e-12	-1.0568449829225152e-12	7.090531646281693e-13	-3.2515749294689948e-12	2.123753828102051e-12	-9.879564809347038e-13	-4.930486911594168e-13	-1.8763355117377958e-12	-2.1646994991673045e-12	3.4327052267486593e-12
35.0	-1.1825183425055592e-13	1.380569699622065e-13	-1.136360393673263e-13	-6.112887413033638e-14	-5.947661629803722e-14	-2.2468885736166404e-14	1.853919009972107e-13	-1.4080937601193864e-14	4.0184606063443125e-14	-1.575529650068313e-13	-5.619841235863356e-14	5.047636808699678e-15	1.078938980269637e-13	8.528201610600402e-14	1.1847845043445095e-13	5.057206241275965e-14	7.28315711277198e-14	5.840425044192144e-14	-4.5813008180393383e-14	8.088432538246625e-14	1.0893543889731053e-13	-5.725095412291391e-14	-2.277127176982524e-13	-9.144133907561741e-14	-2.4835344592507352e-14	7.57455392242579e-14	2.6061531524430016e-14	1.2686210939075643e-13	9.895996381774939e-14	-6.997018380536692e-14	2.6847321883716555e-15	0.4137403171848428	-0.41374031718483767	-0.477028787061648	0.4770287870616488	0.385132325699803	-0.3851323256998094	-0.3342918414328668	0.3342918414328678	0.29974323677302916	-0.29974323677301656	-0.2741558340897925	0.27415583408945066	0.25419192883474334	-0.24536479029131097	-0.22865579981528317	0.20857638227088016	0.19551677053597813	-0.19614434712306458	-0.18512856512547418	0.19081954701161474	0.18115448066445736	-0.18696651719792406	-0.1783954273942629	0.18288265350138846	0.17486783555990656	-0.17597690222178394	-0.1690764611810758	0.171195446864656	0.1649676996042299	-0.1660279567335402	-0.1600578183039049	0.16089491783719306	-1.0075458434149958e-8	-3.041823047669884e-11	-8.87806601458715e-12	6.68827259927598e-13	3.7493445921115134e-12	-1.8185023001538181e-12	5.982775977906284e-13	-3.2252523730231962e-12	-1.7904909719146716e-12	-1.3316753025908363e-12	-1.9238797659544403e-12	-2.9445844311154554e-12	2.5072912013394742e-12	7.983153953328554e-13	-1.215595579776055e-13	-2.5712068823754312e-12	2.221430445752349e-12	1.831189662291651e-12	-2.8801071836430163e-12	-3.362789406051688e-12	-1.0981896263974208e-12	1.608598955482726e-12	5.807863901620231e-12	-1.3931019189493948e-12	9.553937586205673e-13	-4.419750385575242e-12	2.8989890418946064e-12	-1.34150002737044e-12	-6.692213512806709e-13	-2.5487337445461235e-12	-2.936131953755643e-12	4.667213094672168e-12
36.0	1.1826811603674713e-13	-1.381476304586086e-13	1.137868208952735e-13	6.119213723318667e-14	5.964253942807922e-14	2.260533020121573e-14	-1.852863375888344e-13	1.3992978530670791e-14	-4.033720550299861e-14	1.5723140641037937e-13	5.6289597033717943e-14	-5.119555558802467e-15	-1.077386252105027e-13	-8.540044188028868e-14	-1.1859345165940287e-13	-5.0553394109068695e-14	-7.280785347924519e-14	-5.86039630335584e-14	4.5815062338251805e-14	-8.091578126499796e-14	-1.088305071154314e-13	5.716835765904107e-14	2.278539484700362e-13	9.126482959072828e-14	2.4926897857233365e-14	-7.576703533487051e-14	-2.6368241371972665e-14	-1.2693918650520674e-13	-9.920286978110054e-14	7.022080160682975e-14	-2.502529775946341e-15	-0.41374031718484267	0.41374031718483745	0.47702878706164814	-0.47702878706164875	-0.38513232569980294	0.3851323256998094	0.3342918414328667	-0.3342918414328678	-0.29974323677302916	0.2997432367730164	0.2741558340897921	-0.2741558340894506	-0.2541919288347434	0.2453647902913111	0.22865579981528317	-0.20857638227088024	-0.19551677053597827	0.19614434712306453	0.18512856512547438	-0.19081954701161485	-0.18115448066445736	0.18696651719792398	0.17839542739426292	-0.18288265350138846	-0.17486783555990668	0.17597690222178414	0.16907646118107583	-0.17119544686465615	-0.16496769960422983	0.16602795673354012	0.16005781830390478	-0.16089491783719306	1.0075458511123637e-8	3.041814059281348e-11	8.87809300539407e-12	-6.687238969586772e-13	-3.74940304774504e-12	1.8183288512505217e-12	-5.981941458927984e-13	3.2250865681869778e-12	1.790517373483128e-12	1.3316595153223062e-12	1.923753441257719e-12	2.944689295935522e-12	-2.50749504752048e-12	-7.982754753741509e-13	1.2176117700771545e-13	2.571066373232667e-12	-2.2214265799576935e-12	-1.8313838027472534e-12	2.8799324519409083e-12	3.362753749243233e-12	1.0979313137717295e-12	-1.6087085432179824e-12	-5.8076477524180385e-12	1.3931432819237151e-12	-9.552890222996567e-13	4.4198500768169e-12	-2.8993677227897103e-12	1.3416722341654249e-12	6.692674128466132e-13	2.548508402320654e-12	2.936262787993307e-12	-4.66722813216547e-12
37.0	1.2932766900445968e-13	-1.7596770337774345e-13	1.1326544498047781e-13	6.168710723594922e-14	6.94847874931637e-14	4.330883602266796e-14	-1.9717795073433878e-13	2.449102971101645e-14	-1.1695857568485677e-14	2.0584916408537086e-13	7.44182843880893e-14	-1.9818607207357737e-14	-1.3815029322684306e-13	-7.490978663085601e-14	-1.3174979426482683e-13	-5.567986780960774e-14	-9.758004279796748e-14	-7.122158196050209e-14	7.801537157868718e-14	-8.620561517926251e-14	-1.1540300184027116e-13	8.095484013635414e-14	2.5161144523924504e-13	1.1558534838088297e-13	2.0391698988346113e-14	-4.600775300438989e-14	-6.756164834691213e-15	-1.3511470004367518e-13	-9.976298556231249e-14	9.398492948964684e-14	7.902059877295422e-15	-0.3863564162713685	0.38635641627136386	0.4164893280633874	-0.4164893280633866	-0.4787259931102093	0.47872599311020947	0.39988847324125315	-0.3998884732412521	-0.35594979217878114	0.35594979217877715	0.3248266710418633	-0.32482667104145974	-0.3009008795029771	0.29045171395785324	0.27055849843983365	-0.24679939387017968	-0.23129602326083828	0.2320384452001035	0.21897992105945316	-0.22571151722485724	-0.21426343762856773	0.2211377189955261	0.21099038889972838	-0.2162974837066482	-0.20681201667430732	0.20812368311049484	0.19995859836821833	-0.2024646204127763	-0.19509655732795275	0.19635045473412052	0.1892879246589536	-0.1902778969186293	1.2423575620716048e-8	3.95815547129386e-11	1.2613660067448881e-11	-6.810292109828708e-13	-3.793060761978951e-12	2.000272083039654e-12	-6.292136852643953e-13	3.994503021356628e-12	2.2701705151380624e-12	1.5357933941998152e-12	2.336974395484303e-12	3.4978870337831993e-12	-2.7076277520580695e-12	-8.293511971325644e-13	1.4757091820133406e-13	3.366915695959239e-12	-2.979559785050181e-12	-2.043595707774097e-12	3.3302616178851628e-12	3.819167592709867e-12	1.4837613871060941e-12	-1.8531600022959676e-12	-6.5245227117446445e-12	2.044366536331994e-12	-1.2026099834836924e-12	5.14891510009775e-12	-3.502101433531664e-12	1.4120499886801913e-12	7.162184329958815e-13	3.074995478489423e-12	3.478038454834366e-12	-5.772451682385016e-12
38.0	-1.2952819059407874e-13	1.7622432053399048e-13	-1.1314150069304292e-13	-6.16227297367514e-14	-6.926326673920922e-14	-4.3366075408272496e-14	1.9719759145432826e-13	-2.4442998626466628e-14	1.1647398202393817e-14	-2.057718158897143e-13	-7.440594818289573e-14	1.9692569823837263e-14	1.3789378385867142e-13	7.508050687093024e-14	1.3184376401977512e-13	5.5535658862897926e-14	9.743493584174307e-14	7.145369616330563e-14	-7.828882374846077e-14	8.621662272537945e-14	1.1532965815215632e-13	-8.11667973566769e-14	-2.5153549140173605e-13	-1.1579218050894427e-13	-2.0327568209034912e-14	4.60465565273647e-14	6.6673960399780036e-15	1.34911348428725e-13	9.981867384243264e-14	-9.373368200382547e-14	-7.751714566299167e-15	0.38635641627136863	-0.3863564162713638	-0.4164893280633873	0.4164893280633866	0.47872599311020925	-0.4787259931102095	-0.3998884732412535	0.3998884732412522	0.35594979217878214	-0.35594979217877964	-0.32482667104186747	0.32482667104147195	0.3009008795029911	-0.29045171395786984	-0.27055849843985047	0.24679939387019276	0.23129602326085102	-0.23203844520011502	-0.21897992105946432	0.22571151722486765	0.2142634376285777	-0.22113771899553547	-0.21099038889973762	0.21629748370665586	0.20681201667431465	-0.20812368311050175	-0.1999585983682249	0.20246462041278188	0.1950965573279583	-0.1963504547341256	-0.18928792465895844	0.190277896918634	-1.2423575752081695e-8	-3.958123729856487e-11	-1.2613395384026001e-11	6.811110314416888e-13	3.792904496170634e-12	-2.0005087511271006e-12	6.293210529409842e-13	-3.9942818497224895e-12	-2.2698896268970494e-12	-1.5359641727009573e-12	-2.3373258547481392e-12	-3.4975860389590945e-12	2.7076448757723075e-12	8.292880670723587e-13	-1.4756099465371622e-13	-3.366946969055008e-12	2.979598743936706e-12	2.0434015537502374e-12	-3.3301152357614053e-12	-3.819106363216826e-12	-1.4835302815945104e-12	1.8532572120677284e-12	6.524430277174954e-12	-2.0441339869916684e-12	1.202548836715737e-12	-5.148793627463486e-12	3.502302575039255e-12	-1.4120482706321592e-12	-7.16329761949946e-13	-3.0750615061699827e-12	-3.4781281197360023e-12	5.7722574368421495e-12
39.0	-1.1936141000302422e-13	2.031798830862027e-13	-1.244994886845644e-13	-6.351540474142342e-14	-9.138692479347184e-14	-5.143747182470377e-14	1.8752092503604417e-13	-3.650663406087333e-14	-1.3335184570361065e-14	-2.418680979792969e-13	-8.91990394619832e-14	3.345528117214237e-14	1.606371809534674e-13	6.056506390151533e-14	1.3404048601141445e-13	6.24132112642785e-14	1.1440104188168838e-13	7.435872161673875e-14	-1.0363656203848449e-13	8.4189277267807e-14	1.191447734681239e-13	-8.929323771111488e-14	-2.7686152909897035e-13	-1.249170139438933e-13	-1.8696012820857536e-14	2.3092932035017638e-14	-3.531033513554666e-15	1.5268386003826086e-13	1.1128706823575878e-13	-1.107152364062325e-13	-2.6221823454701115e-14	0.367062574742283	-0.3670625747422854	-0.38764008161080327	0.38764008161079433	0.416912057856075	-0.41691205785607466	-0.4793353563038709	0.4793353563038701	0.4067149796131098	-0.40671497961310704	-0.36727393297275834	0.367273932972319	0.3389956880139367	-0.3272236321005411	-0.30433910117954455	0.2776135524758333	0.2599749703512907	-0.26080944864166145	-0.24602898794283187	0.2535920916422399	0.2406711162744204	-0.24839264303467704	-0.23695887288037573	0.24291915929204955	0.23224353821681423	-0.23371649868585234	-0.2245326182949391	0.22734661985088173	0.2190630374547613	-0.220470969382581	-0.21253362672994608	0.21364517310301648	-1.3814744549561995e-8	-4.711696239761561e-11	-1.461943017391531e-11	6.725517205314268e-13	3.788082928118201e-12	-2.1173444580215493e-12	6.457166236410001e-13	-4.611419334062609e-12	-2.663221362062724e-12	-1.6841324979749415e-12	-2.6634498070114262e-12	-3.945028068860998e-12	2.847582729215374e-12	8.398998611266363e-13	-1.6611867190057686e-13	-4.018778977246668e-12	3.5975383629210603e-12	2.20437254584803e-12	-3.694633765082835e-12	-4.172094591434194e-12	-1.7952466846415808e-12	2.0446724703565928e-12	7.0738801271043445e-12	-2.606534303179023e-12	1.4013058797153785e-12	-5.736557381933435e-12	3.987634906017075e-12	-1.458780522655351e-12	-7.512772438130469e-13	-3.483463107791453e-12	-3.913515097159936e-12	6.6653532636471e-12
40.0	1.1919555576820942e-13	-2.0319111023745312e-13	1.2447886992781416e-13	6.381777213732156e-14	9.135554810783313e-14	5.1570165909376356e-14	-1.8743682650432813e-13	3.661356309865754e-14	1.3034312163186224e-14	2.4194433960057635e-13	8.901993678985282e-14	-3.342424323946937e-14	-1.607475963173517e-13	-6.061814503259911e-14	-1.3400402363490373e-13	-6.253851869868223e-14	-1.143705388693373e-13	-7.437453520949936e-14	1.0351164747687412e-13	-8.415684460121231e-14	-1.194657474664027e-13	8.901990088709452e-14	2.7706252101973733e-13	1.249057612307296e-13	1.8474844051766183e-14	-2.3153994383267892e-14	3.4990931608535953e-15	-1.5258576132422197e-13	-1.1114064344871757e-13	1.1058489400273798e-13	2.610207634186752e-14	-0.36706257474228304	0.36706257474228543	0.3876400816108036	-0.38764008161079405	-0.4169120578560747	0.4169120578560745	0.47933535630387125	-0.47933535630387036	-0.40671497961310993	0.40671497961310693	0.36727393297278654	-0.3672739329726825	-0.33899568801463237	0.3272236321446732	0.3043391012265259	-0.2776135524815441	-0.2599749703583799	0.260809448649886	0.2460289879508478	-0.25359209164774926	-0.24067111627994528	0.24839264303961478	0.2369588728853775	-0.2429191592963355	-0.23224353822117716	0.2337164986907174	0.2245326182997738	-0.22734661985487262	-0.219063037458762	0.220470969385984	0.2125336267333407	-0.21364517310587003	1.3814741533927392e-8	4.711639627586502e-11	1.4619448907499606e-11	-6.723015031170559e-13	-3.787837942090497e-12	2.1176199606400525e-12	-6.458578773500973e-13	4.611455994349244e-12	2.663262549899399e-12	1.6842760536473175e-12	2.6635188536564756e-12	3.944857351581262e-12	-2.8474767048227142e-12	-8.398343354283476e-13	1.6621567806104257e-13	4.0187940743460746e-12	-3.5976111271664877e-12	-2.2045170809706994e-12	3.694510281967301e-12	4.17179420491764e-12	1.795234844766042e-12	-2.044619400916778e-12	-7.073891630915189e-12	2.606575148447232e-12	-1.4013154438156808e-12	5.736581796893276e-12	-3.987546713947153e-12	1.4590101821442272e-12	7.513462822651542e-13	3.4834662129528165e-12	3.9135988512687334e-12	-6.665255647650445e-12
41.0	1.299723708316538e-13	-2.1532618935860006e-13	1.2724463368710352e-13	7.863872931540801e-14	1.0226553896101951e-13	6.640512672552902e-14	-1.842166852868036e-13	4.547130291699655e-14	3.2043045291329995e-14	2.668450392351441e-13	1.0587436863707635e-13	-4.888659706360692e-14	-1.8354858241993732e-13	-4.258453197229179e-14	-1.303802183708925e-13	-4.301757841923794e-14	-1.2054656136422597e-13	-8.501799603031777e-14	1.2344905446068644e-13	-7.152093073896167e-14	-1.1130055551806986e-13	9.292426143622258e-14	2.9867853995700163e-13	1.4280255049699748e-13	1.3194094183913719e-14	-1.0955950007557112e-14	1.7174007339445698e-14	-1.793725549602769e-13	-1.2403805640749741e-13	1.2701314936509072e-13	3.507294427609494e-14	-0.35111822193851305	0.3511182219385184	0.3674305254435652	-0.3674305254435591	-0.38743477363827356	0.38743477363827056	0.416890571701006	-0.4168905717009978	-0.47961485071635174	0.47961485071635407	0.410433440012811	-0.41043344001268917	-0.3739831297170035	0.3609960902348427	0.3341624908114661	-0.3048180008277744	-0.284837748981234	0.2857520311847977	0.2692588836037814	-0.27753609203538643	-0.2632300816656693	0.27167537448071827	0.25907193017593794	-0.2655884317584396	-0.2538556215099524	0.25546565336861515	0.2453881226715921	-0.24846349870313583	-0.23938428530769992	0.24092282235216808	0.2322304454339597	-0.23344500672772564	1.7066080513391074e-8	5.34103107642357e-11	1.553911783580134e-11	-6.715819996488043e-13	-3.797465381592058e-12	2.2332506042075284e-12	-6.656409537926005e-13	5.122128864179642e-12	2.9918827713080623e-12	1.8149456492470647e-12	2.94257222569928e-12	4.316993442174721e-12	-2.9683437007313734e-12	-8.526427958356832e-13	1.6833675554624715e-13	4.559677634348155e-12	-4.104048114379295e-12	-2.3482904097032714e-12	3.995000467338407e-12	4.4696331997824855e-12	2.054977469768689e-12	-2.2161222332782617e-12	-7.548751525764353e-12	3.0734400204128116e-12	-1.5601361974804833e-12	6.2374433761924e-12	-4.4040436463740485e-12	1.5005637689897725e-12	7.835413278150861e-13	3.835649145153092e-12	4.277961664324647e-12	-7.404445748326417e-12
42.0	-1.2985252982051224e-13	2.153800705838073e-13	-1.269288698337051e-13	-7.858617571417084e-14	-1.0220260718933515e-13	-6.64391383454636e-14	1.842352728157324e-13	-4.53412518592011e-14	-3.212678899022676e-14	-2.669018433112178e-13	-1.0581177010032641e-13	4.8871842836555935e-14	1.8327424789350762e-13	4.267128604019556e-14	1.3044665525919222e-13	4.298180730751491e-14	1.2009550303250715e-13	8.51546072309013e-14	-1.231288066772714e-13	7.139560805342896e-14	1.1148145475717419e-13	-9.302878383986156e-14	-2.9889345764341137e-13	-1.4284144411109024e-13	-1.3225389185642075e-14	1.0813974286738927e-14	-1.7208724898016692e-14	1.7899578340227262e-13	1.241248860151013e-13	-1.2712428911317342e-13	-3.5270651251964635e-14	0.3511182219385131	-0.35111822193851827	-0.3674305254435648	0.3674305254435587	0.3874347736382735	-0.3874347736382705	-0.4168905717010062	0.41689057170099764	0.4796148507163517	-0.4796148507163543	-0.41043344001281123	0.41043344001281973	0.3739831639392908	-0.37398316274358384	-0.34788323052673154	0.31995577058862107	0.29984057881330695	-0.2975298660849687	-0.2809640974751039	0.2878553915810531	0.2735033496825099	-0.2791957303313728	-0.2665915758692997	0.27068088061053275	0.2589784630016943	-0.26002269756760493	-0.2499570157446569	0.25206513777901873	0.24299788863527397	-0.2439071890015252	-0.23521876044806425	0.23614119219711574	-4.2089218245887666e-8	-6.027410822613934e-11	-1.4792373684426343e-11	6.377919912344842e-13	3.648710264998511e-12	-2.2208609294201422e-12	6.570578595528504e-13	-5.237889409049771e-12	-3.118103755754108e-12	-1.825309557859222e-12	-2.9999253848716666e-12	-4.396083232173755e-12	2.927024154937141e-12	8.884449721996851e-13	-1.0853836204454656e-13	-4.7275894757578644e-12	4.26453650764753e-12	2.324056207827324e-12	-4.027450730377549e-12	-4.446294695282978e-12	-2.1025711562850563e-12	2.2741449857118656e-12	7.537497977304205e-12	-3.2622834643800156e-12	1.6082804337272084e-12	-6.298593767584137e-12	4.4801668574031975e-12	-1.4791132598659718e-12	-7.630520039933761e-13	-3.911435284792545e-12	-4.33037544804356e-12	7.5683850856057e-12
43.0	-1.396317267572326e-13	2.1805545167741432e-13	-1.3685390310439768e-13	-9.597544843359151e-14	-1.1483319369323016e-13	-7.42377868162603e-14	1.8413275725083732e-13	-6.17271103727047e-14	-5.254389298135766e-14	-2.8349591716329746e-13	-1.1989759681227773e-13	6.356263860744115e-14	2.0392404478288773e-13	2.737658599345969e-14	1.347654059602392e-13	3.4225813737784856e-14	1.3475060403026424e-13	9.392521598439497e-14	-1.4415147763156096e-13	6.239747023057054e-14	1.0366652401116e-13	-9.331781716003262e-14	-3.141711518861828e-13	-1.553821597313448e-13	-2.0674294574493235e-14	3.252308970845317e-15	-2.2083271990904046e-14	2.1002584262071104e-13	1.3868736974710813e-13	-1.3380213859622244e-13	-3.0027583768140854e-14	0.33666328802993717	-0.33666328802994844	-0.3506359559240193	0.350635955924012	0.36655911549973597	-0.36655911549972814	-0.38684826188227783	0.38684826188227023	0.4166818259578495	-0.4166818259578489	-0.47975855824508534	0.4797585582450824	0.4126801808107516	-0.4126801805451723	-0.37829623640259297	0.3479272745269091	0.3242136384005941	-0.3217150920626002	-0.3029916698303875	0.3104232430079779	0.2945253116491046	-0.30065521788394456	-0.28684441126757226	0.2912443789014007	0.2785101960669968	-0.2796331860494243	-0.2687189582528407	0.27098531626781414	0.26117853698851684	-0.26215586834358307	-0.2527759016456111	0.2537671862983702	-4.63316584083149e-8	-6.573065089849644e-11	-1.5112000597982337e-11	6.49694723470978e-13	3.738960749335857e-12	-2.339544811756869e-12	6.911568055005791e-13	-5.664637349559389e-12	-3.3823067675666942e-12	-1.956960324773248e-12	-3.2489495972708213e-12	-4.7166862651225814e-12	3.065203246599569e-12	9.238066770369462e-13	-1.044398198993058e-13	-5.170365658954292e-12	4.6652076402748985e-12	2.468812436859907e-12	-4.314208805151435e-12	-4.715151266089735e-12	-2.3301519415244143e-12	2.4345581231822187e-12	8.001449777781248e-12	-3.6513114377757134e-12	1.7504733632659305e-12	-6.7393866634297705e-12	4.8315445088414904e-12	-1.543666389996761e-12	-7.90332573404372e-13	-4.242334054944028e-12	-4.6399145284372646e-12	8.186974745372822e-12
44.0	1.3952352383315417e-13	-2.1810701370552217e-13	1.367494255780049e-13	9.595615188212476e-14	1.1490726242700825e-13	7.447143968278646e-14	-1.8413480186114198e-13	6.171448463719823e-14	5.246363515954169e-14	2.8366162742377223e-13	1.1955989474965528e-13	-6.383206800731909e-14	-2.040313025782551e-13	-2.7306991952227402e-14	-1.346913034901076e-13	-3.4397738050753885e-14	-1.347690846874034e-13	-9.365108585520601e-14	1.4410531334965701e-13	-6.236534049292772e-14	-1.0369595591649036e-13	9.313549846729555e-14	3.1418671369762673e-13	1.5528918091492094e-13	2.0505760094026678e-14	-3.4666108711182943e-15	2.1984562178745368e-14	-2.1045530076856745e-13	-1.390039464337755e-13	1.3394169153133787e-13	3.016499124129177e-14	-0.33666328802993734	0.3366632880299485	0.3506359559240195	-0.3506359559240123	-0.36655911549973597	0.3665591154997281	0.3868482618822777	-0.38684826188227023	-0.41668182595784925	0.4166818259578489	0.4797585582450851	-0.47975855824508257	-0.41268018081075164	0.4126801805453764	0.3782963083295707	-0.3782963065587538	-0.35385351017495387	0.35229753218886506	0.33311030573465794	-0.3330654272830329	-0.31697438449429927	0.3174054964517476	0.30349647030156235	-0.3028546894297809	-0.2900987640606711	0.29027821868783227	0.2793352799878251	-0.27983141863760164	-0.27002356137096223	0.269834318412441	0.2604552104961409	-0.26093401677626765	-2.055859841058067e-8	-2.0381604761170776e-11	1.493483258137637e-11	-5.355881416473125e-13	-3.4466225637450833e-12	2.286948721705484e-12	-6.527224741522408e-13	5.8660623584210136e-12	3.724807436657824e-12	2.0836890239914227e-12	3.4971684367182324e-12	4.945849688819867e-12	-2.966890587724032e-12	-1.0676712200850393e-12	-1.2862381485645242e-13	5.50506912048631e-12	-4.988125007585064e-12	-2.4370453753186364e-12	4.462771170937903e-12	4.638510171294241e-12	2.4386869074375127e-12	-2.6242964878434258e-12	-8.021050392197857e-12	4.084620536182849e-12	-1.8837562535608783e-12	6.815264327194423e-12	-4.82094180019007e-12	1.4731753030911181e-12	6.763820954291409e-13	4.458495888377771e-12	4.664659340950018e-12	-8.524537757046274e-12
45.0	1.4457794930351087e-13	-2.2571316528059915e-13	1.4982987261325633e-13	1.0664070817534453e-13	1.2249519047395682e-13	8.587824058888225e-14	-1.803474700693528e-13	7.834762025018396e-14	6.412743102559935e-14	2.9382616828720354e-13	1.2894824383172078e-13	-6.725866317771784e-14	-2.2036073789801933e-13	-1.1563586501389335e-14	-1.3233940783420024e-13	-2.0288644615182236e-14	-1.5223617833790294e-13	-1.0442056889302463e-13	1.658777805122048e-13	-5.703122382238069e-14	-1.0134679865810585e-13	9.615026426607838e-14	3.260209268146783e-13	1.7396067120543888e-13	3.1882585075313024e-14	5.574664581592698e-15	2.7632289040968175e-14	-2.1849176313581787e-13	-1.3698759060792898e-13	1.35321559387728e-13	3.4799935120439395e-14	-0.32275369960441724	0.32275369960443373	0.3352544787005708	-0.3352544787005659	-0.34895054047012153	0.34895054047011276	0.36522847967806554	-0.36522847967805844	-0.3859975060777934	0.3859975060777952	0.41633318038735573	-0.4163331803873938	-0.47983340015170417	0.4798333995752783	0.4141377786958355	-0.4141377768325133	-0.3812343646817256	0.37955798524853906	0.3565944162842064	-0.35654637524458777	-0.3382634236652112	0.33872349059805024	0.3233264973038434	-0.3226427839116097	-0.3087392349930539	0.30893022180730234	0.29709335305182055	-0.29762103148107066	-0.2870672728330542	0.2868660851289729	0.27681056931736053	-0.2773194415583737	-1.9272812350368792e-8	-1.8842105067630426e-11	1.490696256486623e-11	-5.761683161093636e-13	-3.696375394738828e-12	2.4291230842809396e-12	-7.054987177842028e-13	6.193493698080055e-12	3.901219794271176e-12	2.2007636497091088e-12	3.738702957396943e-12	5.19872325005354e-12	-3.1835191144735023e-12	-1.1249591579565718e-12	-1.4364819233225046e-13	5.814825933209014e-12	-5.2542148061148515e-12	-2.5966223348224947e-12	4.730185970750785e-12	4.925946535011246e-12	2.568845961442137e-12	-2.8000217832036617e-12	-8.56923969600737e-12	4.358770923333654e-12	-1.98920692296195e-12	7.210144179767769e-12	-5.110188412212092e-12	1.5711987692284055e-12	7.014634733981338e-13	4.76228859495419e-12	4.926639350684105e-12	-9.03296734995786e-12
46.0	-1.443679660592934e-13	2.2555103181323288e-13	-1.5003347296074446e-13	-1.065120247477886e-13	-1.2252038317491415e-13	-8.600588111303972e-14	1.8049494011564718e-13	-7.841975613092499e-14	-6.448470955963488e-14	-2.939057084722913e-13	-1.2907986427960054e-13	6.716512665886772e-14	2.2070729077519473e-13	1.1561789823071247e-14	1.3233359475531622e-13	2.0222772545459467e-14	1.5238679316035658e-13	1.0462524707347658e-13	-1.6584917699968553e-13	5.71032961286428e-14	1.0166735651619967e-13	-9.590776370964105e-14	-3.25901558220683e-13	-1.7391780225066057e-13	-3.179493382747322e-14	-5.610878097853078e-15	-2.7781345724605427e-14	2.1876378475206098e-13	1.3700216196175342e-13	-1.3521791776446192e-13	-3.4596759153160376e-14	0.32275369960441713	-0.32275369960443356	-0.33525447870057073	0.335254478700566	0.34895054047012136	-0.34895054047011315	-0.3652284796780656	0.3652284796780584	0.3859975060777934	-0.38599750607779487	-0.41633318038735556	0.41633318038739375	0.4798334001517042	-0.47983339957527843	-0.41413777869583535	0.4141377768325194	0.3812343670616729	-0.3812343667472839	-0.3580655020853034	0.3577777071114468	0.33943231128421975	-0.33921750631471537	-0.3237603552750506	0.32281103067860667	0.3088796668640452	-0.3090142539832843	-0.29716937432856716	0.29764650980070123	0.28708950546478984	-0.28687183297270896	-0.27681576089605064	0.2773237346326753	2.103395512596931e-8	4.4290985628815964e-11	-1.4481709515117988e-11	5.981107781927569e-13	3.736747272080056e-12	-2.4392375060507302e-12	7.188274153685705e-13	-6.193937191139004e-12	-3.893472789402714e-12	-2.194839994180506e-12	-3.7505446806104876e-12	-5.196101322557469e-12	3.213166473787989e-12	1.1267537418752674e-12	1.4520069522167328e-13	-5.8061827898551345e-12	5.2558477539963474e-12	2.6024997535743926e-12	-4.739909651006762e-12	-4.940432202112897e-12	-2.5507710352419482e-12	2.810494556145897e-12	8.607049383893245e-12	-4.364045130967098e-12	1.980896034621221e-12	-7.218805119516441e-12	5.113908622287387e-12	-1.5764704845510083e-12	-7.044704171416888e-13	-4.772999654389466e-12	-4.919776088624428e-12	9.043888937932384e-12
47.0	-1.4740432665949254e-13	2.3289936554725283e-13	-1.5877704434100933e-13	-1.2019735102148288e-13	-1.2749336810023435e-13	-9.420871563889541e-14	1.826737137063034e-13	-9.467621954812187e-14	-6.226912147754456e-14	-2.989787623690659e-13	-1.3329383490344095e-13	6.312398264634224e-14	2.349485944980783e-13	-7.365743645848033e-16	1.2888676571746805e-13	5.516193064792113e-15	1.6148302453059678e-13	1.0794118886102377e-13	-1.8090045653554374e-13	4.535550320464292e-14	9.712074445267883e-14	-1.0362424320428431e-13	-3.38829602339276e-13	-1.9598412003596716e-13	-3.965783225922736e-14	-7.228730436306089e-15	-2.089722886118597e-14	2.2185416257225553e-13	1.4207794132412419e-13	-1.2658843170234713e-13	-4.54068064714843e-14	0.3088088054429445	-0.30880880544295547	-0.3202714928719604	0.32027149287196127	0.33255893918147317	-0.33255893918145996	-0.3466440652354538	0.3466440652354547	0.3634628700216246	-0.3634628700216236	-0.3848540518440753	0.3848540518441091	0.4158326865502671	-0.4158326858227339	-0.4798659184969161	0.4798659155559739	0.41513191790382264	-0.41513191915687025	-0.38332288544383436	0.38301479207798717	0.3608353123564736	-0.36060696252241947	-0.3429715295497154	0.3419658742297644	0.3265662640383208	-0.326708559791485	-0.31381185614907003	0.31431571190290736	0.30293499628950926	-0.3027053074157288	-0.2919375641585719	0.292473291812227	1.964590598272034e-8	4.267066950819264e-11	-1.4364898159236542e-11	2.1535254565049316e-13	2.758807039681519e-12	-2.267251947468029e-12	3.263805331303399e-13	-6.433799841891136e-12	-4.295535513004365e-12	-2.530949449540326e-12	-3.5392368555578257e-12	-5.522297091407131e-12	2.4544771292984204e-12	1.1531298327705297e-12	1.1093607727672298e-13	-6.312239259410992e-12	5.3680129953340195e-12	2.571674288289498e-12	-4.673586265245894e-12	-4.756098493112456e-12	-3.259175714991134e-12	2.612638575491859e-12	7.886944080930908e-12	-4.332067917539168e-12	2.340858424175523e-12	-7.308873799406016e-12	5.2119007976377516e-12	-1.5211341569456878e-12	-6.488252499006236e-13	-4.671829103733306e-12	-5.383678754616301e-12	9.067293763073093e-12
48.0	1.4721206732547909e-13	-2.329512451662585e-13	1.5882587566741523e-13	1.2066324529913242e-13	1.272337879678029e-13	9.42571135375516e-14	-1.826147700532366e-13	9.446794461151045e-14	6.186555207343014e-14	2.991421588630111e-13	1.33492595443822e-13	-6.312353156022068e-14	-2.351048608695104e-13	5.439634360376558e-16	-1.290012129708901e-13	-5.395886627127007e-15	-1.6168637269952867e-13	-1.080224741606387e-13	1.8060273588819735e-13	-4.529817111233247e-14	-9.726874737028347e-14	1.0376109462782234e-13	3.3895386974241483e-13	1.960495886665474e-13	3.95981035055272e-14	6.638028084099751e-15	2.075693376548611e-14	-2.2186602757933645e-13	-1.4213860502015193e-13	1.2681959840693812e-13	4.529985279192362e-14	-0.30880880544294426	0.3088088054429552	0.32027149287196066	-0.32027149287196144	-0.3325589391814732	0.3325589391814601	0.3466440652354539	-0.34664406523545516	-0.3634628700216246	0.3634628700216234	0.3848540518440754	-0.38485405184410926	-0.41583268655026745	0.4158326858227342	0.4798659184969163	-0.47986591555597413	-0.41513191790382253	0.4151319191568713	0.38332288583676544	-0.38332288896738215	-0.3611473662838645	0.36114613353579117	0.3435745751379961	-0.3425774736088943	-0.3272432583232034	0.32736411357136086	0.31447263735133785	-0.31477866119427833	-0.30340567502678684	0.3030139981658157	0.2922495781016585	-0.29274138263158334	-1.882461004920751e-8	-3.84630273630798e-11	1.4384579216541963e-11	-2.0876419738788561e-13	-2.7546792394359925e-12	2.264569057722849e-12	-3.209627356157022e-13	6.434630681920225e-12	4.305808113684666e-12	2.52951476323869e-12	3.5394222382452723e-12	5.526731333707024e-12	-2.4464078742385627e-12	-1.1605463424333185e-12	-1.2040398803000424e-13	6.314986857306808e-12	-5.364313554711437e-12	-2.571955004747108e-12	4.673364459627194e-12	4.754261386325493e-12	3.2607739525566884e-12	-2.613679139108592e-12	-7.881672588835444e-12	4.332004745320171e-12	-2.345113058229427e-12	7.305729326488787e-12	-5.207273458936365e-12	1.5195764509601364e-12	6.463782886968672e-13	4.673741649244914e-12	5.38429935033692e-12	-9.065694479100676e-12
49.0	1.4567293991579206e-13	-2.416786011639048e-13	1.7340017351491159e-13	1.248035445470653e-13	1.3206356134993396e-13	9.977399099922488e-14	-1.8034471202222319e-13	1.1162343454207952e-13	6.88093411512563e-14	3.0762999151274016e-13	1.2869203811119544e-13	-6.321670677058357e-14	-2.5197811614027675e-13	1.9890747124448102e-14	-1.2157972139277565e-13	6.616586471798223e-15	-1.7341229449182864e-13	-1.0423772720485494e-13	2.0486527931197256e-13	-3.666988492787403e-14	-9.652371379493657e-14	1.1101279124316995e-13	3.5705552155706935e-13	2.0898058021018655e-13	4.0012728063697046e-14	2.2347873569530262e-14	2.0726615373304897e-14	-2.242319578014715e-13	-1.53823073532867e-13	1.2678196496085383e-13	5.679834889774348e-14	-0.2944010337863556	0.29440103378637017	0.3050491169670195	-0.3050491169670168	-0.3163245462410421	0.3163245462410331	0.3290021735678896	-0.3290021735678897	-0.3436465163311022	0.34364651633109844	0.36114736760884725	-0.361147367608881	-0.3833228849690015	0.38332288434846645	0.415131917600945	-0.41513191378942854	-0.47986591631668307	0.47986591603870427	0.4158326930193265	-0.4158326897294358	-0.38485404991358174	0.38485273651424606	0.36338678308420475	-0.3623321832808207	-0.3447908334011727	0.3449181668536023	0.3306119833782013	-0.33093371211362677	-0.3185460402621854	0.31813481699758445	0.30655205925934764	-0.3070679371597376	-1.7542066432591396e-8	-3.68456689813811e-11	1.4087274640232645e-11	1.2967255043583843e-14	-2.0034813420157593e-12	2.195171421454686e-12	-6.718760863210344e-14	6.545531970834103e-12	4.6525407553801284e-12	2.903924472223532e-12	3.366784402255789e-12	5.71382106755393e-12	-1.826168552884313e-12	-1.154319192520278e-12	-2.0303241582586428e-14	6.681499184236443e-12	-5.3025559014780256e-12	-2.5712267938654867e-12	4.688913070918439e-12	4.5398509848884515e-12	3.866531369662135e-12	-2.4781978257650165e-12	-7.347899597667155e-12	4.173047776792732e-12	-2.740914415082318e-12	7.468848514910842e-12	-5.301909863375621e-12	1.5862932576012241e-12	5.586435568814946e-13	4.530547761363276e-12	5.7456324674666725e-12	-8.854901466393612e-12
50.0	-1.458517030437317e-13	2.416215822930033e-13	-1.7391693697926083e-13	-1.2506382226753869e-13	-1.3204941926002273e-13	-9.99576426958563e-14	1.8030707864735812e-13	-1.115850270421982e-13	-6.868197998649954e-14	-3.078568934761641e-13	-1.2880137847236482e-13	6.314880787125057e-14	2.520023677083119e-13	-1.985156028069599e-14	1.2161660295950367e-13	-6.761724938443978e-15	1.7308647403313076e-13	1.0401684594574459e-13	-2.0490961659836372e-13	3.677331711587813e-14	9.632388175549599e-14	-1.1118778166895136e-13	-3.5733018158471245e-13	-2.0903895350062806e-13	-4.023035244263232e-14	-2.2193350816258907e-14	-2.0703921488416206e-14	2.2398511733255612e-13	1.5360867984580793e-13	-1.2687047144490823e-13	-5.68925209283251e-14	0.294401033786356	-0.2944010337863703	-0.3050491169670192	0.30504911696701675	0.3163245462410429	-0.31632454624103346	-0.3290021735678895	0.32900217356788974	0.3436465163311023	-0.343646516331098	-0.36114736760884686	0.3611473676088806	0.38332288496900124	-0.3833228843484664	-0.4151319176009445	0.4151319137894284	0.47986591631668357	-0.4798659160387044	-0.41583269301932646	0.4158326897294357	0.3848540499163202	-0.3848540530596233	-0.3634628672035128	0.36346271465852353	0.34593772686129537	-0.34577840160225237	-0.3314723133750246	0.33154130381887686	0.31914415321625433	-0.3184094866869589	-0.30681637431437897	0.3071948539643202	1.6682238024244892e-8	2.704909848648313e-11	-1.4243585605626461e-11	-1.92397304902003e-14	2.0001825360462017e-12	-2.196348182770022e-12	6.234023973999034e-14	-6.547071851546436e-12	-4.6584131738920255e-12	-2.9016165920213324e-12	-3.3667977944454185e-12	-5.712152977269292e-12	1.8249290083930937e-12	1.155415025078981e-12	1.9531044696329867e-14	-6.686194353750062e-12	5.30184149965764e-12	2.5711264899944336e-12	-4.68823380878398e-12	-4.538564813269774e-12	-3.870820759296821e-12	2.480599200418281e-12	7.346853954962892e-12	-4.1675252022794825e-12	2.745986661211854e-12	-7.467829258619577e-12	5.302631904798506e-12	-1.58986967908517e-12	-5.579919708108881e-13	-4.529282448548738e-12	-5.745736200610396e-12	8.849578076726903e-12
51.0	-1.307375145371348e-13	2.427791354301973e-13	-1.6636729958991055e-13	-1.1605318205062525e-13	-1.3591452773459156e-13	-1.0203394508170973e-13	1.8249588855615569e-13	-1.1932027176757365e-13	-7.928876717422563e-14	-3.055422717077127e-13	-1.2058374812700232e-13	6.484394999540413e-14	2.622163898515492e-13	-2.6840431355565368e-14	1.0933213099809909e-13	-2.0168751537480165e-14	1.870745407296291e-13	1.0755131411228342e-13	-2.1425064010328507e-13	3.6762643433704306e-14	9.717612710438086e-14	-1.127805173596152e-13	-3.547324071566289e-13	-2.1113286342762905e-13	-3.0577212146181256e-14	-3.73530136704561e-14	-8.441200866646132e-15	2.3182077517974927e-13	1.7355169278524982e-13	-1.1912354315460288e-13	-4.872507063732012e-14	0.279151636629781	-0.27915163662980036	-0.28909305172992095	0.2890930517299162	0.2995488174230415	-0.29954881742303785	-0.3111836459795008	0.31118364597950093	0.3243975334484138	-0.32439753344841205	-0.33972585755247997	0.3397258575525031	0.3580655020729512	-0.3580655015714009	-0.3812343662508485	0.381234362961796	0.41413777612089564	-0.4141377756593121	-0.4798334006872199	0.4798334008064468	0.41633318967735894	-0.41633318887049703	-0.38599750946357597	0.38599734245428086	0.3644842745621235	-0.3643164045524385	-0.3478103616410551	0.3478827521336726	0.33407440719024345	-0.3333053691116987	-0.32067129869282635	0.3210668654383466	1.537035769433707e-8	2.527519909869203e-11	-1.3755986786570845e-11	-1.215752024973322e-13	1.5116179576286146e-12	-2.1114468110273164e-12	-4.154567229276611e-14	-6.559326710530004e-12	-4.876180372980703e-12	-3.34879299441265e-12	-3.1715408387855503e-12	-5.945918919005777e-12	1.2456343232547193e-12	1.1633060628135077e-12	-2.311897754285614e-14	-6.8204436628223065e-12	5.068432819603563e-12	2.611514056421241e-12	-4.752888358725727e-12	-4.389891660954173e-12	-4.287980112786115e-12	2.265244499439291e-12	6.905704930788373e-12	-4.042320789293645e-12	2.9881937731416723e-12	-7.66852570739104e-12	5.32649160919653e-12	-1.6298182903024197e-12	-4.910264637416062e-13	-4.40641892860361e-12	-6.07973833257507e-12	8.672157353415342e-12
52.0	1.3102596068027484e-13	-2.426921536966947e-13	1.6627774321012668e-13	1.163474832107941e-13	1.3598560915174898e-13	1.0195926896292098e-13	-1.8268863108971643e-13	1.1930682261195778e-13	7.920471400870664e-14	3.055053545266942e-13	1.2071632128634627e-13	-6.481875449869838e-14	-2.62409968319257e-13	2.6966103545867732e-14	-1.0941566617555858e-13	1.9983082552488688e-14	-1.8743066667822187e-13	-1.0742224783587258e-13	2.142864611700583e-13	-3.691443648223989e-14	-9.720551204979182e-14	1.1275890228442539e-13	3.5462546497100647e-13	2.1125139807616503e-13	3.0383344654555465e-14	3.7575967854208934e-14	8.27073767711151e-15	-2.318906428842718e-13	-1.737753966887648e-13	1.191290492723168e-13	4.8517187026973514e-14	-0.27915163662978115	0.27915163662980047	0.28909305172992145	-0.28909305172991623	-0.2995488174230418	0.29954881742303807	0.31118364597950066	-0.3111836459795009	-0.32439753344841415	0.32439753344841266	0.33972585755248036	-0.339725857552503	-0.35806550207295074	0.3580655015714009	0.38123436625084844	-0.3812343629617958	-0.41413777612089575	0.4141377756593125	0.47983340068722014	-0.47983340080644715	-0.4163331896773592	0.4163331888704975	0.38599750946404415	-0.3859975045915694	-0.3652284785738165	0.36522847027395616	0.3488623323462698	-0.34881551359693014	-0.33510685604192525	0.3340603968930746	0.32154101221394	-0.3219138386373058	-1.6868106241919356e-8	-3.916709441315064e-11	1.34963907750596e-11	1.2915717234625496e-13	-1.4940631918016942e-12	2.108566274881672e-12	5.180127764600106e-14	6.546345719382203e-12	4.909436981072146e-12	3.3511837880746014e-12	3.1671325049616974e-12	5.9490359483761705e-12	-1.218853107107207e-12	-1.169268533881575e-12	8.666465027392774e-15	6.826675168057092e-12	-5.049095418505093e-12	-2.616815809636664e-12	4.752211207515867e-12	4.3738404797253885e-12	4.290806469103355e-12	-2.2648976928937673e-12	-6.895082134636323e-12	4.0364100568018595e-12	-3.004602373401618e-12	7.675083694620667e-12	-5.3159139888795826e-12	1.6360366766087947e-12	4.750576490350254e-13	4.399029716398771e-12	6.074041962002963e-12	-8.646220792608959e-12
53.0	1.0608218360209935e-13	-2.370793587388131e-13	1.6057035830484374e-13	1.0320483536393944e-13	1.3462183334703324e-13	9.989353962064585e-14	-1.842445392606661e-13	1.199235032341137e-13	9.41931077482516e-14	3.0078595082706955e-13	1.139812079522287e-13	-5.979253854244402e-14	-2.5849385903761633e-13	3.646934180363961e-14	-9.824325899738833e-14	3.324754370352648e-14	-1.8982500547194071e-13	-1.2051226492552502e-13	2.1346939985817932e-13	-3.0934895506104477e-14	-1.0396051453266147e-13	1.0863328872934582e-13	3.5611326243943194e-13	2.0864697765764805e-13	2.4366878525269627e-14	4.694684534791755e-14	5.214911542293459e-15	-2.285164612824747e-13	-1.8206340565476878e-13	1.1591319368370007e-13	4.741312407547976e-14	-0.26265795384898205	0.2626579538490021	0.2719290647369461	-0.2719290647369368	-0.28164397651469975	0.28164397651470396	0.2923955926076098	-0.2923955926076046	-0.3045018151505057	0.3045018151504924	0.3183447786392339	-0.31834477863925176	-0.33448451137719254	0.33448451097044524	0.35385351389417635	-0.35385351124565145	-0.3782963059938935	0.3782963056137838	0.41268018053894057	-0.4126801807133543	-0.4797585579546964	0.47975855912162	0.41668182762550837	-0.4166818345919677	-0.38684826018798524	0.3868482573789643	0.3664664544538806	-0.3664172745718263	-0.3504815589647286	0.34938709074515883	0.3353983398408456	-0.3357872315497548	-1.5473849351239217e-8	-3.684020083855396e-11	1.2917501095404142e-11	1.789469066098273e-13	-1.1589319990163816e-12	2.042103838587384e-12	1.0308745706079635e-13	6.494770828577405e-12	5.103604071771619e-12	3.782867631596937e-12	2.922076454113523e-12	6.139892456321387e-12	-6.920618413043925e-13	-1.2327370081917208e-12	5.697512469949163e-14	6.844542832040074e-12	-4.728832835217419e-12	-2.6725250237253463e-12	4.834789167945648e-12	4.268869389091245e-12	4.657492082747192e-12	-2.092414057808786e-12	-6.464292524579196e-12	3.801580319250706e-12	-3.242381157111219e-12	7.835050335459588e-12	-5.265973440135233e-12	1.6750679772269624e-12	4.3853253536306734e-13	4.242922153003835e-12	6.345059666331358e-12	-8.356578101803864e-12
54.0	-1.0606098267980663e-13	2.3700623564333487e-13	-1.6038635057126204e-13	-1.0315520110917574e-13	-1.347509635352761e-13	-9.994965334786089e-14	1.841728229423527e-13	-1.1991994431143713e-13	-9.439899852306342e-14	-3.0061547461478304e-13	-1.1392932865529915e-13	5.99460003397437e-14	2.5848795098626154e-13	-3.654010181679875e-14	9.809479144734013e-14	-3.313110333991216e-14	1.8990619365496596e-13	1.2077156099217055e-13	-2.1333927005640486e-13	3.0647629415571955e-14	1.040423508048466e-13	-1.087881044178533e-13	-3.5631084012274284e-13	-2.084626566518906e-13	-2.4075191371911015e-14	-4.693859965216687e-14	-5.241980739997884e-15	2.2825455177149393e-13	1.8190566489027096e-13	-1.1591444164824438e-13	-4.7404080358553534e-14	0.2626579538489819	-0.26265795384900203	-0.2719290647369466	0.2719290647369373	0.2816439765146993	-0.28164397651470363	-0.2923955926076096	0.2923955926076045	0.3045018151505059	-0.3045018151504927	-0.3183447786392338	0.3183447786392518	0.334484511377192	-0.3344845109704455	-0.35385351389417613	0.35385351124565173	0.3782963059938935	-0.37829630561378363	-0.41268018053894057	0.41268018071335383	0.4797585579546965	-0.4797585591216198	-0.41668182762550826	0.41668183459196745	0.38684826018800195	-0.3868482602910328	-0.3665591118497526	0.36652498680179085	0.35060667023580117	-0.3497672123686342	-0.3357778356304563	0.33601244926195234	1.4446159363703282e-8	3.815649742072843e-11	-1.286281632069814e-11	-1.8034057548315784e-13	1.157772218565727e-12	-2.0427193602746964e-12	-1.0408800528586952e-13	-6.492400106394445e-12	-5.111346047748099e-12	-3.7839964663065115e-12	-2.923046230398926e-12	-6.141974919100957e-12	6.870704336698206e-13	1.2312851667442978e-12	-5.5701944016988267e-14	-6.8454082223059695e-12	4.7241303011794745e-12	2.6773245401624253e-12	-4.8329960338014726e-12	-4.26266811484821e-12	-4.6591367825893385e-12	2.091939608281335e-12	6.461241644489001e-12	-3.799103798719e-12	3.2477514968072806e-12	-7.837595229498384e-12	5.2619093718390345e-12	-1.6753997990752987e-12	-4.3765047565962093e-13	-4.241069808257645e-12	-6.3451217722009155e-12	8.351489567653297e-12
55.0	-8.592732211651022e-14	2.307517604939193e-13	-1.560041933683774e-13	-9.172193844850413e-14	-1.2556636960168126e-13	-9.445809647944155e-14	1.8547058382313884e-13	-1.1831578380728105e-13	-1.0093212979518288e-13	-2.9417350261892773e-13	-1.1018020567250001e-13	4.97056022191156e-14	2.487848626468564e-13	-4.2376131936522074e-14	9.732639597446618e-14	-3.4582309270852776e-14	1.9137659484653313e-13	1.2802010215583437e-13	-2.1018438150212903e-13	3.365535489421895e-14	1.0310334856755664e-13	-1.0305590057417325e-13	-3.496025675435296e-13	-2.0724111716714956e-13	-2.6614376492154015e-14	-4.858312305096002e-14	7.529597094363422e-15	2.288570696951269e-13	1.851309692568496e-13	-1.0916167062292636e-13	-5.310482002218523e-14	0.2444144334746329	-0.24441443347466094	-0.25300007411539344	0.25300007411539055	0.26197961277864407	-0.26197961277864357	-0.2718900869036826	0.2718900869036656	0.28300227040692305	-0.28300227040690795	-0.2956226831900495	0.29562268319006485	0.3101674005434357	-0.3101674002077118	-0.32725225352715265	0.32725225142214975	0.34788329650178823	-0.3478832962213282	-0.373983162480575	0.37398316268618487	0.4104334366306241	-0.4104334382053883	-0.47961484934365595	0.4796148559103495	0.41689056823660814	-0.41689057307151167	-0.38743477891190664	0.3873986985803794	0.36739983716958463	-0.36652017211562604	-0.35019475477621054	0.3504394411023167	1.3081799947425203e-8	3.561323761099521e-11	-1.2193138136338006e-11	-2.4353070181745427e-13	8.54185706128081e-13	-1.9770984075035484e-12	-1.6710019848274078e-13	-6.317996851047967e-12	-5.246697548661027e-12	-4.19704891851509e-12	-2.5504913503168622e-12	-6.250555015403965e-12	1.381820877476614e-13	1.4248577203944197e-12	-4.951813409002373e-14	-6.769759024878743e-12	4.318627891859678e-12	2.6563404127851937e-12	-4.947319408989284e-12	-4.269311935636549e-12	-4.940800920662236e-12	1.9060796609158454e-12	6.059355194306614e-12	-3.46505253611098e-12	3.418575091052244e-12	-7.991431124764912e-12	5.2406798045790846e-12	-1.7798906397589981e-12	-3.302461563410339e-13	-4.03837723733654e-12	-6.5243075528536995e-12	7.895988940915165e-12
56.0	8.573291508172863e-14	-2.3076196590482574e-13	1.5591519554283136e-13	9.202993545836207e-14	1.253917573029104e-13	9.477332778343503e-14	-1.856007443831787e-13	1.179961568926771e-13	1.0106605666074463e-13	2.940941547833828e-13	1.1014473584917497e-13	-4.980191794198607e-14	-2.487050124593212e-13	4.237621110645811e-14	-9.732313238895779e-14	3.4932441344318144e-14	-1.9142466710220793e-13	-1.2818881747970449e-13	2.1014888568543731e-13	-3.348557093392506e-14	-1.0315353020630349e-13	1.030481377272713e-13	3.5010037098378575e-13	2.0730816648678798e-13	2.6486971824518237e-14	4.857410737564619e-14	-7.535832011534172e-15	-2.2890261293569195e-13	-1.8569194645084373e-13	1.0920450533240402e-13	5.2940723132827814e-14	-0.24441443347463288	0.2444144334746611	0.25300007411539327	-0.2530000741153905	-0.2619796127786442	0.26197961277864357	0.27189008690368266	-0.27189008690366534	-0.28300227040692305	0.28300227040690795	0.29562268319004953	-0.29562268319006507	-0.31016740054343556	0.3101674002077118	0.32725225352715287	-0.3272522514221502	-0.34788329650178806	0.3478832962213281	0.3739831624805752	-0.3739831626861849	-0.41043343663062404	0.41043343820538813	0.4796148493436556	-0.47961485591034975	-0.4168905682366079	0.4168905730715119	0.38743477896571726	-0.3874347739396654	-0.36743052526555914	0.36738774104224065	0.3510649823136778	-0.35074087803833587	-1.936257770060679e-8	-4.570636505325272e-11	1.2238903235822903e-11	2.53317598277194e-13	-8.441018498678483e-13	1.9744497026334185e-12	1.7404208384704715e-13	6.304559097326628e-12	5.257573792593545e-12	4.198803983887008e-12	2.5453642869033015e-12	6.249568638147755e-12	-1.2288215604164412e-13	-1.432199500949501e-12	3.68972657243401e-14	6.773534958632417e-12	-4.310680126464303e-12	-2.6580054988088104e-12	4.94678101080538e-12	4.2572546039893686e-12	4.937030099399881e-12	-1.9058849293750935e-12	-6.053531577456515e-12	3.4676400777278357e-12	-3.426861322830881e-12	7.991873186680704e-12	-5.232912957647562e-12	1.77899947920264e-12	3.229013681474683e-13	4.037212041702138e-12	6.515227379764307e-12	-7.878877886819558e-12
57.0	7.671515731772864e-14	-2.2491093360453067e-13	1.5777586923297346e-13	8.055227971619598e-14	1.176946895047039e-13	9.236881553362281e-14	-1.7904488669586246e-13	1.1640570770731258e-13	9.608367577958989e-14	2.855979029483717e-13	1.0540428306809107e-13	-3.493896211532373e-14	-2.2847236902636934e-13	4.6041065826676703e-14	-9.450202675724962e-14	2.2197609630203087e-14	-1.8902486963580812e-13	-1.2593553634936205e-13	2.0640075731935192e-13	-3.940832613975991e-14	-9.849375843171676e-14	1.0137447442222802e-13	3.212011477208438e-13	1.9421682258337376e-13	2.604705969570531e-14	4.541979895188638e-14	-1.667086718640697e-14	-2.1583835376274913e-13	-1.750118843582431e-13	1.0017291269186517e-13	5.097532342289157e-14	-0.22368422119938391	0.2236842211994123	0.231522987022517	-0.2315229870225126	-0.23971400140069513	0.23971400140069726	0.2487426332639763	-0.24874263326394203	-0.2588466428565321	0.25884664285651815	0.2702876565906163	-0.2702876565906244	-0.2834081837102682	0.2834081834285206	0.29868722055748614	-0.29868721886921973	-0.31683534999905705	0.31683534980629713	0.3389957199516588	-0.33899572016915835	-0.36727393025864497	0.36727393172264455	0.40671497598955897	-0.4067149857713993	-0.4793353552877278	0.4793353643767702	0.4169120588495207	-0.41691205790320396	-0.38764008108084247	0.3875949486916184	0.36700691921470097	-0.366668098900871	-1.760177674351997e-8	-4.197130337565659e-11	1.1382962181937528e-11	2.7332060019726974e-13	-6.149183790268394e-13	1.906987581966302e-12	2.3644686949823816e-13	6.0239851862070005e-12	5.3442461172644635e-12	4.599000277316756e-12	2.1385961753845934e-12	6.350547787032017e-12	3.9330752411168e-13	-1.64491786808215e-12	4.3679568876195335e-14	6.591403864592929e-12	-3.842839974631868e-12	-2.6411169969218007e-12	4.980991228081534e-12	4.2831218915947604e-12	5.153383370798392e-12	-1.7719250748644043e-12	-5.6071233806603816e-12	2.9956590225527313e-12	-3.5915100612040482e-12	8.104360199993133e-12	-5.129795361922411e-12	1.9020401968755275e-12	1.8367563746920137e-13	3.785741367620845e-12	6.6304197237127145e-12	-7.335809487177697e-12
58.0	-7.680990945415668e-14	2.2497365588477165e-13	-1.5784138997497327e-13	-8.041772244826312e-14	-1.1772039084751525e-13	-9.229003953511906e-14	1.7888734222721867e-13	-1.1630734675352453e-13	-9.613552691112283e-14	-2.8569026807320326e-13	-1.0568914434584992e-13	3.4799714632220066e-14	2.282720976569762e-13	-4.608143020925238e-14	9.43020058452938e-14	-2.2259004593641605e-14	1.8892473948007513e-13	1.2590392498460186e-13	-2.0644371706067803e-13	3.9383280614445616e-14	9.849832135674594e-14	-1.0109798925422279e-13	-3.2171521424256923e-13	-1.9406401483268116e-13	-2.603592599230184e-14	-4.547852566231342e-14	1.652931373970182e-14	2.1591854921713946e-13	1.7463994077910648e-13	-1.0018591189497022e-13	-5.103073411921493e-14	0.22368422119938397	-0.2236842211994122	-0.23152298702251667	0.23152298702251256	0.2397140014006954	-0.23971400140069737	-0.24874263326397625	0.24874263326394191	0.258846642856532	-0.25884664285651804	-0.27028765659061665	0.2702876565906245	0.28340818371026816	-0.2834081834285208	-0.2986872205574862	0.2986872188692196	0.3168353499990573	-0.3168353498062974	-0.33899571995165845	0.33899572016915824	0.36727393025864497	-0.36727393172264455	-0.40671497598955886	0.40671498577139925	0.4793353552877277	-0.47933536437677055	-0.41691205884952054	0.416912057903204	0.38764008114582765	-0.38764008846090414	-0.3670625758137111	0.3670590216678801	3.0419939923062434e-8	4.746413573369648e-11	-1.1369954711649016e-11	-2.8083605381059786e-13	6.040460474437887e-13	-1.9043704650744685e-12	-2.441089584792302e-13	-6.012708090885742e-12	-5.34461809456092e-12	-4.605305428264528e-12	-2.136934460482868e-12	-6.350062658390094e-12	-4.063175313284149e-13	1.650582779646924e-12	-3.331121354436471e-14	-6.593078968453957e-12	3.840644144124927e-12	2.641500833591057e-12	-4.978484214885557e-12	-4.274207810288816e-12	-5.147671675756363e-12	1.7702736372620737e-12	5.600340378995167e-12	-2.9989275130935443e-12	3.596359632740006e-12	-8.099482992717869e-12	5.116139401710281e-12	-1.896797046498494e-12	-1.762207655374894e-13	-3.79014597128631e-12	-6.6188384170353214e-12	7.322922762917245e-12
59.0	-6.241245825141344e-14	2.0885097601528768e-13	-1.467134683966484e-13	-7.442148603671286e-14	-1.0595300580060539e-13	-8.359574845919884e-14	1.7515525602072165e-13	-1.1212195426532974e-13	-8.272228027168705e-14	-2.606415636376884e-13	-9.19243829102002e-14	3.2924052823076614e-14	2.096342721598603e-13	-4.4369364524995117e-14	8.534655217989084e-14	-2.0585930113375927e-14	1.8110465764752078e-13	1.1895076720838013e-13	-1.9011548323003468e-13	4.191259215693683e-14	9.034684502238253e-14	-1.0187298879025814e-13	-2.801357719010606e-13	-1.7611250910841359e-13	-2.107351657155512e-14	-3.241177727924672e-14	2.797850926520323e-14	1.946080745163805e-13	1.6970122212407176e-13	-8.245401756630226e-14	-4.2316718297506e-14	0.19921893202632993	-0.19921893202636592	-0.2061933317119191	0.20619333171192428	0.21347845123858233	-0.21347845123858028	-0.22150440057429915	0.22150440057425105	0.23047946369415145	-0.2304794636941357	-0.24063029987918785	0.2406302998791964	0.2522495525552292	-0.25224955231861146	-0.265737758183692	0.26573775681700906	0.2816677063954038	-0.2816677062659197	-0.3009009080433462	0.3009009082646755	0.32482667084373223	-0.3248266720752771	-0.3559497894129531	0.3559497986739525	0.39988847043253983	-0.39988848466078347	-0.4787259925387865	0.4787259926100292	0.4164893269926192	-0.41648933503468266	-0.3863564203356626	0.3863526745984746	2.7242117169425543e-8	4.269548212418171e-11	-1.0305147282542618e-11	-2.2488584989173268e-13	5.222366966791301e-13	-1.8533545663162856e-12	-2.5368705720943684e-13	-5.5799995233536745e-12	-5.40109953464694e-12	-4.895799804795721e-12	-1.6159847313049688e-12	-6.424452553067707e-12	-8.5587424976516e-13	1.8929461722222477e-12	-3.4754407082338107e-14	-6.2976865259632704e-12	3.2477964156155244e-12	2.6694020136340944e-12	-4.961799669489183e-12	-4.213081708162182e-12	-5.289804099156356e-12	1.6628621995197709e-12	5.0821512289110024e-12	-2.3313508354742713e-12	3.7215158015392535e-12	-8.100759818638319e-12	4.967378813069099e-12	-2.074462319558475e-12	-9.235698196770282e-14	-3.3998246888593532e-12	-6.727036132098898e-12	6.6188677450204385e-12
60.0	6.240211793065267e-14	-2.0886940356468858e-13	1.4656222448465931e-13	7.44608670853048e-14	1.0588784382791497e-13	8.354226725341595e-14	-1.7496513158876722e-13	1.1236795827018647e-13	8.260389534246591e-14	2.6061309921531727e-13	9.186692255049808e-14	-3.312851107547649e-14	-2.0985396003054238e-13	4.4481551517561456e-14	-8.53674190214049e-14	2.064592406325865e-14	-1.811691127346222e-13	-1.189003034322709e-13	1.901825039824491e-13	-4.190738692199233e-14	-9.033668949725112e-14	1.0197811474868241e-13	2.800663462560235e-13	1.7607658139686352e-13	2.1075047903784556e-14	3.221959302983579e-14	-2.7750506647560445e-14	-1.9483526384854903e-13	-1.6993399606621784e-13	8.250668171813967e-14	4.2316961815523755e-14	-0.19921893202633006	0.19921893202636562	0.2061933317119189	-0.20619333171192455	-0.21347845123858242	0.21347845123858014	0.22150440057429946	-0.22150440057425086	-0.23047946369415165	0.23047946369413552	0.24063029987918763	-0.24063029987919632	-0.2522495525552293	0.25224955231861157	0.26573775818369166	-0.265737756817009	-0.28166770639540367	0.2816677062659203	0.3009009080433462	-0.3009009082646752	-0.32482667084373223	0.3248266720752773	0.35594978941295324	-0.3559497986739524	-0.39988847043254	0.3998884846607838	0.4787259925387866	-0.47872599261002907	-0.416489326992619	0.416489335034683	0.3863564203382138	-0.38635641166464013	-2.714612131731476e-8	-4.24362259437858e-11	1.0315610393510088e-11	2.242666673652299e-13	-5.243783848821709e-13	1.8593291024888772e-12	2.542975074696265e-13	5.585501507848714e-12	5.407483766919114e-12	4.8978614006657345e-12	1.62107462000392e-12	6.428944488716532e-12	8.542325968656444e-13	-1.885968729960706e-12	3.678387300900806e-14	6.293834665388069e-12	-3.2541684097217305e-12	-2.6654105483082864e-12	4.965194115153157e-12	4.210336085600703e-12	5.2893062101927445e-12	-1.6671822488908506e-12	-5.07165401288252e-12	2.3311673611638223e-12	-3.714121993790291e-12	8.097600769440183e-12	-4.969125378464571e-12	2.081574915626173e-12	9.057515843720756e-14	3.398406473870597e-12	6.733902507935582e-12	-6.6167240430286765e-12
61.0	4.873213650811219e-14	-1.7659286270861344e-13	1.0577095178713662e-13	6.777998902546564e-14	7.424491016176526e-14	8.731543603572774e-14	-1.5373447073354743e-13	9.984060958350935e-14	6.951547703067339e-14	2.2051538641086008e-13	7.448122351515836e-14	-2.6169580256151763e-14	-1.81168529371969e-13	3.6163410480943685e-14	-9.047362787370377e-14	1.8005357246281567e-14	-1.5359017768761657e-13	-1.2088760269832408e-13	1.6415284402925819e-13	-5.4732355556845285e-14	-8.502894982722403e-14	8.826046697720637e-14	2.37404348901856e-13	1.5672715037821152e-13	1.9012852668133178e-14	1.4221369578684493e-14	-2.3178730338298102e-14	-1.6972531903227884e-13	-1.3878681573794195e-13	7.105533859670375e-14	3.658455395081917e-14	-0.1684552663032085	0.16845526630325927	0.1743507935257072	-0.17435079352569982	-0.180508272371689	0.18050827237169276	0.18729083366520918	-0.18729083366515314	-0.1948737221079468	0.1948737221079283	0.2034470162537731	-0.20344701625377426	-0.21325515532743644	0.2132551551345089	0.22463070256307746	-0.22463070147665223	-0.23804447119788688	0.23804447111064192	0.25419195289997404	-0.2541919531088233	-0.2741558343310501	0.2741558353045127	0.29974323725638313	-0.29974324491112153	-0.33429184368496184	0.3342918571044344	0.385132323337388	-0.3851323234584214	-0.4770287868022875	0.477028787190068	0.4137403294890985	-0.41374032375409125	-2.3070205480622247e-8	-3.612066301681812e-11	8.713669630193493e-12	1.9180407245158556e-13	-3.9475250706142353e-13	1.5477271688119712e-12	2.535404570624111e-13	4.733958567394223e-12	5.028331604186179e-12	5.068036364728695e-12	8.028137999936448e-13	6.2153907328308274e-12	1.4029425703887843e-12	-2.4453890709678813e-12	-7.765143093210094e-14	5.924602651356569e-12	-2.2126821932501964e-12	-2.8138116475699266e-12	4.714175179216099e-12	4.170421580754666e-12	5.372898279719759e-12	-1.3768861059568141e-12	-4.829687214507899e-12	1.4966126833467574e-12	-4.032845218314104e-12	8.079573293657136e-12	-4.593828535962562e-12	1.955240591171479e-12	7.036815554199542e-14	2.953108510921576e-12	6.455470074042302e-12	-5.787412428584171e-12
62.0	-4.871191662657976e-14	1.763011480244843e-13	-1.0568861281000811e-13	-6.754937280280611e-14	-7.406515575594018e-14	-8.743335305209388e-14	1.539130500998086e-13	-9.984337325849761e-14	-6.944267194202682e-14	-2.20698768472042e-13	-7.449471866160899e-14	2.62824884775958e-14	1.8106979390577366e-13	-3.6270507984970915e-14	9.04409624717828e-14	-1.798801084316192e-14	1.5344148675492297e-13	1.2119101474593328e-13	-1.6410240829634545e-13	5.4879638034802414e-14	8.521756764867397e-14	-8.81375915414728e-14	-2.375483260947865e-13	-1.5672435766540062e-13	-1.898916393789746e-14	-1.409079117632163e-14	2.3276681401470942e-14	1.6972421025197658e-13	1.388305155142971e-13	-7.109081619028404e-14	-3.643878772434879e-14	0.16845526630320834	-0.1684552663032593	-0.17435079352570726	0.1743507935256997	0.18050827237168895	-0.1805082723716928	-0.18729083366520932	0.18729083366515314	0.19487372210794676	-0.19487372210792833	-0.20344701625377318	0.2034470162537742	0.21325515532743647	-0.21325515513450904	-0.2246307025630775	0.2246307014766524	0.2380444711978867	-0.2380444711106418	-0.25419195289997376	0.25419195310882337	0.27415583433105006	-0.2741558353045127	-0.2997432372563831	0.2997432449111215	0.3342918436849618	-0.33429185710443465	-0.3851323233373879	0.3851323234584214	0.47702878680228733	-0.477028787190068	-0.41374032948909845	0.4137403237540912	2.3070205324320144e-8	3.6120711819185496e-11	-8.713820665802459e-12	-1.920188058057415e-13	3.9459793453114193e-13	-1.547952963389974e-12	-2.535177556618725e-13	-4.7346160876042494e-12	-5.042443246066229e-12	-5.098361701710371e-12	-7.85132118090922e-13	-6.2409143636819805e-12	-1.4228728185729347e-12	2.471776009532587e-12	8.028964590115009e-14	-5.942588827347587e-12	2.1953881087133135e-12	2.8311555868179085e-12	-4.730889615771173e-12	-4.190598266488677e-12	-5.399443906747541e-12	1.3754248758561194e-12	4.846584984666164e-12	-1.4807649806353177e-12	4.061312305877167e-12	-8.117906195369968e-12	4.606467787686382e-12	-1.9628373838924265e-12	-7.096079427522733e-14	-2.9564156691129487e-12	-6.4804328846033506e-12	5.7923160101046286e-12
63.0	-3.613112252051949e-14	1.2670204899387928e-13	-1.252796795890755e-13	-5.634057218282818e-14	-1.0177027540657897e-13	-5.449301900775119e-14	1.1777859079525936e-13	-6.456847112921751e-14	-5.0611092023851863e-14	-1.6298063995733693e-13	-5.248139232373393e-14	1.8645998342578577e-14	1.202829231375922e-13	-2.4742830639912912e-14	4.6574631998030287e-14	-2.4485514103261597e-15	1.177514357367561e-13	7.653910755856331e-14	-1.1990996985668435e-13	1.6311155742079594e-15	5.475891265866949e-14	-5.140446308722542e-14	-1.6557778212986657e-13	-1.134334467428399e-13	-1.9184673172509202e-14	7.263128718115883e-15	3.94434330127069e-14	1.3394433859375157e-13	1.072112453236002e-13	-3.794501779694092e-14	-2.2061314013265734e-14	0.12403474670813196	-0.12403474670819319	-0.12837543858955583	0.1283754385895417	0.13290891450029998	-0.13290891450029782	-0.1379024842204459	0.13790248422039716	0.1434850807738647	-0.14348508077385358	-0.14979647925165515	0.14979647925164688	0.15701633315244037	-0.15701633301309617	-0.16538880314884633	0.16538880237491088	0.17525910878127335	-0.1752591087255614	-0.1871359034112606	0.18713590357341822	0.20180725649160636	-0.2018072571697379	-0.22057555257709804	0.22057555789836192	0.24578942771361453	-0.24578943737318362	-0.2822515208534434	0.28225152098207684	0.3419509438297249	-0.34195094394605613	-0.46868273720886156	0.4686827367346568	1.701843441041575e-8	2.6711523091843396e-11	-6.418231606079448e-12	-1.5989566750148744e-13	2.6979443821084975e-13	-1.1306619726037182e-12	-1.8726324378390558e-13	-3.482235398588206e-12	-3.714670134787266e-12	-3.691659939124019e-12	-5.877824022321683e-13	-4.552110251720179e-12	-1.0325687181067002e-12	1.7893998813399835e-12	7.40424627368965e-14	-4.389783553785321e-12	1.6459748262513733e-12	2.0830824881692536e-12	-3.4593375471617396e-12	-3.0741281739334044e-12	-3.9389473527354705e-12	1.0134938707236212e-12	3.5689984202106244e-12	-1.1042262710089199e-12	2.9769691814799535e-12	-5.9306262178388094e-12	3.3808183210799426e-12	-1.4387417601643527e-12	-4.36151338995304e-14	-2.1614870835069684e-12	-4.734207334029429e-12	4.262854684954127e-12
64.0	3.6212015317766685e-14	-1.2671052713658922e-13	1.2523855417299697e-13	5.6405018969125e-14	1.0173603555499476e-13	5.4492480288879177e-14	-1.1784191413772292e-13	6.449508013911381e-14	5.051608475021064e-14	1.6294476055643028e-13	5.2468094273788016e-14	-1.8643159629406803e-14	-1.2031384131230933e-13	2.4725374808349464e-14	-4.662107659972446e-14	2.4418372302270767e-15	-1.1782889083757782e-13	-7.661846544577048e-14	1.1989550807624978e-13	-1.6476701144256925e-15	-5.4753896856983013e-14	5.136010584198507e-14	1.656372878466355e-13	1.1349489557090737e-13	1.9276452436098937e-14	-7.285942349198948e-15	-3.95348934811659e-14	-1.3404993502994313e-13	-1.071649581889608e-13	3.7852786543928254e-14	2.2073797382868527e-14	-0.12403474670813194	0.12403474670819324	0.12837543858955594	-0.1283754385895417	-0.1329089145002999	0.13290891450029796	0.1379024842204459	-0.13790248422039722	-0.1434850807738648	0.14348508077385347	0.14979647925165493	-0.14979647925164682	-0.15701633315244037	0.15701633301309612	0.16538880314884638	-0.1653888023749109	-0.17525910878127332	0.17525910872556139	0.18713590341126063	-0.1871359035734184	-0.20180725649160633	0.20180725716973788	0.22057555257709807	-0.22057555789836183	-0.24578942771361448	0.24578943737318368	0.2822515208534434	-0.2822515209820769	-0.3419509438297249	0.34195094394605613	0.4686827372088616	-0.46868273673465694	-1.7018434445387844e-8	-2.6711538264990133e-11	6.4183091756070555e-12	1.5992611818852522e-13	-2.6983753285599855e-13	1.1306245940105743e-12	1.872443318378767e-13	3.482216385171952e-12	3.714597801380788e-12	3.691664391838185e-12	5.878346210898022e-13	4.5521249480831715e-12	1.0325951140267802e-12	-1.7893207228620232e-12	-7.39970112345153e-14	4.389837292012609e-12	-1.6459566611122705e-12	-2.0829869995885302e-12	3.4593038693831127e-12	3.074107216667708e-12	3.9388336588935295e-12	-1.0134942511051993e-12	-3.5691547759711487e-12	1.1042757508411566e-12	-2.9769939644359606e-12	5.93059389101062e-12	-3.380782438656617e-12	1.4388119939532388e-12	4.361171883733784e-14	2.1615085704793838e-12	4.734171127073392e-12	-4.2628291542350515e-12
65.0	6.450729652880336e-15	2.975467751131677e-14	-4.2390761520041417e-14	1.1818680023215802e-13	-6.611518672482145e-14	4.1442830794731766e-14	-1.5032457362499217e-13	-2.880090276344942e-14	8.815546657573804e-15	1.164980635472569e-13	-1.031458972752177e-13	-1.182202021146824e-13	-8.059378117925308e-15	1.2393977854939765e-13	-4.685669365164525e-14	8.778884246091117e-15	1.2804539899093882e-13	8.340424543837485e-15	-1.2353093472522762e-13	1.4193143485480044e-14	-1.0453313210581533e-13	-8.895112098176855e-14	3.46588259225473e-14	-1.6431544370763223e-13	2.1805825224933737e-13	-8.906240614251282e-14	1.3094192227484749e-13	-1.1899211232736953e-13	4.5736559331439376e-14	7.878325697148349e-14	3.712772732529834e-15	-1.9522887582901963e-13	3.2711382643084153e-14	-1.0551403010080653e-13	-4.134515611414229e-15	3.5475007398768703e-15	9.265885580125306e-14	1.7331332087550292e-14	-8.781024334758102e-14	-4.113053036374197e-14	-4.9794988219925295e-14	7.602956503044243e-16	-4.6496607336681785e-14	-9.474911904838354e-14	-6.925638943421066e-14	-1.173648872497603e-14	3.2625343846341603e-14	-8.845870613045067e-14	-4.476553766065468e-14	-4.669482625729092e-14	6.145014670021151e-14	-1.317637943680107e-13	1.4613296262841963e-14	-2.4714717577274466e-14	-5.905898856868067e-14	1.226444343080137e-13	4.485583280764116e-14	-1.1278041279415144e-13	-1.297007416391801e-13	1.906593755017753e-13	2.0028938276296225e-14	1.6034131220227738e-14	-9.784108847611692e-14	-0.4686827361541987	0.4686827361541969	0.34195094481398275	-0.34195094481398497	-0.2822515220368608	0.28225152203686027	0.24578942562261524	-0.2457894256226148	-0.2205755517715222	0.22057555177152358	0.201807256247496	-0.20180725624740545	-0.18713588864413025	0.18120167956395336	0.16889090362769488	-0.15948629810510057	-0.14961592559566936	0.15295749202934117	0.14448852614248867	-0.1443706584093761	-0.13713321443529938	0.1406643714226706	0.13428103776780076	-0.1364149867603085	-0.13072066757974457	0.1318925954622655	0.12679885852970604	-0.12791857805839424	-0.12330094684976722	0.12397896259276377	0.11957049570813134	-0.11962065108316558
66.0	-6.242298142788966e-15	-2.943415811353393e-14	4.247039617804535e-14	-1.18201690976053e-13	6.626353310076341e-14	-4.161621544825514e-14	1.5040246090795745e-13	2.8698473229909103e-14	-8.731889636916643e-15	-1.1647044892036372e-13	1.0311679201541914e-13	1.1833080354039552e-13	8.236879654526698e-15	-1.2370348393065602e-13	4.678370781331337e-14	-8.862899553758283e-15	-1.2815183772686026e-13	-8.555891464460848e-15	1.2334391034129354e-13	-1.4193753015469293e-14	1.0447278024445007e-13	8.878267175695522e-14	-3.46392485623562e-14	1.6436445498258388e-13	-2.1810574997949983e-13	8.90858222195949e-14	-1.3142654466336272e-13	1.189690822427299e-13	-4.592008930963283e-14	-7.9059958160516e-14	-3.5018530825408726e-15	1.951249253659403e-13	-3.280242939280888e-14	1.0539255242243114e-13	4.2596022684284254e-15	-3.605528410673534e-15	-9.265217421309801e-14	-1.716360839587075e-14	8.7641654727066e-14	4.1147458626562667e-14	4.989793737919347e-14	-9.521164492862326e-16	4.647909289064712e-14	9.447027617535858e-14	6.946281568777976e-14	1.1673465579416926e-14	-3.251025935431687e-14	8.824367059884564e-14	4.469143274223007e-14	4.6676306578399214e-14	-6.14702361178794e-14	1.3161704921769112e-13	-1.4786587768484876e-14	2.4847109266067428e-14	5.891832477686835e-14	-1.2262631186426684e-13	-4.4590110579727014e-14	1.127749429602712e-13	1.2968756574281822e-13	-1.9075990165757582e-13	-2.016113031455907e-14	-1.6166534256646333e-14	9.771942347969937e-14	0.4686827361541991	-0.46868273615419703	-0.3419509448139825	0.34195094481398497	0.2822515220368606	-0.28225152203686027	-0.2457894256226152	0.24578942562261485	0.22057555177152222	-0.22057555177152355	-0.20180725624749604	0.20180725624740561	0.1871358886441302	-0.1812016795639534	-0.16889090362769474	0.15948629810510048	0.1496159255956693	-0.1529574920293413	-0.14448852614248867	0.14437065840937613	0.13713321443529924	-0.1406643714226707	-0.13428103776780095	0.13641498676030844	0.13072066757974463	-0.1318925954622654	-0.12679885852970596	0.12791857805839402	0.1233009468497671	-0.12397896259276367	-0.11957049570813139	0.11962065108316557
67.0	-8.58704262937785e-15	-4.443414650702791e-14	6.10176090404072e-14	-1.6227666097800848e-13	5.4639287936676516e-14	-5.060948817058222e-14	2.05905103899589e-13	3.86392287612665e-14	-1.0308043854132572e-14	-1.6101326691117685e-13	1.3584368336405681e-13	1.6240839487282836e-13	1.0308673771014295e-14	-1.680959648242894e-13	6.271248262729047e-14	-1.2279454316571054e-16	-1.7905875562179087e-13	-1.0082645376422307e-14	1.6919619738084056e-13	-1.7112308441472712e-14	1.414810527264793e-13	1.2576310386805607e-13	-4.792085972826611e-14	2.2696548754982962e-13	-2.9600892713428714e-13	1.1385685489488114e-13	-1.4926852737820632e-13	1.5956460900937624e-13	-6.669722052074477e-14	-1.0142755339017197e-13	-7.325989576793948e-15	2.6125495332199364e-13	-4.271261771792532e-14	1.4281797295996534e-13	6.253921107842359e-15	-1.2119424377369492e-14	-1.2760969183192964e-13	-2.6998257971576884e-14	1.1361462608988284e-13	5.755744306292229e-14	7.050959639372961e-14	1.7806407824012235e-15	6.760970628346566e-14	1.313491877909024e-13	9.124241996963266e-14	1.7479247891213157e-14	-4.548259417135295e-14	1.2149125633647116e-13	5.851135151768946e-14	6.284058218727631e-14	-8.666975422526793e-14	1.845298324907317e-13	-2.4910913995424923e-14	3.2276883739080363e-14	9.791929179609546e-14	-1.7041097518106073e-13	-6.524490157717902e-14	1.5205598287991503e-13	1.8235914210779438e-13	-2.5588320731081753e-13	-2.7876506590724928e-14	-2.204663717761622e-14	1.3325682719759923e-13	0.4137403171848471	-0.41374031718484167	-0.47702878706164964	0.47702878706164953	0.3851323256998084	-0.38513232569980527	-0.33429184143285473	0.33429184143285007	0.2997432367730408	-0.29974323677304326	-0.27415583408980315	0.27415583408968514	0.2541919313367981	-0.24613132904334567	-0.22939490103585192	0.21662116012653548	0.2032080213414794	-0.20774652956423453	-0.19624025488112076	0.1960801702124561	0.18624832456837576	-0.1910441872049581	-0.18237328542431205	0.185271500097732	0.17753692294678108	-0.17912856506792504	-0.17220999036583745	0.17373072085149263	0.1674589636940326	-0.16837979856220586	-0.1623922347092836	0.16246035221171518
68.0	8.642766218537099e-15	4.4599710998664233e-14	-6.093845173103307e-14	1.6219545558425477e-13	-5.4392694377552575e-14	5.027498464475632e-14	-2.0599230520334726e-13	-3.879559022360576e-14	1.0205116694312902e-14	1.6094015622931976e-13	-1.3568116359833136e-13	-1.6253633307041184e-13	-1.0098276408178041e-14	1.6803822021910356e-13	-6.293711854374386e-14	1.6689167867245848e-16	1.788472570170094e-13	1.0043488810096844e-14	-1.6918590856486065e-13	1.7245072817946494e-14	-1.4146386023894124e-13	-1.25798363398999e-13	4.775906387178788e-14	-2.2688308419743453e-13	2.9578848609782297e-13	-1.1368204595834909e-13	1.4931886919295216e-13	-1.5979360246707658e-13	6.649649752748502e-14	1.0154273480774746e-13	7.238504416474674e-15	-2.6140724228051406e-13	4.2575756922722145e-14	-1.4292118569034477e-13	-6.271656081049494e-15	1.1890333578150831e-14	1.2753812960851348e-13	2.7041178603737004e-14	-1.1362237312785305e-13	-5.750778956644092e-14	-7.057178191017284e-14	-1.768809183958038e-15	-6.747582866783414e-14	-1.3164532542883658e-13	-9.156530732952846e-14	-1.7416043569010028e-14	4.531355428728809e-14	-1.2152638976130164e-13	-5.857400005883074e-14	-6.28785246196525e-14	8.674905878340419e-14	-1.8450786879140143e-13	2.5002635415750034e-14	-3.2434642961787064e-14	-9.809292958571329e-14	1.7061715881882048e-13	6.517790746269817e-14	-1.5208189077241915e-13	-1.8233418398186225e-13	2.5618783628932944e-13	2.7965694901605857e-14	2.1965792786907342e-14	-1.3332107170360208e-13	-0.4137403171848471	0.4137403171848416	0.4770287870616495	-0.4770287870616495	-0.38513232569980843	0.3851323256998052	0.33429184143285484	-0.3342918414328498	-0.299743236773041	0.2997432367730433	0.2741558340898032	-0.274155834089685	-0.2541919313367979	0.2461313290433457	0.22939490103585186	-0.2166211601265355	-0.20320802134147942	0.20774652956423434	0.19624025488112093	-0.1960801702124563	-0.1862483245683758	0.19104418720495817	0.1823732854243121	-0.18527150009773227	-0.177536922946781	0.17912856506792518	0.17220999036583753	-0.17373072085149252	-0.1674589636940329	0.16837979856220583	0.16239223470928354	-0.16246035221171504
69.0	7.458426750865137e-15	3.199505374086466e-14	-6.363387060252331e-14	1.960426779667021e-13	-6.371345336463586e-14	7.38386079130056e-14	-2.2103106341790025e-13	-3.62061672896379e-14	2.4275306568062153e-14	1.7693872374561803e-13	-1.6506941109247273e-13	-1.7757623251829308e-13	-1.575198472962605e-14	1.9793342945051738e-13	-7.194255848093409e-14	-5.418466602345443e-16	1.8561437735325847e-13	1.7717180938410204e-14	-1.8505984232224543e-13	1.2658150807632366e-14	-1.7874077814423685e-13	-1.4800356326406325e-13	6.312100805567616e-14	-2.632658405754627e-13	3.486167843848035e-13	-1.490840273619139e-13	1.6785658946114537e-13	-1.6764312871072381e-13	7.612157652499923e-14	1.3540176804061495e-13	5.8337224755608154e-15	-3.008501342401312e-13	5.0711670656777116e-14	-1.7140255006404441e-13	5.974276502121925e-15	3.0363065424588157e-14	1.476479433861808e-13	1.837131127007667e-14	-1.5696639899395655e-13	-5.922100469226414e-14	-7.66564935664194e-14	1.2684921283841062e-15	-8.651875074933741e-14	-1.4618287739256106e-13	-8.857934501082423e-14	-2.7747175419947354e-14	7.476777680875612e-14	-1.3850971339440998e-13	-6.655639770321202e-14	-8.320649358123784e-14	7.98324815872773e-14	-2.035686779487047e-13	3.054492455668684e-14	-3.8297702612060675e-14	-1.1882779662054548e-13	1.783831265147502e-13	8.01679645931876e-14	-1.7256919293004016e-13	-2.252944396563304e-13	2.954300372236932e-13	5.447929266952786e-15	4.4219214531538564e-14	-1.7292735391615275e-13	-0.38635641627137657	0.3863564162713631	0.41648932806338657	-0.41648932806338984	-0.4787259931102104	0.4787259931102086	0.3998884732412435	-0.399888473241246	-0.3559497921787841	0.35594979217878897	0.3248266710418762	-0.3248266710417349	-0.30090088246445923	0.2913591077694167	0.2714330450392318	-0.256318430315027	-0.24039476023370335	0.2457638081973463	0.23212341876287867	-0.23193406194657581	-0.2202882646862179	0.22596064968527454	0.215695048049351	-0.21912280077411803	-0.20996868192737866	0.21185107923774962	0.20366447217405165	-0.2054629672332938	-0.19804281344694685	0.19913182485874995	0.1920486570887102	-0.19212921436098473
70.0	-7.469796701824218e-15	-3.20463916069938e-14	6.367906357852373e-14	-1.9629201962946073e-13	6.370461840727939e-14	-7.389021513320918e-14	2.2113835755195082e-13	3.609925917753014e-14	-2.4227936784091942e-14	-1.7743115843485036e-13	1.6494988364656968e-13	1.7743174488824016e-13	1.5759030726351452e-14	-1.9760246452240025e-13	7.214822631749451e-14	4.719615535047335e-16	-1.8594343417721387e-13	-1.7821163187889368e-14	1.848639731516146e-13	-1.2563474011949659e-14	1.7840640408046438e-13	1.477727480298616e-13	-6.311212164479833e-14	2.6340646728239587e-13	-3.487222778878762e-13	1.4940334198521565e-13	-1.6794995824243183e-13	1.677420585921032e-13	-7.591746949634199e-14	-1.3538088574980867e-13	-5.486406492611172e-15	3.007558854127987e-13	-5.042902507281213e-14	1.7145063403336674e-13	-5.931743214643145e-15	-3.0329292851637576e-14	-1.4728478259657174e-13	-1.8347978603781162e-14	1.573436952991195e-13	5.927826949162259e-14	7.681343211932159e-14	-1.2127279493257705e-15	8.651620259918578e-14	1.4639334177358471e-13	8.87703132555234e-14	2.7854811550633783e-14	-7.466120531002497e-14	1.3854107388260417e-13	6.633108097950058e-14	8.330588525016828e-14	-7.964575685343981e-14	2.03498379373897e-13	-3.0515623929372593e-14	3.8442961453769165e-14	1.188559365751678e-13	-1.7796003284960521e-13	-8.034039825408481e-14	1.7255060812122853e-13	2.2553540538108995e-13	-2.951543607910149e-13	-5.3330906358763715e-15	-4.4419780385468946e-14	1.7340049844438958e-13	0.3863564162713764	-0.38635641627136313	-0.41648932806338634	0.4164893280633896	0.47872599311021036	-0.4787259931102084	-0.3998884732412434	0.3998884732412462	0.3559497921787849	-0.3559497921787918	-0.3248266710418808	0.3248266710417494	0.30090088246447566	-0.2913591077694365	-0.2714330450392518	0.25631843031504375	0.24039476023371992	-0.24576380819736082	-0.23212341876289302	0.2319340619465881	0.22028826468623	-0.22596064968528526	-0.21569504804936115	0.2191228007741265	0.20996868192738685	-0.21185107923775676	-0.20366447217405853	0.20546296723330007	0.198042813446953	-0.19913182485875602	-0.19204865708871593	0.19212921436099004
71.0	-1.1021644521917004e-14	-3.0998085498333946e-14	5.9099942462545e-14	-2.150436138826756e-13	6.833974842079721e-14	-9.267280212896586e-14	2.2594507889476305e-13	3.395577817054336e-14	-3.406936324441556e-14	-1.8318213205032857e-13	1.8417550798894785e-13	1.9523545365794684e-13	1.9915266841486222e-14	-2.278576917398254e-13	7.601760696645454e-14	5.554555841609204e-16	-1.7496022662786802e-13	-2.7161320975607067e-14	1.9318797875978726e-13	-8.347348103324369e-15	2.114589767825412e-13	1.5201182755075924e-13	-6.827002199863445e-14	2.8281283350584013e-13	-3.779938057729579e-13	1.686773608043979e-13	-1.7738959127460235e-13	1.8060134435042364e-13	-8.026605769121408e-14	-1.6237262821239112e-13	-9.815218570360136e-15	3.3086918652037447e-13	-6.07422000070186e-14	1.9618611399108633e-13	-7.286447377339472e-15	-4.60500312402742e-14	-1.6907654871714299e-13	-2.2030240278236006e-14	1.9071287514802716e-13	6.10031638018782e-14	7.438947302552076e-14	-1.0917721306073116e-14	9.945222519644616e-14	1.6064960522713675e-13	9.631519321289017e-14	2.5372411069690056e-14	-9.335418356704405e-14	1.483709805496062e-13	7.854158478129652e-14	1.0474421543655436e-13	-7.54081153519543e-14	2.196569903610685e-13	-4.607827948849657e-14	3.510175747659678e-14	1.4051952669028867e-13	-1.9420858955278456e-13	-9.537454303461299e-14	1.8503232206589636e-13	2.5918516079631835e-13	-3.376253592488215e-13	1.57851602346158e-14	-5.088548588874722e-14	1.9363312977296682e-13	0.3670625747422954	-0.3670625747422802	-0.38764008161080166	0.38764008161080127	0.4169120578560754	-0.4169120578560787	-0.479335356303869	0.47933535630386986	0.40671497961310626	-0.4067149796131102	-0.3672739329727845	0.36727393297263494	0.3389956913508048	-0.3282459042883943	-0.3053228393203801	0.2883210885888784	0.2702018817527371	-0.2762366511634899	-0.26079601045661954	0.26058326369425194	0.24743849439384313	-0.2538099925192517	-0.2422425763853852	0.24609221363722913	0.23578837478881465	-0.23790224893568265	-0.2286939273948602	0.23071345016122555	0.22237122485594038	-0.2235940151649634	-0.21563339364887776	0.2157238438075776
72.0	1.0909770758697587e-14	3.1007527569822904e-14	-5.929114271283395e-14	2.149653034676346e-13	-6.804926815554294e-14	9.255823601155946e-14	-2.2613408950121771e-13	-3.412024032771613e-14	3.4152323089567314e-14	1.82877813005294e-13	-1.8408778991774602e-13	-1.9525973659695116e-13	-1.969350726159663e-14	2.275098464458237e-13	-7.594332585605689e-14	-5.890951681410291e-16	1.7473453707406186e-13	2.732670481788778e-14	-1.9332650209750082e-13	8.054796588063524e-15	-2.113695413804021e-13	-1.5201043672960144e-13	6.819031377786804e-14	-2.8275135431112995e-13	3.779208306560573e-13	-1.685606346524249e-13	1.7714047400718365e-13	-1.8057917997421222e-13	7.999577794008271e-14	1.6197984305222332e-13	9.688259846117896e-15	-3.3085494985160456e-13	6.050327817471027e-14	-1.9623646952173234e-13	7.285411597680589e-15	4.601506023239463e-14	1.6932396837947647e-13	2.2122831983207404e-14	-1.9071539566406109e-13	-6.135398583496795e-14	-7.412634397227733e-14	1.116033163689202e-14	-9.960724705889087e-14	-1.6058782638428797e-13	-9.632648541551166e-14	-2.5413810237563213e-14	9.3344364193447e-14	-1.4856080400355165e-13	-7.859093821718712e-14	-1.0472052030234344e-13	7.553712579667967e-14	-2.196192333981369e-13	4.595279710597482e-14	-3.54739046156313e-14	-1.4038690006100868e-13	1.9433820114647887e-13	9.530898387714459e-14	-1.85303345892233e-13	-2.5932421197525857e-13	3.378722246810112e-13	-1.5754821897548727e-14	5.1160429536777233e-14	-1.933408068773554e-13	-0.36706257474229514	0.3670625747422801	0.3876400816108017	-0.3876400816108008	-0.41691205785607516	0.416912057856079	0.47933535630386903	-0.47933535630387003	-0.40671497961310604	0.40671497961311004	0.3672739329727878	-0.3672739329726815	-0.33899569135089364	0.328245904294255	0.30532283932666826	-0.2883210885946645	-0.27020188175860604	0.27623665116873014	0.2607960104619843	-0.2605832636991782	-0.24743849439883653	0.2538099925239635	0.24224257639015523	-0.24609221364126382	-0.23578837479292142	0.23790224893960107	0.22869392739880626	-0.23071345016457726	-0.22237122485929964	0.22359401516768368	0.2156333936515897	-0.21572384380983714
73.0	1.9479604725200753e-14	3.523630494955015e-14	-5.237929044930172e-14	2.1850869558505634e-13	-8.597969546848396e-14	9.585137970272647e-14	-2.2626677663495763e-13	-2.1062293019815603e-14	3.7229376488523334e-14	1.9357624786038842e-13	-2.0744081855728162e-13	-2.1039537013795047e-13	-2.470580785607022e-14	2.579406147477619e-13	-8.414312623991997e-14	-4.728753096961691e-15	1.7647580741212043e-13	2.99542305999142e-14	-1.995797101561193e-13	3.4908785841452616e-15	-2.245617214799779e-13	-1.5457979328592716e-13	7.908280299824291e-14	-2.960114746419692e-13	4.0420151613629743e-13	-1.8774116239957867e-13	1.7991657798506986e-13	-1.901223737792587e-13	9.357800478045312e-14	1.982857323122708e-13	2.046015702883965e-14	-3.6014726049068143e-13	6.195887640375179e-14	-2.1585923794703245e-13	6.817053691848549e-15	5.899036261024597e-14	1.8301876795553322e-13	1.3912388874715728e-14	-2.1877898803579266e-13	-5.633635195625997e-14	-7.518769471216013e-14	1.425895164253679e-14	-1.0422520218212737e-13	-1.7407560700374639e-13	-9.851472804493915e-14	-2.345974585712577e-14	1.073105606103947e-13	-1.5463714866349447e-13	-8.271761590045354e-14	-1.15446685349546e-13	7.049694232001489e-14	-2.311612602906108e-13	6.279854682784883e-14	-2.368586568777233e-14	-1.6076996737267205e-13	2.0214598651890582e-13	1.112223560691618e-13	-1.8918623343727697e-13	-2.7486417223419004e-13	3.5710599073993215e-13	-3.3548086186474037e-14	4.855204292987782e-14	-2.1003310868369278e-13	-0.35111822193853315	0.3511182219385064	0.36743052544356647	-0.36743052544356597	-0.38743477363827294	0.387434773638278	0.41689057170100674	-0.416890571700997	-0.479614850716354	0.47961485071635496	0.4104334400128158	-0.410433440012694	-0.3739831333998728	0.3621238702231935	0.33524262888922457	-0.31657481016982647	-0.2960427103513861	0.30265461719686704	0.28542019868672047	-0.2851873643275976	-0.2706317898873198	0.2776005107339661	0.2648487101933126	-0.2690575965063921	-0.25773033306852317	0.2600409195355279	0.24993594925448384	-0.25214305390573816	-0.2429993540258471	0.24433557598756991	0.23561748768618948	-0.23571632052308025
74.0	-1.9383357682152593e-14	-3.55477721622929e-14	5.245053884128106e-14	-2.1860479052855968e-13	8.599639221611327e-14	-9.581423519562927e-14	2.261513686214093e-13	2.1230682204131348e-14	-3.728068212463841e-14	-1.9355960201289268e-13	2.0757288257716395e-13	2.10483100140705e-13	2.484300510387114e-14	-2.580529369433308e-13	8.4129942628023e-14	4.523776891393741e-15	-1.7650316620628955e-13	-3.0070246691843325e-14	1.9973420840805775e-13	-3.4593021259129574e-15	2.2484884454698883e-13	1.545661867229862e-13	-7.898625630685651e-14	2.9594849901291923e-13	-4.0423966003294585e-13	1.875516414918363e-13	-1.801671790253875e-13	1.8982667350334112e-13	-9.386688886458389e-14	-1.9836137004920028e-13	-2.0321871172346793e-14	3.601898093098415e-13	-6.214090553468522e-14	2.1596598159269556e-13	-6.631049400229909e-15	-5.912051137945494e-14	-1.8328885715071213e-13	-1.3891689323552154e-14	2.187879953744319e-13	5.609821312956782e-14	7.514131840029985e-14	-1.4105500310485593e-14	1.03946334729493e-13	1.7395029215755633e-13	9.830677990452901e-14	2.3125303025766038e-14	-1.0742670721658432e-13	1.5486969848193784e-13	8.264706513057121e-14	1.1528858017647685e-13	-7.111350662829579e-14	2.310803934197398e-13	-6.273068879930727e-14	2.3850482096346645e-14	1.606822064570432e-13	-2.018374099975387e-13	-1.1139406170536589e-13	1.8883849326875988e-13	2.746983804151219e-13	-3.571859732096914e-13	3.3659579304035915e-14	-4.853542001683489e-14	2.1002324672711188e-13	0.35111822193853315	-0.3511182219385066	-0.36743052544356664	0.36743052544356575	0.387434773638273	-0.38743477363827816	-0.416890571701007	0.41689057170099675	0.4796148507163544	-0.47961485071635535	-0.41043344001281595	0.41043344001281057	0.3739831639381093	-0.3739831626804948	-0.34788326606080694	0.33112457839096493	0.31062198733197977	-0.31354579889445405	-0.2964313894044995	0.2931446366997726	0.27864571622315165	-0.28359941773953967	-0.270906336883263	0.2734794361769995	0.26222917011427616	-0.2637741468262627	-0.2537084007293159	0.25496554045136405	0.24584869341249074	-0.24676064551342497	-0.23806289069248454	0.23814765085984105
75.0	-2.8120681279277266e-14	-3.6445576390392305e-14	4.293688073344406e-14	-2.1455912925365874e-13	9.811699368634726e-14	-9.818169058308871e-14	2.3429411565755934e-13	9.772967805920937e-15	-3.6501147004120875e-14	-1.9988300052611695e-13	2.298617522411268e-13	2.2250561472033408e-13	2.685854393420251e-14	-2.8017268557885505e-13	9.202464042016939e-14	1.449165319343203e-14	-1.78147399748987e-13	-3.235431016506027e-14	2.05652556437808e-13	2.943533089290377e-15	2.3086475263980536e-13	1.652687978921006e-13	-9.255293339098576e-14	3.229477419232329e-13	-4.1422525105398747e-13	2.0450615386401126e-13	-1.7392256007440422e-13	1.9269350145470034e-13	-9.967019044081663e-14	-2.219946097849387e-13	-2.8923280691026856e-14	3.8714533102873363e-13	-6.53778138308554e-14	2.306508497439962e-13	-5.443005901649268e-15	-6.411545723701622e-14	-1.887258581885628e-13	-3.6782932145018165e-15	2.4095549360210465e-13	5.81201160561822e-14	7.402230338121208e-14	-1.9170538274018487e-14	1.0528039549587644e-13	1.887623523058232e-13	1.0473306350613874e-13	3.1163573945949854e-14	-1.0856780120114778e-13	1.6237549528940125e-13	9.059854051978648e-14	1.3031921869412512e-13	-6.191087639214435e-14	2.431189401822437e-13	-7.494763318149487e-14	1.8036364303137504e-14	1.8072254887005982e-13	-2.109560933827471e-13	-1.1853693041716888e-13	2.0090414360293517e-13	2.8343962009579805e-13	-3.6584186112332685e-13	4.9081411957860283e-14	-4.8464669176587077e-14	2.205897658875011e-13	0.3366632880299726	-0.3366632880299278	-0.3506359559240184	0.3506359559240194	0.36655911549973436	-0.36655911549973225	-0.3868482618822799	0.3868482618822672	0.41668182595784886	-0.4166818259578587	-0.4797585582450884	0.47975855824508323	0.4126801808000807	-0.4126801805090671	-0.37829627483655553	0.3600724934239352	0.33587142759618854	-0.3390329064848643	-0.31967159748386614	0.31612716353186904	0.30006292851279404	-0.3053973803353046	-0.2914869627840614	0.2942555385545699	0.2820060666671198	-0.2836675630143004	-0.27275192301092044	0.2741034248998019	0.26424263270502873	-0.26522281570147876	-0.255832323434428	0.2559234101456945
76.0	2.799940623307016e-14	3.6318198612946456e-14	-4.322468813503724e-14	2.1458372046617556e-13	-9.81333354733825e-14	9.843754445929379e-14	-2.3424002687915405e-13	-9.69566447512424e-15	3.6419818056957574e-14	1.9976453530919172e-13	-2.3001230479980483e-13	-2.223361029949589e-13	-2.698305597650393e-14	2.8037209199432616e-13	-9.215418674341433e-14	-1.4511531822993072e-14	1.783063730022529e-13	3.2127582752509435e-14	-2.056901851810703e-13	-2.940962750329225e-15	-2.309337470811723e-13	-1.6541449710834232e-13	9.257489208330681e-14	-3.231936563386006e-13	4.1418522683389526e-13	-2.0460469346336568e-13	1.7384990569425063e-13	-1.9253329312424347e-13	9.996124871642936e-14	2.2195510542202328e-13	2.9048208970051597e-14	-3.8736873375232376e-13	6.522542044547246e-14	-2.3063844522083333e-13	5.244873128149656e-15	6.381946982008617e-14	1.883572703850685e-13	3.617743162220849e-15	-2.407513322712553e-13	-5.815929256685133e-14	-7.381694108621579e-14	1.932799263755001e-14	-1.0534511094449365e-13	-1.886674144042824e-13	-1.0454619536249296e-13	-3.103830812878104e-14	1.0847937264532972e-13	-1.622941960115816e-13	-9.055357893474412e-14	-1.3027763194597994e-13	6.193193412374153e-14	-2.430617832762052e-13	7.47115257942013e-14	-1.7967500662008194e-14	-1.8089729367460334e-13	2.109531726526582e-13	1.1836814734725777e-13	-2.007795758171035e-13	-2.834717183772756e-13	3.653413777541641e-13	-4.917580633287737e-14	4.8397526244327146e-14	-2.206582169940981e-13	-0.33666328802997325	0.33666328802992795	0.3506359559240186	-0.3506359559240195	-0.3665591154997347	0.3665591154997326	0.38684826188227994	-0.38684826188226723	-0.41668182595784875	0.41668182595785863	0.47975855824508823	-0.4797585582450834	-0.41268018080008073	0.41268018050916344	0.37829630881403264	-0.37829630788208357	-0.35385351399246884	0.3538522452753444	0.33443994122076326	-0.32728150892248387	-0.31119441508427387	0.3132211227697082	0.2993080234529199	-0.29966124125885435	-0.2874565213425252	0.2883488372078476	0.27745068598104883	-0.2777639215018807	-0.26792537003886946	0.2685481596815321	0.2591680735632615	-0.259077851408427
77.0	3.864467285987777e-14	3.731737421416594e-14	-3.027206133173857e-14	2.026947088368475e-13	-1.1085615603449447e-13	9.654012333652517e-14	-2.416433828935899e-13	-1.3360109585637243e-15	4.024540218764604e-14	2.0109994888925567e-13	-2.4346891448877373e-13	-2.313266985297911e-13	-2.6926140893480275e-14	2.838042532398439e-13	-9.867459706184539e-14	-2.1828459390540093e-14	1.782119120160021e-13	4.483760125916818e-14	-2.103958693025479e-13	-5.754619298899155e-15	-2.3021540586752583e-13	-1.6427015749642944e-13	1.0908708983344396e-13	-3.415224267257676e-13	4.2559585896682737e-13	-2.210391020136729e-13	1.765792116749431e-13	-1.8769165798707167e-13	8.902504910944413e-14	2.3291352795249763e-13	3.448789046901311e-14	-4.0017408511544775e-13	7.716687191773759e-14	-2.400936713814091e-13	1.0724578435628923e-15	8.250706382665563e-14	1.9751179009399706e-13	-1.0257790664065463e-14	-2.5167097695154463e-13	-6.407163216112785e-14	-7.158550461353072e-14	2.2259095154249813e-14	-1.0423064304026589e-13	-2.000239776326209e-13	-1.1263102283144536e-13	-3.512463788917598e-14	1.0438608608493242e-13	-1.651276801306234e-13	-9.842471449818311e-14	-1.368678612668467e-13	6.103299751230049e-14	-2.435174689140016e-13	8.84878920585861e-14	-2.1784205964909283e-14	-1.886172677857154e-13	2.0880899943292412e-13	1.2947973034026376e-13	-2.0120853595076624e-13	-2.8001650036956066e-13	3.7717653624365577e-13	-5.877209719956081e-14	4.4353268969939584e-14	-2.293286252508976e-13	-0.322753699604462	0.32275369960440803	0.33525447870057334	-0.3352544787005749	-0.3489505404701131	0.3489505404701063	0.3652284796780719	-0.36522847967805044	-0.38599750607779193	0.38599750607780065	0.4163331803873535	-0.4163331803873911	-0.47983340011495507	0.4798333995737686	0.4141377785370901	-0.4141377779874888	-0.3812343672274593	0.38123300153939005	0.3580177873765154	-0.3503546921079743	-0.3320952522019723	0.3342580791867066	0.31886438176599885	-0.31924068106038006	-0.30592721433671705	0.3068768652535819	0.2950889478730767	-0.29542209932679736	-0.28483664527994323	0.28549874763634	0.27544261065880293	-0.27534672100011404
78.0	-3.878339283243462e-14	-3.7485889402195976e-14	3.0322941187387904e-14	-2.027896735060517e-13	1.1108878737877494e-13	-9.627723779583912e-14	2.4170190991398487e-13	1.2899578785857792e-15	-4.037589636922319e-14	-2.01076971037366e-13	2.4369199981283806e-13	2.3130168564433364e-13	2.6599574528903427e-14	-2.836319354315626e-13	9.86703031563911e-14	2.1899996904661228e-14	-1.781292632810551e-13	-4.474484250875895e-14	2.1034593012111907e-13	5.752762488476836e-15	2.301589945801337e-13	1.6460634870227525e-13	-1.0931759214751277e-13	3.4153641791792853e-13	-4.259702379229575e-13	2.2103499916205736e-13	-1.7681136871520097e-13	1.87804234917715e-13	-8.886316044210905e-14	-2.3284113942782176e-13	-3.455496562361381e-14	4.0021496875733326e-13	-7.706647867414674e-14	2.3980498993610405e-13	-7.506528638129444e-16	-8.250429505657373e-14	-1.974133289725627e-13	1.0322538185390983e-14	2.51786441372765e-13	6.42859667097991e-14	7.174915128888607e-14	-2.2061277654018588e-14	1.0425093915721981e-13	2.000594501049602e-13	1.1250463482527383e-13	3.537532813214815e-14	-1.0424019772756294e-13	1.6513012008427347e-13	9.824473112533811e-14	1.368883939015096e-13	-6.106095560328653e-14	2.4337502222684607e-13	-8.868118410946895e-14	2.1415739519564283e-14	1.8882390474364322e-13	-2.0904852032848967e-13	-1.2981391829127846e-13	2.0123699253284835e-13	2.798933907018008e-13	-3.773855598166894e-13	5.867249188140389e-14	-4.433712735449027e-14	2.2897746737210623e-13	0.322753699604462	-0.3227536996044081	-0.3352544787005732	0.3352544787005749	0.34895054047011315	-0.34895054047010626	-0.36522847967807176	0.36522847967805044	0.3859975060777918	-0.38599750607780015	-0.4163331803873533	0.4163331803873911	0.47983340011495496	-0.47983339957376875	-0.41413777853708994	0.4141377779874888	0.38123436723156745	-0.381234367247716	-0.35806549226743983	0.3509016564589979	0.332588364525281	-0.33425210919115866	-0.3188560873500594	0.31932072084301977	0.30601163292567013	-0.3069379679892387	-0.29516107783306467	0.29552951273279865	0.2849520918370292	-0.2856205478672633	-0.27557356644398245	0.2754588453023205
79.0	-4.492313740231888e-14	-3.1588649229464716e-14	1.7432157286524935e-14	-1.8367459137909626e-13	1.1231955827676095e-13	-9.893760508254624e-14	2.431729524236575e-13	-1.3844409456529738e-14	-4.068908796672299e-14	-2.0189847438940442e-13	2.4421520179707533e-13	2.279588535610024e-13	3.0295853880130846e-14	-2.848415902166542e-13	1.0810723172346545e-13	2.7801092609010295e-14	-1.8170192771391292e-13	-5.801690366497292e-14	2.1430460599762784e-13	7.414713097298698e-15	2.174208419930115e-13	1.5628012627496377e-13	-1.2567142289121831e-13	3.499062105069781e-13	-4.231829313805006e-13	2.420406760530624e-13	-1.7524443142458843e-13	1.7970784846888805e-13	-8.068379471578406e-14	-2.4544918193740664e-13	-3.492496726827222e-14	4.0437793472841727e-13	-9.018566539121639e-14	2.5982785740187004e-13	-2.7621875833349095e-15	-9.170027040805607e-14	-2.0347458144510286e-13	2.289718183569849e-14	2.48146485564469e-13	6.622139126766206e-14	6.698833090078345e-14	-3.7275586965731023e-14	1.0909373207974348e-13	2.023590181008048e-13	1.1380203910518701e-13	4.2469974794862924e-14	-9.814196892126827e-14	1.5950340444373531e-13	9.87353141582042e-14	1.3761334712272138e-13	-6.367771555061153e-14	2.4680152776588966e-13	-9.972297910098176e-14	4.1058441404275803e-14	1.9255579653494613e-13	-2.146869949214786e-13	-1.2886947749639202e-13	1.9346011492193036e-13	2.821242397483909e-13	-3.799170502604091e-13	6.91583031583689e-14	-4.04074624780549e-14	2.32952868025542e-13	0.3088088054429966	-0.3088088054429284	-0.32027149287197093	0.320271492871979	0.3325589391814609	-0.33255893918145185	-0.3466440652354731	0.34664406523544306	0.363462870021618	-0.3634628700216377	-0.3848540518440709	0.38485405184411203	0.4158326865035349	-0.4158326858223588	-0.4798659176560037	0.4798659158085991	0.415131917297148	-0.4151319142923819	-0.3833228776386434	0.37565371386261587	0.3535598171770092	-0.3553284684492729	-0.33777625441713394	0.3382684576811584	0.3235340049636212	-0.3245133849769107	-0.31169108870104245	0.3120801532421761	0.30067960894277257	-0.3013849513522845	-0.29062749891641415	0.29050651934545774
80.0	4.4959598377407934e-14	3.154228490126716e-14	-1.753001743795661e-14	1.8361655919145682e-13	-1.1222281908526823e-13	9.89824962618407e-14	-2.4315933885156275e-13	1.3829793156986055e-14	4.058394176583582e-14	2.0181128375338385e-13	-2.4418132566857826e-13	-2.279505084643544e-13	-3.0576395576448576e-14	2.846699162679212e-13	-1.0851518413966714e-13	-2.77430451428721e-14	1.8156658996766892e-13	5.814849942177995e-14	-2.1446665735264434e-13	-7.380621432288135e-15	-2.1770453023807123e-13	-1.5616249646285455e-13	1.2558312351802e-13	-3.4980990543810703e-13	4.2320358816035464e-13	-2.4204562184462475e-13	1.7528694695399457e-13	-1.7964090900673555e-13	8.051580252159571e-14	2.4540102286182817e-13	3.4717763227446e-14	-4.043338329660708e-13	9.014931723619834e-14	-2.601567801184032e-13	2.7805000277977872e-15	9.159292336230897e-14	2.035329724659252e-13	-2.2976925412926914e-14	-2.481807318863603e-13	-6.632085552811589e-14	-6.687626870884147e-14	3.724338293710613e-14	-1.0932419461282445e-13	-2.0253999912641572e-13	-1.139213477371306e-13	-4.263614474296463e-14	9.807234740399398e-14	-1.5943522632948846e-13	-9.889927864942331e-14	-1.3757559287819166e-13	6.360203497723833e-14	-2.467416305381689e-13	9.957588357410045e-14	-4.130538357205328e-14	-1.927559367711337e-13	2.1465057083287383e-13	1.2877115318043509e-13	-1.933953197223096e-13	-2.8214881269875466e-13	3.7975575652330374e-13	-6.90668509713795e-14	4.040111319244339e-14	-2.328472060894293e-13	-0.3088088054429966	0.308808805442928	0.320271492871971	-0.320271492871979	-0.3325589391814608	0.33255893918145185	0.3466440652354733	-0.346644065235443	-0.36346287002161815	0.3634628700216379	0.38485405184407084	-0.38485405184411214	-0.41583268650353505	0.41583268582235894	0.47986591765600384	-0.4798659158085993	-0.415131917297148	0.4151319142924067	0.383322887273541	-0.3833228889574513	-0.36114736946042136	0.3611148964743507	0.34359560249897064	-0.34231184314417545	-0.32760653644079646	0.32767897701391574	0.3148597900467659	-0.3143701200089218	-0.3029684368526435	0.3034292649877758	0.2926706199407329	-0.2921494292971484
81.0	4.855904487330025e-14	2.9379159084051075e-14	-8.96320342274815e-15	1.7385322546139218e-13	-1.0975664139031159e-13	9.781174291047057e-14	-2.363194633348683e-13	2.4137537148345574e-14	4.644123644733946e-14	2.0585119022752215e-13	-2.4347912129481336e-13	-2.2059823354034268e-13	-2.1516613727077004e-14	2.927560391402147e-13	-1.0620635145446222e-13	-3.347684626676018e-14	1.9149978835054944e-13	6.113306142012228e-14	-2.0785859045787913e-13	-1.2380725685254005e-14	-2.0365023189769858e-13	-1.5384407461771602e-13	1.3747450724853185e-13	-3.5127187505807107e-13	4.170374633108362e-13	-2.5273802621908354e-13	1.7060886705453235e-13	-1.769050379392178e-13	7.801075613639837e-14	2.623366371512663e-13	4.4480363398995106e-14	-4.1115029204908355e-13	1.0431615986342373e-13	-2.6997194058788357e-13	6.452525318799257e-15	1.0457054464467137e-13	2.0110497167792378e-13	-3.2071582160990426e-14	-2.4051127226623813e-13	-6.717771907560695e-14	-7.110255128024278e-14	5.702955663955165e-14	-1.1093931940195316e-13	-1.9525451273626614e-13	-1.1011727040848323e-13	-4.617207051702988e-14	9.91946406897284e-14	-1.617282753124389e-13	-9.992377029925394e-14	-1.3507382988117854e-13	7.392837776305252e-14	-2.5694252037263645e-13	1.0142178230981873e-13	-4.841872758064486e-14	-1.9448293457987432e-13	2.1724039791031314e-13	1.3469486173377343e-13	-1.8534936230155498e-13	-2.889980049296997e-13	3.902533642037298e-13	-7.335889667759257e-14	3.7045175633632606e-14	-2.2308794724091957e-13	-0.2944010337864217	0.29440103378634364	0.30504911696703285	-0.3050491169670432	-0.31632454624103684	0.31632454624101847	0.32900217356792294	-0.3290021735678798	-0.3436465163310872	0.3436465163311145	0.36114736760885296	-0.3611473676088834	-0.3833228849293467	0.383322884348237	0.41513191650900383	-0.41513191410734335	-0.4798659154437684	0.47986591556177843	0.4158326872989284	-0.41583268938656615	-0.38485405142706014	0.38481945464456474	0.363409025009594	-0.3620512295051951	-0.3451735900066936	0.34524991221623913	0.33101900730127937	-0.330504205860226	-0.3180869836860171	0.31857081303891904	0.30699371187756	-0.3064470156988292
82.0	-4.8528951292206937e-14	-2.9492766317938305e-14	8.799775053276468e-15	-1.7401160401642668e-13	1.0971097447464739e-13	-9.77348908560178e-14	2.3621500316665445e-13	-2.3750599510507406e-14	-4.649713859546824e-14	-2.059165322770115e-13	2.429502143122156e-13	2.2050450760678868e-13	2.142618435372169e-14	-2.9290296903697017e-13	1.0612623743601257e-13	3.32744443024017e-14	-1.9152597228366026e-13	-6.138280185085584e-14	2.0799446275636647e-13	1.2306831251996674e-14	2.0354877227978046e-13	1.5385307335294403e-13	-1.3788387211223522e-13	3.514773408337559e-13	-4.1702946527291336e-13	2.529103890285652e-13	-1.7066218243839644e-13	1.7702752983563583e-13	-7.811617578973962e-14	-2.6224700918539637e-13	-4.473371042573024e-14	4.1093781582646595e-13	-1.0423116553931615e-13	2.697846365539381e-13	-6.461972689131499e-15	-1.0478752480529923e-13	-2.0120981505067082e-13	3.1983544087885194e-14	2.40563960355193e-13	6.73110773581828e-14	7.106339242489553e-14	-5.712721110915635e-14	1.107156491912224e-13	1.9510094431069952e-13	1.0996372134876864e-13	4.600655557338871e-14	-9.947964417856121e-14	1.6176403701415614e-13	9.992310255705609e-14	1.351190604271316e-13	-7.39180058958971e-14	2.569281287972238e-13	-1.0165319795156032e-13	4.842206403784222e-14	1.941971853961069e-13	-2.1734178282973032e-13	-1.3496373139570657e-13	1.8531625316965343e-13	2.889395972313677e-13	-3.902296270295481e-13	7.359934348421422e-14	-3.7055229238464974e-14	2.229523594859851e-13	0.29440103378642213	-0.2944010337863441	-0.305049116967033	0.3050491169670433	0.31632454624103706	-0.31632454624101874	-0.3290021735679227	0.3290021735678799	0.34364651633108706	-0.3436465163311146	-0.3611473676088529	0.3611473676088828	0.3833228849293467	-0.383322884348237	-0.4151319165090038	0.41513191410734335	0.47986591544376833	-0.47986591556177866	-0.4158326872989281	0.4158326893865663	0.38485405146834106	-0.38485405718686544	-0.36346286975042963	0.3632084784643967	0.3463409635832196	-0.34634502159526354	-0.3321868519866852	0.3312343167554989	0.3188416186498185	-0.3191696622973286	-0.30761312600849716	0.3069057455760346
83.0	-4.16055521400145e-14	-2.145040485434971e-14	3.595949851188612e-15	-1.6327859313459722e-13	1.0801170953190701e-13	-8.821963213620382e-14	2.2895594605395175e-13	-3.685147247427566e-14	-4.3665003104342785e-14	-2.016468422264887e-13	2.5208219229888436e-13	2.1172804719972136e-13	1.9959506741218e-14	-2.931154412443637e-13	1.0552907240905108e-13	4.2576745106122446e-14	-1.934816764335542e-13	-6.028308916439407e-14	1.8986629209421474e-13	2.9885654282536755e-14	1.8717306898448534e-13	1.4137255938045856e-13	-1.2942848202474965e-13	3.469589080754197e-13	-4.067158398797823e-13	2.6215660023596607e-13	-1.560267714931807e-13	1.794301825058348e-13	-7.5531225588256e-14	-2.7628681263068757e-13	-4.578447707388253e-14	4.2316757811274236e-13	-1.1365487955619722e-13	2.720601043223073e-13	-1.1665966674595401e-14	-1.0827581981052187e-13	-1.9211310740213966e-13	3.762267053241121e-14	2.334498358292916e-13	6.953894230107988e-14	7.190585185735263e-14	-6.885386606052756e-14	1.2193602451831084e-13	1.8997627188314547e-13	1.177750914454318e-13	4.5011058574687026e-14	-9.34917865150827e-14	1.6790068017977817e-13	1.005031625311246e-13	1.3816785460992453e-13	-7.825070428004394e-14	2.6767530509156136e-13	-9.818381465267732e-14	6.050121873796397e-14	2.070064770523139e-13	-2.240775861360611e-13	-1.3405793975438126e-13	1.829917515663081e-13	2.9633557155364063e-13	-3.9526104358978825e-13	7.300708623864937e-14	-2.7964029079401064e-14	2.1642697392414295e-13	0.27915163662985554	-0.279151636629771	-0.2890930517299381	0.2890930517299501	0.29954881742304634	-0.29954881742301653	-0.311183645979542	0.3111836459794969	0.32439753344839534	-0.32439753344842587	-0.33972585755248585	0.33972585755250995	0.35806550204146764	-0.3580655015712132	-0.38123436530548377	0.38123436324889776	0.41413777501243054	-0.41413777514686356	-0.4798334070433846	0.47983340089412435	0.416333190719996	-0.41633318688547105	-0.3859975099336689	0.3857273563220354	0.36490913525234436	-0.36491340639672165	-0.3485601108304713	0.3475606289189698	0.3337577157449985	-0.3341011030909948	-0.3215040259979494	0.32076470830158593
84.0	4.1608540746840023e-14	2.1394178922017742e-14	-3.678905618612767e-15	1.6333216836543491e-13	-1.082665478235768e-13	8.815123629751515e-14	-2.287754273501182e-13	3.672290598027576e-14	4.370416426373355e-14	2.0167696335066763e-13	-2.5211803547084853e-13	-2.1163558881688587e-13	-1.9999515009316765e-14	2.9317613095319166e-13	-1.0583191201693128e-13	-4.252906637842955e-14	1.9352305703598803e-13	6.026073227926087e-14	-1.897656348222134e-13	-2.9774234235335854e-14	-1.8724037646590577e-13	-1.411581884757314e-13	1.295348864712039e-13	-3.471712970408224e-13	4.064813999186457e-13	-2.62082556808651e-13	1.5577784342916778e-13	-1.7944817459859828e-13	7.565901072832342e-14	2.762359362278165e-13	4.5917810199370645e-14	-4.2329505034701165e-13	1.1330641207656857e-13	-2.7215511811675273e-13	1.1902859675846857e-14	1.0830565179956397e-13	1.9219020750115827e-13	-3.7658956655793714e-14	-2.3343584817808915e-13	-6.959486010851503e-14	-7.172950919591436e-14	6.868016491946713e-14	-1.2214689471228165e-13	-1.8976259200440187e-13	-1.176774840326508e-13	-4.529805840658014e-14	9.322983610259886e-14	-1.6815151881017632e-13	-1.0063329404664067e-13	-1.3808144174056918e-13	7.832022500683607e-14	-2.678957925855883e-13	9.821152830917093e-14	-6.04815418686294e-14	-2.068939984876591e-13	2.2396482055213933e-13	1.3412874280368287e-13	-1.829544744918373e-13	-2.963955016628948e-13	3.955684546135027e-13	-7.298516125471832e-14	2.7794948534048344e-14	-2.1634732486148716e-13	-0.2791516366298556	0.2791516366297709	0.28909305172993877	-0.28909305172995026	-0.2995488174230464	0.29954881742301703	0.3111836459795421	-0.31118364597949666	-0.32439753344839545	0.32439753344842626	0.3397258575524859	-0.3397258575525098	-0.3580655020414673	0.3580655015712133	0.381234365305484	-0.3812343632488977	-0.4141377750124305	0.4141377751468635	0.4798334070433843	-0.47983340089412474	-0.4163331907199958	0.4163331868854723	0.3859975103289099	-0.3859975162160438	-0.3652284832079039	0.36522576970561715	0.34892620562815324	-0.3479523399927332	-0.3341753594450153	0.33451401492493615	0.3219563557096804	-0.3211956038090189
85.0	3.5031453611414956e-14	1.9117706105787466e-14	1.3689544727597122e-15	1.574412127701716e-13	-1.0195612885997119e-13	8.37644837864598e-14	-2.1678177221374048e-13	4.746409954567516e-14	3.468202825743092e-14	1.965130252685771e-13	-2.5808267868589503e-13	-1.9988513137513577e-13	-2.93227910006663e-14	2.872361025731129e-13	-1.0156756290701321e-13	-5.1247818124130675e-14	1.9147354942344297e-13	6.295050554867106e-14	-1.753366850811959e-13	-3.91127320687414e-14	-1.6618434003381538e-13	-1.4144998072827896e-13	1.2609614294453008e-13	-3.3049442704334666e-13	3.9449880802197824e-13	-2.7907058798049094e-13	1.4922314038507116e-13	-1.752586364516451e-13	7.218288223193867e-14	2.7166670739665126e-13	4.3536462633477947e-14	-4.2530653984101075e-13	1.2689373155663946e-13	-2.725400604185104e-13	1.521912000159258e-14	1.140949430237522e-13	1.7892366146488096e-13	-3.422932922501685e-14	-2.1837061529579846e-13	-6.415092152381231e-14	-7.720542892344865e-14	8.748839013404683e-14	-1.2453968255303876e-13	-1.839618106393718e-13	-1.225188028359544e-13	-3.8306374462737495e-14	8.081842866368102e-14	-1.694546914200716e-13	-9.286099296721147e-14	-1.3862056355403786e-13	8.709370208674061e-14	-2.776774103956138e-13	9.716240955686065e-14	-7.262439261362509e-14	-2.1465589065835775e-13	2.193643421616652e-13	1.3354022588591875e-13	-1.7888475481323558e-13	-2.912125779418344e-13	3.918203656407201e-13	-7.408532181564438e-14	2.2130542166187506e-14	-1.982338723541228e-13	-0.2626579538490707	0.26265795384897356	0.2719290647369662	-0.2719290647369826	-0.28164397651472173	0.2816439765146715	0.29239559260765113	-0.2923955926076069	-0.3045018151504848	0.3045018151505169	0.31834477863924077	-0.31834477863926725	-0.33448451135243945	0.3344845109702843	0.35385351313169994	-0.3538535114897667	-0.37829630501687267	0.37829630514151175	0.41268018970841686	-0.4126801809006814	-0.47975855807440554	0.47975855802888745	0.4166818295912297	-0.4166818330883047	-0.3868482523560956	0.38684540439867193	0.36653355174146074	-0.3655105375791774	-0.3495073269714344	0.34986152086780553	0.3358315861024356	-0.3350380415594669
86.0	-3.487849089430734e-14	-1.8854547880324574e-14	-1.2711629886028173e-15	-1.5740087830799348e-13	1.0204707956062789e-13	-8.357576558165161e-14	2.169137349758692e-13	-4.736933265825831e-14	-3.457869099571846e-14	-1.965861169421005e-13	2.5832415461982233e-13	1.9971687321094757e-13	2.951864395645205e-14	-2.874226523275818e-13	1.016558324619128e-13	5.130927560784407e-14	-1.9157794222104305e-13	-6.326949691062533e-14	1.7542630674278455e-13	3.931573817764484e-14	1.6623774169340473e-13	1.417093109560297e-13	-1.2604840476379178e-13	3.3055871468784094e-13	-3.944274118515572e-13	2.7903358568717313e-13	-1.4912821077881544e-13	1.7543880528218596e-13	-7.244103713882078e-14	-2.717299213444113e-13	-4.376233204035333e-14	4.253073414551859e-13	-1.269854415419697e-13	2.725978265491265e-13	-1.533772893663714e-14	-1.1397641637827758e-13	-1.783879032196679e-13	3.395197100672065e-14	2.1827098471361676e-13	6.424178970431218e-14	7.742634096497507e-14	-8.759522400981816e-14	1.2457645582766004e-13	1.8397739015577506e-13	1.2258837920585923e-13	3.815991649949931e-14	-8.065492302446583e-14	1.6960458479221523e-13	9.282366847203249e-14	1.386113623270872e-13	-8.721957935723068e-14	2.777554623862416e-13	-9.734371779307033e-14	7.28055127155107e-14	2.1465698128818389e-13	-2.1961022706531145e-13	-1.336672226441406e-13	1.7875794231654683e-13	2.911431691895159e-13	-3.916719504229345e-13	7.392508155842315e-14	-2.2104052747455213e-14	1.9812164791109492e-13	0.26265795384907076	-0.26265795384897367	-0.2719290647369668	0.27192906473698303	0.28164397651472156	-0.2816439765146709	-0.2923955926076513	0.29239559260760684	0.3045018151504851	-0.30450181515051733	-0.3183447786392406	0.31834477863926736	0.3344845113524394	-0.33448451097028437	-0.3538535131317001	0.3538535114897664	0.37829630501687256	-0.37829630514151175	-0.4126801897084171	0.41268018090068154	0.4797585580744053	-0.479758558028888	-0.4166818295912296	0.4166818330883051	0.386848252363491	-0.38684827319172954	-0.36655911629131666	0.36647096006668195	0.3505410208168379	-0.3504920908260229	-0.3365088856197594	0.335592036206757
87.0	-2.9578371589772584e-14	-2.1901180710086927e-14	-1.0622687994540213e-14	-1.4736838598353553e-13	1.008498294787514e-13	-8.550721639424148e-14	2.1386168237982188e-13	-5.990408130545018e-14	-2.7577614913141225e-14	-1.8946794251562855e-13	2.539272395455237e-13	1.8512792257609679e-13	3.146947741962565e-14	-2.6622339803617765e-13	9.503649243628859e-14	5.643734831139491e-14	-1.793359539371011e-13	-6.221519419905876e-14	1.5964546935637225e-13	4.656993193735381e-14	1.463281572937965e-13	1.2497805205318378e-13	-1.2405371122035736e-13	3.0131773749135856e-13	-3.8151560900309186e-13	2.8349981253911356e-13	-1.3690249782390728e-13	1.6912997257803687e-13	-6.321494365813618e-14	-2.6902598298950425e-13	-3.396574468887578e-14	4.1608480964351894e-13	-1.3310908516908498e-13	2.5998235542071106e-13	-1.7816368622213667e-14	-1.1375460023666302e-13	-1.8129710057421315e-13	2.6904056841235763e-14	2.0793490500044943e-13	5.841300305337048e-14	6.796371621567477e-14	-9.968873768737146e-14	1.1307195369909072e-13	1.6733622447163905e-13	1.257582030505634e-13	3.4254530106949064e-14	-6.975185820459534e-14	1.6469581507221359e-13	7.967643550671455e-14	1.2968905547826998e-13	-8.9454442752946e-14	2.8261181551266043e-13	-9.388755446757946e-14	8.057852889063785e-14	2.1640257735902562e-13	-2.0010546747845553e-13	-1.3670722345637386e-13	1.6711911981134398e-13	2.853565627954016e-13	-3.858242265471238e-13	6.979219464419961e-14	-2.044866141201594e-14	1.8655402161129667e-13	0.24441443347473582	-0.2444144334746276	-0.25300007411542247	0.2530000741154428	0.2619796127786651	-0.2619796127786156	-0.2718900869037132	0.27189008690367567	0.2830022704069068	-0.28300227040693343	-0.2956226831900607	0.2956226831900804	0.31016740052368064	-0.310167400207579	-0.32725225292114773	0.32725225163016786	0.34788329569747084	-0.34788329580720284	-0.3739831708295736	0.3739831628704471	0.4104334367505792	-0.41043343685594663	-0.47961485040247415	0.4796148502092313	0.41689057684518727	-0.4168905855041337	-0.3874347710826922	0.3873416246678614	0.36733104394829375	-0.367279770256805	-0.3509571943319092	0.35000097334060715
88.0	2.946157314278647e-14	2.1745055751225673e-14	1.0649135685998151e-14	1.4744863520732937e-13	-1.0060841589097721e-13	8.523328343844665e-14	-2.1396402472844907e-13	6.02094822490046e-14	2.8169102302001544e-14	1.8946885659757267e-13	-2.5389388479232914e-13	-1.8497730677415621e-13	-3.150097261784028e-14	2.6608140831110207e-13	-9.515343861665906e-14	-5.6405673169161615e-14	1.7950027565371563e-13	6.18854961378847e-14	-1.5964828421877252e-13	-4.6695085170257944e-14	-1.462162987832817e-13	-1.2490470587229258e-13	1.241060437124549e-13	-3.012737405975735e-13	3.8150770208607437e-13	-2.834983770896528e-13	1.368841482727027e-13	-1.6918488120046272e-13	6.34855311897186e-14	2.6898414975954475e-13	3.3799487229603725e-14	-4.1631890509271834e-13	1.326063706494362e-13	-2.601637573227581e-13	1.794655024786277e-14	1.1385730337503785e-13	1.8114352070164022e-13	-2.7077202672568812e-14	-2.0804953115851578e-13	-5.838660554151387e-14	-6.828693094957878e-14	9.989479164543281e-14	-1.1313116079653997e-13	-1.668669836697193e-13	-1.258538288006343e-13	-3.432433159927467e-14	7.004855546124061e-14	-1.6466051099932228e-13	-7.990260822784409e-14	-1.2962852850358365e-13	8.9495051374806e-14	-2.8235427654591307e-13	9.389470866242452e-14	-8.04975499688584e-14	-2.1635190568338125e-13	1.9959702152762797e-13	1.3677550032766993e-13	-1.670114828098091e-13	-2.854629441601473e-13	3.8605821054056534e-13	-6.968702216816713e-14	2.061052859110634e-14	-1.8653938798833348e-13	-0.24441443347473538	0.24441443347462755	0.25300007411542264	-0.253000074115443	-0.26197961277866544	0.2619796127786156	0.27189008690371336	-0.27189008690367555	-0.28300227040690706	0.2830022704069333	0.29562268319006074	-0.29562268319008056	-0.31016740052368047	0.3101674002075786	0.3272522529211478	-0.3272522516301681	-0.3478832956974712	0.347883295807203	0.3739831708295739	-0.3739831628704471	-0.4104334367505792	0.41043343685594696	0.4796148504024738	-0.47961485020923095	-0.4168905768451874	0.416890585504134	0.38743477123221615	-0.38743479395663283	-0.3674305245252784	0.36742766879571703	0.35111311887577173	-0.3509283050785362
89.0	2.776627380458616e-14	2.3269497648805408e-14	1.8195512533513207e-14	1.3316198852693738e-13	-9.800507524744167e-14	9.09541538912006e-14	-1.9682774974682358e-13	6.368464745212633e-14	1.2486172945226934e-14	1.7428400838125812e-13	-2.4541278338646384e-13	-1.6922692067545717e-13	-3.408296607741472e-14	2.399846410149939e-13	-8.558948838467727e-14	-5.540417410436829e-14	1.6926609401787743e-13	7.227348743843752e-14	-1.427705315175282e-13	-5.1260319937330756e-14	-1.27984788839597e-13	-1.1269408495826148e-13	1.1807197006521947e-13	-2.717341904758729e-13	3.6548480191011374e-13	-2.766162014286673e-13	1.2605783742517869e-13	-1.5629392109957576e-13	4.1963632684663867e-14	2.563214736497387e-13	2.433108616132488e-14	-3.933689271167458e-13	1.4168943871505444e-13	-2.4307124158151877e-13	2.4760151865096128e-14	1.1374629199095863e-13	1.7809688300839747e-13	-2.5342773085614833e-14	-1.9293916628900538e-13	-5.742003078751412e-14	-4.982316190223467e-14	1.1101984379331704e-13	-1.0431223670421573e-13	-1.5484324133812822e-13	-1.0862779207637839e-13	-3.067608407687588e-14	4.996128550051305e-14	-1.5410386998145818e-13	-6.502131256343367e-14	-1.1368993303556717e-13	8.834990334588276e-14	-2.8558810595203657e-13	8.685398798923988e-14	-8.639117700152623e-14	-2.121060803725103e-13	1.9367752062682424e-13	1.3581474391262676e-13	-1.5102904229261564e-13	-2.650263311811286e-13	3.672827379984603e-13	-6.54316683969902e-14	1.926705525345654e-14	-1.659520487410503e-13	-0.22368422119949283	0.22368422119938527	0.23152298702255714	-0.23152298702256902	-0.2397140014007163	0.2397140014006741	0.2487426332640007	-0.24874263326396456	-0.2588466428565215	0.2588466428565428	0.27028765659063186	-0.27028765659064447	-0.28340818369416804	0.28340818342841184	0.29868722007167425	-0.2986872190475685	-0.31683534934865987	0.3168353494422388	0.3389957268886416	-0.33899572032670133	-0.3672739303649636	0.36727393049055873	0.40671497747823976	-0.4067149767015993	-0.47933535593687926	0.47933535745746764	0.4169120554167337	-0.41691206680097254	-0.3876400782333654	0.3876370742487806	0.36705724115962446	-0.36686403494575326
90.0	-2.777091796815955e-14	-2.3120966207291728e-14	-1.8375251685185286e-14	-1.3347499860084842e-13	9.777979357276077e-14	-9.141248843089975e-14	1.9689076172413613e-13	-6.393396645100639e-14	-1.217672115299535e-14	-1.7434143945170124e-13	2.455260235385051e-13	1.692088880468465e-13	3.4200540943068564e-14	-2.397153395459305e-13	8.557011624680406e-14	5.509656414089657e-14	-1.692243836156942e-13	-7.218577085531495e-14	1.4316215203488993e-13	5.1459188923233815e-14	1.2793866380398195e-13	1.1276656692243585e-13	-1.178730939636006e-13	2.71696139309723e-13	-3.655640016952434e-13	2.767938652599996e-13	-1.2630549792615003e-13	1.564815018243362e-13	-4.2089981841829145e-14	-2.5645564755139596e-13	-2.4465892046857252e-14	3.934193734042095e-13	-1.4187100302285085e-13	2.431357712452183e-13	-2.4731744185567446e-14	-1.1397241741013869e-13	-1.7806947070052166e-13	2.5077154017031207e-14	1.932532605229249e-13	5.716924724982739e-14	4.960438497781763e-14	-1.1108588887659253e-13	1.0413288019772919e-13	1.5481774388915105e-13	1.0847909148339352e-13	3.0412076034935417e-14	-5.0035706408765144e-14	1.541350200613503e-13	6.54196712492045e-14	1.1346797479252975e-13	-8.836708054898263e-14	2.856390671681702e-13	-8.68320736985952e-14	8.632411532873832e-14	2.1201553459048723e-13	-1.9398998784258746e-13	-1.3608361437730799e-13	1.5105629745700845e-13	2.6491753995342263e-13	-3.6760387677001463e-13	6.5377527849045e-14	-1.9537189998471108e-14	1.6592281575615475e-13	0.22368422119949263	-0.22368422119938514	-0.2315229870225572	0.2315229870225689	0.23971400140071653	-0.23971400140067403	-0.24874263326400103	0.2487426332639647	0.2588466428565215	-0.25884664285654274	-0.27028765659063214	0.27028765659064424	0.28340818369416815	-0.28340818342841195	-0.29868722007167414	0.2986872190475685	0.31683534934866003	-0.3168353494422392	-0.33899572688864144	0.3389957203267013	0.36727393036496375	-0.3672739304905586	-0.4067149774782401	0.40671497670159934	0.4793353559368792	-0.4793353574574675	-0.41691205541673365	0.41691206680097276	0.3876400782396434	-0.38764008216624346	-0.36706256125554904	0.36706076637227847
91.0	-2.112243862265356e-14	-3.116875659965267e-14	-1.5255116902368234e-14	-1.0649227107233298e-13	9.82531087302455e-14	-7.073416543928485e-14	1.8054914690960647e-13	-6.250529389803803e-14	-1.2879731758869987e-14	-1.5756715503780006e-13	2.294878920750032e-13	1.5390031818535034e-13	3.570951333632512e-14	-2.189046634476619e-13	7.292775155799988e-14	5.806928372522817e-14	-1.5534092118984055e-13	-6.489199031109874e-14	1.1401555404888714e-13	5.311828892080983e-14	1.085675017564096e-13	9.600874099944192e-14	-1.0916143056685015e-13	2.3174761775292075e-13	-3.4661762235241497e-13	2.564111819712039e-13	-1.0650037366577593e-13	1.3099503050379929e-13	-2.887784391670977e-14	-2.3105461807697084e-13	-2.989095999617417e-15	3.54584163160435e-13	-1.354965956365725e-13	2.281927564191289e-13	-2.9491292514019346e-14	-1.0133319850869962e-13	-1.5941597634887464e-13	2.8356705604132916e-14	1.854548348091525e-13	5.572521999154898e-14	5.177172309676777e-14	-1.0994085218775757e-13	9.421690240289907e-14	1.4330369682852117e-13	8.742401942659838e-14	2.635033816773299e-14	-3.2083552441194195e-14	1.3944859715269832e-13	3.5382004130354596e-14	1.0202662438247295e-13	-9.232804530271102e-14	2.6595345699640047e-13	-9.15220399083371e-14	8.805586717800203e-14	1.9788778202790514e-13	-1.8065068291006935e-13	-1.264778952559719e-13	1.2834310288982482e-13	2.2970257786871804e-13	-3.3545945429355226e-13	5.27793930756368e-14	-1.0652861713331303e-14	1.4508289227401707e-13	0.19921893202645427	-0.19921893202634391	-0.20619333171196524	0.20619333171198462	0.2134784512385938	-0.21347845123856546	-0.22150440057430693	0.22150440057428236	0.23047946369414504	-0.23047946369416544	-0.24063029987922055	0.24063029987923285	0.2522495525420109	-0.25224955231853224	-0.2657377577906027	0.26573775696919816	0.2816677058708632	-0.2816677059497565	-0.300900913626757	0.30090090839315875	0.3248266709324291	-0.3248266710416801	-0.35594979080642747	0.3559497900328674	0.39988847093336644	-0.3998884726050854	-0.4787259927437048	0.47872599282746475	0.41648933729491217	-0.41648933100038427	-0.3863564177528245	0.38635451236325474
92.0	2.1116633385867556e-14	3.1211552931816333e-14	1.5197288398790705e-14	1.063448587525878e-13	-9.853449120886937e-14	7.061656376886443e-14	-1.8042659020205678e-13	6.262382304259327e-14	1.2938336719070148e-14	1.5790141137082912e-13	-2.295155490909707e-13	-1.5356134272681744e-13	-3.58981874673211e-14	2.1876454919070297e-13	-7.322395074124212e-14	-5.795636107096317e-14	1.5520665983114312e-13	6.502972992249733e-14	-1.136573713983702e-13	-5.337096715076039e-14	-1.085422326518795e-13	-9.592308484184329e-14	1.092774738080585e-13	-2.31576685724412e-13	3.4679967713465555e-13	-2.564331178759147e-13	1.0636867324171318e-13	-1.3145565460039773e-13	2.857702468403047e-14	2.3114420854508684e-13	2.898917844550631e-15	-3.54715585145426e-13	1.354458690562428e-13	-2.2823502860240984e-13	2.9550426734189055e-14	1.0148412569115713e-13	1.5968260465776188e-13	-2.8361840000217323e-14	-1.8565633372047607e-13	-5.551287068033644e-14	-5.1294979864164805e-14	1.0984322462968955e-13	-9.408070469801731e-14	-1.4323573135678255e-13	-8.743599964039035e-14	-2.6288633767693518e-14	3.210009992661001e-14	-1.3951999889107202e-13	-3.540084473690043e-14	-1.0187333873661392e-13	9.276862342174693e-14	-2.656763403657942e-13	9.137249249093495e-14	-8.822935915039322e-14	-1.9791058528769772e-13	1.8085405903711853e-13	1.266302051966268e-13	-1.2829142696481943e-13	-2.295470865625743e-13	3.356953212440396e-13	-5.2557450203282586e-14	1.0720347613887565e-14	-1.453225687503478e-13	-0.19921893202645455	0.19921893202634394	0.2061933317119652	-0.20619333171198476	-0.2134784512385938	0.21347845123856543	0.22150440057430706	-0.22150440057428253	-0.23047946369414518	0.23047946369416542	0.2406302998792207	-0.24063029987923298	-0.2522495525420108	0.252249552318532	0.26573775779060305	-0.265737756969198	-0.2816677058708632	0.2816677059497561	0.3009009136267569	-0.3009009083931583	-0.32482667093242945	0.3248266710416802	0.3559497908064275	-0.35594979003286764	-0.3998884709333663	0.399888472605085	0.4787259927437051	-0.4787259928274649	-0.41648933729491194	0.4164893310003841	0.386356417754209	-0.3863564065796754
93.0	1.9770855971423152e-14	3.182636851200008e-14	1.2144866037790825e-15	8.634083115732388e-14	-8.285702429806058e-14	5.814840749642247e-14	-1.589977470090495e-13	4.228235532071177e-14	1.0737384288945832e-14	1.2000415275871294e-13	-1.9457938352998493e-13	-1.3258820119619875e-13	-3.046367801247973e-14	1.9320042148006444e-13	-5.4412636094934024e-14	-6.442763301620845e-14	1.4189672972440133e-13	5.333061987684663e-14	-1.1775573565286195e-13	-5.902446528710402e-14	-8.612975795822125e-14	-9.029207261750703e-14	1.0735780887497893e-13	-2.0506729982793556e-13	3.1062510537838894e-13	-2.3092086251308437e-13	8.906825246842848e-14	-1.1705167052176076e-13	3.384708607181424e-16	1.9467022944375445e-13	1.9763033497014391e-16	-3.080219886809323e-13	1.1778398607486053e-13	-2.0118118297036504e-13	2.2024865642244904e-14	7.940511753058772e-14	1.2968536365127163e-13	-4.7969588820525745e-14	-1.5331577856599264e-13	-5.445924196133924e-14	-5.4488541755716416e-14	1.0990932393804692e-13	-8.005259244926731e-14	-1.2242996478649013e-13	-6.883759252352897e-14	-2.5648540690584728e-14	2.4953941662284435e-14	-1.1785488441838726e-13	-7.26151817238841e-15	-1.0088233495314307e-13	7.741646584892057e-14	-2.344983684268692e-13	8.277505877868827e-14	-7.874822553173065e-14	-1.608679500674426e-13	1.546725118623524e-13	1.0015660806761683e-13	-1.140442143037565e-13	-1.8894207874348567e-13	2.9894471949119213e-13	-3.9599237689915535e-14	5.246148172037644e-15	-1.1021728013436791e-13	-0.1684552663033292	0.1684552663032316	0.17435079352574934	-0.17435079352576743	-0.18050827237170688	0.1805082723716803	0.1872908336652145	-0.18729083366518587	-0.1948737221079462	0.19487372210795814	0.20344701625381426	-0.20344701625382147	-0.21325515531683026	0.21325515513446408	0.22463070225069906	-0.2246307016020816	-0.23804447078244534	0.23804447084693528	0.2541919571950048	-0.2541919532083244	-0.27415583440150043	0.2741558344816852	0.2997432384044941	-0.2997432377687131	-0.3342918440992966	0.33429184561224395	0.38513232386743845	-0.38513232326368074	-0.4770287873337018	0.4770287877154532	0.413740322978005	-0.41374032364198277
94.0	-1.996024818194734e-14	-3.192518061639228e-14	-8.936286305270687e-16	-8.629437448213156e-14	8.289396691849253e-14	-5.802885414344183e-14	1.5898308371067548e-13	-4.233942787264868e-14	-1.0688522416661019e-14	-1.200330273313825e-13	1.945532740497292e-13	1.327373858245397e-13	3.056461499579233e-14	-1.9320405658756072e-13	5.4197989450470306e-14	6.454287444519743e-14	-1.4186791039994303e-13	-5.34382574685474e-14	1.1775436669578194e-13	5.886250921671426e-14	8.615663230706834e-14	9.020431044930654e-14	-1.0730746130609358e-13	2.0493546056280557e-13	-3.108773727731415e-13	2.307946712997046e-13	-8.887677979097791e-14	1.169755489823105e-13	-2.716727130275357e-16	-1.9483480276537248e-13	-2.906128046002375e-17	3.079172508878201e-13	-1.176693706966807e-13	2.011535374107016e-13	-2.2112573536793275e-14	-7.938126984585251e-14	-1.295026456085427e-13	4.828767045637059e-14	1.5349984234360445e-13	5.4442569041597094e-14	5.4773097495944975e-14	-1.0998191217660096e-13	7.996042483883188e-14	1.2260418227862597e-13	6.856711362417406e-14	2.549125182097083e-14	-2.4810929554485468e-14	1.177749426169957e-13	7.204906918830244e-15	1.010279624890056e-13	-7.73816748838367e-14	2.348914301870644e-13	-8.28133605358498e-14	7.896871425618769e-14	1.6063508968867138e-13	-1.5479713722085905e-13	-9.983889589312611e-14	1.1411541991509382e-13	1.8885293361335833e-13	-2.989106013593805e-13	3.945474099856632e-14	-5.087175684951232e-15	1.100789281352362e-13	0.16845526630332938	-0.16845526630323154	-0.17435079352574925	0.17435079352576732	0.1805082723717071	-0.1805082723716803	-0.1872908336652146	0.18729083366518573	0.19487372210794635	-0.19487372210795814	-0.2034470162538144	0.20344701625382144	0.21325515531683012	-0.21325515513446422	-0.22463070225069898	0.2246307016020816	0.23804447078244526	-0.2380444708469353	-0.25419195719500487	0.25419195320832433	0.2741558344015002	-0.27415583448168507	-0.29974323840449396	0.2997432377687131	0.3342918440992968	-0.3342918456122439	-0.3851323238674385	0.38513232326368096	0.4770287873337019	-0.4770287877154533	-0.413740322978005	0.4137403236419827
95.0	-1.0905967886802724e-14	-2.6639247167483542e-14	-8.457831321990888e-15	-6.73273605367541e-14	5.6103788769169916e-14	-3.7180866484290874e-14	1.1353635758057652e-13	-6.117953555394723e-14	-1.8193067131144064e-14	-9.932359024486146e-14	1.4532205162522457e-13	1.0104794635931161e-13	1.6518333864774396e-14	-1.4252055478722782e-13	4.7559404630152303e-14	4.190496794526571e-14	-1.1028233951995483e-13	-4.7906504831644094e-14	6.844966340397739e-14	1.584062201751633e-14	6.968296627290962e-14	6.112126805112491e-14	-7.376779388043104e-14	1.2796011647084042e-13	-2.3725308880952666e-13	1.7402987317070635e-13	-7.495798673113116e-14	3.800669665408172e-14	-4.448529783447701e-14	-1.5286053203910415e-13	2.4547241654409675e-14	2.322156867651334e-13	-9.416565109635861e-14	1.4070187886678857e-13	-3.500405670179209e-14	-5.4190427799219917e-14	-1.1041630732058526e-13	1.1351831702384023e-14	1.0975173635954785e-13	5.480738472690261e-14	4.977370802531465e-14	-7.669979114746211e-14	5.78477124770061e-14	9.678476256170598e-14	5.101943960213303e-14	9.814488301786968e-15	-6.854863075330766e-15	9.017052032005654e-14	2.071798435057804e-14	6.811041853471827e-14	-4.3773429948730725e-14	1.8557819945334332e-13	-6.504244595157875e-14	6.758812027952812e-14	1.204145713102903e-13	-1.1079430129409763e-13	-8.189902671151305e-14	8.161626405469372e-14	1.4084393067581496e-13	-2.2916131046233483e-13	3.248446582029386e-14	1.2525988353496262e-14	7.886508208083475e-14	0.1240347467082427	-0.1240347467081583	-0.12837543858958234	0.1283754385895963	0.13290891450031375	-0.13290891450030187	-0.13790248422044496	0.1379024842204117	0.1434850807738642	-0.1434850807738639	-0.14979647925168246	0.1497964792516917	0.15701633314485228	-0.15701633301307244	-0.16538880292635963	0.165388802466078	0.17525910848595455	-0.17525910853262916	-0.1871359064146498	0.18713590364322402	0.20180725654103107	-0.20180725659147689	-0.22057555337577264	0.22057555294767967	0.24578942800376063	-0.24578942909037033	-0.282251521318298	0.2822515207664401	0.3419509440075972	-0.3419509444729446	-0.468682736445787	0.46868273691509693
96.0	1.0904993179138758e-14	2.670855246873616e-14	8.567627231646034e-15	6.743521373339602e-14	-5.606241848319214e-14	3.680491419061651e-14	-1.1354441619592893e-13	6.121437016643367e-14	1.821142067447609e-14	9.922090153108935e-14	-1.4531278372525963e-13	-1.0110132929140532e-13	-1.646556822948651e-14	1.4258330479732178e-13	-4.760849758925128e-14	-4.187672408653609e-14	1.1016439116452038e-13	4.81030536379602e-14	-6.853939172413634e-14	-1.57512398445068e-14	-6.984430116675449e-14	-6.116192875266902e-14	7.38602967794512e-14	-1.2796829750715434e-13	2.371764279916757e-13	-1.7391060987350676e-13	7.481614669048781e-14	-3.793055492654578e-14	4.4541185446684347e-14	1.52728731857934e-13	-2.4498503507254883e-14	-2.32290842807756e-13	9.419199425998111e-14	-1.4068749387128217e-13	3.4985984183814084e-14	5.449910036926226e-14	1.1037129685165516e-13	-1.1449480789645604e-14	-1.0974262609876989e-13	-5.475076227307692e-14	-4.970283736579318e-14	7.662074564742712e-14	-5.779081088174926e-14	-9.683211625044641e-14	-5.0887715486394796e-14	-9.773533159527482e-15	6.797696936766317e-15	-9.019089414966266e-14	-2.070825464114152e-14	-6.807403574278409e-14	4.3882302492184355e-14	-1.8566834780712616e-13	6.492694097977738e-14	-6.751822726660463e-14	-1.2042070642421758e-13	1.1084432081502701e-13	8.189036193542533e-14	-8.159787311152732e-14	-1.4084878068708605e-13	2.2903714760917017e-13	-3.2473828439849105e-14	-1.2541120605451608e-14	-7.884692286533653e-14	-0.12403474670824276	0.12403474670815826	0.1283754385895823	-0.12837543858959635	-0.13290891450031367	0.13290891450030193	0.13790248422044507	-0.13790248422041165	-0.14348508077386413	0.14348508077386404	0.1497964792516826	-0.14979647925169168	-0.1570163331448523	0.15701633301307244	0.16538880292635977	-0.16538880246607807	-0.17525910848595455	0.17525910853262913	0.18713590641464983	-0.18713590364322405	-0.20180725654103118	0.20180725659147689	0.22057555337577262	-0.22057555294767972	-0.24578942800376063	0.24578942909037044	0.28225152131829806	-0.28225152076644017	-0.3419509440075971	0.3419509444729445	0.46868273644578695	-0.4686827369150971
